{
  "num_rays": 180,
  "start_ray": -2.3561944902,
  "end_ray": 2.3561944902
}