background,saarbrucken_000000_000288.png
split,train
model,result_0367,0.32494463038704835,0.7305238018687927,-4,152
