background,augsburg_000000_001148.png
split,train
model,result_0082,0.9087814355583061,0.2746276064774684,-3,187
model,result_0945,0.911863957440425,0.983622210946038,0,91
model,result_0612,0.5343535075395107,0.3468969285080258,1,329
