background,konstanz_000000_000046.png
split,train
model,result_0866,0.6938846734333015,0.9431420397451689,1,309
