background,wurzburg_000000_001055.png
split,train
model,result_0022,0.21238940925231664,0.90152089363228,4,31
