background,troisdorf_000000_000041.png
split,train
model,result_0795,0.7485384947119978,0.36143873951286754,4,51
model,result_0388,0.007674772929038287,0.2619364347070232,-3,221
model,result_0499,0.6052209245702073,0.3580091078489954,-3,20
