background,bremen_000197_000019.png
split,train
model,result_0173,0.6328693899882892,0.46529907291353845,-4,221
model,result_0751,0.6886527644378305,0.7991684969350124,-3,65
model,result_0678,0.9641407257351166,0.9090630685052649,1,273
