background,heilbronn_000000_000010.png
split,train
model,result_0388,0.7950778855225811,0.2739472391897634,-3,261
model,result_0499,0.8990736805817411,0.3435702636106288,4,350
model,result_0844,0.6521871438745919,0.4235464062794572,-2,119
