background,freiburg_000000_000747.png
split,train
model,result_0989,0.168801705319519,0.7117210615784946,-3,22
