background,augsburg_000000_001290.png
split,train
model,result_0612,0.41110789517240964,0.30970707452804125,2,241
model,result_0283,0.2714305208218126,0.8248903410003959,-3,173
