background,wurzburg_000000_001017.png
split,train
model,result_0004,0.6840669485861701,0.764339605398939,4,187
model,result_0931,0.47060759398606145,0.34281015857912717,-3,236
model,result_0123,0.28352507922618475,0.30917047259913377,2,86
