background,bremen_000245_000019.png
split,train
model,result_0871,0.8967637618993652,0.9032265037789513,0,314
model,result_0878,0.09228321275016649,0.6060237947847431,0,93
model,result_0004,0.17782277676057534,0.447051268654731,-4,275
