background,dusseldorf_000016_000019.png
split,train
model,result_0878,0.7085044405991748,0.9920952403439314,-2,59
model,result_0004,0.12395007639866618,0.8715328405892753,-2,48
model,result_0931,0.6972523143560883,0.44736254316064183,0,95
