background,nuremberg_000000_000941.png
split,train
model,result_0036,0.033923968993952336,0.7049745638343696,-1,178
model,result_1000,0.8563304049647044,0.5989422779978689,4,163
