background,oberhausen_000000_000069.png
split,train
model,result_0173,0.14952718312394264,0.45268915462217496,0,285
model,result_0751,0.4434436391505907,0.7585496784717359,1,30
