background,konstanz_000000_001291.png
split,train
model,result_0295,0.2774009810063174,0.8239676830199262,3,164
model,result_0127,0.2529033721101406,0.7749592753321393,2,54
model,result_0022,0.9536347122337165,0.38297382553814474,-2,357
