background,dortmund_000000_000389.png
split,train
model,result_0164,0.04002848240302237,0.501113940368918,-2,205
model,result_0440,0.2284513747629182,0.5805149997948262,1,3
model,result_0484,0.874187806644743,0.7356355547990877,1,151
