background,konstanz_000000_001256.png
split,train
model,result_0039,0.8541014561481411,0.9244079699225742,0,315
model,result_0386,0.05804413374062234,0.573277892614833,-4,310
