background,augsburg_000000_000105.png
split,train
model,result_0739,0.8107514909516662,0.8181390678674796,1,338
model,result_0960,0.5524486994359017,0.2624627187872079,4,203
model,result_0632,0.4918593601728495,0.3131606282903174,0,175
