background,nuremberg_000000_000184.png
split,train
model,result_0440,0.14819300097764054,0.6478743852600906,-2,51
