background,wurzburg_000000_001062.png
split,train
model,result_0847,0.22381499890295686,0.602882487822519,2,71
model,result_0646,0.9002789139548398,0.6133175779725484,-1,333
