background,heidelberg_000000_000437.png
split,train
model,result_0146,0.5823954382149333,0.5281223642619011,-2,27
model,result_0295,0.1949754892239186,0.7840249366960996,3,329
