background,bayreuth_000000_000533.png
split,train
model,result_0510,0.030096538747569457,0.9541315753060247,0,314
model,result_0328,0.4954578078160652,0.40184403229987165,2,235
model,result_0879,0.9056269700785078,0.30803208778116087,0,127
