background,lindau_000029_000019.png
split,train
model,result_0878,0.3767558220460754,0.6651604376223256,-3,192
model,result_0004,0.4239919257497593,0.7856183935586463,-1,246
model,result_0931,0.08236655531257608,0.7012819656624959,-3,128
