background,nuremberg_000000_000115.png
split,train
model,result_0388,0.6110101185270307,0.44511281642903006,-3,337
model,result_0499,0.9277222218021507,0.6378512605802545,0,287
model,result_0844,0.5738279089164396,0.41393427764089885,-4,15
