background,bremen_000146_000019.png
split,train
model,result_0803,0.8857109751008012,0.9219491742902599,-4,271
