background,muhlheim-ruhr_000000_000305.png
split,train
model,result_0477,0.3621190507943759,0.6379599255580042,3,15
model,result_0949,0.39824414588645873,0.560601162387664,2,152
model,result_0324,0.5172400216867683,0.6482151916835944,1,181
