background,wuppertal_000000_000606.png
split,train
model,result_0324,0.5654553334125669,0.266877398665364,2,336
model,result_0173,0.8652422139125722,0.6806246348915627,-4,344
model,result_0751,0.3160718642061714,0.9746626435731298,0,253
