background,dortmund_000000_000166.png
split,train
model,result_0862,0.6258376571090437,0.43681057043673316,-4,91
model,result_0524,0.4475116716851475,0.8199769204240985,0,165
