background,dortmund_000000_000807.png
split,train
model,result_0674,0.1938647890050047,0.38492948025249496,-4,57
model,result_0146,0.7488952681522826,0.26013108979615995,-3,93
