background,bamberg_000000_000107.png
split,train
model,result_0602,0.2631557336099998,0.7384225476345778,1,168
model,result_0024,0.4033913177995029,0.8272019551190675,2,227
model,result_0288,0.9359801038494958,0.2968494050789081,-4,104
