background,karlsruhe_000000_000950.png
split,train
model,result_0674,0.050902246464447964,0.9645591153679973,-1,208
