background,heilbronn_000000_000289.png
split,train
model,result_0004,0.3214689469426747,0.8600642002014229,1,243
model,result_0931,0.9611317055630955,0.5144886836029704,1,24
