background,freiburg_000000_000046.png
split,train
model,result_0477,0.5113957323055232,0.6871190668286844,1,12
