background,saarbrucken_000000_000099.png
split,train
model,result_0328,0.5493699227589304,0.5213358991012566,2,265
model,result_0879,0.0028912045755332683,0.46144457303357295,0,317
model,result_0542,0.993909726714094,0.8457865099700952,-2,67
