background,konstanz_000000_000806.png
split,train
model,result_0775,0.7705168245026756,0.5582597199933439,-2,211
model,result_0075,0.7687350149501289,0.6507390842122942,-3,250
