background,konstanz_000000_000073.png
split,train
model,result_0989,0.12029937113301026,0.9802789951411451,2,197
model,result_0803,0.9054020508851881,0.7974816506427969,-1,55
