background,oberhausen_000000_000702.png
split,train
model,result_0527,0.9821846027226081,0.8611040818172837,-3,187
model,result_0602,0.9213639733897476,0.32194397728900337,-2,327
