background,erlangen_000000_000016.png
split,train
model,result_0657,0.9693603929824858,0.3113143235702086,3,142
model,result_0914,0.984025881931608,0.5654253735144682,-4,276
