background,schweinfurt_000000_000162.png
split,train
model,result_0484,0.07733348030975062,0.3568756447164564,-1,270
