background,oberhausen_000000_000642.png
split,train
model,result_0914,0.05722562828562061,0.8867100544549043,-2,72
model,result_0193,0.6476004884678664,0.9522222038960726,1,41
model,result_0036,0.6851900772509374,0.38970448259082696,-3,103
