background,nuremberg_000000_000357.png
split,train
model,result_0163,0.8332756698602795,0.9943225917291976,-3,216
model,result_0657,0.49168612646532206,0.9163888019261226,4,93
model,result_0914,0.8179885664315611,0.33169565418777536,-2,147
