background,muhlheim-ruhr_000000_001140.png
split,train
model,result_0542,0.789148020313776,0.6740919723103848,-4,91
model,result_0674,0.21365763936206983,0.5303706517657696,2,115
