background,muhlheim-ruhr_000000_000519.png
split,train
model,result_0060,0.9001316392881792,0.8341258900762121,-3,224
