background,freiburg_000000_000300.png
split,train
model,result_0163,0.09998296476259172,0.7519787805970457,-2,100
model,result_0657,0.09940279720405243,0.6654721413780331,-3,339
