background,wurzburg_000000_001448.png
split,train
model,result_0857,0.6383338836749816,0.8340796818098325,-2,133
model,result_0795,0.29318049843014293,0.4812193620888784,-4,282
model,result_0388,0.3025057762273501,0.3096804487129031,1,103
