background,wurzburg_000000_000915.png
split,train
model,result_0527,0.09154222737555018,0.6680978396852385,-4,242
