background,mannheim_000000_000516.png
split,train
model,result_0989,0.14265872664983992,0.2597086146849339,2,108
model,result_0803,0.8580227568300651,0.4807445099989154,-3,95
model,result_0192,0.15448614560850127,0.40326675575568216,3,225
