background,hanover_000000_000712.png
split,train
model,result_0467,0.8444690307093009,0.8927485135005802,1,94
