background,wuppertal_000000_000592.png
split,train
model,result_0657,0.04956386638576782,0.5935423556640333,-3,58
model,result_0914,0.8862511019229704,0.6222898712179334,3,329
