background,karlsruhe_000000_000029.png
split,train
model,result_0295,0.16782184441408732,0.7124351163123159,2,195
model,result_0127,0.6983987116822126,0.903300560777209,4,169
