background,heilbronn_000000_000687.png
split,train
model,result_0394,0.5051996987978319,0.7529582359883146,-1,210
