background,karlsruhe_000000_000640.png
split,train
model,result_0949,0.7115152887249598,0.5380003348717974,-4,29
model,result_0324,0.5106401452420182,0.7488709118821758,-1,102
