background,darmstadt_000038_000019.png
split,train
model,result_0191,0.7651939394846825,0.8904950456140545,3,328
