background,augsburg_000000_000106.png
split,train
model,result_0440,0.11238137168423656,0.8137384022992142,0,349
model,result_0484,0.2349099279316843,0.6083936298025685,-3,180
