background,bad-honnef_000000_000069.png
split,train
model,result_0945,0.910626155548995,0.29546625434343143,3,150
model,result_0612,0.6351442903202658,0.5300352401165555,-4,360
