background,oberhausen_000000_000514.png
split,train
model,result_0991,0.21987184762073442,0.5764919309210691,-4,191
model,result_0373,0.1433267960117276,0.8813445584719857,-2,163
