background,ulm_000036_000019.png
split,train
model,result_0931,0.7579255653168846,0.3071075841105541,0,157
model,result_0123,0.4137906689934735,0.6079527844099555,-1,15
model,result_0472,0.3857245685325801,0.567250523787671,2,75
