background,konstanz_000000_000761.png
split,train
model,result_0968,0.3520181233365438,0.28347049260293034,2,186
model,result_0847,0.09605221005583042,0.3551702210187773,-1,327
model,result_0646,0.9244041818325405,0.4575727044759912,0,350
