background,muhlheim-ruhr_000000_000304.png
split,train
model,result_0844,0.026839026652713427,0.30493784293694326,0,190
model,result_0995,0.998315358062047,0.5779004875861757,2,102
