background,wurzburg_000000_001235.png
split,train
model,result_0989,0.4901123565199955,0.8995821543711654,-2,211
