background,dusseldorf_000187_000019.png
split,train
model,result_0394,0.44364894345538375,0.8605978952219784,-2,236
