background,nuremberg_000000_000596.png
split,train
model,result_0191,0.5323023749817041,0.3640719082985849,-3,290
model,result_0775,0.48202654693126057,0.25287401964674444,-4,120
model,result_0075,0.21141302462514233,0.43963102440111207,2,95
