background,schweinfurt_000000_000591.png
split,train
model,result_0319,0.020585255078493736,0.7652183769131107,-3,186
model,result_0477,0.7191201677679996,0.8462369258197656,-1,109
model,result_0949,0.7088227041990999,0.6714549447661788,3,137
