background,ulm_000022_000019.png
split,train
model,result_0218,0.30543711509554783,0.33475714772638165,-3,128
model,result_0694,0.3987902150910161,0.2883591566621185,2,66
model,result_0319,0.42818394190379816,0.8697670711625587,1,269
