background,dortmund_000000_000142.png
split,train
model,result_0657,0.11507023686195617,0.7584655802495055,3,32
model,result_0914,0.4153298078429484,0.3184321037009553,-1,337
model,result_0193,0.9041803169161803,0.4703849536679575,-2,107
