background,augsburg_000000_000071.png
split,train
model,result_0127,0.4474523016034334,0.4736962755457441,4,317
model,result_0022,0.15439066715090655,0.7824502514015717,4,25
