background,wuppertal_000000_000298.png
split,train
model,result_0332,0.9992918186122405,0.8770486751470647,1,180
model,result_0385,0.9414097330841653,0.6975265239539019,-3,206
