background,augsburg_000000_000289.png
split,train
model,result_0328,0.3882259881274249,0.6513310752416316,-2,153
