background,wurzburg_000000_000252.png
split,train
model,result_0991,0.9746507205655193,0.5194393872459747,-4,142
model,result_0373,0.7584656715277879,0.3701245605131925,-3,200
model,result_0191,0.2961678180849173,0.8158780020088015,3,143
