background,freiburg_000000_000373.png
split,train
model,result_0394,0.6600468179580911,0.6809085531576615,-2,91
model,result_0163,0.4697520872180372,0.8094821590088149,3,266
model,result_0657,0.5112706227661808,0.7448883129434398,2,38
