background,augsburg_000000_000628.png
split,train
model,result_0524,0.9848854157697126,0.7339562687904982,0,278
