background,hanover_000000_050228.png
split,train
model,result_0803,0.7689138835231909,0.3413876969280999,0,247
model,result_0192,0.018070887069051578,0.7813848884332697,2,154
