background,heidelberg_000000_000293.png
split,train
model,result_0388,0.23226940206401603,0.4225428199364808,-1,51
model,result_0499,0.9205922752253543,0.8385032122097937,4,100
model,result_0844,0.8455117490008661,0.27737676218982554,-1,118
