background,duisburg_000000_000483.png
split,train
model,result_0199,0.28839414230361127,0.284967593158306,0,187
model,result_0060,0.3475775256813791,0.9690839224981281,4,19
model,result_0080,0.6636269358947822,0.5194385499790727,-4,9
