background,mannheim_000000_000523.png
split,train
model,result_0924,0.076978643525341,0.3774176198726247,-1,262
model,result_0866,0.16215464073203012,0.6497211137221027,4,318
model,result_0983,0.5897380253043261,0.9650059266148611,-1,205
