background,augsburg_000000_000259.png
split,train
model,result_0960,0.7620333545428476,0.42822355553184777,4,44
