background,mannheim_000000_000909.png
split,train
model,result_0995,0.6210234913170474,0.7314404009397322,-2,359
model,result_0969,0.017286141423044743,0.7360347629900326,4,94
