background,bayreuth_000000_000174.png
split,train
model,result_0373,0.5560351529451413,0.9473597062028067,-2,125
