background,monchengladbach_000000_023489.png
split,train
model,result_0981,0.8694253007904498,0.3603917711549245,4,4
model,result_0527,0.8639588444800199,0.5612427114633887,0,360
