background,dortmund_000000_000774.png
split,train
model,result_0123,0.4698515303085421,0.7459589005579796,-4,279
