background,wurzburg_000000_000914.png
split,train
model,result_0969,0.16709464442642752,0.4861011161479702,0,226
