background,augsburg_000000_000210.png
split,train
model,result_0586,0.026980484829435714,0.911446408246156,0,257
model,result_0989,0.9553806261687302,0.7661034572977259,-3,145
