background,muhlheim-ruhr_000000_001198.png
split,train
model,result_0389,0.4539264520948564,0.3928863877399353,3,278
model,result_0164,0.08516778642972889,0.7263641702874777,-1,43
model,result_0440,0.994020021966761,0.7803504275933512,1,227
