background,mannheim_000000_000134.png
split,train
model,result_0477,0.10333279295039122,0.6135190772675021,4,229
model,result_0949,0.5575521890918749,0.8237991948943271,1,85
