background,wuppertal_000000_000508.png
split,train
model,result_0784,0.15510423730072243,0.8054356300783134,-2,110
