background,freiburg_000000_000725.png
split,train
model,result_0199,0.5539797307689757,0.8369670817124405,-3,181
model,result_0060,0.6474332135864657,0.6311530275623154,0,220
