background,karlsruhe_000000_000280.png
split,train
model,result_0036,0.5633171349564168,0.2950321234657348,1,116
model,result_1000,0.898029627063385,0.3431359869341519,-2,189
