background,augsburg_000000_000223.png
split,train
model,result_0192,0.6306626607401702,0.8435611947678092,3,48
