background,wurzburg_000000_000073.png
split,train
model,result_0931,0.43969172987884686,0.5145546154231072,2,83
model,result_0123,0.4548313961729814,0.5791950634168571,-4,140
