background,freiburg_000000_000481.png
split,train
model,result_0389,0.5223078906835269,0.42891596171156327,3,147
model,result_0164,0.979128258398452,0.563277243156431,-3,159
