background,schweinfurt_000000_000572.png
split,train
model,result_0036,0.25678537109766664,0.32592832723461496,0,107
model,result_1000,0.162200638491926,0.7831125178041494,4,137
model,result_0367,0.5034007904020986,0.48369793735609573,1,39
