background,nuremberg_000000_000279.png
split,train
model,result_0793,0.46218114318120207,0.8865173375253979,1,236
