background,mannheim_000000_000427.png
split,train
model,result_0193,0.5567325124152969,0.9403057836708033,1,144
model,result_0036,0.5604636670981176,0.8830628646863256,-4,204
