background,freiburg_000000_000288.png
split,train
model,result_0367,0.6809732400368741,0.9175124823579979,0,283
model,result_0822,0.03032830143972609,0.6455728096764779,2,252
model,result_0855,0.7403088095113641,0.9768514983496714,-4,235
