background,mannheim_000000_000839.png
split,train
model,result_0075,0.6015882053201186,0.6386711084190912,3,244
