background,wurzburg_000000_000366.png
split,train
model,result_0338,0.623136141440412,0.7479723326408251,2,83
model,result_0557,0.03540638171248822,0.9274943087437999,0,152
model,result_0544,0.3150050452772317,0.5168354085675225,-3,166
