background,konstanz_000000_000920.png
split,train
model,result_0862,0.19245108604898165,0.886925272148933,0,105
model,result_0524,0.48690722674455844,0.6216927125425287,3,333
