background,konstanz_000000_000782.png
split,train
model,result_0739,0.5946930690800107,0.44360830315932287,3,200
model,result_0960,0.3519295523193514,0.5891874341398917,-3,291
model,result_0632,0.7351890283585154,0.6278191267671966,4,86
