background,saarbrucken_000000_000470.png
split,train
model,result_0215,0.06140440068013453,0.5433895622146068,-3,136
model,result_0332,0.6315375807086612,0.5381218987650251,2,317
