background,muhlheim-ruhr_000000_000537.png
split,train
model,result_0357,0.08242939186208165,0.3460803567953274,2,104
model,result_0046,0.7487579256735711,0.7063343544117286,3,297
