background,wurzburg_000000_000032.png
split,train
model,result_0154,0.6471317455430502,0.8559885786823923,2,2
model,result_0562,0.9792059507760948,0.7837652472922915,-3,131
model,result_0215,0.6150927069227214,0.7947638985783786,-3,49
