background,monchengladbach_000000_009191.png
split,train
model,result_0861,0.38822746087359705,0.5960947140920122,-1,134
model,result_0882,0.6773170963926973,0.5147991260175476,-2,66
