background,strasbourg_000001_031272.png
split,train
model,result_0499,0.5147870629601681,0.9919273556726407,4,314
