background,karlsruhe_000000_000696.png
split,train
model,result_0386,0.12764127471510212,0.3058626425941364,4,67
