background,freiburg_000000_000585.png
split,train
model,result_0477,0.4139551471622944,0.9417545104641956,3,254
