background,muhlheim-ruhr_000000_000654.png
split,train
model,result_0989,0.23956523732876012,0.5322993541717601,4,219
model,result_0803,0.8675138573549949,0.9158940787681141,2,312
