background,nuremberg_000000_000596.png
split,train
model,result_0164,0.701289604324161,0.8613724691274882,-1,100
model,result_0440,0.8220675534724006,0.5567748014470254,4,338
