background,hamburg_000000_000629.png
split,train
model,result_0784,0.9401134252045169,0.7502264778016847,-2,290
