background,nuremberg_000000_000195.png
split,train
model,result_0866,0.39306775954209106,0.39981564600350117,2,64
model,result_0983,0.3327956701032724,0.6037864103338475,2,281
model,result_0996,0.5705159272377972,0.2983938738234664,0,42
