background,freiburg_000000_000381.png
split,train
model,result_0557,0.7642963909032622,0.7950705927441969,-3,50
model,result_0544,0.7751881929170708,0.8049892279653773,-3,268
model,result_0999,0.29965593117908496,0.8177663231602375,-2,146
