background,heidelberg_000000_000470.png
split,train
model,result_0075,0.12066487876415144,0.6063657800899489,1,353
model,result_0992,0.03831410824327519,0.6073475823709444,1,330
model,result_0394,0.21321942796951643,0.40237793031562763,-1,247
