background,bamberg_000000_000132.png
split,train
model,result_0127,0.1902126442216039,0.36868925230905647,2,353
model,result_0022,0.8339247750591916,0.2932487151833725,1,297
