background,strasbourg_000001_003991.png
split,train
model,result_0862,0.41869771510976006,0.7284504076590435,1,266
model,result_0524,0.6284789292421669,0.2691397040422211,-4,236
