background,muhlheim-ruhr_000000_000634.png
split,train
model,result_0295,0.13309975560159182,0.7784465566663414,1,147
model,result_0127,0.46249554319574726,0.527186749254166,-1,142
model,result_0022,0.596240474418643,0.4671505406188132,-1,266
