background,erlangen_000000_000105.png
split,train
model,result_0822,0.4524698277994641,0.391882414758283,3,0
