background,schweinfurt_000000_000382.png
split,train
model,result_0332,0.4378536456959009,0.8304302407213945,-3,17
model,result_0385,0.04118392437999652,0.6912995495174392,-4,129
model,result_0991,0.989581201961557,0.2965159704339816,3,119
