background,wuppertal_000000_000967.png
split,train
model,result_0386,0.22138940815934394,0.947066112807321,3,356
