background,munster_000117_000019.png
split,train
model,result_0319,0.1617247233285276,0.2948022142053556,2,228
