background,karlsruhe_000000_000731.png
split,train
model,result_0394,0.14197485815405553,0.3398294205835896,-3,112
