background,heidelberg_000000_000672.png
split,train
model,result_1000,0.6315514375136924,0.2508244022966081,0,291
