background,wurzburg_000000_001430.png
split,train
model,result_0328,0.8189045785912873,0.6439083353432602,-2,252
