background,konstanz_000000_001285.png
split,train
model,result_0164,0.4280726633959675,0.6539237814314844,0,341
model,result_0440,0.7764074529767242,0.8964648809131913,-2,330
model,result_0484,0.19395754397914444,0.47344214992987493,4,18
