background,bremen_000156_000019.png
split,train
model,result_0146,0.23732051155559708,0.4800101966039567,0,271
