background,konstanz_000000_000404.png
split,train
model,result_0882,0.17589745803154433,0.7345952896292826,3,333
