background,schweinfurt_000000_000628.png
split,train
model,result_0283,0.4296805126203309,0.811869988312695,-3,285
