background,erlangen_000000_000172.png
split,train
model,result_0499,0.7047316503759384,0.5489385259481803,-3,184
model,result_0844,0.7670228369474269,0.9719756614296259,3,3
model,result_0995,0.5942719682375647,0.5980091233636983,2,61
