background,konstanz_000000_000745.png
split,train
model,result_0283,0.9030649675114074,0.32897251547467166,-1,29
model,result_0968,0.5575734001454014,0.9245220771472431,-3,136
model,result_0847,0.16642238152577216,0.3914658771091498,-2,305
