background,bamberg_000000_000145.png
split,train
model,result_0557,0.10543146380923751,0.3307360675420904,0,308
model,result_0544,0.19292739682734972,0.907351269017082,4,302
