background,wurzburg_000000_000171.png
split,train
model,result_0979,0.05185515795947915,0.9473654695550691,0,97
