background,mannheim_000000_000157.png
split,train
model,result_0995,0.7740394762726914,0.8726656841159318,-2,68
