background,heilbronn_000000_000077.png
split,train
model,result_0385,0.8238512180938249,0.5508766659154831,-4,266
