background,mannheim_000000_000735.png
split,train
model,result_0879,0.6043473983188395,0.42440116544065,1,347
model,result_0542,0.5079083427660841,0.7203945133958782,3,166
model,result_0674,0.1998893996322092,0.775098494034506,1,287
