background,augsburg_000000_000400.png
split,train
model,result_0199,0.7127074758601163,0.7667820085932118,4,245
model,result_0060,0.4402754487509688,0.4176288356460548,1,203
