background,wurzburg_000000_001001.png
split,train
model,result_0173,0.3436999236960341,0.7361738409545766,-3,160
model,result_0751,0.36048565954128153,0.7079626427382223,-2,105
