background,heilbronn_000000_000315.png
split,train
model,result_0996,0.5083791677685178,0.5540763849071608,-4,220
