background,augsburg_000000_000388.png
split,train
model,result_0979,0.5322211884105519,0.5040747211799981,-3,50
model,result_0871,0.2416511623312343,0.39804752718729625,2,28
model,result_0878,0.9895238981087514,0.2703079051275525,3,216
