background,augsburg_000000_000644.png
split,train
model,result_0024,0.35140671805194557,0.47382128983512667,4,314
model,result_0288,0.09588362378687654,0.7918234069475021,4,50
model,result_0247,0.6585708664858401,0.9287688320048073,0,109
