background,konstanz_000000_000312.png
split,train
model,result_0857,0.8046625774650323,0.4607936549701923,3,78
model,result_0795,0.11782034633244165,0.3748098394603779,-4,157
model,result_0388,0.293649716517716,0.9385880579831535,1,291
