background,mannheim_000000_000093.png
split,train
model,result_0127,0.28000040686892236,0.8970258396512971,3,13
model,result_0022,0.5000681083686476,0.8104614399740799,1,163
