background,konstanz_000000_000406.png
split,train
model,result_0484,0.6535472627344143,0.9228706475050676,-4,141
model,result_0861,0.34333596919836906,0.48349258022693287,-3,211
model,result_0882,0.20312151841379522,0.987979595023062,4,113
