background,duisburg_000000_000080.png
split,train
model,result_0795,0.10052331773648782,0.923500533809935,-3,355
model,result_0388,0.03062020914962471,0.43078418906804683,-3,298
model,result_0499,0.6833940967929975,0.4564088893112138,1,49
