background,wuppertal_000000_000599.png
split,train
model,result_0878,0.8945541865093594,0.7515126070236896,1,338
