background,dresden_000000_000362.png
split,train
model,result_0866,0.6235323133554158,0.9592986680596627,1,154
