background,heilbronn_000000_000208.png
split,train
model,result_0164,0.04833805836082494,0.49874480780574326,-3,99
model,result_0440,0.6562361941644724,0.5893660697639622,0,206
model,result_0484,0.08832275522188782,0.3670402009513355,1,344
