background,oberhausen_000000_000029.png
split,train
model,result_0328,0.8809485628078011,0.7488435165474503,4,236
