background,karlsruhe_000000_000920.png
split,train
model,result_0678,0.10554816367872633,0.8646374942991765,3,122
