background,konstanz_000000_001423.png
split,train
model,result_0862,0.3106657000308365,0.4295230076096405,-2,52
