background,heilbronn_000000_000674.png
split,train
model,result_0924,0.2557061152674345,0.8507551359378882,-2,347
model,result_0866,0.8010949383350103,0.6164077862039369,4,174
