background,karlsruhe_000000_000661.png
split,train
model,result_0795,0.015777576458702702,0.44872130475811156,4,343
model,result_0388,0.03436690416107835,0.4243955367481792,-3,183
