background,wurzburg_000000_000281.png
split,train
model,result_0694,0.6559707476035411,0.8294560831766576,1,101
