background,muhlheim-ruhr_000000_001136.png
split,train
model,result_0328,0.6810255242010649,0.9423714530692737,-1,242
