background,saarbrucken_000000_000108.png
split,train
model,result_0266,0.12760927627173047,0.29594159448571156,3,210
model,result_0862,0.7387119074698553,0.8647522326060695,-3,138
model,result_0524,0.9060169532262008,0.33153073226049323,-4,182
