background,duisburg_000000_000025.png
split,train
model,result_0657,0.8379427786432007,0.9760317162335169,-2,34
model,result_0914,0.27872499664167705,0.5007838348164599,0,227
