background,duisburg_000000_000489.png
split,train
model,result_0061,0.5510477816414007,0.8005965944765355,2,84
model,result_0606,0.5455153218152247,0.6356080641974997,2,211
model,result_0082,0.6133370219511909,0.4050984826925125,2,273
