background,wurzburg_000000_001053.png
split,train
model,result_0924,0.7469879459960906,0.568138005663207,-2,326
