background,muhlheim-ruhr_000000_000465.png
split,train
model,result_0075,0.6110481101469629,0.8098448653374296,1,324
model,result_0992,0.9924111621158553,0.8736517288446617,-2,283
