background,augsburg_000000_001149.png
split,train
model,result_0996,0.15092682628760434,0.32179632501303745,-2,119
model,result_0266,0.9480615613342463,0.804982663884761,-2,32
model,result_0862,0.6966515175348419,0.914052570779222,1,347
