background,schweinfurt_000000_000706.png
split,train
model,result_0075,0.6810775087587758,0.3146528350711825,-2,144
