background,karlsruhe_000000_000533.png
split,train
model,result_0247,0.3828492724828162,0.9992594180621581,-2,313
