background,dortmund_000000_000889.png
split,train
model,result_0373,0.33473539813892006,0.3241783159054631,4,30
model,result_0191,0.09679313989050864,0.8452982722841822,2,112
model,result_0775,0.06123258451014357,0.9572006582195046,2,32
