background,saarbrucken_000000_000091.png
split,train
model,result_0080,0.8504542575870192,0.7928825052861697,-1,317
model,result_0857,0.8831528661331076,0.4560049228085579,-4,184
model,result_0795,0.7782487831802942,0.7005335726892067,0,196
