background,heidelberg_000000_001012.png
split,train
model,result_0127,0.03238327289221865,0.3757473538507221,1,77
model,result_0022,0.8091206205006928,0.6631123489784204,-1,284
