background,muhlheim-ruhr_000000_000125.png
split,train
model,result_0477,0.06047654237506783,0.31040149882864854,4,81
