background,bamberg_000000_000069.png
split,train
model,result_0080,0.5978872946226708,0.41809319366319053,-4,99
model,result_0857,0.15368868458041152,0.48463010204085943,-1,225
model,result_0795,0.4723602536344471,0.5367388421868583,4,127
