background,schweinfurt_000000_000034.png
split,train
model,result_0527,0.43389357394479766,0.9573577268328108,-1,216
model,result_0602,0.3814621102602105,0.8596536189996489,-3,52
