background,augsburg_000000_000072.png
split,train
model,result_0866,0.01068410825093069,0.49068537507491994,4,331
