background,mannheim_000000_000356.png
split,train
model,result_0606,0.62574848335998,0.49209283166095985,-4,346
model,result_0082,0.6527702470346896,0.600235018248833,-1,105
