background,duisburg_000000_000734.png
split,train
model,result_0288,0.173960943778652,0.7535645268908999,3,30
model,result_0247,0.8872280714714398,0.7306542655707463,0,14
