background,bayreuth_000000_000457.png
split,train
model,result_0283,0.10601291882956831,0.5625831327707795,3,40
model,result_0968,0.25443794496447647,0.9891229060651212,-1,262
