background,konstanz_000000_001127.png
split,train
model,result_0855,0.0935973260520887,0.395124548824044,-3,273
model,result_0338,0.6168029338906511,0.3948062318262679,-4,255
model,result_0557,0.517772337420571,0.5220241184943915,-4,16
