background,bamberg_000000_000276.png
split,train
model,result_0847,0.8707360196400847,0.8391392266705783,0,93
model,result_0646,0.5185736077312977,0.6843910796619554,-4,198
model,result_0586,0.368142318678233,0.5374957956507058,1,348
