background,dortmund_000000_001096.png
split,train
model,result_0989,0.5926656684518941,0.4641294035728901,-1,98
model,result_0803,0.49765755417540114,0.6784583309399348,-4,140
