background,schweinfurt_000000_000613.png
split,train
model,result_0199,0.7257855083953967,0.5179765533261839,0,11
