background,nuremberg_000000_000548.png
split,train
model,result_0039,0.00024818367778112194,0.8638924106592136,1,185
model,result_0386,0.15147595988524165,0.28259636352432327,-3,230
