background,karlsruhe_000000_000616.png
split,train
model,result_0191,0.7825935641908568,0.8380837223559909,-4,140
model,result_0775,0.8682540030868232,0.7581843165319985,0,258
model,result_0075,0.523915038852666,0.4194444810523519,1,332
