background,heilbronn_000000_000131.png
split,train
model,result_0542,0.26513792076717113,0.6882865221328243,-1,97
model,result_0674,0.4973192838071516,0.6650176202794373,1,113
model,result_0146,0.7343011981288978,0.45650824962147063,-1,184
