background,wuppertal_000000_000510.png
split,train
model,result_0191,0.7875030182942844,0.7344053451429492,-4,82
model,result_0775,0.30765510173557564,0.5381542719703565,0,354
