background,stuttgart_000113_000019.png
split,train
model,result_0266,0.6749222634697192,0.4013134324687255,3,201
