background,augsburg_000000_000200.png
split,train
model,result_0857,0.24381755713658526,0.8605482275254468,0,150
