background,muhlheim-ruhr_000000_000974.png
split,train
model,result_0215,0.09500653783572754,0.9508548110795887,-3,352
