background,muhlheim-ruhr_000000_000567.png
split,train
model,result_0004,0.037573204417351236,0.7241223516946598,-4,227
