background,muhlheim-ruhr_000000_000505.png
split,train
model,result_0803,0.5396688627323917,0.35203829990196267,2,205
model,result_0192,0.14722996440432912,0.3981278368468787,-4,284
