background,bremen_000159_000019.png
split,train
model,result_0388,0.7774646352946876,0.8881900667771166,2,351
model,result_0499,0.4564658021724637,0.8599110453178496,-2,21
