background,konigswinter_000000_000116.png
split,train
model,result_0586,0.10410299162545789,0.605190404585199,-4,293
model,result_0989,0.27431127359161367,0.5012458924285068,-2,148
