background,freiburg_000000_000163.png
split,train
model,result_0866,0.24812980895212566,0.8353254939272686,0,80
