background,freiburg_000000_000692.png
split,train
model,result_0328,0.2343129918158391,0.7989178034308894,2,98
model,result_0879,0.777163481208438,0.37473421642803284,-2,69
model,result_0542,0.4844610309235694,0.2796779310661865,-3,134
