background,wurzburg_000000_000422.png
split,train
model,result_0657,0.8671291264932445,0.7069820830088073,-1,232
model,result_0914,0.6583389758068329,0.9337262886178891,4,241
model,result_0193,0.05417968331914169,0.6028351670235115,-4,152
