background,muhlheim-ruhr_000000_000592.png
split,train
model,result_0674,0.1932436985694086,0.2982779597498689,-2,13
model,result_0146,0.9442457578476402,0.9298921099684564,3,146
