background,heilbronn_000000_000686.png
split,train
model,result_1000,0.5287874491627494,0.918947144271919,-3,201
model,result_0367,0.18848266509006584,0.3327174068052914,4,18
