background,mannheim_000000_001121.png
split,train
model,result_0288,0.8302241854055272,0.3238909315246557,-2,247
model,result_0247,0.7642005993760027,0.7367405228195306,1,14
model,result_0239,0.6275723401176764,0.9071099063727736,-1,39
