background,duisburg_000000_000493.png
split,train
model,result_0288,0.7992312918648466,0.3981749395404728,-3,344
