background,bremen_000034_000019.png
split,train
model,result_0606,0.16633946808903521,0.8224180700773398,-1,294
