background,nuremberg_000000_001155.png
split,train
model,result_0674,0.7279157795170131,0.3000144943305203,2,85
model,result_0146,0.5487311022916014,0.3905159275879356,2,47
model,result_0295,0.590804980678131,0.7676060870526706,-3,338
