background,augsburg_000000_001445.png
split,train
model,result_0191,0.8684044668880757,0.2952139541862986,-4,25
