background,wurzburg_000000_001309.png
split,train
model,result_0385,0.34647143745166264,0.38868883065905346,0,340
