background,dusseldorf_000100_000019.png
split,train
model,result_0082,0.36391721544805156,0.4914010102767788,4,29
model,result_0945,0.5212232391952863,0.33301090583546067,1,8
