background,troisdorf_000000_000036.png
split,train
model,result_0751,0.3652573834870515,0.3560911917573386,-4,130
