background,schweinfurt_000000_000464.png
split,train
model,result_0981,0.14498378121936495,0.953006138052187,3,239
model,result_0527,0.8815134191893326,0.9546484831449302,-4,353
