background,dusseldorf_000072_000019.png
split,train
model,result_0367,0.44719459646672644,0.28451334976572895,-3,198
