background,muhlheim-ruhr_000000_000691.png
split,train
model,result_0861,0.8652207720963748,0.774328813893206,3,317
