background,bad-honnef_000000_000094.png
split,train
model,result_0484,0.7561000121228463,0.6149965041526345,-4,61
model,result_0861,0.3094035718975654,0.7137106062565262,2,156
