background,augsburg_000000_000351.png
split,train
model,result_0477,0.5177236479594568,0.7941667372943098,2,45
model,result_0949,0.14775753294308347,0.37233274073183753,0,90
