background,erlangen_000000_000174.png
split,train
model,result_0678,0.703845289563691,0.5170755400968129,1,188
