background,schweinfurt_000000_000146.png
split,train
model,result_0586,0.2122816022540296,0.882588764210119,-1,25
model,result_0989,0.9300236665461458,0.8092128036879824,-1,95
