background,strasbourg_000001_058954.png
split,train
model,result_0981,0.7570246714107083,0.5613055069611111,4,236
model,result_0527,0.424903340853385,0.6407420182023379,-4,49
model,result_0602,0.7348435885842346,0.28866050881718736,3,242
