background,wurzburg_000000_000952.png
split,train
model,result_0999,0.3552807176778241,0.4596530265420524,-4,282
