background,muhlheim-ruhr_000000_000495.png
split,train
model,result_0328,0.37644835868020754,0.6982322712668644,1,246
model,result_0879,0.3661992090987729,0.9870890610168436,-4,260
