background,bad-honnef_000000_000060.png
split,train
model,result_0389,0.01922557369336697,0.7836423180676644,2,179
