background,oberhausen_000000_000585.png
split,train
model,result_0844,0.6488679719776991,0.5484420984434645,4,153
model,result_0995,0.9401320654825098,0.5015298608458985,-4,154
model,result_0969,0.6032434480934238,0.35448426167204616,-4,3
