background,muhlheim-ruhr_000000_001109.png
split,train
model,result_0247,0.18425128764430443,0.6202494177073999,3,89
model,result_0239,0.5143823795485961,0.49909546618247635,3,32
model,result_0051,0.11552667488729629,0.9489988464069228,3,253
