background,wurzburg_000000_000303.png
split,train
model,result_0386,0.28238153022352985,0.26356692939646376,3,265
model,result_0979,0.353134709606182,0.42770400955387916,4,222
model,result_0871,0.9895050767977287,0.8561404776320558,2,217
