background,schweinfurt_000000_000605.png
split,train
model,result_0123,0.5298218966334381,0.35175857359822993,-1,330
model,result_0472,0.5627171772209675,0.37267959662561895,1,107
model,result_0981,0.12662733643781798,0.6679973357987334,4,332
