background,wurzburg_000000_000085.png
split,train
model,result_0992,0.14961831268498504,0.47447503037088945,-3,319
model,result_0394,0.7180355152300162,0.7169689558297803,3,326
model,result_0163,0.00858897546490689,0.8803455673098621,-1,12
