background,muhlheim-ruhr_000000_001090.png
split,train
model,result_0739,0.7574641263180447,0.49846932379043124,-1,192
model,result_0960,0.038263914328492854,0.9475630593372975,-4,81
model,result_0632,0.6587149437981441,0.31509450923452853,0,221
