background,bamberg_000000_000283.png
split,train
model,result_0784,0.2985333347474174,0.7711085798283082,-2,24
