background,dresden_000000_000197.png
split,train
model,result_0983,0.6594367046556323,0.6473891494773638,-3,258
