background,mannheim_000000_000832.png
split,train
model,result_0784,0.8510488697767795,0.5475382303403555,0,329
model,result_0924,0.19330482039922559,0.3152297646505241,4,354
model,result_0866,0.5124623391936143,0.6825255131723407,-3,145
