background,freiburg_000000_000643.png
split,train
model,result_0472,0.005522161840574968,0.911976604681234,0,48
model,result_0981,0.20363932348803238,0.6773589899057653,1,310
