background,bayreuth_000000_000246.png
split,train
model,result_0373,0.48707016212470866,0.6915025909716103,-1,122
