background,heilbronn_000000_000426.png
split,train
model,result_0805,0.3735596952481959,0.5501208061944778,3,85
model,result_0039,0.11281525969868478,0.4458411074007036,-4,249
model,result_0386,0.2868786264422728,0.4283757140311887,4,129
