background,augsburg_000000_000758.png
split,train
model,result_0051,0.990988671858472,0.28508245622372796,-1,260
