background,dortmund_000000_000380.png
split,train
model,result_0979,0.7388598638195634,0.342339479293522,-1,347
model,result_0871,0.3654679049708277,0.4914432440357366,4,106
