background,heidelberg_000000_000952.png
split,train
model,result_0075,0.28597547675847046,0.37084223193240096,4,262
model,result_0992,0.47749772121344625,0.7074178872461829,1,177
