background,strasbourg_000000_031602.png
split,train
model,result_0544,0.04437759994521828,0.6513716316497464,-2,93
