background,augsburg_000000_000076.png
split,train
model,result_0612,0.5705529687267722,0.3595042458615886,-2,234
model,result_0283,0.430135548834216,0.27745836084249076,2,164
model,result_0968,0.12436206937748495,0.4721413017091378,1,90
