background,troisdorf_000000_000127.png
split,train
model,result_0154,0.14100476097331305,0.49110114462911036,4,65
model,result_0562,0.3330096099308564,0.8321557544429867,1,171
model,result_0215,0.5783035200868127,0.4035828638025518,-1,114
