background,tubingen_000098_000019.png
split,train
model,result_0328,0.7253246311533077,0.3884622033427099,3,311
model,result_0879,0.1428307283614898,0.9102260023364487,-4,131
model,result_0542,0.8126765493899953,0.6791722480807514,0,345
