background,konstanz_000000_000453.png
split,train
model,result_0775,0.8739186414885193,0.42141112867989083,-2,262
