background,karlsruhe_000000_001028.png
split,train
model,result_0386,0.4914056986526639,0.970299033587487,-3,178
