background,munster_000114_000019.png
split,train
model,result_0871,0.06977607407198749,0.811827120937827,2,96
model,result_0878,0.9394258987029749,0.6301665830626982,4,208
model,result_0004,0.7163766164704644,0.5684746628057521,-1,115
