background,bremen_000271_000019.png
split,train
model,result_0499,0.848956438421198,0.8961463711333784,-3,298
model,result_0844,0.49302543163524193,0.7761848851197017,3,95
