background,wurzburg_000000_000790.png
split,train
model,result_0784,0.09641562416504668,0.9513430969683968,-4,193
