background,bayreuth_000000_000768.png
split,train
model,result_0046,0.16690678088206468,0.749952603323449,-1,294
model,result_0389,0.3362721045111773,0.7490130841255824,-4,335
model,result_0164,0.9222762682945326,0.9928340722154285,2,25
