background,augsburg_000000_000494.png
split,train
model,result_0199,0.14292402128249093,0.921068686947561,0,347
model,result_0060,0.8773969735554555,0.6309380669147769,2,288
