background,wurzburg_000000_001513.png
split,train
model,result_0218,0.3690799607938212,0.25652993411723857,-2,345
