background,schweinfurt_000000_000270.png
split,train
model,result_0775,0.1303982017309061,0.426853974490993,1,116
model,result_0075,0.24823266240959851,0.7383326595667936,2,222
