background,muhlheim-ruhr_000000_000326.png
split,train
model,result_0288,0.6699718303495091,0.799317531982666,-1,280
model,result_0247,0.38135294052479707,0.9557526542049085,4,243
model,result_0239,0.33485643872238136,0.9698348376913724,2,102
