background,nuremberg_000000_000221.png
split,train
model,result_0981,0.8674177964458158,0.5050438460077529,3,334
model,result_0527,0.25010085315506403,0.571932121854124,-2,306
model,result_0602,0.7649310301079131,0.43314320880220014,3,228
