background,augsburg_000000_000485.png
split,train
model,result_0931,0.7420754827534075,0.5566550430210704,2,201
