background,augsburg_000000_000186.png
split,train
model,result_0694,0.07458895830462653,0.4303136237257137,-4,125
model,result_0319,0.4373014443193123,0.28626543595703713,2,74
model,result_0477,0.8412486194994404,0.7516377422077742,-4,6
