background,augsburg_000000_000209.png
split,train
model,result_0871,0.8035722947986169,0.5233994268702297,2,211
model,result_0878,0.39251078285786767,0.36075281423217964,-4,37
