background,wurzburg_000000_000800.png
split,train
model,result_0082,0.2094728746436727,0.9373841547951605,-4,204
model,result_0945,0.624851320461566,0.33753296428852736,1,7
model,result_0612,0.19549233714217096,0.5330036602221517,4,335
