background,konstanz_000000_000854.png
split,train
model,result_0694,0.19830000193587027,0.5234341364398651,-3,247
