background,heilbronn_000000_000223.png
split,train
model,result_0036,0.18192442408802345,0.7009735244634971,0,222
model,result_1000,0.35203981221688996,0.9803295112806915,0,50
model,result_0367,0.8770765015090538,0.3301255938900916,0,297
