background,wurzburg_000000_001123.png
split,train
model,result_0332,0.07077467753015876,0.9073205314937384,2,120
