background,duisburg_000000_000667.png
split,train
model,result_0646,0.2507649073775218,0.3114898688370743,-1,338
model,result_0586,0.49240838481613347,0.6897516116845904,3,135
model,result_0989,0.8837282732985916,0.8677292504426342,0,104
