background,weimar_000110_000019.png
split,train
model,result_0060,0.1358974131762648,0.4746247674019505,-3,152
model,result_0080,0.7317904573676117,0.4827114226555699,-4,342
