background,nuremberg_000000_000149.png
split,train
model,result_0024,0.01206854893420728,0.6554049613326545,-1,285
model,result_0288,0.8035982219213103,0.5066928823362832,0,15
model,result_0247,0.7147056221859274,0.8247195100780988,-2,302
