background,wuppertal_000000_000396.png
split,train
model,result_0394,0.33502070250961935,0.49782883343970874,-2,259
model,result_0163,0.20663117612772164,0.45461440104910156,1,147
model,result_0657,0.09373505346250444,0.263213715566437,-4,237
