background,heidelberg_000000_001147.png
split,train
model,result_0484,0.3471477130672129,0.7532276307804577,-1,12
