background,heilbronn_000000_000574.png
split,train
model,result_0266,0.8136018342921083,0.48764152683451906,2,55
model,result_0862,0.19995402742914992,0.5062600136913447,0,254
model,result_0524,0.5064434039570538,0.9844239204520797,-1,341
