background,wurzburg_000000_000228.png
split,train
model,result_0960,0.7712515935228014,0.5281845101239054,-3,307
model,result_0632,0.2788530811749872,0.8106686818308857,0,78
model,result_0357,0.6091116617485299,0.4717405767016968,3,199
