background,heidelberg_000000_000081.png
split,train
model,result_0602,0.493074771330005,0.8193021821887553,-1,248
model,result_0024,0.6618600178910901,0.723554832065048,-4,310
