background,schweinfurt_000000_000326.png
split,train
model,result_0036,0.6199439471106196,0.5664406164241579,-2,90
model,result_1000,0.3842510529613985,0.8448725501075192,-4,179
