background,konigswinter_000000_000089.png
split,train
model,result_0931,0.2886803605506022,0.7904719966303064,-2,216
model,result_0123,0.6447954562500533,0.9273117706625007,0,151
model,result_0472,0.13711712348470528,0.8249802282294182,2,65
