background,augsburg_000000_000282.png
split,train
model,result_0191,0.2600154063683291,0.7580521367053553,1,345
model,result_0775,0.5992646643221538,0.43810447715525713,0,90
model,result_0075,0.7928740607231499,0.639396147854936,-1,298
