background,hamburg_000000_005639.png
split,train
model,result_0678,0.5535607287453069,0.46982899853611365,-2,74
