background,mannheim_000000_000114.png
split,train
model,result_0193,0.774431813928333,0.7486067041969294,1,143
model,result_0036,0.9966338794652269,0.8087633326419793,-2,248
model,result_1000,0.41313731585129976,0.33057499906739196,2,271
