background,dortmund_000000_000010.png
split,train
model,result_0632,0.8603696488848624,0.27998041826820885,-2,220
