background,muhlheim-ruhr_000000_000971.png
split,train
model,result_0060,0.4554716518972328,0.7255590620188678,3,273
model,result_0080,0.04444340480565323,0.7383312073979593,0,1
