background,konstanz_000000_000662.png
split,train
model,result_0844,0.8297441671655907,0.8593537289595782,2,250
model,result_0995,0.48784274634314595,0.8903726359357664,1,144
