background,wurzburg_000000_000874.png
split,train
model,result_0477,0.19652389338500797,0.9518127433966806,-4,73
model,result_0949,0.05889740228947382,0.8117073852576492,-1,302
