background,bayreuth_000000_000449.png
split,train
model,result_0338,0.5561321830670392,0.5104157518733181,1,64
model,result_0557,0.9183481124869014,0.921611899162561,3,77
model,result_0544,0.9300447433709598,0.9767781038829138,-4,54
