background,heidelberg_000000_000835.png
split,train
model,result_0793,0.13844616817799893,0.9573355116670186,1,265
model,result_0686,0.7528349097115713,0.6069624706252575,-3,236
