background,muhlheim-ruhr_000000_000687.png
split,train
model,result_0678,0.40233759260604374,0.8203224864305789,1,244
