background,muhlheim-ruhr_000000_000366.png
split,train
model,result_0612,0.8915034868377535,0.3807742786248913,-2,305
