background,strasbourg_000001_006916.png
split,train
model,result_0586,0.2130766549997567,0.6320996327051794,4,51
model,result_0989,0.6747483493930293,0.7569151816697846,1,241
model,result_0803,0.6205706899499321,0.7692508745565545,-2,279
