background,schweinfurt_000000_000214.png
split,train
model,result_0805,0.011054615968121517,0.2786029411324106,-1,280
