background,nuremberg_000000_000590.png
split,train
model,result_0862,0.8923026911621935,0.5912793077077563,2,283
model,result_0524,0.5800631681228726,0.986522823446202,0,336
model,result_0199,0.9897504829076473,0.7892851581594119,3,351
