background,nuremberg_000000_001034.png
split,train
model,result_0477,0.8536966756648373,0.3101561687336208,-3,77
