background,wurzburg_000000_001385.png
split,train
model,result_0440,0.3443742340653091,0.893701887490753,2,333
model,result_0484,0.00462901121571635,0.38978724828730216,1,192
