background,dresden_000000_000012.png
split,train
model,result_0844,0.22777126240619305,0.4762728258635742,1,88
