background,muhlheim-ruhr_000000_000220.png
split,train
model,result_0646,0.29538740922683937,0.6103899891523421,-4,243
