background,heidelberg_000000_000091.png
split,train
model,result_0046,0.26613074672879444,0.718372857294902,2,228
model,result_0389,0.9757009188504684,0.9969894047079525,1,326
model,result_0164,0.3282204752223038,0.9961980203499787,1,10
