background,oberhausen_000000_000304.png
split,train
model,result_0215,0.1384412394152733,0.2953059449419506,3,191
model,result_0332,0.03973489866178914,0.4829251051438566,-3,39
