background,duisburg_000000_000098.png
split,train
model,result_0024,0.7056482757297095,0.4970882506680061,-1,194
model,result_0288,0.39452627357772363,0.9859776391947933,-1,109
model,result_0247,0.3511917024491388,0.9478507378725542,-3,240
