background,mannheim_000000_001164.png
split,train
model,result_0999,0.8751679775932394,0.288485776760409,-3,310
