background,saarbrucken_000000_000537.png
split,train
model,result_0562,0.3914314325961077,0.35413309929935805,0,140
model,result_0215,0.95507178497257,0.33547863760906305,4,343
model,result_0332,0.9793695357080094,0.7387629094746226,-3,227
