background,karlsruhe_000000_000577.png
split,train
model,result_0527,0.684293898607954,0.34190363932415835,3,325
model,result_0602,0.66307069135473,0.25809190871707194,-1,299
