background,saarbrucken_000000_000265.png
split,train
model,result_0861,0.7709509308223887,0.7872665101492855,4,71
model,result_0882,0.3637665220271433,0.5947872611241635,2,133
