background,karlsruhe_000000_000863.png
split,train
model,result_0338,0.7483091669534492,0.8207513919226318,1,200
model,result_0557,0.27509233860077453,0.806613572185537,2,214
