background,heilbronn_000000_000163.png
split,train
model,result_0544,0.6893251544092379,0.35681018665982167,-4,140
