background,konstanz_000000_000490.png
split,train
model,result_0484,0.5904171575732072,0.5214178261683151,2,50
