background,bayreuth_000000_000346.png
split,train
model,result_0751,0.73329945178569,0.3626650235714014,-2,73
model,result_0678,0.8766956735117478,0.4610903206983572,0,270
