background,schweinfurt_000000_000670.png
split,train
model,result_0924,0.5104346781355067,0.4266064226885411,0,131
model,result_0866,0.7963573144008516,0.9360107603371295,-1,229
model,result_0983,0.9191188997185697,0.6122280417629462,-4,63
