background,freiburg_000000_000642.png
split,train
model,result_0199,0.2709224117547133,0.2631142961716149,2,50
