background,dortmund_000000_000973.png
split,train
model,result_0981,0.5178289523003173,0.7077965518499216,-4,142
model,result_0527,0.6239550682005168,0.38929392244175653,-4,25
