background,muhlheim-ruhr_000000_000416.png
split,train
model,result_0914,0.28102606391488827,0.85888535670092,-1,250
model,result_0193,0.18317985216374089,0.6475279490105201,0,42
model,result_0036,0.4026222668048042,0.6322171387641613,3,179
