background,mannheim_000000_000241.png
split,train
model,result_0472,0.8562413304509515,0.9227551247788801,0,41
model,result_0981,0.09074594064961905,0.44175247165469456,-4,330
