background,bamberg_000000_000001.png
split,train
model,result_0646,0.8068409837744368,0.29266775047794047,2,9
