background,augsburg_000000_000489.png
split,train
model,result_0979,0.26986334721659144,0.5698679513366882,1,315
