background,dusseldorf_000188_000019.png
split,train
model,result_0995,0.7313344784381611,0.8524103341832513,-2,318
model,result_0969,0.634961381263267,0.992911178566108,1,218
