background,wurzburg_000000_000737.png
split,train
model,result_0295,0.10395387727518779,0.7186844387299477,0,103
model,result_0127,0.35691183221263945,0.5558872677708099,4,37
