background,nuremberg_000000_001398.png
split,train
model,result_0562,0.3092904520893388,0.5004033277267321,2,157
model,result_0215,0.9500310068800529,0.41607526884516277,-1,164
model,result_0332,0.08533502457591013,0.9280500998440617,1,146
