background,bayreuth_000000_000854.png
split,train
model,result_0793,0.9262576888911961,0.30297249075855415,-2,44
