background,wuppertal_000000_001079.png
split,train
model,result_0844,0.2049811288827903,0.8370534134201433,-4,61
model,result_0995,0.9916542336146277,0.57886549770695,3,341
