background,heidelberg_000000_000039.png
split,train
model,result_0283,0.39183639129365433,0.5068950774483002,4,347
model,result_0968,0.6741644752131178,0.44059402782503965,-2,173
