background,augsburg_000000_001086.png
split,train
model,result_0969,0.6902880154190305,0.7610058294406273,-1,96
model,result_0793,0.5796517147627893,0.26125269033363785,0,154
