background,konigswinter_000000_000082.png
split,train
model,result_0061,0.652398041249808,0.7211762321330649,4,137
