background,konstanz_000000_000465.png
split,train
model,result_0164,0.4163755998465247,0.7664158270122942,-2,25
