background,schweinfurt_000000_000033.png
split,train
model,result_0542,0.7167422155936711,0.6951071509429595,-3,75
model,result_0674,0.12029971197591127,0.6671838576764166,4,132
