background,augsburg_000000_000907.png
split,train
model,result_0871,0.8660732820644529,0.3362143915920438,4,100
