background,mannheim_000000_000042.png
split,train
model,result_0218,0.44882250402556134,0.4029623809401863,-3,265
model,result_0694,0.49469194807585937,0.9031003127950867,4,135
