background,heidelberg_000000_000789.png
split,train
model,result_0557,0.500010806090598,0.42791934069068055,2,14
model,result_0544,0.870477962928775,0.4466636024668892,3,231
model,result_0999,0.07808453113909708,0.5582269794611857,-2,202
