background,nuremberg_000000_000972.png
split,train
model,result_0039,0.7699060957232873,0.5339398509450382,0,137
