background,wurzburg_000000_000462.png
split,train
model,result_0803,0.3751722359014782,0.9810830416245733,-1,118
