background,augsburg_000000_000384.png
split,train
model,result_0968,0.7317994922803472,0.4233130913619049,4,235
model,result_0847,0.22806641808719474,0.8344898928586892,1,93
model,result_0646,0.6965630829788012,0.38724070207004274,0,87
