background,nuremberg_000000_001363.png
split,train
model,result_0328,0.4106179267954765,0.8303115553489554,1,153
model,result_0879,0.6726359184227074,0.3900421079545636,2,212
