background,oberhausen_000000_000749.png
split,train
model,result_0022,0.5026365980615041,0.3765235360003815,3,168
