background,muhlheim-ruhr_000000_001091.png
split,train
model,result_0499,0.7218761555778038,0.9325600195361178,-1,70
