background,heilbronn_000000_000326.png
split,train
model,result_0805,0.19018708198644063,0.4350091217806724,-2,87
