background,dresden_000000_000035.png
split,train
model,result_0544,0.3279171507326528,0.3836045445046187,-3,83
model,result_0999,0.673416583215555,0.8671689862764766,3,104
model,result_0510,0.7422428360742789,0.5073276329840991,3,212
