background,nuremberg_000000_000278.png
split,train
model,result_0775,0.07318312428595586,0.992037819554921,-3,12
model,result_0075,0.8214618464301736,0.33290002070257096,-2,101
