background,augsburg_000000_001144.png
split,train
model,result_0394,0.8219261255782181,0.6296205540138189,2,213
model,result_0163,0.5633032288893894,0.2976886638817403,0,345
model,result_0657,0.04409559850544331,0.5325206287961771,4,77
