background,munster_000008_000019.png
split,train
model,result_0562,0.5060240553303513,0.8445166611631517,0,190
model,result_0215,0.06067004442760415,0.6515289874434512,-3,204
model,result_0332,0.254900206313293,0.6571454600735875,-1,234
