background,karlsruhe_000000_000831.png
split,train
model,result_0510,0.2852564606075544,0.42802935593722913,-3,19
model,result_0328,0.2343164258776046,0.8457627380423722,-2,57
