background,wurzburg_000000_000511.png
split,train
model,result_0163,0.5879317452723044,0.5127430840372024,1,277
model,result_0657,0.850312698407408,0.8100734811246585,3,354
