background,konstanz_000000_001140.png
split,train
model,result_0606,0.22124644901250845,0.8117370679493662,1,240
