background,muhlheim-ruhr_000000_000340.png
split,train
model,result_0082,0.8505328305216093,0.775042326012324,0,330
model,result_0945,0.7238701727722487,0.4438896087857065,3,127
