background,karlsruhe_000000_000935.png
split,train
model,result_0995,0.15687852112280476,0.6318122596499715,-4,267
model,result_0969,0.5772378970450531,0.7338833646445001,2,58
model,result_0793,0.91221160020077,0.7348969468737303,-4,329
