background,schweinfurt_000000_000675.png
split,train
model,result_0606,0.7041927910518555,0.6955012431642276,-1,282
model,result_0082,0.425607256922507,0.8085572640911696,3,169
