background,dortmund_000000_000192.png
split,train
model,result_0164,0.9394348419792048,0.5561757730116987,2,347
model,result_0440,0.46105563355087786,0.958094839079775,-1,342
model,result_0484,0.8701955492544468,0.6648456949479367,-4,127
