background,wurzburg_000000_000035.png
split,train
model,result_0215,0.2995507904855045,0.9846834651668283,2,23
model,result_0332,0.9425090925350957,0.4298233816883956,1,78
