background,nuremberg_000000_000704.png
split,train
model,result_0061,0.2461901746962668,0.8993559101126725,3,272
