background,schweinfurt_000000_000042.png
split,train
model,result_0386,0.4646246967491021,0.2996689063014711,-1,49
