background,wurzburg_000000_000413.png
split,train
model,result_0022,0.3054343790169718,0.6743524791832292,0,142
model,result_0061,0.845411046429073,0.8205737530143453,-3,143
model,result_0606,0.8516843229352635,0.49685998699155,2,244
