background,muhlheim-ruhr_000000_000400.png
split,train
model,result_0527,0.7412834552757162,0.9779898562791938,-3,249
model,result_0602,0.48283118335746433,0.491390467494908,-4,229
