background,heilbronn_000000_000509.png
split,train
model,result_0123,0.7026058001122766,0.8116810037526667,-1,253
model,result_0472,0.8317198676935682,0.6400779373486767,1,80
model,result_0981,0.3242730334293006,0.42086115737899854,-2,180
