background,konstanz_000000_000250.png
split,train
model,result_0218,0.18044396088526282,0.3114744655793895,1,173
