background,heidelberg_000000_000552.png
split,train
model,result_0061,0.6953580819387412,0.8031383793615625,4,292
model,result_0606,0.578874605827458,0.9085485580403437,4,200
