background,augsburg_000000_001463.png
split,train
model,result_0022,0.3427442654135112,0.7498798182106883,1,157
model,result_0061,0.8929427833405662,0.753818251542651,2,339
model,result_0606,0.2506780260653314,0.37002739934504475,-3,354
