background,wurzburg_000000_000394.png
split,train
model,result_0562,0.13306566889678373,0.3938681600860552,1,149
model,result_0215,0.20487704198244128,0.6450068543983848,-1,118
model,result_0332,0.9336874273144192,0.8300656057079971,-2,32
