background,nuremberg_000000_001260.png
split,train
model,result_0367,0.5195794556288813,0.9103593831588775,1,309
model,result_0822,0.517753374704889,0.45052439156726104,4,209
model,result_0855,0.8450746914651952,0.6053846896964497,-4,160
