background,bamberg_000000_000292.png
split,train
model,result_0879,0.37295945506812234,0.6790212644436915,2,51
model,result_0542,0.1443839571292722,0.39820063025088726,-4,215
