background,bremen_000021_000019.png
split,train
model,result_0844,0.045110325041495036,0.8636489157212802,2,85
