background,muhlheim-ruhr_000000_000471.png
split,train
model,result_0127,0.22685044985598746,0.9310058801116055,3,192
model,result_0022,0.5625186991419981,0.844478114289897,-3,173
