background,heidelberg_000000_000949.png
split,train
model,result_0388,0.42195580245799524,0.3388644180367031,2,105
model,result_0499,0.8700439726432218,0.627768695258409,-4,87
model,result_0844,0.5877284297139024,0.6735423201876571,-3,251
