background,dusseldorf_000063_000019.png
split,train
model,result_0678,0.48594187948140144,0.8665565419639287,-4,271
model,result_0784,0.02486347308051917,0.3262036428894177,3,310
