background,dusseldorf_000198_000019.png
split,train
model,result_0295,0.1734820947944904,0.8288020511380587,-4,64
