background,heidelberg_000000_000083.png
split,train
model,result_0879,0.6159051698072793,0.5142902136731815,3,70
model,result_0542,0.9185148894870226,0.8895826557925219,1,172
