background,tubingen_000096_000019.png
split,train
model,result_0991,0.9163532840530266,0.27914057408189674,3,62
model,result_0373,0.9048530389132682,0.6075572261868813,4,322
model,result_0191,0.4155868933127663,0.6612761206425791,0,244
