background,bremen_000155_000019.png
split,train
model,result_0542,0.5295751006775611,0.34744767013632616,-3,71
model,result_0674,0.27536037205675024,0.8188613415358912,-4,359
