background,dortmund_000000_000968.png
split,train
model,result_0154,0.04463957089243531,0.9593178327431588,4,103
model,result_0562,0.31805925381036637,0.5817543418176045,0,339
model,result_0215,0.030569965057205772,0.2531143460552022,-2,285
