background,augsburg_000000_001327.png
split,train
model,result_0878,0.9402406871808847,0.47871788892447964,1,288
model,result_0004,0.3283743761630604,0.6718142697449833,-2,162
model,result_0931,0.6259124229518822,0.9584772714400729,0,181
