background,heidelberg_000000_000728.png
split,train
model,result_0844,0.7455134836324103,0.5658980798454893,1,287
model,result_0995,0.7898913641543758,0.6136885363412284,1,180
