background,muhlheim-ruhr_000000_000213.png
split,train
model,result_0154,0.6136678369217544,0.5705659950197661,-2,88
model,result_0562,0.9549678037506911,0.5911112821675372,3,323
model,result_0215,0.8447436230331166,0.37237946185760107,2,43
