background,wurzburg_000000_000093.png
split,train
model,result_0739,0.6533881938282788,0.8117598330776238,0,282
