background,muhlheim-ruhr_000000_000533.png
split,train
model,result_0544,0.810055853867629,0.9950077530022203,-4,220
model,result_0999,0.20637693481230024,0.5402414293363694,1,63
