background,schweinfurt_000000_000524.png
split,train
model,result_0394,0.2769215872873383,0.32897499861388807,0,8
