background,muhlheim-ruhr_000000_001103.png
split,train
model,result_0024,0.9247586049807114,0.403626446436572,0,315
model,result_0288,0.6216371291523451,0.30704323211985196,-3,65
model,result_0247,0.7221385468613541,0.6075227288426448,4,155
