background,heidelberg_000000_000462.png
split,train
model,result_0795,0.7064670072789899,0.786635880415828,0,219
