background,mannheim_000000_000683.png
split,train
model,result_0215,0.11899194522046064,0.671760167444041,-2,8
