background,karlsruhe_000000_000683.png
split,train
model,result_0288,0.7680434114504545,0.3797003255050541,-1,38
model,result_0247,0.21259690637624373,0.2921928145699517,-1,140
model,result_0239,0.4066795047183013,0.79888818966167,-3,329
