background,wurzburg_000000_000449.png
split,train
model,result_0388,0.5482505710275023,0.2967371149244987,0,309
model,result_0499,0.8020575271479614,0.9395826095895797,-2,308
