background,oberhausen_000000_000205.png
split,train
model,result_0795,0.1523350848149252,0.9802643404941507,-4,109
model,result_0388,0.5740781581489446,0.772846786951042,2,360
