background,duisburg_000000_000259.png
split,train
model,result_0678,0.13393917596222393,0.4256331773123013,-4,302
model,result_0784,0.21305666958889735,0.5651226841700606,-4,17
