background,saarbrucken_000000_000100.png
split,train
model,result_0394,0.9901822912545162,0.6704098697322866,3,162
model,result_0163,0.5950364137280482,0.5497880992015161,1,85
