background,wurzburg_000000_000053.png
split,train
model,result_0855,0.40885623807705895,0.5217259963036428,-4,347
model,result_0338,0.038714734949339524,0.8303115300249391,1,13
model,result_0557,0.03432916764789451,0.499604870651736,0,180
