background,bayreuth_000000_000711.png
split,train
model,result_0389,0.42643717281134985,0.36265630618153955,-3,299
model,result_0164,0.368446506436383,0.4327011663689694,4,321
model,result_0440,0.06825857537748414,0.730756187534893,-1,150
