background,muhlheim-ruhr_000000_000478.png
split,train
model,result_0266,0.3883698023511032,0.4415079749222194,2,16
