background,wuppertal_000000_000488.png
split,train
model,result_0051,0.02140946675410771,0.4916982160828448,0,0
model,result_0739,0.46473758751007077,0.9431495639670399,-2,179
model,result_0960,0.013163749011262493,0.6918087550492049,-4,26
