background,schweinfurt_000000_000385.png
split,train
model,result_0193,0.43816575886112963,0.33575717243526937,-2,323
model,result_0036,0.7783180183519998,0.46048203604081994,-4,5
model,result_1000,0.43319521874667477,0.37551736726022455,-4,232
