background,muhlheim-ruhr_000000_000585.png
split,train
model,result_0367,0.8558482722167142,0.3603210761648644,-1,80
