background,bad-honnef_000000_000087.png
split,train
model,result_0861,0.22882628060140664,0.4480160149837341,0,171
