background,bayreuth_000000_000590.png
split,train
model,result_0602,0.8053641242201972,0.26153904167357933,3,231
model,result_0024,0.9175665021677271,0.28906784739794844,1,101
model,result_0288,0.5814486095993247,0.91185874470839,3,106
