background,mannheim_000000_000081.png
split,train
model,result_0247,0.23670515907639167,0.4082398813789413,2,142
