background,mannheim_000000_000652.png
split,train
model,result_0793,0.2531846891255034,0.6917625700897838,3,149
model,result_0686,0.9786068137461537,0.32690872177348784,-1,150
