background,karlsruhe_000000_000301.png
split,train
model,result_0542,0.4857503890771361,0.36178586367779153,0,173
model,result_0674,0.9976709696676881,0.9104009790754705,2,109
model,result_0146,0.2379748409640382,0.6699153599273936,-2,80
