background,muhlheim-ruhr_000000_000429.png
split,train
model,result_0173,0.5170073771510665,0.3541131215314331,2,248
model,result_0751,0.8656560071983727,0.4900202849340585,1,338
