background,bayreuth_000000_000054.png
split,train
model,result_0510,0.19725661132619954,0.9976075722241131,-1,165
model,result_0328,0.47060651951569143,0.841020471027569,-1,45
