background,konstanz_000000_000475.png
split,train
model,result_0061,0.5411128353466632,0.5136499924571574,-1,146
