background,dusseldorf_000195_000019.png
split,train
model,result_0602,0.46704488313797765,0.34665508804020634,-2,246
