background,nuremberg_000000_000965.png
split,train
model,result_0440,0.7267104944034107,0.7177953811561669,-4,285
model,result_0484,0.8954957334001498,0.513010014553982,-2,166
model,result_0861,0.07508672156918028,0.2750735240542218,-3,129
