background,freiburg_000000_000079.png
split,train
model,result_0191,0.2210252105417554,0.8299604721031161,-2,323
model,result_0775,0.6972972218492479,0.4651293958518077,2,306
model,result_0075,0.2090514839953751,0.39925234617872285,1,3
