background,muhlheim-ruhr_000000_001217.png
split,train
model,result_0215,0.5056853178651983,0.8550538204268131,1,106
model,result_0332,0.5319732919079403,0.7358328065906115,0,347
