background,augsburg_000000_000649.png
split,train
model,result_0694,0.9541245768276079,0.6905705394225394,4,322
model,result_0319,0.5038192630751385,0.3719965104576986,1,312
