background,duisburg_000000_000804.png
split,train
model,result_0996,0.2652466579469286,0.845199987486003,-3,306
model,result_0266,0.9641594275664288,0.7029040729557856,3,126
model,result_0862,0.09016093771363809,0.4646767998176171,2,65
