background,heilbronn_000000_000356.png
split,train
model,result_0199,0.5633182348686224,0.2639366042242455,-2,136
