background,wurzburg_000000_000921.png
split,train
model,result_0127,0.02257241616057737,0.7498752492572073,-2,110
model,result_0022,0.24757169512014932,0.2545460148446951,2,38
model,result_0061,0.46670883400895646,0.5703027347637178,-4,39
