background,freiburg_000000_000172.png
split,train
model,result_0983,0.12710916622355228,0.6827460732614286,-4,61
