background,bayreuth_000000_000593.png
split,train
model,result_0775,0.0626102579310015,0.9569482634973135,1,5
model,result_0075,0.3962353738836918,0.7292989862215907,0,226
