background,augsburg_000000_001209.png
split,train
model,result_0283,0.2746383422028824,0.2656664028596653,0,337
model,result_0968,0.345870220102642,0.7671921126722856,-4,114
