background,freiburg_000000_000609.png
split,train
model,result_0924,0.5636097957162439,0.47071198973955086,4,117
model,result_0866,0.6391426140233356,0.47155722165190656,1,77
