background,duisburg_000000_000395.png
split,train
model,result_0247,0.09380520384524071,0.8914796563938892,2,230
model,result_0239,0.24480470842624436,0.9600561779847208,4,190
model,result_0051,0.9732623012257413,0.5487773527450062,2,34
