background,freiburg_000000_000559.png
split,train
model,result_0983,0.03980484871719203,0.5972677683528287,-4,356
