background,wuppertal_000000_000590.png
split,train
model,result_0080,0.7344322000794377,0.6606709586862984,-2,218
model,result_0857,0.6407401499737125,0.3912900740063666,2,240
model,result_0795,0.4507218292530307,0.52000366416901,-3,113
