background,wurzburg_000000_000719.png
split,train
model,result_0388,0.4105171618940243,0.46054931108375363,3,228
model,result_0499,0.9053562918364993,0.9799711457992912,4,153
model,result_0844,0.5715252678217921,0.9431434064508464,3,348
