background,wuppertal_000000_000099.png
split,train
model,result_0805,0.5933403531999851,0.8680622715794302,0,11
model,result_0039,0.41746155528712636,0.4276756108240579,-3,313
