background,duisburg_000000_000824.png
split,train
model,result_0602,0.07061189503922893,0.49475350905235227,-3,299
model,result_0024,0.27042786011578535,0.6764357599103497,4,275
model,result_0288,0.8691467093988557,0.5213057711999044,0,41
