background,dortmund_000000_000381.png
split,train
model,result_0981,0.5932584403712297,0.6001265306326116,-1,117
model,result_0527,0.015792718662246297,0.303472171795624,-1,10
model,result_0602,0.43492718601059277,0.720638191675605,0,302
