background,mannheim_000000_000246.png
split,train
model,result_0989,0.16365011594923373,0.4829703894999139,3,290
model,result_0803,0.42056261711847154,0.36722485499133606,2,227
