background,karlsruhe_000000_000800.png
split,train
model,result_0678,0.697202305474631,0.5028930662430551,1,304
model,result_0784,0.5644483163449004,0.7456530181568928,2,0
