background,bayreuth_000000_000628.png
split,train
model,result_0996,0.257161489390629,0.4211268636296839,-2,197
model,result_0266,0.5175483059928857,0.6643914812597078,-1,302
model,result_0862,0.2629505111747855,0.5500318128912106,-3,278
