background,konstanz_000000_001166.png
split,train
model,result_0163,0.3628691118968115,0.6579225511178264,1,164
model,result_0657,0.6199421872098674,0.8250324845702349,3,357
