background,bamberg_000000_000182.png
split,train
model,result_0878,0.808144292950011,0.5718988555076452,-4,305
model,result_0004,0.4566664642834496,0.5075325986106938,1,271
