background,muhlheim-ruhr_000000_000329.png
split,train
model,result_0562,0.6373301317253223,0.8718173972927645,-1,26
model,result_0215,0.628657717692801,0.706115100035256,1,218
