background,wuppertal_000000_001049.png
split,train
model,result_0394,0.674886383840416,0.9642405313915042,-4,60
model,result_0163,0.8053910355414177,0.8976339508987629,-2,134
model,result_0657,0.717389946510666,0.6458924816825966,2,147
