background,konstanz_000000_001383.png
split,train
model,result_0024,0.9866518946920895,0.657009857546907,4,178
model,result_0288,0.04937030161906664,0.6644668456595701,1,109
