background,wuppertal_000000_000488.png
split,train
model,result_0123,0.9863569232106194,0.8511745313351032,-2,278
model,result_0472,0.40457609796220495,0.997400070303236,-3,321
model,result_0981,0.6277401480737046,0.4415853758552366,3,166
