background,dortmund_000000_000819.png
split,train
model,result_0931,0.30645037302178924,0.41448155740052445,2,269
model,result_0123,0.9123880015562068,0.9550934265451654,-2,337
model,result_0472,0.26451075032599025,0.40399604849531806,4,327
