background,schweinfurt_000000_000613.png
split,train
model,result_0247,0.2235764592279602,0.7251451275551486,-1,269
