background,wurzburg_000000_000873.png
split,train
model,result_0989,0.17669874481003944,0.7875242997435012,-1,81
