background,konstanz_000000_000258.png
split,train
model,result_0822,0.4829934603701552,0.540731110481719,-2,347
model,result_0855,0.5493726626926279,0.8924721485157887,0,230
model,result_0338,0.3464624243033505,0.8733133944292226,-3,150
