background,schweinfurt_000000_000651.png
split,train
model,result_0173,0.9762586614301865,0.7732637527385399,0,126
