background,muhlheim-ruhr_000000_000140.png
split,train
model,result_0882,0.924629831007846,0.7560278060018968,3,269
model,result_0467,0.056485441290876404,0.25807287675011703,3,60
model,result_0154,0.3055430537155909,0.3763148690305977,-2,7
