background,wuppertal_000000_000508.png
split,train
model,result_0983,0.8846597909877458,0.954245966792308,0,269
