background,frankfurt_000001_072295.png
split,train
model,result_0082,0.6120039701697229,0.459469643816505,-4,321
model,result_0945,0.8397343188451412,0.6969856718433778,3,154
