background,wuppertal_000000_000946.png
split,train
model,result_0775,0.8500940221289275,0.3457954336986768,-1,193
