background,wuppertal_000000_000947.png
split,train
model,result_0218,0.8813719027123079,0.6966655212777608,2,25
model,result_0694,0.20724281347231455,0.6237500714617328,4,331
