background,augsburg_000000_000882.png
split,train
model,result_0822,0.20208407436877784,0.9037827131396425,2,192
model,result_0855,0.2524122291044957,0.7891719997905318,4,14
