background,nuremberg_000000_000458.png
split,train
model,result_0163,0.7889768879591855,0.47688929806540925,-4,253
model,result_0657,0.02785569555531553,0.42389492495425035,-2,265
model,result_0914,0.16347366045525946,0.9691101717597304,-3,64
