background,karlsruhe_000000_000083.png
split,train
model,result_0969,0.5610120758582513,0.8343238765904708,-4,341
model,result_0793,0.5647244055631858,0.8731522784580271,-2,134
model,result_0686,0.7717292884647595,0.30371152908776866,0,360
