background,karlsruhe_000000_001037.png
split,train
model,result_0146,0.6278232427809195,0.7867619826119739,0,323
model,result_0295,0.5818261258217159,0.9357504888339873,0,281
