background,mannheim_000000_001166.png
split,train
model,result_0678,0.02325718032884283,0.6670292697074046,0,150
model,result_0784,0.14418183499085435,0.4483875848690927,-2,111
