background,oberhausen_000000_000692.png
split,train
model,result_0191,0.09357965539641144,0.2731386140314103,3,211
