background,muhlheim-ruhr_000000_000953.png
split,train
model,result_0949,0.9329903092700349,0.5096828279951638,-1,59
model,result_0324,0.5586455666044734,0.2931859341114291,4,143
