background,muhlheim-ruhr_000000_000806.png
split,train
model,result_0527,0.803151272252275,0.40593325388603463,1,249
