background,dusseldorf_000219_000019.png
split,train
model,result_0844,0.6467997431977767,0.43743256157048543,-2,63
model,result_0995,0.34649252879029646,0.8102146091796701,3,259
