background,nuremberg_000000_000039.png
split,train
model,result_0036,0.47881306903494114,0.721264001477193,-1,243
