background,konstanz_000000_000447.png
split,train
model,result_0855,0.5565359973171062,0.5590215599020301,-2,154
model,result_0338,0.4678947185778226,0.731782664808351,2,38
