background,konstanz_000000_001216.png
split,train
model,result_1000,0.8685761909764101,0.39246694782767005,-3,106
model,result_0367,0.13135315571825834,0.8865723449729468,-3,10
