background,aachen_000007_000019.png
split,train
model,result_0999,0.3834359601178241,0.388340956791832,2,11
model,result_0510,0.18734186648955076,0.5477861076744239,-2,68
model,result_0328,0.8108271468124625,0.9487219562229052,0,270
