background,saarbrucken_000000_000128.png
split,train
model,result_0527,0.5799293259373297,0.5084925641089748,0,29
model,result_0602,0.5182547511885248,0.6537545729049806,-3,281
model,result_0024,0.3278233996525336,0.3159450021746111,-3,31
