background,wurzburg_000000_001001.png
split,train
model,result_0022,0.6420164284968456,0.8429944300108736,-1,173
