background,schweinfurt_000000_000446.png
split,train
model,result_0499,0.3522879610914841,0.6668390796893904,2,326
model,result_0844,0.8762654003855279,0.32175571926717744,3,194
model,result_0995,0.9649407002050783,0.797344860786146,-3,27
