background,heilbronn_000000_000264.png
split,train
model,result_0602,0.5556353905466775,0.6644871676181395,-3,264
model,result_0024,0.07785570341886783,0.6704992801738405,4,5
model,result_0288,0.45084229170788803,0.6182056796666506,-4,181
