background,heilbronn_000000_000015.png
split,train
model,result_0191,0.7228561193542408,0.5532123679182683,-2,105
model,result_0775,0.8648721720259076,0.5433993167301053,-1,158
