background,nuremberg_000000_000116.png
split,train
model,result_0822,0.9340147136983694,0.4665489143788007,4,275
model,result_0855,0.9353955233832287,0.9604993110952342,-2,126
model,result_0338,0.6164877056552729,0.8249680824404881,0,247
