background,zurich_000056_000019.png
split,train
model,result_0694,0.9682705925915659,0.8892933865086627,-3,85
model,result_0319,0.7234985427592385,0.3131074391380022,-4,190
