background,bayreuth_000000_000021.png
split,train
model,result_0386,0.08146732496040465,0.7245314429994563,3,65
