background,dresden_000000_000140.png
split,train
model,result_0075,0.936740708507631,0.37900505972527204,2,217
model,result_0992,0.7282876759226423,0.961063252221994,1,287
