background,karlsruhe_000000_000674.png
split,train
model,result_0467,0.7206000904473328,0.3773815243586661,2,222
model,result_0154,0.06518466238046638,0.5019572856170801,-3,75
model,result_0562,0.8859441404261041,0.37623584020163325,4,235
