background,saarbrucken_000000_000254.png
split,train
model,result_0288,0.7757930396301005,0.6662406863400786,4,266
model,result_0247,0.842293759608931,0.31793244515470487,-2,316
model,result_0239,0.7794071888860938,0.38467165863059566,2,190
