background,wurzburg_000000_001101.png
split,train
model,result_0931,0.6084394253383288,0.43353231485114074,3,141
model,result_0123,0.49271239681855306,0.38363426060957145,-3,307
model,result_0472,0.25075368290526023,0.4282094759703299,1,288
