background,dortmund_000000_000345.png
split,train
model,result_0989,0.43759254017164795,0.4624579478298927,-1,232
