background,wurzburg_000000_001353.png
split,train
model,result_0678,0.32098552978081996,0.6741356682257674,-2,301
