background,wuppertal_000000_000518.png
split,train
model,result_0386,0.19312971160997705,0.9041074270356029,-4,75
model,result_0979,0.6477226114429194,0.8462704917769145,1,206
model,result_0871,0.6295992040177126,0.4598642362213741,-4,306
