background,heilbronn_000000_000330.png
split,train
model,result_0979,0.38170143806171863,0.5120292725946116,-3,290
