background,augsburg_000000_000190.png
split,train
model,result_0386,0.8598152818064778,0.38205455346931905,4,269
model,result_0979,0.01092348932352305,0.9347099188830439,-4,303
model,result_0871,0.051502883092664375,0.9074412413591404,4,297
