background,bayreuth_000000_000007.png
split,train
model,result_0602,0.24467900804842724,0.42126040624499306,2,89
