background,heidelberg_000000_000049.png
split,train
model,result_0632,0.30239441678925416,0.8673272087365157,-3,252
model,result_0357,0.029383962021163113,0.6132032674038098,-2,128
