background,saarbrucken_000000_000550.png
split,train
model,result_0123,0.9128341333973017,0.951838744784451,-4,177
