background,bremen_000203_000019.png
split,train
model,result_0440,0.632332968702423,0.6794225586675626,1,215
model,result_0484,0.03805244017412157,0.6650447028798112,-2,159
model,result_0861,0.6610365295954049,0.6087875649643036,1,170
