background,freiburg_000000_000764.png
split,train
model,result_0751,0.4981005262591469,0.7463316330730547,2,322
model,result_0678,0.5611707669971471,0.37692817295174735,1,44
