background,bochum_000000_008804.png
split,train
model,result_0039,0.06861840206830405,0.784690823462914,-2,293
model,result_0386,0.4524316566529545,0.26566984718173836,2,140
model,result_0979,0.05943182337359065,0.6745121282312004,3,321
