background,konstanz_000000_000266.png
split,train
model,result_0173,0.05073953807456477,0.7342675302716426,0,274
model,result_0751,0.3613956483827493,0.8111243787527089,0,168
model,result_0678,0.1963339663029865,0.793280239874116,-3,1
