background,heilbronn_000000_000182.png
split,train
model,result_0193,0.8823516703846818,0.8964591586588573,-2,103
