background,duisburg_000000_000707.png
split,train
model,result_0844,0.8293654465026506,0.5344629344060341,-3,40
model,result_0995,0.3801450828711963,0.8495125625180213,0,52
model,result_0969,0.9832044708383868,0.2504722712957301,4,247
