background,wurzburg_000000_001259.png
split,train
model,result_0527,0.11966632690971135,0.965635909590259,-2,32
