background,dusseldorf_000056_000019.png
split,train
model,result_0163,0.44071404725545293,0.6548830264434982,0,67
model,result_0657,0.6690162779206658,0.41334836662423335,-2,93
model,result_0914,0.07619851632851882,0.29924512167133255,1,16
