background,heidelberg_000000_000718.png
split,train
model,result_0239,0.8155227023092391,0.3352249050371865,-2,206
