background,augsburg_000000_001332.png
split,train
model,result_0657,0.5093678846526595,0.6094061440455764,2,166
model,result_0914,0.05414699258171496,0.6202628138534181,3,58
model,result_0193,0.809697606486189,0.41035682163553666,-3,204
