background,schweinfurt_000000_000112.png
split,train
model,result_0606,0.5013326432868946,0.3406631946835911,0,81
model,result_0082,0.6841914355494465,0.3121994812326169,4,291
