background,augsburg_000000_001126.png
split,train
model,result_0784,0.7408824812886384,0.7704767569466537,2,147
model,result_0924,0.8333863982298698,0.2626750445309988,-1,126
