background,wurzburg_000000_001298.png
split,train
model,result_0394,0.16088612064418584,0.6429571438476162,-2,328
