background,augsburg_000000_001502.png
split,train
model,result_0602,0.6960852939405825,0.3289034311612762,-1,120
model,result_0024,0.5548796694390751,0.590558729761116,1,9
