background,wurzburg_000000_000445.png
split,train
model,result_0866,0.9341361522037502,0.6311761693290756,-4,236
model,result_0983,0.12256806655355423,0.8029301674047506,-1,338
