background,augsburg_000000_001252.png
split,train
model,result_0061,0.4110393466878043,0.9254527179692762,0,295
model,result_0606,0.6758174003913362,0.9140258971313218,-4,185
