background,konstanz_000000_001196.png
split,train
model,result_0694,0.8984549932450855,0.952711392361894,4,135
