background,nuremberg_000000_000161.png
split,train
model,result_0857,0.273493365532239,0.35611292125028493,3,89
model,result_0795,0.9434106301342156,0.7377704132537697,-1,351
