background,bayreuth_000000_000187.png
split,train
model,result_0036,0.3722222122201426,0.7120809915923703,4,55
model,result_1000,0.5963944285795689,0.7450613662352441,-2,145
model,result_0367,0.36332301172156656,0.9016241055386696,1,175
