background,schweinfurt_000000_000576.png
split,train
model,result_0914,0.5097875319780774,0.25584493022881766,-4,145
model,result_0193,0.4195269574309989,0.6857593540819447,2,196
