background,bayreuth_000000_000494.png
split,train
model,result_0510,0.09670335273825825,0.6320955031654107,2,152
model,result_0328,0.25784242216860787,0.9955408620505033,2,107
