background,augsburg_000000_000729.png
split,train
model,result_1000,0.9206853547649457,0.7991890691567207,0,108
model,result_0367,0.05848451241479169,0.4247110609050896,-2,354
model,result_0822,0.6950947510394315,0.8365242372090798,0,17
