background,wuppertal_000000_001077.png
split,train
model,result_0544,0.3446366384112257,0.4154957678324219,2,130
