background,bayreuth_000000_000317.png
split,train
model,result_0878,0.9413901920592299,0.838448355106156,3,32
