background,oberhausen_000000_000536.png
split,train
model,result_0051,0.6416320453018041,0.8026791571181888,2,5
model,result_0739,0.5334603695097992,0.4002869340184211,3,176
model,result_0960,0.7117736288992462,0.8879609139589892,2,161
