background,schweinfurt_000000_000005.png
split,train
model,result_0127,0.15924638647853862,0.36308901388044135,-2,349
