background,wurzburg_000000_000092.png
split,train
model,result_0215,0.6125536799951615,0.43600014060149517,2,287
