background,konstanz_000000_001180.png
split,train
model,result_0989,0.4171735704444214,0.8751164246290709,-4,338
model,result_0803,0.4446544166605907,0.4507596367005311,-1,145
model,result_0192,0.7863209137188758,0.5814657002130756,1,0
