background,muhlheim-ruhr_000000_000607.png
split,train
model,result_0686,0.6263019897254812,0.3241052570765111,-2,295
model,result_0805,0.5434263900313526,0.6991789978575816,1,207
model,result_0039,0.5976326192722378,0.6787349537358063,2,218
