background,bayreuth_000000_000835.png
split,train
model,result_0472,0.498931707205192,0.5721735702416731,0,188
model,result_0981,0.2700695562613342,0.8436432170842828,0,61
model,result_0527,0.7710427294430493,0.9704589564261155,0,126
