background,muhlheim-ruhr_000000_000401.png
split,train
model,result_0924,0.2943436625148087,0.6049228755941397,1,264
