background,karlsruhe_000000_000933.png
split,train
model,result_0991,0.2991464796009884,0.4034251968867553,-2,48
model,result_0373,0.7778263660538721,0.39821657239512953,4,317
