background,freiburg_000000_000713.png
split,train
model,result_0386,0.25201986588175007,0.5740119162153698,2,84
model,result_0979,0.841841856193558,0.6146180080602285,-1,18
model,result_0871,0.44387967728508115,0.34472528831654226,-4,165
