background,bayreuth_000000_000225.png
split,train
model,result_0606,0.20840466733267737,0.5779142054550093,4,77
model,result_0082,0.5525103634167152,0.48790953078115207,-3,239
