background,mannheim_000000_000761.png
split,train
model,result_0389,0.8622288435978436,0.4581220769947549,1,68
model,result_0164,0.7184942467146214,0.8233870392237264,-1,8
