background,karlsruhe_000000_000863.png
split,train
model,result_1000,0.8182694382421306,0.2607283263310556,-2,45
model,result_0367,0.08987490744035587,0.727026021006527,-1,116
model,result_0822,0.23674276140048778,0.3485287295156435,-4,214
