background,mannheim_000000_000662.png
split,train
model,result_0527,0.23526043810420216,0.8067960903369404,1,162
model,result_0602,0.26785882829147,0.3154701328064669,-2,100
model,result_0024,0.8662793486220701,0.42623897176480285,-4,81
