background,muhlheim-ruhr_000000_001091.png
split,train
model,result_0981,0.6748024299422216,0.9668842535812135,-3,344
model,result_0527,0.18988338282768102,0.8497245002819269,1,4
model,result_0602,0.9586693792051079,0.3063537038399573,0,357
