background,oberhausen_000000_000814.png
split,train
model,result_0215,0.7277602761435581,0.3093839973715711,-4,257
model,result_0332,0.47186014233106666,0.9394550085994582,3,229
