background,freiburg_000000_000712.png
split,train
model,result_0878,0.2181784655381117,0.8653461433734134,-2,169
model,result_0004,0.13208896082593746,0.3355414455301413,3,314
