background,dortmund_000000_000648.png
split,train
model,result_1000,0.06581678412304104,0.4244446185771793,-1,21
model,result_0367,0.07529140829666647,0.6224889764041714,-4,352
model,result_0822,0.42961705465284394,0.5200557680866666,3,205
