background,wurzburg_000000_001313.png
split,train
model,result_0247,0.5141279025033476,0.6891022204133362,2,142
model,result_0239,0.8068909697561496,0.8951041881657852,-3,219
