background,wurzburg_000000_000345.png
split,train
model,result_0367,0.21598953699624768,0.8450159243279063,2,240
model,result_0822,0.5561333810331115,0.980983451085745,-1,104
model,result_0855,0.9635584173386569,0.6561690712664943,1,80
