background,freiburg_000000_000812.png
split,train
model,result_0857,0.897438027625857,0.46125581607304605,-2,275
