background,bamberg_000000_000302.png
split,train
model,result_0602,0.047823911016818155,0.2602560501490681,1,59
