background,muhlheim-ruhr_000000_000682.png
split,train
model,result_0338,0.7093510149648644,0.7641182736072996,-2,331
model,result_0557,0.2567226776872721,0.8897274819133125,2,339
