background,dortmund_000000_000974.png
split,train
model,result_0154,0.5740718161033095,0.5122727373337816,3,153
