background,munster_000086_000019.png
split,train
model,result_0266,0.5185847031855982,0.425693575337679,-1,45
