background,heidelberg_000000_000790.png
split,train
model,result_0992,0.07827287254118909,0.7751883102328021,4,59
model,result_0394,0.13353040599734722,0.7260965693261243,0,154
