background,dortmund_000000_000866.png
split,train
model,result_0844,0.7813296008110983,0.48823010158988467,-3,265
