background,duisburg_000000_000644.png
split,train
model,result_0295,0.7646553613203858,0.9547997872699386,1,335
model,result_0127,0.4546807750082714,0.9724215702283843,0,306
