background,wurzburg_000000_000175.png
split,train
model,result_0288,0.5539947508039864,0.8626522656746644,2,354
model,result_0247,0.7967910039193283,0.39532658266346477,-3,86
model,result_0239,0.4014072686244089,0.4039244553097959,-4,310
