background,augsburg_000000_000352.png
split,train
model,result_0080,0.4977046272528034,0.7697806435370769,-1,96
