background,heidelberg_000000_000632.png
split,train
model,result_0751,0.13638635509218267,0.47553237932710934,-4,320
