background,mannheim_000000_001111.png
split,train
model,result_0004,0.45646248059466454,0.8544827452973364,-4,340
