background,oberhausen_000000_000576.png
split,train
model,result_0586,0.28690135561581864,0.6254448175264323,-4,204
