background,konstanz_000000_000255.png
split,train
model,result_0989,0.39747254395456333,0.34552717576606107,3,160
model,result_0803,0.08971491212782601,0.37276971237156575,4,168
model,result_0192,0.1312072634352064,0.7713439604028175,2,360
