background,bamberg_000000_000264.png
split,train
model,result_0602,0.1597647393919598,0.3592377766484282,-1,148
