background,karlsruhe_000000_000057.png
split,train
model,result_0775,0.7896329898988237,0.3852993636876756,-3,72
model,result_0075,0.6196776135444887,0.9904367344573614,4,347
model,result_0992,0.30266743005096153,0.2617739398560431,4,18
