background,oberhausen_000000_000029.png
split,train
model,result_0979,0.5370492591650486,0.6920153761652255,-3,190
model,result_0871,0.5864194516541809,0.5719062931386379,1,291
