background,wuppertal_000000_000122.png
split,train
model,result_0154,0.3918969161985806,0.32644591227082526,-2,90
model,result_0562,0.964077248029439,0.8851214202507623,0,272
