background,dresden_000000_000194.png
split,train
model,result_0931,0.33747193961116395,0.6717345633309033,-1,103
model,result_0123,0.7951507916443442,0.6375949749804624,2,258
