background,muhlheim-ruhr_000000_000174.png
split,train
model,result_0332,0.5535500494118514,0.9991806741953417,-4,233
