background,konstanz_000000_001231.png
split,train
model,result_0968,0.692561849065886,0.608895546963981,-1,209
