background,nuremberg_000000_000853.png
split,train
model,result_0795,0.019869799798878374,0.7688572806234517,4,123
model,result_0388,0.0565941987232379,0.9642845976928412,-4,42
model,result_0499,0.3039695945373344,0.6830635863857957,-4,5
