background,oberhausen_000000_000253.png
split,train
model,result_0602,0.4621355093704268,0.99548607521883,-3,35
model,result_0024,0.8996476051540923,0.47453469854548,1,212
model,result_0288,0.5852993017793883,0.5297006032206919,2,183
