background,bayreuth_000000_000431.png
split,train
model,result_0319,0.0503596938030344,0.3171389042535513,-1,61
model,result_0477,0.6933722038958877,0.5213428663158165,2,118
model,result_0949,0.6290570100949999,0.999712165810666,-3,238
