background,freiburg_000000_000304.png
split,train
model,result_0510,0.9692596639648211,0.9779941763940766,-4,162
model,result_0328,0.6732566404200583,0.9651560073150134,-3,203
model,result_0879,0.948749869369795,0.5426758058123808,3,217
