background,oberhausen_000000_000740.png
split,train
model,result_0075,0.9806196263805492,0.5337604013435244,1,297
