background,wuppertal_000000_000948.png
split,train
model,result_0477,0.12044849455189477,0.5445640721230383,2,178
model,result_0949,0.7060774261726299,0.2926700278465766,0,262
model,result_0324,0.00976381872681864,0.9145206727975626,0,244
