background,schweinfurt_000000_000050.png
split,train
model,result_0218,0.14793884129552504,0.76106324903197,-4,196
model,result_0694,0.8087023215260002,0.7003091377100448,4,132
model,result_0319,0.05735745082037014,0.7691279272410003,-2,68
