background,frankfurt_000000_003920.png
split,train
model,result_0969,0.3687613321736044,0.5451189442471419,2,132
model,result_0793,0.7882742042951778,0.36626401675495157,-2,225
model,result_0686,0.5370325589655986,0.7624665840691631,-1,18
