background,bamberg_000000_000135.png
split,train
model,result_0127,0.11925119571730869,0.8013635123146264,-1,73
model,result_0022,0.8790995053822429,0.5263392374171252,4,60
