background,bremen_000149_000019.png
split,train
model,result_0332,0.7808517250097721,0.6389339521831519,-2,137
