background,karlsruhe_000000_000075.png
split,train
model,result_0775,0.1161120525570335,0.856912362087862,0,154
model,result_0075,0.700481611582977,0.573278061557422,-1,343
