background,konstanz_000000_001363.png
split,train
model,result_0784,0.2657683731331567,0.5719468539742798,2,125
model,result_0924,0.7700960017200762,0.5176099010058249,2,45
