background,bamberg_000000_000400.png
split,train
model,result_0803,0.28103953892758016,0.4570127429391051,1,14
model,result_0192,0.8230692600927212,0.6788925164508374,4,324
