background,dortmund_000000_000971.png
split,train
model,result_0022,0.23973279460336694,0.5201141978720849,0,20
