background,ulm_000034_000019.png
split,train
model,result_0657,0.7836755321634651,0.45568198331015064,1,31
model,result_0914,0.1982979222529042,0.5916373552283576,0,137
