background,bremen_000293_000019.png
split,train
model,result_0215,0.2349464277000104,0.8130014841323351,3,65
model,result_0332,0.5053818965887047,0.6947004516378166,-2,140
