background,bayreuth_000000_000516.png
split,train
model,result_0847,0.7719114054722259,0.7192993433722876,0,149
