background,augsburg_000000_001498.png
split,train
model,result_0775,0.7520096338953731,0.9918766360231085,1,195
model,result_0075,0.8013629477243304,0.37940515625641713,4,159
