background,heilbronn_000000_000255.png
split,train
model,result_0082,0.4992139691471187,0.8767513067510337,-3,168
model,result_0945,0.7310791471789506,0.9977425571487575,2,151
