background,bayreuth_000000_000541.png
split,train
model,result_0004,0.12722789234655552,0.817690258793339,2,239
