background,munster_000128_000019.png
split,train
model,result_0544,0.6758111391982184,0.59832021271744,3,202
model,result_0999,0.529882386306137,0.7269737603012474,-4,295
model,result_0510,0.013549541245339025,0.46565319078950884,-2,316
