background,wurzburg_000000_001383.png
split,train
model,result_0861,0.9540414644485357,0.7422688661822789,-2,175
model,result_0882,0.9465707401959158,0.7507735672835518,1,52
model,result_0467,0.4366648733891235,0.5346286660574948,-1,287
