background,karlsruhe_000000_000934.png
split,train
model,result_0646,0.5688123817999484,0.5268360767943799,-2,19
