background,konstanz_000000_000421.png
split,train
model,result_0784,0.19743741012237914,0.7277174345758358,-1,151
model,result_0924,0.7311725578251477,0.9783053147467435,-3,160
