background,duisburg_000000_000045.png
split,train
model,result_0979,0.871275136407663,0.49337046444921223,3,235
model,result_0871,0.1754675193263694,0.8588157811904795,0,190
