background,wuppertal_000000_000598.png
split,train
model,result_0739,0.5197611413144684,0.9190161560431978,-1,3
model,result_0960,0.4595938889960578,0.4589300982896714,4,153
