background,nuremberg_000000_000411.png
split,train
model,result_0739,0.006210633001094146,0.608183538216779,1,36
model,result_0960,0.9000122308824613,0.8838518032380445,-1,220
