background,heilbronn_000000_000291.png
split,train
model,result_0215,0.49886073565490374,0.9247699921321272,-1,187
