background,schweinfurt_000000_000018.png
split,train
model,result_0879,0.672690707357084,0.456183410329021,1,303
