background,heidelberg_000000_000786.png
split,train
model,result_0386,0.6153560861365944,0.8857245978695353,1,17
model,result_0979,0.6601984711828482,0.9082566660830771,-2,2
