background,konstanz_000000_000423.png
split,train
model,result_0467,0.032185087791962164,0.4928312710263854,-1,243
