background,nuremberg_000000_000480.png
split,train
model,result_0861,0.28361403347190484,0.8747523741095757,0,343
model,result_0882,0.43944132950285597,0.8806777998387043,-4,80
model,result_0467,0.31387773219338955,0.790714509803704,-1,340
