background,wuppertal_000000_000686.png
split,train
model,result_0855,0.0052938524532282205,0.7220363314854674,2,107
model,result_0338,0.6952025643786011,0.5867466018406141,3,113
