background,konstanz_000000_000305.png
split,train
model,result_0394,0.9202396584135902,0.5079400439190592,2,77
