background,oberhausen_000000_000388.png
split,train
model,result_0193,0.013567051968992327,0.39014971557669387,1,22
model,result_0036,0.031182715223544877,0.43851120949920075,-4,235
