background,dresden_000000_000382.png
split,train
model,result_0288,0.247467670894,0.34194740332256357,-1,12
model,result_0247,0.9273731727875426,0.7314185498049376,3,353
