background,muhlheim-ruhr_000000_000956.png
split,train
model,result_0686,0.2635505543843172,0.5554911555380619,-4,104
model,result_0805,0.3087734604060235,0.9735477704103705,-2,318
