background,oberhausen_000000_000406.png
split,train
model,result_0527,0.42048445703269777,0.7058042290427876,-2,187
model,result_0602,0.33063988503074415,0.9969774014343146,-4,36
model,result_0024,0.5409677559586816,0.46410253797941814,-3,260
