background,muhlheim-ruhr_000000_000806.png
split,train
model,result_0805,0.0995338647687588,0.9115244045082818,1,333
model,result_0039,0.27252691806629037,0.5187436274848763,0,58
model,result_0386,0.6200623080192883,0.41820348665439216,2,301
