background,wuppertal_000000_000541.png
split,train
model,result_0163,0.6823937463988492,0.7116687699643605,4,114
