background,bamberg_000000_000147.png
split,train
model,result_0385,0.2999752789029074,0.4419282057947468,4,89
model,result_0991,0.3176956488467776,0.6460076859652328,-1,171
model,result_0373,0.25728762585961507,0.5994647041537549,-2,149
