background,erlangen_000000_000129.png
split,train
model,result_0612,0.7654956375201202,0.5249160490169261,2,62
