background,nuremberg_000000_001409.png
split,train
model,result_0472,0.647732591401085,0.6039482046951635,1,96
