background,mannheim_000000_001034.png
split,train
model,result_0914,0.4714367076638529,0.617001024036183,-2,274
model,result_0193,0.9152541417654779,0.8248274920358807,-3,87
