background,wurzburg_000000_000230.png
split,train
model,result_0193,0.5744244477890827,0.37418700020014956,-3,240
model,result_0036,0.8753192892651135,0.8036350416969702,-1,88
