background,schweinfurt_000000_000504.png
split,train
model,result_0386,0.7681557269881002,0.6224080569864481,0,82
model,result_0979,0.12905582168132368,0.7081804015134341,3,284
model,result_0871,0.8613956029119222,0.6601352562205873,-3,72
