background,dortmund_000000_000193.png
split,train
model,result_0218,0.17007330505832874,0.8430409090741069,0,25
model,result_0694,0.9931570964561118,0.6541655633481115,3,212
