background,bamberg_000000_000112.png
split,train
model,result_0338,0.9176498712061452,0.8730499136751175,-4,118
model,result_0557,0.8427005559365952,0.47632141163847846,2,233
