background,bremen_000204_000019.png
split,train
model,result_0467,0.8054451671146677,0.680041680112761,-1,65
