background,nuremberg_000000_000241.png
split,train
model,result_0004,0.5665753562247126,0.3923310653437575,-2,79
