background,konstanz_000000_000187.png
split,train
model,result_0386,0.8354231774707944,0.25255575633112715,2,158
