background,wuppertal_000000_000661.png
split,train
model,result_0844,0.6738816447017751,0.5984542479579652,3,105
