background,bremen_000039_000019.png
split,train
model,result_0542,0.7648716427036126,0.9878575870262754,0,335
model,result_0674,0.022731552536287003,0.6104081769863707,4,26
