background,dortmund_000000_000648.png
split,train
model,result_0154,0.6970423023250614,0.535136646153301,-3,4
model,result_0562,0.8013102198728419,0.5429696388918259,0,197
model,result_0215,0.34484208124807314,0.272966683749556,3,55
