background,strasbourg_000001_007657.png
split,train
model,result_0924,0.7804652439909271,0.9432616946867804,2,149
