background,nuremberg_000000_000909.png
split,train
model,result_0036,0.3371916167483381,0.4657315893697137,3,48
model,result_1000,0.40876915376182865,0.9801178852308443,-1,322
