background,duisburg_000000_000494.png
split,train
model,result_0332,0.7718981234213661,0.7089487442529612,1,163
model,result_0385,0.2990309709038059,0.8252022820035297,-3,15
