background,bayreuth_000000_000720.png
split,train
model,result_0146,0.4016709361676054,0.9832063512882364,0,21
model,result_0295,0.34937524249806595,0.3159437594092031,4,111
