background,jena_000014_000019.png
split,train
model,result_0288,0.2044351223110541,0.6067971170332296,-2,240
