background,nuremberg_000000_000033.png
split,train
model,result_0989,0.2805100840134249,0.729002686041451,0,84
model,result_0803,0.6864984056300728,0.6487318069799204,-3,237
model,result_0192,0.4336116004128371,0.3981547809495874,-2,359
