background,freiburg_000000_000775.png
split,train
model,result_0751,0.6834812583977277,0.2550302063514148,-4,137
model,result_0678,0.7452955279746388,0.40843791518588296,3,289
