background,schweinfurt_000000_000126.png
split,train
model,result_0784,0.6866720399802585,0.3310305662154911,-3,20
model,result_0924,0.68968530628834,0.3422741991281163,1,298
model,result_0866,0.7352294800524974,0.6771215933217246,-1,92
