background,augsburg_000000_000660.png
split,train
model,result_0686,0.4437208979300049,0.3356145482658851,0,59
