background,weimar_000007_000019.png
split,train
model,result_0510,0.8762284834838022,0.9627431364043124,-1,98
model,result_0328,0.09555373991636984,0.9346033748451674,3,307
