background,augsburg_000000_000252.png
split,train
model,result_0739,0.9053497695002993,0.47378862695175233,-2,67
model,result_0960,0.6575430190969597,0.6315633978136418,-4,134
model,result_0632,0.28101397024835173,0.971392614554301,1,314
