background,dortmund_000000_000183.png
split,train
model,result_0931,0.7199580000891243,0.29593897144717196,-2,359
model,result_0123,0.7855056606469496,0.9590631125042336,2,244
model,result_0472,0.06690449420458444,0.5559361848508488,2,282
