background,heilbronn_000000_000644.png
split,train
model,result_0499,0.6545342896542277,0.8462562098524324,-2,270
model,result_0844,0.44254851875213164,0.5075791199404198,1,235
