background,bayreuth_000000_000432.png
split,train
model,result_0524,0.5679750337253231,0.4142340712848376,2,314
