background,saarbrucken_000000_000448.png
split,train
model,result_0247,0.836806262579385,0.3659039450785469,-1,36
model,result_0239,0.2981536374893594,0.9676339586169557,-2,182
