background,nuremberg_000000_001052.png
split,train
model,result_0373,0.893083659394081,0.3188995610468418,-2,49
model,result_0191,0.4417867447453738,0.3561120216980548,-2,110
model,result_0775,0.7952664125442265,0.5594908616441218,3,296
