background,augsburg_000000_000703.png
split,train
model,result_0199,0.08302622891438849,0.28924098377584123,-4,98
