background,wurzburg_000000_000117.png
split,train
model,result_0039,0.7575956451891391,0.7236192631606972,-2,184
