background,muhlheim-ruhr_000000_000729.png
split,train
model,result_0082,0.052224030030858404,0.7270392861228477,-1,164
model,result_0945,0.5887339888533326,0.3810847838748862,0,179
model,result_0612,0.009614177997585682,0.993776393416475,2,335
