background,duisburg_000000_000407.png
split,train
model,result_0996,0.26831581640924307,0.39149044822398105,3,220
model,result_0266,0.9419467799554552,0.9502802194655167,-3,158
model,result_0862,0.39202360859032925,0.9945294306747218,-1,100
