background,duisburg_000000_000670.png
split,train
model,result_0878,0.8022803844649756,0.5337595157149602,0,192
model,result_0004,0.9582056359329926,0.5142649711642238,-2,140
