background,muhlheim-ruhr_000000_000984.png
split,train
model,result_1000,0.26340520564713454,0.9657551214941963,-3,232
model,result_0367,0.7244754416788477,0.37249290725874595,-3,178
model,result_0822,0.027205813210734897,0.5295145380903865,-3,191
