background,schweinfurt_000000_000075.png
split,train
model,result_0022,0.784410627555196,0.7160619135432381,3,122
model,result_0061,0.2090309610472758,0.684457591983143,0,333
