background,konstanz_000000_000063.png
split,train
model,result_0386,0.004402814344482198,0.9333709392125072,2,117
model,result_0979,0.4212997352685537,0.814951965072742,0,275
