background,karlsruhe_000000_000233.png
split,train
model,result_0075,0.46044480060968307,0.8834750812594986,1,166
