background,lindau_000046_000019.png
split,train
model,result_0440,0.7530180741716467,0.6742208942857153,-2,193
model,result_0484,0.18765826626116666,0.8641676023911463,0,31
model,result_0861,0.8119957396833467,0.2540138680508411,-1,358
