background,wuppertal_000000_000859.png
split,train
model,result_0949,0.27861028782552644,0.3279095216184299,-1,108
