background,augsburg_000000_000104.png
split,train
model,result_0924,0.42059776288133344,0.9184651139143816,-1,224
