background,dortmund_000000_000651.png
split,train
model,result_0989,0.7401914672716247,0.35333480403883766,2,168
model,result_0803,0.9243541123987277,0.40431653543399987,4,213
