background,nuremberg_000000_000188.png
split,train
model,result_0544,0.06426158758355072,0.684232364712781,-2,355
model,result_0999,0.8622606108302945,0.528752826580584,2,285
