background,nuremberg_000000_000814.png
split,train
model,result_0803,0.5693752339357205,0.34465641523767016,4,52
