background,karlsruhe_000000_000216.png
split,train
model,result_0751,0.4803883415199055,0.4103022509838482,-1,283
model,result_0678,0.8822231497739572,0.28376651355245874,-1,312
