background,mannheim_000000_000255.png
split,train
model,result_0775,0.35339589203706845,0.7901680612924789,3,187
model,result_0075,0.9537378111586631,0.9038603467675093,-1,175
model,result_0992,0.2080575469583198,0.2938967381723833,4,248
