background,nuremberg_000000_000844.png
split,train
model,result_0606,0.07887598546075936,0.40376811333088003,3,278
model,result_0082,0.36125954737531185,0.7748026033222891,-2,206
