background,nuremberg_000000_001168.png
split,train
model,result_0857,0.06465811706530378,0.9878623837486247,-4,149
