background,augsburg_000000_001180.png
split,train
model,result_0999,0.6889698204036523,0.601004841741662,-2,66
model,result_0510,0.06517787792940499,0.5438203819101048,-4,318
model,result_0328,0.73215115297064,0.7346489967349713,-2,108
