background,muhlheim-ruhr_000000_001180.png
split,train
model,result_0051,0.2549914735223817,0.608567306155957,-1,0
model,result_0739,0.0611821237895529,0.5365047246115678,0,287
model,result_0960,0.4946714025716209,0.339661902653627,-4,124
