background,oberhausen_000000_000572.png
split,train
model,result_0871,0.6039669232591908,0.3829158524660009,-2,313
model,result_0878,0.19550165527035834,0.3988978291727195,-2,268
model,result_0004,0.7730724896591805,0.9825161444423376,3,0
