background,saarbrucken_000000_000223.png
split,train
model,result_0328,0.17862697737327649,0.49850644208519773,1,221
model,result_0879,0.08998449563918143,0.9104179478221153,-4,269
model,result_0542,0.8362210283729862,0.48919826300952807,0,319
