background,wurzburg_000000_000048.png
split,train
model,result_0499,0.24600712324325957,0.6453214884589114,4,240
