background,wuppertal_000000_000686.png
split,train
model,result_0844,0.04662163912883932,0.7205688596708506,3,352
model,result_0995,0.7657262884765809,0.7952168889549542,-1,134
