background,oberhausen_000000_000773.png
split,train
model,result_0004,0.2014278039247489,0.8125110193828964,-1,320
