background,saarbrucken_000000_000431.png
split,train
model,result_0484,0.08021857313114544,0.401070005255726,3,341
