background,duisburg_000000_000792.png
split,train
model,result_0123,0.24954376534986134,0.3881724927946013,-2,69
