background,wuppertal_000000_001070.png
split,train
model,result_0602,0.027086573289919813,0.8395517159962622,0,304
model,result_0024,0.7443339860796567,0.33315716264086104,4,316
model,result_0288,0.8217416067314055,0.7106037291231135,2,117
