background,bayreuth_000000_000461.png
split,train
model,result_0999,0.29992091567669166,0.7237836439123568,-4,15
model,result_0510,0.9944738729709611,0.8951061006779406,-4,156
