background,saarbrucken_000000_000485.png
split,train
model,result_0646,0.36235545643442557,0.6780723625027896,1,14
model,result_0586,0.5147417075274809,0.5131729448766095,-3,354
