background,muhlheim-ruhr_000000_000891.png
split,train
model,result_0678,0.968815580873068,0.3643839263801343,-4,155
model,result_0784,0.7842055407377542,0.2964895419282341,0,177
