background,wurzburg_000000_001534.png
split,train
model,result_0218,0.4245082824554657,0.9167518073424505,-2,193
model,result_0694,0.18475898161213145,0.4407245615455102,-2,108
