background,konigswinter_000000_000050.png
split,train
model,result_0051,0.8291527662189134,0.564278390586185,4,34
