background,konstanz_000000_001197.png
split,train
model,result_0164,0.8961625819292253,0.955488930376819,-3,91
model,result_0440,0.0574454752826663,0.3859035297328628,4,232
model,result_0484,0.647014972881919,0.29281729686939606,4,155
