background,konstanz_000000_000300.png
split,train
model,result_0080,0.9282649647395086,0.7661982230400348,3,51
