background,oberhausen_000000_000732.png
split,train
model,result_0385,0.0833206050609312,0.47905342628657505,-2,286
