background,oberhausen_000000_000564.png
split,train
model,result_0657,0.855494140033817,0.5919941750728819,-1,152
