background,augsburg_000000_000313.png
split,train
model,result_0739,0.3860290050144566,0.7879218990481105,-1,21
model,result_0960,0.3376510491631288,0.5838152844847231,-3,144
model,result_0632,0.7343358435498339,0.28347125893729697,-1,95
