background,troisdorf_000000_000050.png
split,train
model,result_0931,0.7725055021200434,0.7869049145924168,-4,115
model,result_0123,0.341106330043188,0.3351961510811528,-1,297
