background,konigswinter_000000_000042.png
split,train
model,result_0678,0.8221410405041348,0.8661451189506045,-4,81
