background,bayreuth_000000_000619.png
split,train
model,result_0981,0.1593096125909188,0.5451265170207715,1,226
model,result_0527,0.07394238989082758,0.5494047737981917,-3,123
