background,muhlheim-ruhr_000000_001091.png
split,train
model,result_0319,0.6428452507369854,0.5137977503003656,4,33
model,result_0477,0.14687132623216326,0.9058827216014836,1,5
