background,oberhausen_000000_000273.png
split,train
model,result_0657,0.924893714475077,0.9995956744231468,-1,271
