background,dortmund_000000_000952.png
split,train
model,result_0324,0.6848861621490833,0.487359478542304,0,86
