background,strasbourg_000001_022560.png
split,train
model,result_0484,0.12146128410924673,0.7985532987632592,-2,168
model,result_0861,0.15837193720352016,0.8722268487698164,-4,229
