background,bamberg_000000_000327.png
split,train
model,result_0795,0.6812038450089963,0.9915595135237976,1,182
model,result_0388,0.9207281024821335,0.9745536743477737,-3,173
model,result_0499,0.10606838240655814,0.9567668869104582,-1,254
