background,duisburg_000000_000305.png
split,train
model,result_0467,0.3326254451980811,0.6285005239146583,1,85
model,result_0154,0.9190376233865123,0.2992094649179428,-4,69
