background,darmstadt_000057_000019.png
split,train
model,result_0127,0.2848768597296205,0.5698122951549451,2,167
model,result_0022,0.8918862463299012,0.7185366566798537,4,17
