background,konstanz_000000_000813.png
split,train
model,result_0979,0.03337356034556738,0.7729420945216302,-3,270
model,result_0871,0.6252939255412442,0.6644156549411205,-1,272
model,result_0878,0.16193385343247568,0.9675954577102057,3,72
