background,nuremberg_000000_000878.png
split,train
model,result_0999,0.33653376073553376,0.643942203585689,-2,157
model,result_0510,0.5923875253196742,0.40764167076365976,-4,60
model,result_0328,0.5432210161961782,0.6356142234793724,4,216
