background,nuremberg_000000_000359.png
split,train
model,result_0192,0.9733873904924663,0.2866082010005181,-2,31
model,result_0218,0.47871531299965253,0.9118962444478773,2,179
