background,muhlheim-ruhr_000000_001083.png
split,train
model,result_0632,0.0022600612822716304,0.9845014511715379,4,192
model,result_0357,0.6439121062737136,0.4899926865203831,-3,45
