background,nuremberg_000000_001389.png
split,train
model,result_0646,0.4169438153238165,0.4424957005935681,4,258
model,result_0586,0.718745598898553,0.6270132269851441,-1,252
model,result_0989,0.1675813608283384,0.6161787027923387,-4,272
