background,oberhausen_000000_000421.png
split,train
model,result_0024,0.8907084095355358,0.31181800695479567,3,15
