background,augsburg_000000_001170.png
split,train
model,result_0338,0.5176327906723017,0.6615627728822355,-2,239
model,result_0557,0.9036386698710959,0.4699254329915983,-1,20
