background,erlangen_000000_000122.png
split,train
model,result_0239,0.9366579175300512,0.442620979862806,-1,49
model,result_0051,0.022819175856157448,0.48501641780903315,2,222
model,result_0739,0.8759601067631038,0.6359744360206012,3,197
