background,augsburg_000000_000839.png
split,train
model,result_0968,0.11533593738555759,0.5631022043489555,0,287
model,result_0847,0.14251253342511094,0.7240344234557109,0,19
