background,karlsruhe_000000_001090.png
split,train
model,result_0288,0.016941392295748536,0.4568343809667196,-4,248
model,result_0247,0.2924864789397179,0.4859831066329113,0,333
