background,wurzburg_000000_001356.png
split,train
model,result_0036,0.28689475278721543,0.6934966201197472,4,229
