background,dortmund_000000_000510.png
split,train
model,result_0674,0.865803587066179,0.6813503826780265,-1,41
model,result_0146,0.2748449972610062,0.5750171892015995,-4,182
model,result_0295,0.8089540877427291,0.5490020751875095,0,164
