background,freiburg_000000_000212.png
split,train
model,result_0657,0.8687303054052874,0.7198053034496379,3,302
model,result_0914,0.46068525617703593,0.28273406473963003,1,336
