background,bayreuth_000000_000144.png
split,train
model,result_0557,0.9184491658060456,0.9603240944625339,-3,67
model,result_0544,0.9845370463157438,0.8227496299765434,-2,203
model,result_0999,0.3830567728004224,0.5775399684393856,3,221
