background,wurzburg_000000_000037.png
split,train
model,result_0477,0.9849782144922692,0.44209797287631236,4,177
