background,dusseldorf_000167_000019.png
split,train
model,result_0979,0.29656232032693874,0.2558924275402258,1,90
model,result_0871,0.7897455286103682,0.8779319515224453,-1,31
model,result_0878,0.823357843744369,0.34392278227686834,-3,342
