background,heilbronn_000000_000308.png
split,train
model,result_0146,0.026921177611672564,0.5711323953140609,-4,48
model,result_0295,0.3006112212147606,0.28803385058509995,-4,71
