background,bayreuth_000000_000720.png
split,train
model,result_0968,0.509188801293199,0.7474503980212689,-3,304
model,result_0847,0.48498392513528654,0.26502384604199736,2,108
