background,oberhausen_000000_000223.png
split,train
model,result_0949,0.9486069709600328,0.49112174487366567,2,266
model,result_0324,0.8864346835361225,0.6198972003090284,-4,229
model,result_0173,0.1470802730595896,0.7719383750607898,-4,175
