background,augsburg_000000_000442.png
split,train
model,result_0075,0.3210475397126358,0.9448144062637691,-1,134
model,result_0992,0.9761724821015804,0.8815201287276567,0,350
model,result_0394,0.23472387312635978,0.8165081283530354,3,130
