background,karlsruhe_000000_000765.png
split,train
model,result_0283,0.6926477178426657,0.46650720681773117,3,71
model,result_0968,0.7076008259700186,0.3124503761825145,3,342
model,result_0847,0.3663598499560575,0.32566426243033364,1,254
