background,konstanz_000000_000417.png
split,train
model,result_0878,0.08794403672569506,0.33396289087557984,0,67
