background,freiburg_000000_000764.png
split,train
model,result_0239,0.7718130251842793,0.35862239431607346,0,154
model,result_0051,0.9844005506632304,0.9729562847000292,-1,242
