background,wurzburg_000000_000719.png
split,train
model,result_0949,0.4212169280915872,0.7217762758316817,-4,239
model,result_0324,0.6489620797027362,0.9077515102731442,-3,222
