background,heidelberg_000000_001014.png
split,train
model,result_0385,0.1426266726197929,0.6338490812090884,2,257
