background,munster_000019_000019.png
split,train
model,result_0968,0.04792909765663089,0.8863584924438254,0,28
model,result_0847,0.5042548981470645,0.8685851263428148,-1,67
model,result_0646,0.9581316805307997,0.5162547933180816,2,154
