background,heidelberg_000000_000361.png
split,train
model,result_0046,0.4569249313499091,0.9970291174520065,-3,223
