background,freiburg_000000_000182.png
split,train
model,result_0803,0.19834112392514747,0.611392454489431,-2,332
