background,karlsruhe_000000_000845.png
split,train
model,result_0080,0.6102658960931024,0.2937933335261697,-3,348
model,result_0857,0.0910806966319303,0.8557803779372954,4,183
