background,karlsruhe_000000_000124.png
split,train
model,result_0388,0.4614886910033986,0.8842627250656934,0,321
