background,nuremberg_000000_000182.png
split,train
model,result_0215,0.41461256037351724,0.4516655465714752,-2,259
model,result_0332,0.8572901515793367,0.8698607075735211,-2,318
