background,oberhausen_000000_000594.png
split,train
model,result_0562,0.2948158688542243,0.9794905054070138,2,327
model,result_0215,0.3698740845052443,0.8501329923927627,0,117
model,result_0332,0.1278378184274448,0.5519789474935106,0,73
