background,duisburg_000000_000576.png
split,train
model,result_0127,0.4549951768199818,0.4973966918308581,3,87
model,result_0022,0.43532239421054886,0.9599191978111744,3,16
