background,karlsruhe_000000_000349.png
split,train
model,result_0484,0.8884283339557066,0.9424715178915422,3,290
model,result_0861,0.42160970369051853,0.4981820726014738,2,77
model,result_0882,0.9954007088369172,0.9651483262601526,-1,353
