background,aachen_000028_000019.png
split,train
model,result_0995,0.10878456702252715,0.9557328554086203,-3,26
model,result_0969,0.4422463742912802,0.3824946124136475,-3,193
