background,wuppertal_000000_000388.png
split,train
model,result_0995,0.2677133810630573,0.2644631204262833,-4,75
