background,freiburg_000000_000168.png
split,train
model,result_0524,0.9826153372266294,0.519839844848978,1,73
model,result_0199,0.9176870502859137,0.6379888951818635,-1,183
