background,dortmund_000000_000864.png
split,train
model,result_0440,0.8352835421561868,0.9377144464309082,0,200
model,result_0484,0.025715890100109218,0.9092486484939664,2,301
model,result_0861,0.33388384870664434,0.3826218970395425,-3,146
