background,erlangen_000000_000264.png
split,train
model,result_0562,0.24738221950886108,0.9239683842715366,0,290
model,result_0215,0.36687212454955176,0.8311872637379649,-4,254
