background,strasbourg_000001_007148.png
split,train
model,result_0992,0.10930368026256965,0.3014019258789762,-4,71
model,result_0394,0.897720429390833,0.7375855969429846,1,251
model,result_0163,0.7244992285715297,0.6412675978243231,3,261
