background,konstanz_000000_001514.png
split,train
model,result_0332,0.18759076751561843,0.9381101785884663,-1,245
model,result_0385,0.715959591444023,0.6446417766484681,-3,168
