background,heidelberg_000000_001063.png
split,train
model,result_0283,0.8374931590739231,0.5835988842823339,-1,255
model,result_0968,0.39982325868654556,0.7416966898104539,1,189
model,result_0847,0.6969171778658568,0.6166257406359432,-4,35
