background,bayreuth_000000_000740.png
split,train
model,result_0373,0.1749245823600596,0.9456798578188027,4,96
model,result_0191,0.37354972632032624,0.8557002587559687,-4,255
