background,zurich_000056_000019.png
split,train
model,result_0283,0.7007526885296501,0.25749016280460313,0,261
model,result_0968,0.1679987458226262,0.49429130086980066,0,309
