background,konstanz_000000_000336.png
split,train
model,result_0857,0.029712161860697472,0.9378390460350057,-3,237
model,result_0795,0.22335475394331183,0.9948114106343028,-2,229
