background,muhlheim-ruhr_000000_000855.png
split,train
model,result_0154,0.05169079333957205,0.2908826952479149,-2,192
model,result_0562,0.5666873333356616,0.8069797346188484,-3,351
