background,heilbronn_000000_000359.png
split,train
model,result_0979,0.4984891379184735,0.6101474396098309,4,306
model,result_0871,0.9891002254908174,0.4858624155193232,3,167
