background,heidelberg_000000_001176.png
split,train
model,result_0039,0.4782306182424114,0.7774883818407168,2,243
model,result_0386,0.4618938020695452,0.8328589512273152,-1,64
