background,strasbourg_000001_023271.png
split,train
model,result_0542,0.8889530066476995,0.9464145950205282,-2,288
model,result_0674,0.66583608429421,0.2502343408607378,0,35
