background,jena_000012_000019.png
split,train
model,result_0674,0.6091760279249053,0.321604560189807,-4,338
model,result_0146,0.3933880864913706,0.36846211347095476,-4,306
