background,wuppertal_000000_000287.png
split,train
model,result_0385,0.06884510027201551,0.8715921753665393,3,67
