background,konstanz_000000_000439.png
split,train
model,result_0945,0.7426684593362356,0.37892325858074516,4,312
model,result_0612,0.4444595304330555,0.4011885536338724,-4,253
model,result_0283,0.8359131990289517,0.7481437076617865,3,199
