background,muhlheim-ruhr_000000_000091.png
split,train
model,result_0484,0.906458705697789,0.729039522138079,-3,171
model,result_0861,0.20841498284652749,0.2975889714528269,-3,123
model,result_0882,0.8366281815156198,0.7218160186189112,-2,40
