background,wuppertal_000000_000831.png
split,train
model,result_0775,0.8500700542724146,0.38621075067295796,2,246
model,result_0075,0.28282506600029567,0.25174395195713145,-2,147
