background,jena_000038_000019.png
split,train
model,result_0394,0.34890121704866883,0.45531701954729287,-1,354
model,result_0163,0.9654263145976879,0.47365574618323625,-1,220
