background,wuppertal_000000_001061.png
split,train
model,result_0163,0.9349649117674316,0.3374741160793402,1,197
model,result_0657,0.8286688922952852,0.3155369050625862,4,281
