background,dortmund_000000_000962.png
split,train
model,result_0338,0.21486113865205092,0.4880026906081179,-3,24
