background,heidelberg_000000_000068.png
split,train
model,result_0004,0.7148653735478981,0.8193611570112802,1,326
model,result_0931,0.7831230794813357,0.41564997213371596,-3,360
model,result_0123,0.5483507126727162,0.33114126540068706,1,309
