background,bayreuth_000000_000012.png
split,train
model,result_0969,0.6073401325078573,0.8341530670234725,0,237
model,result_0793,0.4923017394724817,0.7921961206541939,4,196
