background,schweinfurt_000000_000180.png
split,train
model,result_0996,0.07479110219437524,0.3418949880080482,0,135
