background,nuremberg_000000_000990.png
split,train
model,result_0338,0.9193821256479459,0.31715398184354665,4,239
model,result_0557,0.6976222480728055,0.6724356543497053,2,335
model,result_0544,0.8844659096246491,0.5592799008148419,4,123
