background,freiburg_000000_000047.png
split,train
model,result_0266,0.40644819816623057,0.5585981971339444,-2,204
