background,krefeld_000000_025434.png
split,train
model,result_0602,0.4609204789393341,0.2658833970841689,1,119
model,result_0024,0.7974248046803382,0.25634026958202016,-3,178
