background,wurzburg_000000_001000.png
split,train
model,result_0046,0.7038661866792504,0.3655043742568228,0,128
