background,nuremberg_000000_000031.png
split,train
model,result_0646,0.6502172478176406,0.35096492299800597,1,51
