background,ulm_000031_000019.png
split,train
model,result_0283,0.9653294476294679,0.6576565603922209,0,347
model,result_0968,0.9759176457217982,0.917926962981618,-1,220
model,result_0847,0.094785295154586,0.3985733653916773,-3,351
