background,augsburg_000000_001158.png
split,train
model,result_0527,0.9648290414221309,0.8552315349692137,1,305
model,result_0602,0.2740634982914034,0.951069445091284,4,135
