background,freiburg_000000_000057.png
split,train
model,result_0995,0.17560847829401816,0.3200796517767248,-3,116
model,result_0969,0.31076580993303893,0.3234334478551957,1,311
model,result_0793,0.6324736613862906,0.7290459316463658,1,100
