background,bayreuth_000000_000114.png
split,train
model,result_0822,0.05199481634829661,0.7150947882708034,0,242
model,result_0855,0.7960021994968934,0.912566545124792,-3,95
