background,bayreuth_000000_000604.png
split,train
model,result_0602,0.7545158179584245,0.7437583140567942,-3,1
