background,konstanz_000000_000787.png
split,train
model,result_0051,0.11153592828242231,0.8688109172327404,3,11
model,result_0739,0.7433024505704574,0.34171752961722457,2,204
model,result_0960,0.15151541197878704,0.5056628114805477,-1,274
