background,bayreuth_000000_000380.png
split,train
model,result_0247,0.95574131878788,0.5206297270179149,1,25
model,result_0239,0.5145067843881188,0.2681611582285476,-4,249
model,result_0051,0.9416938971307263,0.9642863586203803,-1,37
