background,hamburg_000000_008494.png
split,train
model,result_0822,0.16606966109199062,0.42230213280364504,-4,13
model,result_0855,0.776703018569284,0.7572057007891214,-1,355
