background,heilbronn_000000_000157.png
split,train
model,result_0319,0.48735212616370027,0.2973138502309609,1,198
model,result_0477,0.2724400614436375,0.8088682753676532,-4,318
