background,schweinfurt_000000_000552.png
split,train
model,result_0075,0.8010510922514038,0.6450206112238646,0,12
