background,wuppertal_000000_000877.png
split,train
model,result_0674,0.6781176518245069,0.6482463873036772,0,129
