background,dusseldorf_000138_000019.png
split,train
model,result_0586,0.7419122993828869,0.41626462671564135,4,352
