background,heilbronn_000000_000005.png
split,train
model,result_0039,0.3812077021793454,0.8162855858488727,-1,345
model,result_0386,0.7452342566243937,0.6606872782651946,-2,316
model,result_0979,0.2112732183705177,0.7107298089486542,0,355
