background,wurzburg_000000_001064.png
split,train
model,result_0979,0.5722425695272432,0.3805906676974121,-4,112
