background,duisburg_000000_000770.png
split,train
model,result_0803,0.5727139267231206,0.8923187740065142,-3,154
model,result_0192,0.3402544826194659,0.7617090545484725,2,201
model,result_0218,0.958195909134421,0.6494294899490376,-1,37
