background,bayreuth_000000_000628.png
split,train
model,result_0332,0.5579891036006768,0.9599598236381669,-1,358
model,result_0385,0.34329930137481046,0.5323063832594528,-2,249
model,result_0991,0.8882091845868093,0.9162601447103778,2,173
