background,muhlheim-ruhr_000000_001183.png
split,train
model,result_0542,0.71597995272059,0.5440276249365008,1,64
model,result_0674,0.9513674078771988,0.6329645058635319,1,359
