background,freiburg_000000_000839.png
split,train
model,result_0542,0.8009981750934598,0.37456256846681435,3,141
model,result_0674,0.777484074850906,0.6734916323940465,-2,271
