background,bayreuth_000000_000820.png
split,train
model,result_0602,0.330067831470938,0.9906051191069554,-2,125
model,result_0024,0.5658179535212049,0.9336323851988695,-4,41
model,result_0288,0.747196786710048,0.31623264283071567,3,35
