background,nuremberg_000000_000133.png
split,train
model,result_0914,0.17138724140510797,0.7843681780136269,4,239
model,result_0193,0.09522337277694737,0.8009703961264556,-3,333
