background,konstanz_000000_000198.png
split,train
model,result_0332,0.5983409115665492,0.8590427009554695,-3,192
