background,heidelberg_000000_001184.png
split,train
model,result_0739,0.2032326164304321,0.30617250565632537,2,22
model,result_0960,0.32970939511833997,0.724866204462301,1,107
