background,mannheim_000000_000001.png
split,train
model,result_0805,0.885333995177607,0.5501377301362833,1,32
model,result_0039,0.5871559973897168,0.4610752799659432,2,46
