background,karlsruhe_000000_000548.png
split,train
model,result_0674,0.22362120270872998,0.9887302958630312,-2,227
model,result_0146,0.6071356241336171,0.9026171324512091,4,88
