background,heidelberg_000000_001000.png
split,train
model,result_0394,0.460812371349657,0.33607408470924427,0,210
model,result_0163,0.7459687943523837,0.2972602554353474,-4,348
model,result_0657,0.13025580666259562,0.787149261248307,3,151
