background,wuppertal_000000_000654.png
split,train
model,result_0871,0.20585555869669192,0.4907317745723755,1,132
model,result_0878,0.6371181158728997,0.6317148210661079,0,74
model,result_0004,0.5212879615297857,0.2946646650783674,1,43
