background,augsburg_000000_000113.png
split,train
model,result_0968,0.5732583169482057,0.7194781224542743,1,107
model,result_0847,0.3994563486923659,0.3780554965554239,2,331
