background,saarbrucken_000000_000321.png
split,train
model,result_0283,0.9905601280691467,0.8050213758221431,-1,24
