background,duisburg_000000_000621.png
split,train
model,result_0484,0.8817367808300367,0.831864820552799,-1,195
model,result_0861,0.17358673267574942,0.7618684048878944,4,106
