background,wurzburg_000000_000972.png
split,train
model,result_0123,0.1696827153376218,0.9299814555687194,1,316
model,result_0472,0.0017156976853983652,0.8835337895012061,2,60
model,result_0981,0.6949054293992669,0.8255185293462308,1,253
