background,heidelberg_000000_000895.png
split,train
model,result_0394,0.8148488529103902,0.7487628837635169,1,96
