background,duisburg_000000_000097.png
split,train
model,result_0855,0.4725799031625948,0.7855151358101577,-1,193
model,result_0338,0.3543535239930854,0.4909201894851457,2,285
