background,heidelberg_000000_001070.png
split,train
model,result_0931,0.31275873799392373,0.8148502892250749,-3,239
