background,augsburg_000000_000494.png
split,train
model,result_0542,0.9192095302719407,0.7158253164067083,3,48
model,result_0674,0.1897833505847616,0.7986815977797697,1,332
model,result_0146,0.15381936927438267,0.27207330731119445,4,313
