background,augsburg_000000_001349.png
split,train
model,result_0632,0.8383804881367587,0.7182571001635036,1,17
model,result_0357,0.5673716410230647,0.2847931626657116,-1,331
