background,dortmund_000000_000915.png
split,train
model,result_0127,0.06443545925363958,0.7053201291604331,0,86
