background,konstanz_000000_000155.png
split,train
model,result_0996,0.7767924712913071,0.5329587444726043,1,126
model,result_0266,0.8775359722145756,0.6983542387472585,-4,16
