background,oberhausen_000000_000370.png
split,train
model,result_0646,0.5072129149640117,0.8888405672454778,1,223
