background,konstanz_000000_000197.png
split,train
model,result_0328,0.664832298597302,0.4896087012270256,4,330
model,result_0879,0.9276397716008427,0.3873696821189858,1,220
model,result_0542,0.7569524981873649,0.7153730612353036,-3,47
