background,nuremberg_000000_000908.png
split,train
model,result_0385,0.753847426121954,0.3448273595246574,-3,232
model,result_0991,0.1329676855286419,0.6050643881387611,0,213
model,result_0373,0.5152005079304647,0.9617585090175673,3,75
