background,wurzburg_000000_000007.png
split,train
model,result_0484,0.024840658149048234,0.44690168901702704,-4,164
