background,tubingen_000133_000019.png
split,train
model,result_0751,0.31497028759860135,0.253659521531004,2,188
