background,oberhausen_000000_000220.png
split,train
model,result_0879,0.6271023740875701,0.4914810122659078,-2,7
model,result_0542,0.6816759366168562,0.6146538786010926,-2,76
