background,duisburg_000000_000801.png
split,train
model,result_0795,0.6120022496061623,0.833780691848587,2,87
model,result_0388,0.30703953944039153,0.2516041767510557,-4,123
model,result_0499,0.7781183052381643,0.47145203838558314,-1,17
