background,dresden_000000_000168.png
split,train
model,result_0060,0.6991191049754717,0.3094232800940304,-4,189
model,result_0080,0.9845946172728273,0.5502994218034187,0,29
