background,dortmund_000000_000021.png
split,train
model,result_0051,0.20298492292187165,0.30878881602439556,-2,332
model,result_0739,0.5266467784463477,0.7137408459147823,4,275
model,result_0960,0.3589722554662853,0.535040510894914,3,277
