background,konigswinter_000000_000089.png
split,train
model,result_0367,0.7638044770752936,0.5638682596545725,-4,160
model,result_0822,0.23444280330893796,0.34806389115966585,4,322
model,result_0855,0.7667475507629979,0.3448674286765928,1,120
