background,augsburg_000000_000015.png
split,train
model,result_0602,0.7769208603182647,0.6109544839152519,-3,199
model,result_0024,0.05755111276023317,0.7265044098954745,-4,66
model,result_0288,0.851184664256651,0.6455799627895167,4,176
