background,muhlheim-ruhr_000000_000282.png
split,train
model,result_0218,0.9924189498990187,0.4592553447040928,-3,23
