background,frankfurt_000001_003056.png
split,train
model,result_0862,0.36230056184088344,0.8713764504104212,1,258
