background,jena_000006_000019.png
split,train
model,result_0163,0.9614729752441517,0.6923370119285152,3,57
model,result_0657,0.47047102311178934,0.8386499645897836,1,13
