background,nuremberg_000000_000147.png
split,train
model,result_0999,0.706237469812654,0.40762640012331264,-1,31
model,result_0510,0.49051893255279844,0.5657746779176991,0,345
model,result_0328,0.651455419251078,0.8843688239564271,0,16
