background,konstanz_000000_000057.png
split,train
model,result_0510,0.4539956090784508,0.3978908317955626,1,241
model,result_0328,0.7286037397773996,0.399971793678191,3,306
