background,heilbronn_000000_000211.png
split,train
model,result_0694,0.6610915686992624,0.47256562814236086,-4,112
model,result_0319,0.7595580588689866,0.3202473161347955,4,42
model,result_0477,0.24154012052208906,0.8535117018477858,-3,120
