background,hamburg_000000_053086.png
split,train
model,result_0969,0.4386310608193389,0.3484255921715043,4,227
