background,karlsruhe_000000_000814.png
split,train
model,result_0968,0.322009989672848,0.4318797330250719,-2,53
model,result_0847,0.6612590291762961,0.9673034889554437,3,225
