background,muhlheim-ruhr_000000_000185.png
split,train
model,result_0871,0.8745947079367739,0.733250952408913,-1,12
