background,bayreuth_000000_000439.png
split,train
model,result_0866,0.9070846394121701,0.26046387047968783,-4,90
