background,heidelberg_000000_001088.png
split,train
model,result_0324,0.9456952501130238,0.6174717025040078,-2,64
model,result_0173,0.9238642912828761,0.3965239294953829,3,64
