background,augsburg_000000_001267.png
split,train
model,result_0945,0.9308926629655837,0.8801986185552626,-4,287
model,result_0612,0.3113217681262781,0.9422075272714814,-4,34
