background,heidelberg_000000_000427.png
split,train
model,result_0123,0.9825142434086567,0.2666057227211127,-4,291
model,result_0472,0.5405415320851484,0.45391405724646117,2,28
