background,wurzburg_000000_000442.png
split,train
model,result_0646,0.021873948936644183,0.28961846681584247,0,289
