background,mannheim_000000_000501.png
split,train
model,result_0795,0.08113974699089421,0.739218465701088,1,267
model,result_0388,0.7689603503297614,0.5341777898788209,-2,285
