background,saarbrucken_000000_000272.png
split,train
model,result_0332,0.837297326801315,0.7146986818061323,3,25
model,result_0385,0.9252797697018228,0.4259256883222231,3,104
model,result_0991,0.7466594924259171,0.5074792395745,-2,145
