background,aachen_000085_000019.png
split,train
model,result_0914,0.2756093766540776,0.9663865387692808,-1,97
