background,bamberg_000000_000093.png
split,train
model,result_0332,0.12618082691576038,0.687533630932796,-3,330
model,result_0385,0.17894379801001803,0.45402524697173574,-1,196
model,result_0991,0.8021107971202955,0.8498788358719842,-3,2
