background,dortmund_000000_000870.png
split,train
model,result_0822,0.10259890364172497,0.3902735537491897,1,223
model,result_0855,0.7021736775549806,0.5587047571626875,1,185
