background,nuremberg_000000_000967.png
split,train
model,result_0164,0.6527021608358988,0.3970646126306322,-3,318
model,result_0440,0.27234462997692366,0.39728107953482217,1,333
