background,muhlheim-ruhr_000000_001123.png
split,train
model,result_0562,0.9470863907617036,0.36539482190886763,2,216
