background,mannheim_000000_000625.png
split,train
model,result_0878,0.40517589727913383,0.9846828127777394,-4,199
