background,karlsruhe_000000_000942.png
split,train
model,result_0266,0.9133158811019019,0.5722351264883139,-3,112
model,result_0862,0.2933546242200067,0.4352844146876832,0,26
model,result_0524,0.032093960175345715,0.3171285125136865,0,313
