background,oberhausen_000000_000445.png
split,train
model,result_0674,0.7140708326545385,0.6998904210209397,3,166
