background,konigswinter_000000_000116.png
split,train
model,result_0499,0.5968701696949981,0.970292467766223,4,141
model,result_0844,0.40464751297015356,0.4575990593592939,-3,244
model,result_0995,0.7763587588786144,0.599219623980121,-2,344
