background,bamberg_000000_000087.png
split,train
model,result_0805,0.6841593988749933,0.9973950773178895,2,26
model,result_0039,0.9502439873947001,0.7861213099836251,4,198
