background,wurzburg_000000_000220.png
split,train
model,result_0283,0.8347308283042219,0.6755594195830579,-2,73
