background,heidelberg_000000_000544.png
split,train
model,result_0373,0.6705294169080408,0.9964576585071283,4,51
model,result_0191,0.9913891868988198,0.9216279975086031,4,6
