background,heidelberg_000000_000672.png
split,train
model,result_0686,0.8699521096538783,0.2985738492052225,2,238
model,result_0805,0.30236920988829163,0.3821389677559327,3,113
model,result_0039,0.1897880787710471,0.8294530760212767,-3,299
