background,heidelberg_000000_000596.png
split,train
model,result_0075,0.47081892919362534,0.411240577820713,1,106
model,result_0992,0.8744281821513513,0.5588065061188906,-4,113
