background,muhlheim-ruhr_000000_000171.png
split,train
model,result_0882,0.7007846171846699,0.7191089945275215,-2,301
model,result_0467,0.7344170781722346,0.8662330919932361,-1,177
