background,duisburg_000000_000049.png
split,train
model,result_0999,0.8559594782852362,0.7344668079833638,-2,333
