background,mannheim_000000_000112.png
split,train
model,result_0061,0.43787048956599794,0.3931186317840265,-3,112
model,result_0606,0.8703899669303841,0.608820281886392,-3,203
