background,schweinfurt_000000_000454.png
split,train
model,result_0385,0.9884821777503845,0.31592417279359974,3,201
model,result_0991,0.1926075093037548,0.4133878008026855,3,31
