background,konstanz_000000_000264.png
split,train
model,result_0739,0.9037346050142531,0.252644267399339,-4,251
