background,wurzburg_000000_001290.png
split,train
model,result_0080,0.561398752650839,0.9310498753132832,2,356
model,result_0857,0.7267782382902686,0.5377660725705363,1,52
model,result_0795,0.12260312521812189,0.9215970370648522,0,295
