background,heilbronn_000000_000426.png
split,train
model,result_0039,0.9167022263645681,0.8721752684452102,2,268
