background,duisburg_000000_000540.png
split,train
model,result_0878,0.3892208880880641,0.32857420718153896,-3,194
