background,bayreuth_000000_000782.png
split,train
model,result_0266,0.897147594889999,0.9114551872682586,2,207
