background,oberhausen_000000_000638.png
split,train
model,result_0606,0.6930253654944598,0.46077721007904426,0,96
