background,wuppertal_000000_001032.png
split,train
model,result_0924,0.38357763303672565,0.5035434915098485,3,308
