background,wuppertal_000000_000781.png
split,train
model,result_1000,0.22126896978162236,0.6584750886541075,-3,320
model,result_0367,0.9978980263941618,0.9868814733183607,-3,99
model,result_0822,0.5540880073342597,0.6320454896216564,1,211
