background,aachen_000149_000019.png
split,train
model,result_0394,0.4031304729484938,0.34206664902830836,1,192
