background,bayreuth_000000_000424.png
split,train
model,result_0862,0.39407361300614097,0.6087813945010644,2,108
