background,nuremberg_000000_000690.png
split,train
model,result_0969,0.0564559243483862,0.8792016367570198,0,273
model,result_0793,0.22990004953495358,0.3530936287434688,2,57
