background,karlsruhe_000000_000928.png
split,train
model,result_0046,0.9734134391136334,0.9308613055943726,-3,42
