background,oberhausen_000000_000659.png
split,train
model,result_0295,0.27798388298231713,0.4273706776304138,3,63
