background,augsburg_000000_000502.png
split,train
model,result_0924,0.9801644236262455,0.7754835169411824,4,5
