background,augsburg_000000_000652.png
split,train
model,result_0266,0.3717203001124648,0.6488705320175302,1,128
model,result_0862,0.8335079519193476,0.46672320186094474,4,229
