background,wurzburg_000000_000873.png
split,train
model,result_0861,0.7350373300378038,0.47807709840912027,3,295
model,result_0882,0.7846487237661819,0.64221591797028,-1,131
model,result_0467,0.38651000517174017,0.7416065777767183,4,160
