background,duisburg_000000_000682.png
split,train
model,result_0467,0.1887155910006113,0.7530555904864654,-2,69
