background,dortmund_000000_000593.png
split,train
model,result_0784,0.38268464473560604,0.6991180429187296,4,197
model,result_0924,0.0712308269682782,0.39287470574411776,0,223
