background,karlsruhe_000000_000246.png
split,train
model,result_0499,0.21292234152216882,0.751423715146112,-3,81
model,result_0844,0.06351132115542302,0.7308545430179184,-2,287
