background,freiburg_000000_000805.png
split,train
model,result_0467,0.5310874026489082,0.7255793512554084,-2,34
