background,dortmund_000000_000621.png
split,train
model,result_0332,0.11969227769771007,0.76132408911111,0,65
