background,wurzburg_000000_000996.png
split,train
model,result_0024,0.9827854905602812,0.5172261348973427,1,342
model,result_0288,0.8878135141075205,0.889680572336913,-2,218
