background,schweinfurt_000000_000248.png
split,train
model,result_0632,0.08943697586182264,0.6995481134236106,-4,167
