background,konstanz_000000_000800.png
split,train
model,result_0146,0.7131250359388733,0.6155421476727607,0,274
