background,karlsruhe_000000_000576.png
split,train
model,result_0510,0.8241441317617431,0.6561831818279973,2,358
