background,dortmund_000000_000534.png
split,train
model,result_0542,0.41042206081976496,0.7990037221819737,4,138
model,result_0674,0.80770432922193,0.44516399307390797,4,278
model,result_0146,0.47816375045266435,0.7605455367688068,2,188
