background,dortmund_000000_000474.png
split,train
model,result_0510,0.9792064520625839,0.39368313764441376,-3,136
model,result_0328,0.4459405425089391,0.30714373675408535,1,29
