background,konstanz_000000_000640.png
split,train
model,result_0775,0.39612337694558974,0.5581537522089657,-4,85
model,result_0075,0.009861293018669115,0.5596485782824346,2,71
model,result_0992,0.4546372374754447,0.9246409409562458,-3,162
