background,dortmund_000000_000856.png
split,train
model,result_0992,0.3865784953387671,0.3699739335165364,0,165
