background,dortmund_000000_000664.png
split,train
model,result_0999,0.2907598007365948,0.6989779083882235,1,55
model,result_0510,0.9416355094469195,0.3820449538401693,3,220
