background,mannheim_000000_000284.png
split,train
model,result_0557,0.22173891397694478,0.5514579366001634,-1,223
