background,bremen_000270_000019.png
split,train
model,result_0082,0.6119852014017461,0.307285373000473,2,339
