background,wuppertal_000000_000538.png
split,train
model,result_0295,0.8955815775800311,0.3513274085806427,-2,211
model,result_0127,0.10883434998334518,0.32341442966790745,4,93
model,result_0022,0.9229318776157439,0.38604059129703605,0,234
