background,konstanz_000000_001131.png
split,train
model,result_0046,0.9683271245959308,0.9116017838584676,-2,112
