background,dresden_000000_000027.png
split,train
model,result_0542,0.964127669508107,0.5676909240931429,-2,67
model,result_0674,0.22385921507907014,0.8619389761986843,4,169
model,result_0146,0.02570544827342658,0.9695899696510359,-4,10
