background,wurzburg_000000_000818.png
split,train
model,result_0999,0.7354900997459635,0.9929782135224288,1,201
