background,strasbourg_000001_031427.png
split,train
model,result_0612,0.2558368357194394,0.4610378359071553,-4,283
