background,schweinfurt_000000_000467.png
split,train
model,result_0844,0.4578651732819363,0.5882924483052243,2,72
model,result_0995,0.6245372506661256,0.3428943982346052,-1,328
model,result_0969,0.9563360776645049,0.33850483555228417,-1,59
