background,oberhausen_000000_000626.png
split,train
model,result_0324,0.8987092750408555,0.6271668361880256,-2,217
model,result_0173,0.606806292102312,0.9191025335010363,-4,148
model,result_0751,0.6098683999434107,0.7081152107443921,-4,84
