background,heidelberg_000000_000555.png
split,train
model,result_0467,0.22907551121332204,0.5017824212818303,-4,54
