background,oberhausen_000000_000758.png
split,train
model,result_0861,0.3775260723799184,0.25418488684879437,-3,236
