background,dusseldorf_000148_000019.png
split,train
model,result_0686,0.8098520898913063,0.5390069607360826,4,139
model,result_0805,0.7691556179006577,0.5580901512900434,-3,43
