background,konstanz_000000_000177.png
split,train
model,result_0857,0.27168359757819405,0.4688261821933959,0,193
model,result_0795,0.8563929867051883,0.7954953781477688,-4,16
model,result_0388,0.5989086228165459,0.9180055528189982,1,184
