background,wuppertal_000000_000440.png
split,train
model,result_0123,0.34739234442717903,0.4072540127807468,1,158
