background,bayreuth_000000_000198.png
split,train
model,result_0882,0.017016552112476213,0.8423135260831328,4,303
model,result_0467,0.8537676006319291,0.9875618131303332,3,321
model,result_0154,0.03070841810669689,0.9064908599928686,4,347
