background,oberhausen_000000_000388.png
split,train
model,result_0193,0.7288810108401211,0.4393038894063327,-3,320
model,result_0036,0.3869746867695535,0.33040706481379795,0,71
