background,duisburg_000000_000554.png
split,train
model,result_0477,0.5268767686428888,0.5403378148799681,2,222
