background,duisburg_000000_000823.png
split,train
model,result_0694,0.3959796775595582,0.3378891249742959,-1,353
