background,bad-honnef_000000_000049.png
split,train
model,result_0544,0.2564842437834427,0.9666481176847841,-1,6
model,result_0999,0.8252409778864506,0.8824282220168725,-3,82
