background,oberhausen_000000_000815.png
split,train
model,result_1000,0.41378728635086426,0.5658235332072468,4,48
model,result_0367,0.48678903093183656,0.8205252049812007,-1,255
model,result_0822,0.10899978162020174,0.40850405931330214,2,282
