background,heidelberg_000000_000555.png
split,train
model,result_0646,0.8180463294181075,0.5909629568572248,-3,116
