background,konstanz_000000_000344.png
split,train
model,result_0328,0.023094309810493208,0.6777768393433468,4,269
model,result_0879,0.22668169225093204,0.6597214074963882,-4,301
