background,dortmund_000000_000808.png
split,train
model,result_0060,0.9121864056808064,0.9706288990334359,-3,160
model,result_0080,0.4917296977849268,0.28513065717969177,4,269
