background,wurzburg_000000_000420.png
split,train
model,result_0862,0.6987946961877782,0.4763086792158848,-4,277
model,result_0524,0.0582858298207356,0.6634136610886422,2,126
model,result_0199,0.37352074549144365,0.8369462426034942,4,70
