background,konstanz_000000_000093.png
split,train
model,result_0557,0.15132780969313364,0.6538057574303744,-3,347
