background,darmstadt_000015_000019.png
split,train
model,result_0855,0.3960596028119202,0.6058722431577093,1,8
model,result_0338,0.9591522943737022,0.3907636055432224,1,287
