background,freiburg_000000_000054.png
split,train
model,result_0022,0.9164320125679294,0.8765985445810223,4,243
