background,muhlheim-ruhr_000000_000199.png
split,train
model,result_0332,0.4107150762253289,0.6979118945395292,1,336
model,result_0385,0.8462136835508915,0.3076550883362622,1,0
model,result_0991,0.03050468002951079,0.7945187236616323,1,156
