background,muhlheim-ruhr_000000_000550.png
split,train
model,result_0646,0.09492958026750009,0.9307667769616683,2,200
model,result_0586,0.42278949245275055,0.5123879450328211,-4,29
model,result_0989,0.7893114017909653,0.5956678524546529,0,250
