background,bad-honnef_000000_000049.png
split,train
model,result_0386,0.6944841017267208,0.8863871342494105,0,296
model,result_0979,0.26044407823619475,0.9023959737745265,3,106
model,result_0871,0.5614343854211289,0.7334327777239193,2,220
