background,wuppertal_000000_000949.png
split,train
model,result_0678,0.4517063483889232,0.9772039184973739,-1,187
model,result_0784,0.1992916427759327,0.8195873147085916,0,191
