background,dusseldorf_000149_000019.png
split,train
model,result_0061,0.5074543508703206,0.5504928487890925,0,317
model,result_0606,0.6220152806397171,0.27267778509143414,-3,345
model,result_0082,0.786972490715246,0.3168894104673824,3,9
