background,strasbourg_000001_007148.png
split,train
model,result_0239,0.3506286168073821,0.6406352825906373,4,0
model,result_0051,0.097535725213024,0.8089509321453158,-4,106
model,result_0739,0.40318693322364696,0.966321698539099,-1,256
