background,nuremberg_000000_000491.png
split,train
model,result_0657,0.47278832135015847,0.8405485897590746,4,193
