background,heidelberg_000000_000028.png
split,train
model,result_0879,0.603530327679793,0.3333461576187666,-1,236
model,result_0542,0.3806050070063688,0.8509793424437034,-4,302
model,result_0674,0.22964159363286574,0.8454032945615674,4,214
