background,bochum_000000_021606.png
split,train
model,result_0949,0.48256546050258686,0.4778980832102891,-1,211
model,result_0324,0.17618939724112448,0.6409519614019419,0,119
model,result_0173,0.1591384376850905,0.59585758393036,3,149
