background,mannheim_000000_001075.png
split,train
model,result_0793,0.44710401113261855,0.9067366506834613,-4,101
model,result_0686,0.022840747338903955,0.42808224811492235,-2,324
model,result_0805,0.8766911684403267,0.49174534468477127,0,332
