background,muhlheim-ruhr_000000_000713.png
split,train
model,result_0024,0.042701045110233427,0.7706523832637489,1,348
