background,oberhausen_000000_000657.png
split,train
model,result_0602,0.8915496288398795,0.28944704590909065,-2,308
model,result_0024,0.8864919896597504,0.2585226818037839,4,153
