background,bamberg_000000_000154.png
split,train
model,result_0191,0.06004091169723014,0.8511152720535917,1,251
model,result_0775,0.9246347007100626,0.4607936678866433,3,359
