background,muhlheim-ruhr_000000_000987.png
split,train
model,result_0080,0.18885898533543,0.6578448870086764,3,321
model,result_0857,0.35100850343432066,0.6267604892386899,0,33
