background,erlangen_000000_000264.png
split,train
model,result_0844,0.654032009120361,0.5121899984599185,2,168
model,result_0995,0.014682809877293979,0.2647795842159967,-1,200
