background,duisburg_000000_000269.png
split,train
model,result_0191,0.026395175754256317,0.8426201130119775,0,98
