background,muhlheim-ruhr_000000_000174.png
split,train
model,result_0678,0.17586197602344356,0.2787509605182869,4,347
model,result_0784,0.9651075810998617,0.8634372479569267,3,207
model,result_0924,0.3260036869257713,0.5574824463366455,0,319
