background,muhlheim-ruhr_000000_000691.png
split,train
model,result_0586,0.7870173446647714,0.26154178395833216,-2,318
model,result_0989,0.8767780532414512,0.4773316345406668,-3,39
