background,wuppertal_000000_000983.png
split,train
model,result_0127,0.5677093629823377,0.9835743477470651,4,329
model,result_0022,0.9480875302185077,0.8410903899890618,-3,88
