background,bayreuth_000000_000107.png
split,train
model,result_0247,0.09402629989009026,0.9027177967451674,-4,33
model,result_0239,0.8720285212425264,0.35849348871456266,2,314
model,result_0051,0.8003005213166509,0.9818489413918521,1,99
