background,freiburg_000000_000149.png
split,train
model,result_0949,0.8203070118467002,0.4364907345385199,4,329
model,result_0324,0.5771823556257148,0.9270983076379128,-3,240
