background,schweinfurt_000000_000210.png
split,train
model,result_0061,0.7841718914899569,0.38299155506822036,-1,70
model,result_0606,0.7949776786746495,0.3489537159070886,1,336
model,result_0082,0.5853262158331315,0.570891287374967,3,215
