background,weimar_000125_000019.png
split,train
model,result_0562,0.27406749708345024,0.8277183541871799,-3,7
model,result_0215,0.18860290510470912,0.4753605220040993,4,281
