background,heidelberg_000000_001174.png
split,train
model,result_0472,0.6100899287123382,0.7606119471868733,3,38
model,result_0981,0.22957524652065409,0.9363467402706368,3,125
model,result_0527,0.482632008160888,0.3232671880455261,-1,152
