background,muhlheim-ruhr_000000_001014.png
split,train
model,result_0199,0.05969162685953844,0.901981654568502,4,202
model,result_0060,0.26030783523581347,0.3225113663524143,-1,155
model,result_0080,0.6488802185342151,0.7668399577321058,-3,343
