background,wuppertal_000000_000912.png
split,train
model,result_0632,0.40509446857133247,0.35484500130773056,-2,304
model,result_0357,0.43737698435439976,0.4485783745639834,-3,244
