background,wurzburg_000000_001336.png
split,train
model,result_0562,0.2941540772095166,0.6463571398538324,3,197
model,result_0215,0.16580725760532844,0.444025379193448,-2,119
model,result_0332,0.5460085328023405,0.5933692945754807,2,189
