background,bamberg_000000_000000.png
split,train
model,result_0995,0.9307454745017382,0.7133697191369243,2,9
model,result_0969,0.3715575210476886,0.8112740777529324,4,38
model,result_0793,0.2039908867715845,0.45071301296804034,3,21
