background,freiburg_000000_000747.png
split,train
model,result_0477,0.23051694266977474,0.9864952936978021,3,222
