background,karlsruhe_000000_000930.png
split,train
model,result_0319,0.1876475463072843,0.9512619127143883,4,194
model,result_0477,0.2030646674415839,0.930463437227494,-3,186
model,result_0949,0.7427720171260377,0.5652725874169088,2,331
