background,mannheim_000000_000695.png
split,train
model,result_0914,0.12371659578973226,0.48649215779293586,1,203
model,result_0193,0.8214280450757458,0.40357221348780425,-4,38
model,result_0036,0.04048137796316409,0.49290675674170736,-1,228
