background,nuremberg_000000_000563.png
split,train
model,result_0389,0.21401151374443517,0.2967272828565496,3,182
model,result_0164,0.9604244142850349,0.4868577777458061,2,80
model,result_0440,0.8696507459710798,0.5360924430192495,-3,150
