background,dortmund_000000_000664.png
split,train
model,result_0969,0.947943947969228,0.7353514999429649,3,71
model,result_0793,0.7116346422192479,0.7256983021167842,2,129
model,result_0686,0.9203087513741872,0.7980668944171356,3,41
