background,freiburg_000000_000607.png
split,train
model,result_0983,0.0764431520149289,0.5294898453385123,0,343
model,result_0996,0.571292324303364,0.5259020521003737,1,295
model,result_0266,0.4226629578929617,0.4590809470077144,-2,49
