background,augsburg_000000_001310.png
split,train
model,result_0945,0.9543882644012274,0.6349421408500562,-3,105
