background,duisburg_000000_000662.png
split,train
model,result_0266,0.8060856478028151,0.9447969450648089,-1,240
