background,oberhausen_000000_000879.png
split,train
model,result_0989,0.736387664154126,0.30065111777788917,3,228
model,result_0803,0.99563662168255,0.5434240691995728,-3,181
model,result_0192,0.20489895054418716,0.6726987716900836,3,13
