background,mannheim_000000_000076.png
split,train
model,result_0968,0.9336198717611139,0.4278086706873522,-4,9
model,result_0847,0.7190833860371995,0.5565056664456793,2,103
model,result_0646,0.48756344772436155,0.690722276762186,4,286
