background,konstanz_000000_000232.png
split,train
model,result_0983,0.5551365590495732,0.6919729643090393,-4,234
model,result_0996,0.8006753263183134,0.5599703477895815,0,80
model,result_0266,0.10748322048592651,0.3603060227940006,-2,176
