background,karlsruhe_000000_000449.png
split,train
model,result_0191,0.9843545478666084,0.6425122022255906,1,190
