background,oberhausen_000000_000085.png
split,train
model,result_0674,0.3280593375290899,0.6829265594069345,3,117
model,result_0146,0.9613225098761721,0.8757482152294283,-3,356
