background,muhlheim-ruhr_000000_001149.png
split,train
model,result_0562,0.37933718223576884,0.7414859943057752,-3,302
