background,erlangen_000000_000259.png
split,train
model,result_0542,0.3574339939749388,0.9133573203661224,2,166
