background,muhlheim-ruhr_000000_000449.png
split,train
model,result_0822,0.7855646473584912,0.3968589611200368,3,129
model,result_0855,0.9861794050301556,0.5716029182534268,0,115
