background,muhlheim-ruhr_000000_001193.png
split,train
model,result_0602,0.3202680402164454,0.3263226177459684,-4,155
model,result_0024,0.29416562256235046,0.27361095225179705,-4,96
model,result_0288,0.2938289220193957,0.9581376315350376,-3,214
