background,bayreuth_000000_000631.png
split,train
model,result_0795,0.7280804238324192,0.8542937820066653,0,310
