background,heidelberg_000000_000831.png
split,train
model,result_0051,0.28816697677375525,0.6723915707109994,-1,135
model,result_0739,0.0028006868875356528,0.9624546738706516,-3,166
