background,muhlheim-ruhr_000000_001057.png
split,train
model,result_0510,0.603156337291619,0.9671799354592612,4,239
model,result_0328,0.3721009909373111,0.740921667984842,-3,232
model,result_0879,0.5109794955997091,0.3255712005554437,1,11
