background,wuppertal_000000_000655.png
split,train
model,result_0979,0.30484276497670293,0.7633521547889158,-4,74
model,result_0871,0.19726168482917905,0.4210024659701548,-4,96
model,result_0878,0.37387652803135807,0.6380103897118735,4,263
