background,schweinfurt_000000_000492.png
split,train
model,result_0960,0.6983226815796921,0.8820837989906288,-4,11
