background,nuremberg_000000_000498.png
split,train
model,result_0857,0.17522804146639237,0.8767397474912639,0,261
model,result_0795,0.8741682073748306,0.6496799262699691,4,79
model,result_0388,0.5596126272468231,0.9303157964711462,2,297
