background,schweinfurt_000000_000255.png
split,train
model,result_0472,0.6253698240244595,0.6662659496526819,-4,156
model,result_0981,0.8202844052643152,0.867893430282663,-3,169
model,result_0527,0.45202979225721274,0.3654932561306916,-4,202
