background,mannheim_000000_000814.png
split,train
model,result_0036,0.612106133606495,0.8970337104450805,-3,217
model,result_1000,0.45646754470626794,0.8367147940635165,-2,87
model,result_0367,0.9967144215526827,0.7951283918242744,-2,20
