background,troisdorf_000000_000133.png
split,train
model,result_0646,0.1901821407992167,0.5292640968285576,3,19
model,result_0586,0.50689798441551,0.9285520853516708,2,174
