background,duisburg_000000_000698.png
split,train
model,result_0674,0.5737664732903943,0.5225927581688117,-2,300
model,result_0146,0.518503614640278,0.4661353681245394,1,59
model,result_0295,0.652832412759135,0.28142395787795255,0,45
