background,karlsruhe_000000_000676.png
split,train
model,result_0775,0.6602430038669087,0.42672775630783055,0,17
