background,strasbourg_000001_043748.png
split,train
model,result_0060,0.6721701011571094,0.5927537635109138,-3,345
model,result_0080,0.511688685451129,0.42462316835343417,1,53
model,result_0857,0.8982321571822328,0.3875109357279445,-2,8
