background,dortmund_000000_000305.png
split,train
model,result_0775,0.979319533172468,0.8131799481202755,1,9
