background,troisdorf_000000_000045.png
split,train
model,result_0004,0.6763456905469065,0.37206118274127187,0,349
model,result_0931,0.21023978502096607,0.8621026726689228,0,207
model,result_0123,0.9647447860055575,0.4707800056402426,1,209
