background,heidelberg_000000_000734.png
split,train
model,result_0949,0.9426031885314673,0.476307971732316,-2,340
