background,lindau_000033_000019.png
split,train
model,result_0266,0.08813848206307018,0.6273388295535616,-3,309
model,result_0862,0.46156008667324255,0.70548707147292,4,253
