background,lindau_000051_000019.png
split,train
model,result_0388,0.1454013004513951,0.9403650516374118,-2,104
