background,bayreuth_000000_000711.png
split,train
model,result_0218,0.040954162296061414,0.7225403443024268,-3,9
model,result_0694,0.7093976355076529,0.46207870123771877,-3,48
model,result_0319,0.7432785219853495,0.5898378767830391,2,78
