background,bayreuth_000000_000100.png
split,train
model,result_0847,0.14118248465420113,0.46809848302463314,1,179
model,result_0646,0.6388241534514429,0.7658905804662319,1,283
model,result_0586,0.9757245059678991,0.36410694829376644,2,155
