background,schweinfurt_000000_000000.png
split,train
model,result_0991,0.8747919354317585,0.9108767809841434,3,257
