background,muhlheim-ruhr_000000_000391.png
split,train
model,result_0004,0.8756056026871988,0.7365230040543285,1,42
model,result_0931,0.9786670781446931,0.34718378693623975,3,167
