background,wurzburg_000000_000961.png
split,train
model,result_0805,0.1106838254093081,0.5938422680633747,-4,233
model,result_0039,0.9436818397423952,0.9656268199003395,2,100
model,result_0386,0.6379518144887321,0.6887377002795555,0,356
