background,schweinfurt_000000_000120.png
split,train
model,result_0524,0.8645713691128466,0.8625286360330167,-4,119
model,result_0199,0.40411513521784537,0.8188942207339537,1,243
