background,karlsruhe_000000_000703.png
split,train
model,result_0999,0.9117036227909965,0.5024383162950412,-4,227
