background,heilbronn_000000_000194.png
split,train
model,result_0154,0.906912753194972,0.39376779291944314,4,43
model,result_0562,0.34232816297441104,0.917545620007649,-4,289
model,result_0215,0.4545774622016149,0.8082677803846621,-1,36
