background,konstanz_000000_000851.png
split,train
model,result_0039,0.6715950353266626,0.7027758189177531,0,283
