background,bremen_000086_000019.png
split,train
model,result_0678,0.7673695266908257,0.31772531366289747,4,286
model,result_0784,0.5716261004351927,0.44823812666435,0,189
