background,augsburg_000000_000674.png
split,train
model,result_0969,0.7384812557603873,0.4999546203056342,3,13
