background,heilbronn_000000_000203.png
split,train
model,result_0127,0.6308905466884112,0.3857514809675448,1,227
model,result_0022,0.8617516162528688,0.38507485979571754,0,4
