background,mannheim_000000_000014.png
split,train
model,result_0215,0.10988056478054797,0.9224475754869208,1,269
