background,mannheim_000000_000260.png
split,train
model,result_0739,0.7491818833783332,0.6387053992490053,0,180
model,result_0960,0.3096985595037669,0.6520211725188444,0,277
model,result_0632,0.17486341517365322,0.8890289791562977,-2,123
