background,wurzburg_000000_000542.png
split,train
model,result_0914,0.30308652932773983,0.3551725539409558,-4,310
