background,heidelberg_000000_000346.png
split,train
model,result_0295,0.845705014218086,0.8441807802841178,2,293
model,result_0127,0.5066660472228598,0.5897818422391001,1,2
