background,mannheim_000000_000966.png
split,train
model,result_0995,0.4016176202604642,0.5335203264317605,-2,56
