background,konigswinter_000000_000056.png
split,train
model,result_0060,0.33001514532040555,0.4499075736011592,3,283
