background,schweinfurt_000000_000661.png
split,train
model,result_0542,0.45144703581981405,0.272458142965851,-1,208
