background,saarbrucken_000000_000355.png
split,train
model,result_0793,0.7232181668249478,0.777636427779083,-3,95
model,result_0686,0.03603055424171986,0.6545777491245409,3,19
