background,heidelberg_000000_000640.png
split,train
model,result_0557,0.583319473210723,0.28046825300229916,2,227
