background,oberhausen_000000_000337.png
split,train
model,result_0562,0.9765526434691129,0.5042493435220233,-4,193
model,result_0215,0.0339910643372362,0.9441890868836736,0,19
model,result_0332,0.7570285345647457,0.7777502164234286,0,344
