background,wurzburg_000000_000374.png
split,train
model,result_0995,0.46307034739745334,0.40973700033463767,1,42
