background,oberhausen_000000_000676.png
split,train
model,result_0992,0.9728230613691121,0.6582247451707267,1,209
model,result_0394,0.784340010099167,0.46911846144164127,-4,117
model,result_0163,0.028896323686929293,0.7602661121786185,2,224
