background,wuppertal_000000_000953.png
split,train
model,result_0562,0.20142686822851608,0.3793645136644925,-4,205
model,result_0215,0.4393114757586202,0.7774066729808812,0,309
