background,konstanz_000000_000460.png
split,train
model,result_0082,0.45738045099093383,0.8980017831325877,4,222
model,result_0945,0.9598458327549835,0.49963455356038733,1,116
model,result_0612,0.7650654787656617,0.4557991013457698,2,318
