background,konstanz_000000_001051.png
split,train
model,result_0878,0.9264715133860599,0.7759534353195272,-2,43
model,result_0004,0.621233796838671,0.5255200102849881,2,9
model,result_0931,0.6853310557356992,0.7555828886987868,0,14
