background,muhlheim-ruhr_000000_001194.png
split,train
model,result_0795,0.8960598023219926,0.6184984266187321,1,150
