background,duisburg_000000_000228.png
split,train
model,result_0991,0.9469621593767662,0.6750837854059433,0,267
model,result_0373,0.8681516659619083,0.42614961818042313,-4,54
