background,augsburg_000000_001185.png
split,train
model,result_0989,0.35375985732590964,0.8092088168766582,3,122
model,result_0803,0.28106824814969944,0.7967976954724185,3,217
