background,dresden_000000_000369.png
split,train
model,result_0060,0.8967576287340483,0.6903861637033012,4,327
model,result_0080,0.5917870558619199,0.6319807461982859,-2,145
