background,mannheim_000000_000266.png
split,train
model,result_0046,0.19020272297852936,0.35206455475368853,-4,15
model,result_0389,0.11180189329151213,0.7484014410816244,3,304
model,result_0164,0.5033196822895815,0.6125725327408996,4,202
