background,wurzburg_000000_001360.png
split,train
model,result_0004,0.5417324732268847,0.7972594577130165,2,137
model,result_0931,0.5696479376158414,0.5884974938715548,3,358
