background,wurzburg_000000_001075.png
split,train
model,result_0969,0.4955210411515225,0.615483009736771,3,14
model,result_0793,0.604730510072669,0.5271586728350018,2,238
model,result_0686,0.8861030493583568,0.31834217686774346,3,327
