background,konstanz_000000_000820.png
split,train
model,result_0046,0.017831982338206043,0.25709930900532285,-3,218
model,result_0389,0.2787978706423234,0.983611714181,4,218
model,result_0164,0.9145953287061552,0.4101467242346477,-2,276
