background,augsburg_000000_000966.png
split,train
model,result_0879,0.8195792531763828,0.38689142938954835,-3,177
