background,erlangen_000000_000007.png
split,train
model,result_0024,0.009019976203914148,0.26862825156469483,4,280
model,result_0288,0.7355549292714372,0.7936400857799988,3,265
model,result_0247,0.14220442672803846,0.7843128389970518,2,88
