background,wurzburg_000000_001343.png
split,train
model,result_0602,0.06068806947694305,0.7648078197047694,-4,333
