background,heilbronn_000000_000033.png
split,train
model,result_0632,0.09877602340836589,0.297246628547564,2,294
