background,freiburg_000000_000240.png
split,train
model,result_0477,0.2883119691004905,0.5646242479160052,4,11
model,result_0949,0.4509561550657557,0.9626309936410655,3,302
model,result_0324,0.32472001537681794,0.4605709465815101,-3,194
