background,erlangen_000000_000077.png
split,train
model,result_0632,0.5644024429678056,0.49243731854148315,1,344
