background,oberhausen_000000_000260.png
split,train
model,result_0989,0.322192147916995,0.9259807581557535,-1,78
model,result_0803,0.7932517607040838,0.7357660580043711,3,180
