background,wurzburg_000000_001493.png
split,train
model,result_0328,0.35816738458710773,0.3732937477764904,3,287
