background,konstanz_000000_001114.png
split,train
model,result_0060,0.6594249147359915,0.2519781170601122,4,34
