background,wuppertal_000000_000615.png
split,train
model,result_0004,0.9471495016107783,0.39052472757785506,-2,289
model,result_0931,0.08592685873678818,0.7771805618401618,0,257
model,result_0123,0.502797793579471,0.721133368217454,0,172
