background,heilbronn_000000_000274.png
split,train
model,result_0527,0.8415889463115134,0.36082258440411596,2,21
model,result_0602,0.7519904767938369,0.521682615262771,-4,180
model,result_0024,0.13153577358258506,0.7413407137727541,0,64
