background,jena_000104_000019.png
split,train
model,result_0855,0.3630163327291758,0.3426098394584729,2,313
