background,duisburg_000000_000196.png
split,train
model,result_0024,0.8845202589085001,0.3854290990815965,-2,285
model,result_0288,0.9753591279172869,0.9074237480759054,4,278
model,result_0247,0.46575433560376234,0.9872516507062825,-1,87
