background,bayreuth_000000_000760.png
split,train
model,result_0357,0.7896289345691354,0.7418440498081417,-4,267
model,result_0046,0.7457470524795896,0.5347648367741611,-4,242
