background,nuremberg_000000_000518.png
split,train
model,result_0075,0.3747945242945787,0.9527886828727118,2,354
model,result_0992,0.3451224707626517,0.9801546416977558,1,166
