background,muhlheim-ruhr_000000_000954.png
split,train
model,result_0989,0.7579608491554991,0.4045479709406098,3,215
