background,muhlheim-ruhr_000000_000589.png
split,train
model,result_0080,0.40737259480319865,0.2891625568392847,-3,159
