background,freiburg_000000_000641.png
split,train
model,result_0784,0.49232921756305814,0.8467908819892759,-2,99
model,result_0924,0.9181078760635409,0.4365399404788176,2,249
