background,konstanz_000000_000198.png
split,train
model,result_0022,0.2922598318331592,0.7815861124801295,-3,319
model,result_0061,0.14133807816939337,0.34064189159908254,-4,282
model,result_0606,0.14396934389214155,0.548441351050251,2,3
