background,karlsruhe_000000_000572.png
split,train
model,result_0385,0.7158521420637642,0.519439763096053,-3,182
