background,mannheim_000000_000603.png
split,train
model,result_0694,0.47516421986794166,0.7207142708875479,-2,16
