background,oberhausen_000000_000081.png
split,train
model,result_0075,0.6835342636357429,0.9897041618618059,4,320
model,result_0992,0.853395312752801,0.7034355145113682,2,311
