background,dusseldorf_000144_000019.png
split,train
model,result_0193,0.19418921625933694,0.5832406372003016,0,133
