background,bayreuth_000000_000584.png
split,train
model,result_0082,0.8705978566896626,0.40620084720872385,0,116
model,result_0945,0.6870230754644236,0.28689259060989036,-1,154
