background,wurzburg_000000_000088.png
split,train
model,result_1000,0.293873258253206,0.746237822366256,1,359
model,result_0367,0.5477997020803063,0.6590028599310928,-1,313
