background,erlangen_000000_000258.png
split,train
model,result_0173,0.10677339028787514,0.7071760774669666,-2,330
model,result_0751,0.6304545350910546,0.5002756202498324,0,166
model,result_0678,0.575285595510484,0.7937099852006751,-4,131
