background,dusseldorf_000100_000019.png
split,train
model,result_0499,0.2888894094788971,0.5871883942886233,-2,151
