background,karlsruhe_000000_000687.png
split,train
model,result_0686,0.9472663470223024,0.271392406229969,3,30
model,result_0805,0.4068300902068378,0.3955761260150561,1,351
model,result_0039,0.863054867546093,0.47411075630596206,-4,140
