background,lindau_000043_000019.png
split,train
model,result_0945,0.2045645391855283,0.4752208953982876,-3,225
