background,augsburg_000000_000331.png
split,train
model,result_0080,0.8711963491102056,0.9004328509802735,4,139
model,result_0857,0.4455200162494274,0.8395012508075617,2,317
