background,augsburg_000000_000924.png
split,train
model,result_0527,0.5837709331617,0.4123431065686184,-1,185
