background,bamberg_000000_000218.png
split,train
model,result_0527,0.20088736213119074,0.4939924563150959,2,242
model,result_0602,0.14047951914386192,0.7878198904057271,-1,180
