background,schweinfurt_000000_000497.png
split,train
model,result_0295,0.6498562727027836,0.2722166901226589,3,188
