background,wurzburg_000000_000139.png
split,train
model,result_0562,0.9958823782616402,0.7627050044085665,0,16
model,result_0215,0.38624901022475955,0.38041770160750227,4,224
model,result_0332,0.7345639002298114,0.34648815163364854,-1,24
