background,bayreuth_000000_000513.png
split,train
model,result_0557,0.9167511448450701,0.37646177560700256,2,24
