background,augsburg_000000_001116.png
split,train
model,result_0612,0.3323119917485883,0.6806210718242756,-4,29
model,result_0283,0.5919293384461948,0.2962249778259976,-2,260
