background,karlsruhe_000000_000656.png
split,train
model,result_0367,0.5259183800605811,0.6527127613518808,4,322
