background,krefeld_000000_005252.png
split,train
model,result_0803,0.4186311429872096,0.6597975035497909,-2,31
model,result_0192,0.20411339482696655,0.5400543915058978,-4,153
