background,monchengladbach_000000_020596.png
split,train
model,result_0477,0.41083319777059024,0.6244553676148142,4,345
