background,heilbronn_000000_000501.png
split,train
model,result_0394,0.14029107755302594,0.9164620376599619,1,141
