background,karlsruhe_000000_000330.png
split,train
model,result_0388,0.30453660944626504,0.3243262441634206,-4,337
