background,mannheim_000000_000189.png
split,train
model,result_0022,0.5105536108740232,0.30112007635142213,3,141
model,result_0061,0.5196124133818503,0.7824603974786876,-1,61
