background,karlsruhe_000000_000258.png
split,train
model,result_0163,0.04555741465254837,0.5416630699934007,3,259
model,result_0657,0.31516654356963836,0.7561568568430077,0,298
