background,duisburg_000000_000648.png
split,train
model,result_0862,0.1102371594925935,0.6398482762252528,-4,62
