background,duisburg_000000_000104.png
split,train
model,result_0862,0.8906963325216787,0.48848789721417196,-3,350
model,result_0524,0.511314241469795,0.535959206717543,-2,54
