background,augsburg_000000_001318.png
split,train
model,result_0123,0.8967373717155042,0.4593579045822376,-1,122
model,result_0472,0.10289656049779661,0.27224907111698327,-3,292
model,result_0981,0.8209333117890613,0.36374072219878434,3,0
