background,wurzburg_000000_000430.png
split,train
model,result_0373,0.7489068042489108,0.8845767773580924,1,16
model,result_0191,0.07098452859014637,0.3607171985415206,4,252
model,result_0775,0.9569625060886259,0.38508578887824185,-1,84
