background,augsburg_000000_000696.png
split,train
model,result_0861,0.8487247690530312,0.43961543275574627,0,209
model,result_0882,0.41766327462638486,0.4057318324717982,3,340
