background,stuttgart_000117_000019.png
split,train
model,result_0477,0.12108522883105655,0.49976174855296945,0,119
model,result_0949,0.24250785773443984,0.7412148315050024,0,280
model,result_0324,0.2515073987669758,0.501282309643751,-4,106
