background,nuremberg_000000_000100.png
split,train
model,result_0949,0.14335869246429078,0.737777278715169,-2,254
model,result_0324,0.2665138351544466,0.8186672132959989,-2,79
