background,muhlheim-ruhr_000000_001015.png
split,train
model,result_0739,0.25091929125416934,0.31781385426738035,-1,110
model,result_0960,0.4182474509415458,0.4368631061308673,1,4
