background,bayreuth_000000_000473.png
split,train
model,result_0472,0.7693446417136628,0.4662307506262101,-3,248
model,result_0981,0.7152475159309429,0.9479762465766164,1,324
