background,augsburg_000000_000765.png
split,train
model,result_0319,0.01436068622921205,0.6510381882934043,2,330
