background,muhlheim-ruhr_000000_000720.png
split,train
model,result_0389,0.6974734650143479,0.27740021144525073,3,114
model,result_0164,0.2611679276394736,0.7901872123676803,1,348
model,result_0440,0.8995154583859885,0.8649620077233304,4,357
