background,duisburg_000000_000608.png
split,train
model,result_0051,0.49796125474762065,0.9658150398604437,3,261
