background,schweinfurt_000000_000474.png
split,train
model,result_0678,0.5897507269082861,0.5793667833151344,3,55
