background,karlsruhe_000000_000315.png
split,train
model,result_0931,0.6668516736610417,0.31881970402193816,4,223
model,result_0123,0.13873547228023664,0.7593231019052691,1,63
