background,heidelberg_000000_000093.png
split,train
model,result_0510,0.4929357647338052,0.8768448377957354,-1,48
model,result_0328,0.5714634289244879,0.8835330118483341,3,324
model,result_0879,0.7871979117599976,0.9367404370089867,3,138
