background,schweinfurt_000000_000705.png
split,train
model,result_0979,0.8539791543140557,0.4520078938516281,1,45
model,result_0871,0.7241801042571139,0.7867310831635057,-3,43
