background,nuremberg_000000_000152.png
split,train
model,result_0477,0.6321626096233901,0.38280085716725853,-1,158
model,result_0949,0.44966251345274433,0.5962275342970302,-2,121
model,result_0324,0.930843823076962,0.6447273437255665,4,291
