background,nuremberg_000000_001427.png
split,train
model,result_0866,0.9615529976335044,0.7541639656129371,2,140
model,result_0983,0.19508330344324254,0.3713758509360985,-1,137
