background,augsburg_000000_000208.png
split,train
model,result_0440,0.5452889535880462,0.9640575654905691,-4,339
model,result_0484,0.016436275729465377,0.5897624643715413,-3,171
model,result_0861,0.7968181262859305,0.3668686893118409,2,213
