background,nuremberg_000000_000702.png
split,train
model,result_0795,0.22545787297329956,0.6814069945752982,-3,87
