background,bayreuth_000000_000832.png
split,train
model,result_0163,0.22997221691251002,0.38811179478267155,-2,284
model,result_0657,0.5599444379429287,0.5985268200936635,4,200
