background,bremen_000168_000019.png
split,train
model,result_0924,0.13080364148010903,0.791369600548734,-1,91
