background,wuppertal_000000_000529.png
split,train
model,result_0061,0.004902045267461741,0.6965010744796003,-1,141
model,result_0606,0.5315914721177024,0.3434033580553287,-2,77
