background,schweinfurt_000000_000047.png
split,train
model,result_0127,0.23747847179538017,0.8158197497702409,-3,127
