background,augsburg_000000_000508.png
split,train
model,result_0467,0.31029565905904366,0.6973317974908279,2,51
