background,duisburg_000000_000641.png
split,train
model,result_0173,0.7101859136283748,0.6544946676255216,-2,87
