background,bayreuth_000000_000243.png
split,train
model,result_0606,0.6392569663492308,0.8492994843608707,2,327
model,result_0082,0.8258366885845937,0.28408323205209884,-1,135
model,result_0945,0.5670217679174605,0.26869525731833865,-3,162
