background,bayreuth_000000_000726.png
split,train
model,result_0847,0.02980334134141227,0.2808923120396406,3,120
