background,schweinfurt_000000_000062.png
split,train
model,result_0632,0.9321218680474961,0.27245846429817167,3,303
model,result_0357,0.2864911233244286,0.4366095341767978,2,17
model,result_0046,0.7338213257053825,0.8572627916193016,-4,151
