background,wuppertal_000000_000516.png
split,train
model,result_0751,0.46194848591301785,0.4378417415920465,2,201
model,result_0678,0.24630682427376926,0.5041235047776845,1,360
