background,heidelberg_000000_000671.png
split,train
model,result_0154,0.23462124558614483,0.38395604060094185,-1,216
