background,bayreuth_000000_000825.png
split,train
model,result_0193,0.8520903329755828,0.6295592347078653,-3,296
model,result_0036,0.08485617658046296,0.629490526985858,-1,248
