background,dortmund_000000_000297.png
split,train
model,result_0022,0.7810211303638692,0.9900642684233921,-1,336
