background,karlsruhe_000000_000370.png
split,train
model,result_0385,0.3083732364521845,0.8259041925977297,-2,325
model,result_0991,0.6587559623364503,0.6386246162561573,-1,189
model,result_0373,0.8638077027591949,0.2874919507018914,3,294
