background,schweinfurt_000000_000488.png
split,train
model,result_0127,0.19719499586132705,0.9886291661248701,2,49
model,result_0022,0.51159145532281,0.4788273337825879,4,213
