background,augsburg_000000_000117.png
split,train
model,result_0847,0.026722110812687938,0.7043557541183073,-1,96
model,result_0646,0.5114300687024138,0.4176300499431255,2,86
model,result_0586,0.3759474849577199,0.8678551150593328,-2,255
