background,troisdorf_000000_000093.png
split,train
model,result_0472,0.5132781343640347,0.5725077807829552,-2,13
model,result_0981,0.7583357649687269,0.4224597440447677,1,112
model,result_0527,0.09840369715381947,0.3653519613709501,-1,258
