background,schweinfurt_000000_000298.png
split,train
model,result_0527,0.9622413480198587,0.5386941995667702,4,147
model,result_0602,0.1800254881666724,0.573909103634947,3,45
model,result_0024,0.16166403649649408,0.7748329742691835,-3,10
