background,wurzburg_000000_001455.png
split,train
model,result_0945,0.8393276923755062,0.3467539997717136,4,0
model,result_0612,0.8918033295228337,0.4124831868711156,-4,180
