background,bayreuth_000000_000197.png
split,train
model,result_0046,0.11101045416161404,0.33676586793221847,2,359
model,result_0389,0.29235248167797945,0.6725526985104555,-2,198
model,result_0164,0.5583596554947986,0.3905740062470564,-2,150
