background,oberhausen_000000_000414.png
split,train
model,result_0499,0.26426317669655763,0.2737959948492062,3,96
