background,dusseldorf_000214_000019.png
split,train
model,result_0338,0.9216521065348469,0.9260727509859601,4,186
model,result_0557,0.6757710310948188,0.8740726778235471,-2,196
model,result_0544,0.5685359383418684,0.5912572287003519,3,154
