background,wurzburg_000000_001361.png
split,train
model,result_0173,0.4301753946464635,0.5960361484756767,1,28
model,result_0751,0.3367370056642681,0.6484406389998842,0,355
model,result_0678,0.9243777341268048,0.9844440897894868,-2,227
