background,strasbourg_000000_000065.png
split,train
model,result_0969,0.341260568374964,0.4967182990422392,1,101
model,result_0793,0.5846837365091693,0.38423027235538276,1,50
model,result_0686,0.07895398929662567,0.9563199179340458,2,329
