background,konstanz_000000_000011.png
split,train
model,result_0822,0.9742668633918874,0.5700395645931193,-3,349
