background,bamberg_000000_000322.png
split,train
model,result_0795,0.6062885884880582,0.7904411666075689,1,165
model,result_0388,0.7873250701179139,0.8201211697361027,-3,89
model,result_0499,0.01693970183326332,0.4405557409192904,-2,83
