background,wurzburg_000000_001260.png
split,train
model,result_0266,0.9924881578371257,0.7181276303417131,4,84
model,result_0862,0.22924986672397296,0.2810878521974034,-4,8
