background,heidelberg_000000_000597.png
split,train
model,result_0385,0.651012897882808,0.9104027544135147,4,262
model,result_0991,0.632082270382607,0.3098660581313303,-4,133
