background,heidelberg_000000_000610.png
split,train
model,result_0239,0.7573294913805535,0.7476185013209924,-2,102
model,result_0051,0.8623976413061539,0.3169430192836858,3,224
