background,heidelberg_000000_000401.png
split,train
model,result_0882,0.567370447407575,0.4827448588229277,3,228
