background,heilbronn_000000_000301.png
split,train
model,result_0844,0.8168997031605723,0.6396373593610091,-4,235
model,result_0995,0.9405963762437387,0.6197462896944625,3,307
