background,wuppertal_000000_001058.png
split,train
model,result_0218,0.23699512236196518,0.6588284387651686,2,92
