background,bad-honnef_000000_000032.png
split,train
model,result_0051,0.09463209472550138,0.5988496366278042,-4,339
