background,heidelberg_000000_000710.png
split,train
model,result_0477,0.8798138898082049,0.44908443053347846,2,169
model,result_0949,0.901184408564423,0.3361883456343514,-3,159
