background,saarbrucken_000000_000022.png
split,train
model,result_0039,0.6030164552910545,0.653831458576683,3,60
