background,wurzburg_000000_000985.png
split,train
model,result_0051,0.6535151084120728,0.7962864202897372,4,130
model,result_0739,0.40115844041791526,0.5765640270242941,-4,146
