background,bochum_000000_029203.png
split,train
model,result_0386,0.8743734130007723,0.29781610222594523,0,309
model,result_0979,0.16330066331230675,0.4862447359576744,2,317
model,result_0871,0.32683038099105977,0.7053174448427213,1,345
