background,duisburg_000000_000217.png
split,train
model,result_0945,0.6697165237682675,0.4588284462825588,-2,301
model,result_0612,0.5072838259312044,0.464683691324303,-3,14
