background,dresden_000000_000020.png
split,train
model,result_0542,0.12404566709009113,0.26903296934737286,-4,174
model,result_0674,0.21849034000804712,0.9091022199562578,-4,345
