background,hamburg_000000_037036.png
split,train
model,result_0795,0.2945394886566347,0.2842522443691392,4,295
model,result_0388,0.7415024244577411,0.7056204939204528,-1,102
