background,oberhausen_000000_000701.png
split,train
model,result_0602,0.7369596521685192,0.36121526388620806,3,339
model,result_0024,0.5446798840849987,0.5350939266697075,-1,44
