background,wuppertal_000000_000112.png
split,train
model,result_0678,0.9210717011458779,0.7580711726863455,-1,98
model,result_0784,0.2489318099310146,0.5949412564072807,0,108
