background,oberhausen_000000_000401.png
split,train
model,result_0694,0.6932761477725693,0.2896406339897549,-4,9
model,result_0319,0.5527140249993239,0.7187996349098118,-1,285
model,result_0477,0.9441268006064171,0.5953183514186617,-2,214
