background,aachen_000078_000019.png
split,train
model,result_0803,0.9724362476136369,0.5602227384383589,0,174
