background,muhlheim-ruhr_000000_000575.png
split,train
model,result_0510,0.5074095800673464,0.9745275908107249,1,139
model,result_0328,0.20087256907585194,0.6848893551309616,-4,0
model,result_0879,0.8166268928769322,0.7037077751003213,2,174
