background,augsburg_000000_001126.png
split,train
model,result_0247,0.9270148268754279,0.29406780748216543,2,86
model,result_0239,0.8549385430995279,0.6424627717393149,1,213
