background,heilbronn_000000_000219.png
split,train
model,result_0477,0.8537482276451976,0.7876528491689634,1,309
model,result_0949,0.8453626923542424,0.3621772605594853,0,241
model,result_0324,0.2371819429418458,0.6969502162972565,0,132
