background,saarbrucken_000000_000108.png
split,train
model,result_0373,0.7121752688008343,0.4556764438824368,-3,11
model,result_0191,0.5969916513233684,0.9944487347467996,-3,119
