background,muhlheim-ruhr_000000_000474.png
split,train
model,result_0247,0.9301678496751465,0.4322473558827178,4,344
