background,schweinfurt_000000_000656.png
split,train
model,result_0861,0.5534634669127305,0.6205391957263164,0,244
model,result_0882,0.11857279217266015,0.9963403974733502,0,337
model,result_0467,0.3155739781046457,0.9011897083341959,2,46
