background,mannheim_000000_000279.png
split,train
model,result_0861,0.523708351221794,0.7715280207346046,-2,139
model,result_0882,0.6429792434157886,0.7147025699638625,-4,319
