background,jena_000015_000019.png
split,train
model,result_0163,0.9640455903326333,0.7402319425025039,0,128
model,result_0657,0.7950885294790536,0.5587827559883922,-3,330
