background,strasbourg_000001_043748.png
split,train
model,result_0795,0.5002395504790407,0.5513933366409145,-1,54
model,result_0388,0.03482198300146333,0.5190874639419742,-1,180
