background,oberhausen_000000_000667.png
split,train
model,result_0191,0.24884622176869786,0.9618132631673288,2,239
model,result_0775,0.5479009932563058,0.8292934359796584,-2,111
