background,wurzburg_000000_001348.png
split,train
model,result_0739,0.19251156022083138,0.6605047470608186,4,262
model,result_0960,0.2081566628466952,0.6912335232962522,4,39
model,result_0632,0.47283206922057475,0.3799630206857331,-3,109
