background,bayreuth_000000_000773.png
split,train
model,result_0646,0.5663220415994387,0.5256186245529605,-4,36
model,result_0586,0.020841547332503763,0.8944178428095926,-3,331
model,result_0989,0.5734559776229193,0.3020418208744713,-4,337
