background,mannheim_000000_000134.png
split,train
model,result_0999,0.8111663059728674,0.2714161068508489,-2,344
model,result_0510,0.3155345486229738,0.9389848629664075,-1,243
model,result_0328,0.3281637685356984,0.5355358181623832,4,120
