background,oberhausen_000000_000680.png
split,train
model,result_0499,0.4692445991045773,0.6049301045253479,-3,313
