background,bayreuth_000000_000127.png
split,train
model,result_0793,0.21291067142308162,0.6831163692632243,4,21
