background,wuppertal_000000_000714.png
split,train
model,result_1000,0.8679640231879354,0.2796394994139624,0,167
