background,heilbronn_000000_000322.png
split,train
model,result_0878,0.8093444878458175,0.8121670353101242,3,26
model,result_0004,0.6312059452170463,0.2812670620495579,0,45
model,result_0931,0.07648544616882647,0.30313588308673867,-2,195
