background,bochum_000000_013209.png
split,train
model,result_0199,0.3018368933219009,0.5435193386895084,1,41
