background,nuremberg_000000_001072.png
split,train
model,result_0338,0.5502083461561427,0.3835187335188076,-1,68
