background,konstanz_000000_000368.png
split,train
model,result_0775,0.17989545882509206,0.5184205757647966,-4,337
