background,konstanz_000000_000914.png
split,train
model,result_0154,0.5744886896538589,0.3490888132754492,4,156
model,result_0562,0.302171153840606,0.6176410309131986,3,214
model,result_0215,0.8082102274836116,0.3253688948608528,-3,196
