background,bremen_000160_000019.png
split,train
model,result_0319,0.990423509493755,0.9806690214369744,1,42
model,result_0477,0.6653930609278669,0.4539052047425933,-2,305
model,result_0949,0.8010450409341705,0.7519081854336017,-3,147
