background,muhlheim-ruhr_000000_000179.png
split,train
model,result_0857,0.14036509197693792,0.8487423646204086,1,103
