background,konstanz_000000_000257.png
split,train
model,result_0678,0.3880489960219523,0.7941713082975682,1,16
model,result_0784,0.11552584346407868,0.9746219324148019,-3,326
model,result_0924,0.8782178962588862,0.8668795656856845,0,77
