background,karlsruhe_000000_000735.png
split,train
model,result_0388,0.060428144767329495,0.9833538440017965,-3,54
model,result_0499,0.19834641495136307,0.42642608145170846,-3,76
