background,bamberg_000000_000128.png
split,train
model,result_1000,0.06737874971181901,0.44223927297346066,-4,113
model,result_0367,0.9610829161296762,0.38683870214246463,-1,335
