background,duisburg_000000_000045.png
split,train
model,result_0914,0.47829187155539343,0.2999986691176643,1,156
