background,wurzburg_000000_000993.png
split,train
model,result_0739,0.9414472968807059,0.8689847289471068,1,43
model,result_0960,0.32943335765229265,0.30776501414976126,3,0
