background,schweinfurt_000000_000321.png
split,train
model,result_0960,0.1266580364828217,0.6105297905344742,4,301
model,result_0632,0.952782705073293,0.3657645548835743,3,90
model,result_0357,0.3396515059333056,0.31445544648458745,1,20
