background,wurzburg_000000_001404.png
split,train
model,result_0855,0.037550882204096414,0.5750837217709099,-1,111
model,result_0338,0.9497282710702921,0.9863655567132183,0,49
