background,wurzburg_000000_001355.png
split,train
model,result_0192,0.8295555540469335,0.3463251096080397,2,18
model,result_0218,0.7232629510378036,0.5381481583552891,2,279
model,result_0694,0.6634028153071962,0.5775613562225513,-2,237
