background,schweinfurt_000000_000485.png
split,train
model,result_0960,0.45823432896097926,0.826667703950865,1,275
