background,konstanz_000000_000385.png
split,train
model,result_0082,0.011465526759822264,0.36221194835125636,-4,2
model,result_0945,0.4514456483736681,0.5054419805437633,-1,95
