background,muhlheim-ruhr_000000_000736.png
split,train
model,result_0389,0.4329080318075793,0.6481125893695813,3,92
