background,dortmund_000000_000968.png
split,train
model,result_0022,0.22292440011051584,0.5541645400574664,-1,97
model,result_0061,0.3907741683118314,0.31913756917273284,2,81
model,result_0606,0.2959488613314283,0.5150466851288131,-1,97
