background,nuremberg_000000_001417.png
split,train
model,result_0995,0.43568101480648647,0.9321890231495742,-4,168
model,result_0969,0.18587482867037908,0.6109808169683935,0,310
