background,bamberg_000000_000149.png
split,train
model,result_0992,0.6196602080800485,0.4389417735441561,3,166
