background,muhlheim-ruhr_000000_001005.png
split,train
model,result_0472,0.13364250409957734,0.3761385267538894,-4,70
model,result_0981,0.21337615765752294,0.9757702125840151,-1,350
