background,muhlheim-ruhr_000000_000707.png
split,train
model,result_0949,0.07901702818902223,0.8486833917558209,3,103
model,result_0324,0.6538425376216583,0.6503893328202732,-4,353
