background,saarbrucken_000000_000533.png
split,train
model,result_0467,0.14748622322307503,0.3537194566412676,0,147
