background,augsburg_000000_000198.png
split,train
model,result_0004,0.41718930572852775,0.8933965151376786,0,326
model,result_0931,0.6885847958018205,0.31974028681902567,-1,175
model,result_0123,0.3169731929593963,0.3654227542771352,-4,212
