background,augsburg_000000_001219.png
split,train
model,result_0878,0.7482160378099898,0.545788916521379,-1,193
model,result_0004,0.8297245102361999,0.5041641267057619,4,132
