background,mannheim_000000_000597.png
split,train
model,result_0499,0.33593942433298196,0.6381634619997664,0,32
