background,freiburg_000000_000391.png
split,train
model,result_0674,0.20775992390855236,0.6481513747563907,-3,110
model,result_0146,0.07309562025132621,0.7853481614658602,-2,76
model,result_0295,0.6486686486155738,0.7506343854461333,-3,223
