background,wurzburg_000000_001435.png
split,train
model,result_0388,0.240930579733442,0.5649503603668294,0,206
model,result_0499,0.3027919600191302,0.6497224507934054,-3,2
