background,wurzburg_000000_000907.png
split,train
model,result_0857,0.30062528922846043,0.571240639330113,-3,192
