background,muhlheim-ruhr_000000_000865.png
split,train
model,result_0945,0.9333733552797872,0.4727064219414199,1,269
model,result_0612,0.08678605258982197,0.7972738614912238,2,141
model,result_0283,0.3550991107456333,0.3832477230028017,-4,290
