background,schweinfurt_000000_000206.png
split,train
model,result_0949,0.014988541236818587,0.3848484835710245,1,32
