background,dortmund_000000_000674.png
split,train
model,result_0123,0.18413575087468792,0.7478219385498774,2,159
model,result_0472,0.6240142948711745,0.8155160397430665,-1,27
model,result_0981,0.5742670878586732,0.2757377696741809,1,122
