background,dortmund_000000_000709.png
split,train
model,result_0992,0.39400618742433235,0.50648295592943,4,9
model,result_0394,0.24716523109671817,0.9020269546322665,-1,50
model,result_0163,0.8003067554861942,0.7184712081662561,2,350
