background,bayreuth_000000_000766.png
split,train
model,result_0803,0.758743055224117,0.6480617819040073,-2,40
model,result_0192,0.5180979494006945,0.4738651518430497,-2,202
model,result_0218,0.9305137412931145,0.5483191995136805,3,249
