background,bamberg_000000_000285.png
split,train
model,result_0606,0.7001413510379225,0.7611798815380537,-4,93
