background,oberhausen_000000_000013.png
split,train
model,result_0983,0.7020525684282206,0.6969656383423977,1,31
model,result_0996,0.7615677013169866,0.9159882513647987,1,180
model,result_0266,0.2044464516450223,0.7535465102165679,2,206
