background,wuppertal_000000_000432.png
split,train
model,result_0385,0.7591223626161031,0.6196143129601165,4,234
model,result_0991,0.02179058732541983,0.5163893129028195,-2,306
