background,dortmund_000000_000973.png
split,train
model,result_0389,0.7038250882012054,0.7554842987593547,1,360
model,result_0164,0.22742627058109943,0.798349785153151,1,82
model,result_0440,0.2762025918369454,0.3832869548128913,-2,72
