background,heilbronn_000000_000726.png
split,train
model,result_0945,0.6112118081178453,0.601989859405362,0,255
model,result_0612,0.9843310231072836,0.5585325505294345,1,305
model,result_0283,0.7607766886153082,0.5148131481793123,2,157
