background,augsburg_000000_000429.png
split,train
model,result_0803,0.758099863646405,0.4449936006694842,-3,286
model,result_0192,0.10285180026038565,0.9578776999414618,-3,161
