background,konstanz_000000_001351.png
split,train
model,result_0995,0.5005946307686943,0.8320877966307518,2,354
model,result_0969,0.08733419841122891,0.3804157108613191,3,295
model,result_0793,0.798980850067439,0.7365345716460151,3,48
