background,konstanz_000000_000091.png
split,train
model,result_0266,0.9882973303850356,0.8756207059569893,3,12
model,result_0862,0.5122251937271766,0.40546789957236207,1,180
