background,wurzburg_000000_000387.png
split,train
model,result_0192,0.8256995578826858,0.3599601836368741,-2,167
