background,karlsruhe_000000_000564.png
split,train
model,result_0784,0.8532989903374758,0.9806913243747476,-3,352
