background,wurzburg_000000_000687.png
split,train
model,result_0247,0.7918790335093229,0.9401923298841622,0,43
