background,mannheim_000000_000531.png
split,train
model,result_0562,0.09986820389930218,0.3597842047984472,1,146
