background,schweinfurt_000000_000530.png
split,train
model,result_0562,0.9311552404063673,0.946979773520866,-2,314
model,result_0215,0.05349433394562031,0.9546517406509856,3,40
