background,nuremberg_000000_000587.png
split,train
model,result_0191,0.5911316055294575,0.3956358783776398,2,339
model,result_0775,0.7215678518499593,0.8714621730724328,1,200
