background,saarbrucken_000000_000254.png
split,train
model,result_0193,0.4779563615789062,0.7963444030855596,-2,218
model,result_0036,0.12906154682848003,0.5951444860559245,0,308
