background,wuppertal_000000_000354.png
split,train
model,result_0192,0.9979756979291043,0.3517397626133459,2,273
model,result_0218,0.2692480259643192,0.36118013183018327,0,187
model,result_0694,0.36986239134895593,0.3723907573630202,0,145
