background,heilbronn_000000_000649.png
split,train
model,result_0542,0.9357093497237499,0.6849480995433403,-2,139
model,result_0674,0.6700783008662423,0.5373928397104489,2,86
model,result_0146,0.6492067646250935,0.896272219918527,-4,126
