background,karlsruhe_000000_000746.png
split,train
model,result_0324,0.23127174138703122,0.40134003604959434,-3,357
model,result_0173,0.5285146709005857,0.8361794063533458,-4,241
model,result_0751,0.9152869557960924,0.9154424751707874,1,77
