background,oberhausen_000000_000341.png
split,train
model,result_0288,0.826182665470017,0.46911670729638744,3,38
model,result_0247,0.8038625029979253,0.8209486277093101,2,152
