background,schweinfurt_000000_000683.png
split,train
model,result_0247,0.8777771518292563,0.8172636366180883,-4,277
