background,erlangen_000000_000142.png
split,train
model,result_0527,0.59613912309281,0.9368638398041055,1,66
model,result_0602,0.3226228533956468,0.6972913162017742,4,108
model,result_0024,0.300807757471913,0.942989125544559,0,160
