background,erlangen_000000_000149.png
split,train
model,result_0154,0.6339432073282388,0.8550485291431738,2,30
model,result_0562,0.017426155100614293,0.989477019487021,-1,172
model,result_0215,0.6080728448839068,0.6802514381750037,-2,183
