background,oberhausen_000000_000800.png
split,train
model,result_0389,0.7666211631924581,0.8929314014835222,1,132
model,result_0164,0.6358226350006669,0.8218962805630202,4,172
