background,wuppertal_000000_001000.png
split,train
model,result_0861,0.6202780849202756,0.6194976818324285,0,305
model,result_0882,0.32538645071668915,0.7364223121388527,-2,226
