background,wurzburg_000000_001220.png
split,train
model,result_0847,0.09070168860564842,0.7853748357226968,3,333
model,result_0646,0.271778625868741,0.6696497335171419,-2,341
model,result_0586,0.9160528445422003,0.6625231699220491,1,283
