background,heidelberg_000000_000117.png
split,train
model,result_0239,0.5655071282189582,0.4544274425180074,2,65
