background,troisdorf_000000_000036.png
split,train
model,result_0542,0.3267676546411409,0.8768097658276727,-2,121
