background,dusseldorf_000021_000019.png
split,train
model,result_0995,0.22262076888572624,0.7121197158231064,-4,70
model,result_0969,0.8662468494301268,0.652282796406578,-3,322
