background,konstanz_000000_000665.png
split,train
model,result_0173,0.8779133381256977,0.9520363503659827,-1,299
model,result_0751,0.13266451631499132,0.5297800581905285,2,154
