background,wurzburg_000000_000897.png
split,train
model,result_0218,0.39429002370627775,0.8763908084320147,-2,214
model,result_0694,0.7644859698157035,0.6965274324574005,-2,11
