background,oberhausen_000000_000648.png
split,train
model,result_0879,0.9359274324755128,0.3922577091267908,2,314
model,result_0542,0.8699340741888142,0.7280691879115289,3,125
