background,augsburg_000000_001253.png
split,train
model,result_0191,0.16441400565247521,0.8003832674669479,2,264
