background,konstanz_000000_000802.png
split,train
model,result_0394,0.09117479160418773,0.8179999988524552,4,355
model,result_0163,0.7733280231402304,0.3707602125453944,-4,357
model,result_0657,0.3705530241020538,0.8618696269198824,1,53
