background,mannheim_000000_000017.png
split,train
model,result_0061,0.658114295571338,0.5909547907021834,1,290
model,result_0606,0.9620891775737385,0.551753564734566,3,325
model,result_0082,0.720540779294271,0.8447892461322692,0,272
