background,wurzburg_000000_001152.png
split,train
model,result_0215,0.8915544451591308,0.8074613801441435,-1,360
model,result_0332,0.9824952686197663,0.7571358683050626,3,154
model,result_0385,0.3491748720126715,0.42752160949258977,0,106
