background,dortmund_000000_001009.png
split,train
model,result_0332,0.4916745280438708,0.35125369103975856,-3,2
model,result_0385,0.19303414717681322,0.844458622410588,3,13
model,result_0991,0.708390359595524,0.5504686154219703,-2,350
