background,freiburg_000000_000055.png
split,train
model,result_0857,0.18519443671563107,0.9842486781411851,-4,90
model,result_0795,0.1589479383727188,0.8332068950904452,0,304
model,result_0388,0.5654717305716774,0.2741429098139069,3,313
