background,schweinfurt_000000_000038.png
split,train
model,result_0646,0.17836398468802173,0.9806281558226356,0,340
model,result_0586,0.8655483904380831,0.8155411135390894,1,153
model,result_0989,0.36363634290818314,0.9848193150669426,1,207
