background,wurzburg_000000_000877.png
split,train
model,result_0385,0.7403402011434939,0.8446322317611005,-3,173
model,result_0991,0.5621960143068956,0.7442815967937118,2,133
model,result_0373,0.1987111835498564,0.2791077282059142,-3,182
