background,heilbronn_000000_000024.png
split,train
model,result_0866,0.45402270732793826,0.4181855384231553,-3,23
model,result_0983,0.8472738270135757,0.28311579845123974,4,142
