background,karlsruhe_000000_000724.png
split,train
model,result_0981,0.42359884847585993,0.850660830201588,4,220
