background,mannheim_000000_001048.png
split,train
model,result_0949,0.6109234282340174,0.7843955594912186,0,229
