background,troisdorf_000000_000120.png
split,train
model,result_0524,0.15569665131275068,0.5820003552336062,4,19
