background,wurzburg_000000_000559.png
split,train
model,result_0332,0.5766525422269821,0.6275271856503596,-2,330
model,result_0385,0.34151770647146495,0.4991340526527961,4,68
model,result_0991,0.21130944820098374,0.6901233777718354,-1,236
