background,karlsruhe_000000_000738.png
split,train
model,result_0979,0.5388466125815284,0.9215282621491433,3,338
