background,augsburg_000000_000065.png
split,train
model,result_0328,0.04673581884551026,0.48830945479943355,-3,353
model,result_0879,0.6052124331507878,0.9880140033056674,1,114
model,result_0542,0.9426515978874402,0.5298279345075112,3,283
