background,bayreuth_000000_000622.png
split,train
model,result_0266,0.023403720091785485,0.7079894492281578,3,22
model,result_0862,0.791597994654486,0.9792379115532995,-4,84
model,result_0524,0.7595377832841009,0.984142122757097,-3,109
