background,nuremberg_000000_000593.png
split,train
model,result_0822,0.8823861811651145,0.5256078978943859,2,192
model,result_0855,0.4210444898383465,0.8281095238671295,-4,15
model,result_0338,0.4661395920543169,0.7845882683387058,-4,354
