background,augsburg_000000_000603.png
split,train
model,result_0283,0.8183223275941178,0.9157609022059698,-3,196
model,result_0968,0.3215942244116142,0.6696744216731704,-3,239
model,result_0847,0.8320496313806297,0.9678149463127406,4,205
