background,wurzburg_000000_000833.png
split,train
model,result_0866,0.8790076105321464,0.3164246857443077,0,96
model,result_0983,0.11664048054799159,0.4671765461114674,2,267
