background,heilbronn_000000_000449.png
split,train
model,result_0949,0.30066672370318315,0.7467571956264891,-4,181
model,result_0324,0.13471380121928156,0.5531719430133637,0,343
