background,monchengladbach_000000_000076.png
split,train
model,result_0061,0.38391349996007174,0.532101001767613,-2,205
model,result_0606,0.6774497300519968,0.3542645841181352,4,169
model,result_0082,0.930791726576448,0.501971528332147,-1,266
