background,oberhausen_000000_000695.png
split,train
model,result_0288,0.00711443534463152,0.6508365577209566,-3,5
