background,heidelberg_000000_000148.png
split,train
model,result_0882,0.6273284550822781,0.7404260412621195,-4,167
