background,schweinfurt_000000_000241.png
split,train
model,result_0247,0.5510061657778282,0.6721568555350668,2,183
