background,bremen_000194_000019.png
split,train
model,result_0694,0.3247883473808667,0.9528901239093668,-4,291
model,result_0319,0.8241286181244165,0.44094670518570334,-3,176
model,result_0477,0.7496579083996022,0.856100143748241,-3,262
