background,konstanz_000000_000985.png
split,train
model,result_0968,0.5601526055275068,0.542869634170412,1,15
model,result_0847,0.6955988989415992,0.8099044751046379,-4,95
model,result_0646,0.7316071432944077,0.2880679988500392,-3,3
