background,karlsruhe_000000_000862.png
split,train
model,result_0154,0.3554716436676737,0.7680985449005773,1,62
model,result_0562,0.6724414723837299,0.46465180195089667,1,221
