background,bayreuth_000000_000705.png
split,train
model,result_0879,0.75791589862632,0.8902001021979518,1,315
