background,freiburg_000000_000184.png
split,train
model,result_0983,0.7856163825517997,0.7396934506897463,3,124
model,result_0996,0.0350152523154057,0.6572019624573133,-1,86
model,result_0266,0.3752659981029032,0.34687506835502446,-2,163
