background,schweinfurt_000000_000352.png
split,train
model,result_0499,0.6354223064574306,0.3507640040323976,-1,310
model,result_0844,0.13432630424519076,0.9858579147532543,4,170
