background,wurzburg_000000_000836.png
split,train
model,result_0146,0.9025291693944639,0.5241645568680555,1,60
model,result_0295,0.03497082116711869,0.4483619347035204,2,285
model,result_0127,0.5101466149993391,0.8614981553603067,3,288
