background,heidelberg_000000_000476.png
split,train
model,result_0878,0.6697401531078895,0.41196547373809383,4,288
model,result_0004,0.8654011193582335,0.8553771454416744,-3,193
model,result_0931,0.7736144069130827,0.9911261592808434,1,56
