background,wurzburg_000000_000093.png
split,train
model,result_0945,0.49153926284954164,0.9169325372610472,1,201
model,result_0612,0.7967019158583601,0.9500117382400932,1,214
model,result_0283,0.17132062250121172,0.27430708518686153,-2,38
