background,tubingen_000111_000019.png
split,train
model,result_0357,0.45960748569384924,0.9106632602089458,4,258
model,result_0046,0.06930470952904921,0.6908728981810945,-2,209
