background,oberhausen_000000_000116.png
split,train
model,result_0992,0.7716368457054056,0.6870343655224823,-3,9
model,result_0394,0.2873715098169207,0.2883781509201732,-2,284
