background,nuremberg_000000_000279.png
split,train
model,result_0527,0.706312513858382,0.9184617777924601,-2,319
model,result_0602,0.9885876307115031,0.2941916529607058,-3,225
model,result_0024,0.621038460541782,0.3962873247936482,4,317
