background,augsburg_000000_001169.png
split,train
model,result_0046,0.3590844273097846,0.33565786562148886,-4,39
model,result_0389,0.9130491174551655,0.9728178418192044,-3,147
model,result_0164,0.7337366448747075,0.48883722970301596,-3,169
