background,oberhausen_000000_000674.png
split,train
model,result_0844,0.09770659182415053,0.5904221035687942,4,360
model,result_0995,0.2527040064201229,0.7375041099156443,-4,333
model,result_0969,0.030535434212022428,0.26537496507333125,2,259
