background,bayreuth_000000_000008.png
split,train
model,result_0319,0.07547462490305645,0.2782807774829542,1,111
model,result_0477,0.3993788868101089,0.40580067361087807,3,12
model,result_0949,0.617015763869986,0.9338959950661739,3,235
