background,cologne_000063_000019.png
split,train
model,result_0995,0.26290286448808353,0.746331496614993,4,219
model,result_0969,0.7481442066439284,0.39047222167224827,-1,307
