background,bayreuth_000000_000600.png
split,train
model,result_0991,0.7694216836837233,0.4556301952953049,-1,152
model,result_0373,0.8830905159961687,0.8602018424674418,-2,174
