background,bamberg_000000_000185.png
split,train
model,result_0844,0.23259164403844834,0.32298686636822005,2,294
model,result_0995,0.534988542244522,0.3869890821402515,-3,36
