background,muhlheim-ruhr_000000_000888.png
split,train
model,result_0046,0.5837845666593169,0.5887297018977807,-3,172
model,result_0389,0.3323705878468882,0.4557346326594126,-1,343
model,result_0164,0.6248359058506455,0.9512020667557914,1,197
