background,bayreuth_000000_000516.png
split,train
model,result_0484,0.38351106283397773,0.6309320521087171,-2,1
model,result_0861,0.43032999357748347,0.7237612582957653,3,346
