background,konstanz_000000_000492.png
split,train
model,result_0632,0.22652789390789185,0.8299749864601619,2,346
model,result_0357,0.348707763009628,0.38771993717938474,2,191
model,result_0046,0.2354602841982072,0.8398216249175762,-4,165
