background,aachen_000003_000019.png
split,train
model,result_0602,0.542584202829793,0.5062905249859677,-1,265
