background,heidelberg_000000_000119.png
split,train
model,result_0992,0.24296805259007415,0.8298644423770138,2,263
