background,wurzburg_000000_000824.png
split,train
model,result_0969,0.7173735953136575,0.7679326461366036,2,262
