background,karlsruhe_000000_000736.png
split,train
model,result_0694,0.43376736722959686,0.8585575801314211,0,292
model,result_0319,0.40828495096026707,0.3755265268986194,2,19
