background,wuppertal_000000_000725.png
split,train
model,result_0602,0.6729336271210847,0.4552551200044236,-2,339
model,result_0024,0.972182158120226,0.9982689138749924,1,223
