background,dresden_000000_000198.png
split,train
model,result_0632,0.022518105560772717,0.5102160719204647,-2,305
model,result_0357,0.8786051006234751,0.5990197627536822,1,195
model,result_0046,0.19987614126192432,0.5259434808404673,4,197
