background,wurzburg_000000_000172.png
split,train
model,result_0215,0.39001187610287724,0.49195406839814193,4,60
model,result_0332,0.5935513351220698,0.8345710019006186,2,224
model,result_0385,0.12277348215928763,0.35780585458120917,3,65
