background,muhlheim-ruhr_000000_001128.png
split,train
model,result_0844,0.9881670926695474,0.5277057341376046,-4,91
model,result_0995,0.9129809425405835,0.8333728407001884,3,330
model,result_0969,0.8283906574085413,0.4542281135190784,4,222
