background,muhlheim-ruhr_000000_000206.png
split,train
model,result_0215,0.4935328973565216,0.2681687614039413,-1,107
