background,ulm_000078_000019.png
split,train
model,result_0046,0.18373323629128413,0.7586653650100983,4,200
model,result_0389,0.955878123197938,0.7241389524440962,1,273
