background,bayreuth_000000_000013.png
split,train
model,result_0367,0.3405924338074783,0.3098958177855514,-2,27
