background,muhlheim-ruhr_000000_000320.png
split,train
model,result_0247,0.28475432788584,0.8556066918546812,-4,225
model,result_0239,0.23196728173027958,0.47670935623656685,1,210
model,result_0051,0.15808459472468595,0.652042968238474,-4,31
