background,dortmund_000000_000164.png
split,train
model,result_0324,0.6680215889010415,0.6608776695161784,1,38
model,result_0173,0.23554158801549985,0.5693382451377873,-1,164
model,result_0751,0.6306003168480835,0.5683694572912898,0,326
