background,nuremberg_000000_001058.png
split,train
model,result_0989,0.2884818146120224,0.3814924544395848,3,180
model,result_0803,0.32413155454218756,0.7026870665678,1,188
