background,karlsruhe_000000_000320.png
split,train
model,result_0328,0.8109776934176427,0.456210934438105,3,13
