background,karlsruhe_000000_001123.png
split,train
model,result_0283,0.6877292787531156,0.5030014551874924,2,249
model,result_0968,0.5703600104515676,0.42097869264536936,-3,37
