background,dusseldorf_000054_000019.png
split,train
model,result_0775,0.29301047578952877,0.3385115082455539,4,265
model,result_0075,0.44205702726441665,0.3687931991699057,4,309
