background,bayreuth_000000_000099.png
split,train
model,result_0247,0.33460970956010594,0.3242874050466268,1,17
model,result_0239,0.33579191567147504,0.8619559078771966,1,301
model,result_0051,0.462671075927928,0.32977828140446463,4,242
