background,heidelberg_000000_000011.png
split,train
model,result_0388,0.3075451043586014,0.7317071817274914,0,353
