background,troisdorf_000000_000019.png
split,train
model,result_0524,0.22507173163104843,0.3926032064042245,1,322
model,result_0199,0.5619606967181857,0.6927812067112502,0,331
