background,wuppertal_000000_001065.png
split,train
model,result_0924,0.25226553954197284,0.458558160831279,1,96
