background,duisburg_000000_000554.png
split,train
model,result_0467,0.03331486048189536,0.39696511579672933,-1,344
