background,muhlheim-ruhr_000000_001131.png
split,train
model,result_0080,0.22658015453860758,0.9467659339605816,-4,123
