background,wuppertal_000000_000647.png
split,train
model,result_0694,0.9591730706175826,0.905606044192983,3,83
model,result_0319,0.7397080649973938,0.3910624629461965,-1,14
