background,wurzburg_000000_000173.png
split,train
model,result_0979,0.9667001295961952,0.8790698340725308,-3,306
model,result_0871,0.5836323457640121,0.47830227180368123,-2,206
model,result_0878,0.24397185610414585,0.8348659790826194,2,134
