background,augsburg_000000_000619.png
split,train
model,result_0164,0.9491342940739219,0.2767176080051357,-2,114
