background,heilbronn_000000_000187.png
split,train
model,result_0822,0.45248489739364783,0.6844658618613698,4,232
