background,wurzburg_000000_001445.png
split,train
model,result_0557,0.6441917516309295,0.8791745843770441,0,133
