background,cologne_000112_000019.png
split,train
model,result_0075,0.08223789036196805,0.4530614750428956,2,43
