background,stuttgart_000069_000019.png
split,train
model,result_0992,0.2865938703174201,0.9517234885647672,2,210
model,result_0394,0.11301372437223922,0.8873263193798046,-2,150
