background,karlsruhe_000000_001110.png
split,train
model,result_0882,0.9422664084841573,0.3724398447786242,-3,356
