background,konstanz_000000_000985.png
split,train
model,result_0646,0.2650368204271184,0.6829953086765874,1,347
model,result_0586,0.289381579667251,0.3582587507953615,4,226
model,result_0989,0.2774858542233386,0.648172300379969,0,41
