background,strasbourg_000001_018742.png
split,train
model,result_0373,0.9780839435796207,0.5601208517978407,-3,139
