background,nuremberg_000000_000964.png
split,train
model,result_0036,0.1620666128188467,0.7287480175594591,4,321
model,result_1000,0.3965312352651301,0.6995352433555229,-4,245
model,result_0367,0.5709722269325741,0.3526531538983325,2,347
