background,wurzburg_000000_000263.png
split,train
model,result_0123,0.7961803122411659,0.2817656840140405,-3,106
