background,duisburg_000000_000606.png
split,train
model,result_0004,0.9420553937395102,0.9590883809987537,-2,323
model,result_0931,0.10141697361535718,0.9987891036849647,-2,231
model,result_0123,0.522560731572924,0.9236712686221081,-1,100
