background,muhlheim-ruhr_000000_000175.png
split,train
model,result_1000,0.3024920306007777,0.9158718934151595,1,296
model,result_0367,0.6123762129371054,0.5108419415342186,1,82
