background,karlsruhe_000000_000812.png
split,train
model,result_0191,0.9553098626174803,0.4740748892433073,4,278
