background,wurzburg_000000_000080.png
split,train
model,result_0606,0.1998932240912995,0.9535464488486657,1,54
model,result_0082,0.9736420557548391,0.7748379284196424,-1,89
model,result_0945,0.2183419939756911,0.8162216664038334,2,34
