background,dortmund_000000_000859.png
split,train
model,result_0440,0.600072319624988,0.37493742318664425,4,220
