background,mannheim_000000_000170.png
split,train
model,result_0739,0.5507234087590791,0.6115272009270314,-2,206
