background,muhlheim-ruhr_000000_000010.png
split,train
model,result_0949,0.07389765106081458,0.30483725819182217,0,184
