background,wuppertal_000000_000635.png
split,train
model,result_0803,0.15876662789693963,0.7372296969032087,-2,228
model,result_0192,0.6932069568257517,0.3357712807575829,3,312
