background,muhlheim-ruhr_000000_001093.png
split,train
model,result_0218,0.9561374221232267,0.9366898673343113,3,189
model,result_0694,0.7762657109368644,0.2667662356692564,0,126
model,result_0319,0.19473522474998406,0.509971310831611,1,122
