background,augsburg_000000_000043.png
split,train
model,result_0822,0.4797210035267808,0.49941001780585725,2,7
