background,konstanz_000000_000191.png
split,train
model,result_0803,0.10233124823857731,0.2702410922927396,2,285
model,result_0192,0.018159871908042358,0.4290483844528124,2,152
