background,wurzburg_000000_000073.png
split,train
model,result_0931,0.8032604426797323,0.42422678682861925,4,198
model,result_0123,0.7009471044440496,0.8241306288054671,2,206
