background,bayreuth_000000_000565.png
split,train
model,result_0999,0.27891847873528997,0.2550573053509563,-4,340
model,result_0510,0.06308997134796612,0.4274371399356708,0,232
model,result_0328,0.5962568106483033,0.4774275653942478,3,239
