background,wurzburg_000000_000224.png
split,train
model,result_0968,0.3929889479004587,0.5524915055338504,0,255
model,result_0847,0.15867656043558265,0.8584442675708748,-4,6
model,result_0646,0.4137849263412058,0.4947367636091531,1,115
