background,duisburg_000000_000719.png
split,train
model,result_0319,0.10381306308238403,0.9166715218926393,-1,190
model,result_0477,0.09859888170963582,0.8390469935893544,-4,290
model,result_0949,0.9366741920914619,0.804453715062831,-2,18
