background,freiburg_000000_000405.png
split,train
model,result_0004,0.43326747778592967,0.29234259585176164,-4,118
model,result_0931,0.12230989145935689,0.8446754589993097,-4,106
