background,konstanz_000000_000854.png
split,train
model,result_0386,0.7220783112110751,0.9231568397529757,0,350
