background,oberhausen_000000_000273.png
split,train
model,result_0989,0.744018472191548,0.34112725732103055,2,222
model,result_0803,0.8611791690919705,0.36644491678197655,2,133
