background,dusseldorf_000056_000019.png
split,train
model,result_0981,0.4851013421744842,0.9288602071237216,1,20
model,result_0527,0.17358119796070315,0.7929781007929743,-2,299
model,result_0602,0.4893591957898782,0.898786368274463,3,28
