background,karlsruhe_000000_000494.png
split,train
model,result_0960,0.8026938190246736,0.7636999238563864,0,314
model,result_0632,0.3620685130876933,0.7113352798477189,0,267
model,result_0357,0.6965945436417977,0.7710013686131879,-1,33
