background,konstanz_000000_000292.png
split,train
model,result_0678,0.4854543586435458,0.4318781146829718,3,97
model,result_0784,0.8915214857143693,0.41363595000246123,0,177
model,result_0924,0.05042232106709088,0.3758343428349505,3,214
