background,dortmund_000000_000034.png
split,train
model,result_0164,0.42664875276618885,0.47767149618709837,-2,314
model,result_0440,0.9126032755706508,0.4412761179025153,-3,48
