background,dusseldorf_000168_000019.png
split,train
model,result_0146,0.5081624305832948,0.8064210271896556,-2,47
model,result_0295,0.7635991661630056,0.3777430761845695,-4,176
model,result_0127,0.725247022765243,0.5137659049718077,-1,263
