background,freiburg_000000_000405.png
split,train
model,result_0981,0.5503714542144099,0.35778732590735224,4,118
model,result_0527,0.0935474369762328,0.6911744263930746,-2,144
model,result_0602,0.06071894523239951,0.7705786079130028,3,245
