background,mannheim_000000_000254.png
split,train
model,result_0477,0.6569140798188956,0.4666275527885908,0,291
model,result_0949,0.4017391673673243,0.3691605415929685,4,247
