background,muhlheim-ruhr_000000_000694.png
split,train
model,result_0024,0.3950423849562106,0.8075367334959405,3,106
model,result_0288,0.27499494098147115,0.553636557446124,-1,178
model,result_0247,0.8059999437783882,0.7159328470346004,3,151
