background,mannheim_000000_000327.png
split,train
model,result_0739,0.8309561910377048,0.7659502967105001,-2,175
