background,muhlheim-ruhr_000000_000446.png
split,train
model,result_0524,0.0055950322693202326,0.4240991448282845,-2,238
model,result_0199,0.8565557246595492,0.5826975611765957,0,311
