background,nuremberg_000000_001035.png
split,train
model,result_0075,0.946616111495054,0.27059246992355585,-4,108
model,result_0992,0.4667087514631476,0.6031518207140117,4,35
