background,dresden_000000_000325.png
split,train
model,result_0949,0.19249605831775196,0.5946514769172886,0,262
