background,freiburg_000000_000248.png
split,train
model,result_0191,0.08441733347138669,0.8035387025439804,-4,122
model,result_0775,0.23620397399742776,0.9961642257604888,-2,276
model,result_0075,0.677335075092299,0.8736732536647117,-2,279
