background,wuppertal_000000_000490.png
split,train
model,result_0981,0.7105066990011554,0.6765831967346367,3,139
model,result_0527,0.4887331491179845,0.45948097430400914,2,227
