background,dortmund_000000_000125.png
split,train
model,result_0477,0.9457840005302701,0.6589322626079477,0,124
model,result_0949,0.12845203567353058,0.9619759340940153,1,208
