background,augsburg_000000_000694.png
split,train
model,result_0855,0.23725346219591836,0.6667991478884389,4,306
