background,heidelberg_000000_000607.png
split,train
model,result_0484,0.3971770946039226,0.34942198717351075,-1,156
model,result_0861,0.10846754359824817,0.5181071398591093,2,118
