background,mannheim_000000_000155.png
split,train
model,result_0991,0.08061919636701553,0.5264191430317678,-1,61
model,result_0373,0.45338849438829143,0.9210413379764533,-2,291
