background,karlsruhe_000000_000291.png
split,train
model,result_0914,0.06534885564520276,0.7025879540417121,0,292
model,result_0193,0.9143234482275324,0.8875006563867276,4,195
