background,heilbronn_000000_000030.png
split,train
model,result_0239,0.11283916847198783,0.5725755984637944,4,237
