background,nuremberg_000000_000188.png
split,train
model,result_0173,0.9024327908992902,0.28615692797242775,4,101
model,result_0751,0.3670160275462159,0.8604532618516999,4,280
