background,mannheim_000000_000563.png
split,train
model,result_0510,0.028494219322301118,0.9379257234344995,4,258
model,result_0328,0.8132769878482987,0.978146458158788,0,172
