background,augsburg_000000_001081.png
split,train
model,result_0795,0.7372068827917375,0.40962356881746353,0,321
model,result_0388,0.7665665160824493,0.7595229919746752,-4,57
