background,duisburg_000000_000600.png
split,train
model,result_0557,0.6574830315973397,0.3368729326563963,-1,72
model,result_0544,0.13755394322768588,0.7120612833901026,-3,30
