background,muhlheim-ruhr_000000_000096.png
split,train
model,result_0861,0.9936938189257029,0.3515744343652789,-1,257
model,result_0882,0.12858882020724005,0.8214387047158742,-4,196
