background,erlangen_000000_000130.png
split,train
model,result_0871,0.3042686278293002,0.5098133425766278,-1,9
