background,heilbronn_000000_000717.png
split,train
model,result_0247,0.9466910925317378,0.2523878684893405,3,208
