background,freiburg_000000_000064.png
split,train
model,result_0882,0.40956534607712014,0.42564538252095935,3,297
model,result_0467,0.4871933299465163,0.8226105551228537,-1,50
model,result_0154,0.3581837492913925,0.5269912407369579,1,328
