background,freiburg_000000_000836.png
split,train
model,result_0527,0.36593482251190423,0.564239106077025,-1,293
model,result_0602,0.9968635378823129,0.5403474871139381,-3,320
model,result_0024,0.8442038874599784,0.550467445761572,-4,95
