background,bayreuth_000000_000602.png
split,train
model,result_1000,0.33183533902921836,0.45715894810008123,0,129
model,result_0367,0.9511497723206684,0.4467630354330571,-4,352
