background,dusseldorf_000132_000019.png
split,train
model,result_0367,0.2939227262323154,0.9445423023697348,-4,192
