background,schweinfurt_000000_000108.png
split,train
model,result_0822,0.4969393675714562,0.45543734901292665,2,192
model,result_0855,0.18333074249768966,0.5121428830399646,-1,351
model,result_0338,0.9077058828829889,0.7866947381283855,2,22
