background,oberhausen_000000_000431.png
split,train
model,result_0146,0.24327390321869824,0.6629686114139806,4,149
model,result_0295,0.6519736587868165,0.5466265799371349,-2,183
model,result_0127,0.9606400428748848,0.6183734776707461,2,131
