background,wurzburg_000000_001231.png
split,train
model,result_0657,0.8045431944602404,0.42024508175298914,2,154
model,result_0914,0.20651771827571153,0.434216769380225,1,142
