background,dortmund_000000_000927.png
split,train
model,result_0060,0.5504923740726048,0.5212728166354453,4,10
model,result_0080,0.4023004501449009,0.29285701934632363,0,183
