background,duisburg_000000_000599.png
split,train
model,result_0983,0.32588782232053204,0.6796431176555757,2,98
model,result_0996,0.951657110034539,0.6004430588097639,-1,183
