background,oberhausen_000000_000447.png
split,train
model,result_0288,0.8461262432316674,0.9350026008335972,-4,101
model,result_0247,0.6758290521016914,0.7924508821951436,0,337
