background,bamberg_000000_000438.png
split,train
model,result_0388,0.163582683521728,0.42519799945986525,4,325
model,result_0499,0.8082321539410634,0.8043320938305281,0,272
model,result_0844,0.7699089754475794,0.48539177196260674,-3,124
