background,mannheim_000000_001136.png
split,train
model,result_0981,0.07738496105629178,0.5093503281086935,-3,112
model,result_0527,0.5700148415091288,0.8578279006413178,0,192
model,result_0602,0.006208293844252588,0.5002536451774893,0,37
