background,stuttgart_000108_000019.png
split,train
model,result_0542,0.4323998923459422,0.8523357002984164,-2,339
