background,dresden_000000_000267.png
split,train
model,result_0004,0.851846851317458,0.6859255114605012,3,348
