background,karlsruhe_000000_001025.png
split,train
model,result_0123,0.6066780471164673,0.2577680127159058,3,306
