background,freiburg_000000_000840.png
split,train
model,result_0367,0.3998168208957622,0.7817324792226696,-3,140
model,result_0822,0.9745386463013551,0.3577327407939931,-3,80
