background,bayreuth_000000_000540.png
split,train
model,result_0075,0.49972635558115897,0.2967897157101026,-1,311
model,result_0992,0.7097444292853463,0.5179159585236169,-2,356
