background,karlsruhe_000000_000845.png
split,train
model,result_0847,0.8654809876401895,0.7827009598440353,-4,287
model,result_0646,0.8154485720988847,0.786421225812296,0,146
model,result_0586,0.5274225291871538,0.8369054209435524,-1,46
