background,augsburg_000000_000887.png
split,train
model,result_0524,0.6449368992264066,0.5513834082684763,-3,308
model,result_0199,0.8786818987863962,0.6152813420488048,-1,173
