background,heidelberg_000000_001116.png
split,train
model,result_0602,0.8914165273309499,0.7455351399816412,-4,165
