background,augsburg_000000_000372.png
split,train
model,result_0632,0.2225351361591249,0.915369362641453,-4,112
