background,wuppertal_000000_000551.png
split,train
model,result_0968,0.21968084428554946,0.9079304820678286,-4,292
