background,mannheim_000000_000610.png
split,train
model,result_0164,0.2956922012710568,0.3825760199578789,1,230
model,result_0440,0.17743509292517678,0.5697328582163907,0,183
