background,wurzburg_000000_001369.png
split,train
model,result_0386,0.21466678466503952,0.8756725771804004,-3,291
model,result_0979,0.01942501555669529,0.5933607197554116,3,295
model,result_0871,0.3806278830471107,0.5300279066823512,4,25
