background,schweinfurt_000000_000332.png
split,train
model,result_0215,0.6766092949523584,0.642688019100057,1,247
model,result_0332,0.49825091597957405,0.34965109776219266,0,226
model,result_0385,0.12781056536710078,0.44844998925621626,1,112
