background,zurich_000111_000019.png
split,train
model,result_0328,0.3140521716076077,0.32556056167675,4,84
model,result_0879,0.25140463606688845,0.6088521585054648,2,130
