background,bayreuth_000000_000255.png
split,train
model,result_0324,0.9240499945494418,0.48121566166492713,-2,70
model,result_0173,0.7443856789481542,0.6276468441697736,4,161
model,result_0751,0.9694670444280047,0.6195008569530053,3,315
