background,wurzburg_000000_001460.png
split,train
model,result_0945,0.5680524721677386,0.8372451082224128,-3,236
model,result_0612,0.9005137201477659,0.9958500011652425,-4,222
