background,muhlheim-ruhr_000000_000303.png
split,train
model,result_0979,0.13223703525671915,0.6410811323005956,1,281
model,result_0871,0.9821244413404149,0.9799017763917942,-1,354
