background,karlsruhe_000000_000384.png
split,train
model,result_0981,0.5393681178908432,0.27011995135031885,-4,248
