background,karlsruhe_000000_000108.png
split,train
model,result_0861,0.626689790032024,0.3861691148160573,1,93
