background,konigswinter_000000_000027.png
split,train
model,result_0931,0.030365319640752952,0.7976194462253832,-4,90
model,result_0123,0.18066782589644126,0.43296227987298813,2,347
model,result_0472,0.9806178445265813,0.8092703181395634,2,94
