background,augsburg_000000_001436.png
split,train
model,result_0247,0.986415127518798,0.6513318314767043,1,37
