background,wurzburg_000000_001362.png
split,train
model,result_0191,0.21637677874188632,0.8016486667035798,3,202
model,result_0775,0.37753239260255356,0.5473937123448309,1,203
