background,schweinfurt_000000_000004.png
split,train
model,result_0602,0.8423862643529448,0.2940078010156281,2,83
model,result_0024,0.7024709643759479,0.9228153647361736,0,175
model,result_0288,0.5709702827727343,0.8238674127725054,-3,237
