background,bayreuth_000000_000430.png
split,train
model,result_0295,0.24131461615755379,0.9949992365430446,-3,286
model,result_0127,0.863683459603583,0.9732852266715699,-2,16
