background,heidelberg_000000_000601.png
split,train
model,result_0051,0.3651592939490186,0.6239043684658648,0,105
