background,karlsruhe_000000_000006.png
split,train
model,result_0960,0.3825326332110175,0.887325149838988,-1,50
model,result_0632,0.5476325796710447,0.9333394458309847,2,336
model,result_0357,0.5034690890392834,0.2961220489829319,2,346
