background,karlsruhe_000000_000805.png
split,train
model,result_0979,0.21168418149083668,0.34217326090200956,-3,252
