background,schweinfurt_000000_000497.png
split,train
model,result_0332,0.07957487197630875,0.6335119604143997,3,41
