background,wurzburg_000000_001118.png
split,train
model,result_0266,0.8547323040751859,0.7371303794138112,-2,226
model,result_0862,0.9114627305894597,0.5815185693375198,-4,144
