background,tubingen_000091_000019.png
split,train
model,result_0981,0.03076747822276349,0.978159763024451,1,51
model,result_0527,0.7333035168820641,0.9884306104774797,-3,212
model,result_0602,0.8835370640465905,0.8215706332446264,-1,248
