background,oberhausen_000000_000693.png
split,train
model,result_0266,0.5945661225184221,0.36281691218340584,3,31
