background,bayreuth_000000_000224.png
split,train
model,result_0239,0.2680126446681821,0.5349499658443193,-1,323
model,result_0051,0.16805749053522145,0.6411606557638361,-1,263
model,result_0739,0.6340521473509934,0.9639700449112676,1,96
