background,schweinfurt_000000_000293.png
split,train
model,result_0991,0.0013468941036391957,0.7527292686221037,4,21
model,result_0373,0.7383263625382964,0.6378088910076616,2,101
model,result_0191,0.7200493765149938,0.484442533484444,-4,47
