background,bayreuth_000000_000442.png
split,train
model,result_0477,0.6552867634607492,0.8553108762750599,-3,192
model,result_0949,0.3110700143180345,0.34846641558810176,-1,157
