background,lindau_000056_000019.png
split,train
model,result_0586,0.6673952818272435,0.9828209759447828,-4,286
model,result_0989,0.446706752935205,0.791072857021264,-2,208
model,result_0803,0.7356136129503175,0.2534555903952699,0,17
