background,karlsruhe_000000_000360.png
split,train
model,result_0022,0.4392454649566315,0.9308744205749866,1,348
