background,konstanz_000000_001121.png
split,train
model,result_0127,0.05368392177888903,0.7804690847119083,-4,72
model,result_0022,0.5821918780242177,0.7172278116050614,1,19
model,result_0061,0.08168674387653574,0.2597371063927788,-2,46
