background,mannheim_000000_000766.png
split,train
model,result_0324,0.05620255933603957,0.9688121816125064,-3,5
model,result_0173,0.9236753481945229,0.48747697262461365,1,9
model,result_0751,0.10448292086199462,0.4440448566648427,3,223
