background,munster_000100_000019.png
split,train
model,result_0324,0.3356113243970489,0.5768149723828612,-2,331
