background,augsburg_000000_000690.png
split,train
model,result_0586,0.18544243397932225,0.9487527145038316,2,0
model,result_0989,0.5856283461347405,0.6818989256906447,3,288
