background,saarbrucken_000000_000253.png
split,train
model,result_0193,0.7561373969579792,0.501020002449178,-2,353
model,result_0036,0.29608290056578457,0.9399890814201232,2,153
