background,wurzburg_000000_000161.png
split,train
model,result_0051,0.35079773485062216,0.47035793511519347,4,350
model,result_0739,0.15689820016980838,0.4369202366987833,3,127
model,result_0960,0.794904076186298,0.9264937945780314,2,294
