background,frankfurt_000000_013382.png
split,train
model,result_0467,0.7145476685427045,0.5385665677977401,-4,1
