background,bremen_000156_000019.png
split,train
model,result_0046,0.146793988188184,0.2861305012047044,4,263
model,result_0389,0.7916701401213838,0.6592897171232069,2,179
