background,karlsruhe_000000_000660.png
split,train
model,result_0632,0.1545248149514482,0.7804282312826316,-1,306
