background,schweinfurt_000000_000590.png
split,train
model,result_0082,0.045552345975315434,0.819982130774068,-1,226
