background,duisburg_000000_000433.png
split,train
model,result_0694,0.15550091817777,0.8194139845373403,2,51
