background,dusseldorf_000096_000019.png
split,train
model,result_0004,0.14629479867330797,0.7891206548323628,0,253
model,result_0931,0.3817800773457871,0.9876580345213841,-1,174
model,result_0123,0.6663178192963326,0.680088488901228,1,224
