background,mannheim_000000_000000.png
split,train
model,result_0557,0.9792962762192393,0.869211860980879,-3,293
model,result_0544,0.04064804253150167,0.5274966669132223,1,63
model,result_0999,0.25737070631366976,0.7008298399013637,0,354
