background,freiburg_000000_000580.png
split,train
model,result_0983,0.01896163254046712,0.2779685451419498,-4,322
model,result_0996,0.25693190847401937,0.6478719852682359,-3,321
