background,heilbronn_000000_000621.png
split,train
model,result_0389,0.9109944046406291,0.6606443933994132,2,305
model,result_0164,0.21457815026296645,0.42308422149000446,2,289
