background,wurzburg_000000_001283.png
split,train
model,result_0510,0.3815156300177297,0.30842038452453,-3,111
model,result_0328,0.2014954348315693,0.4510867713831842,-2,229
