background,oberhausen_000000_000062.png
split,train
model,result_0510,0.7542544993838213,0.4569621505098831,-4,294
