background,frankfurt_000001_049298.png
split,train
model,result_0477,0.12819848338328843,0.441473571642077,3,350
model,result_0949,0.8487334502030858,0.8941013577948759,-2,209
