background,konstanz_000000_000439.png
split,train
model,result_0060,0.32843138700235075,0.8239912626361597,-1,233
model,result_0080,0.5297086337572638,0.5167151579070981,-2,41
model,result_0857,0.913125281186039,0.5173114390756195,-4,84
