background,augsburg_000000_000320.png
split,train
model,result_0191,0.9616566159119468,0.8661602605965905,-1,217
model,result_0775,0.3873845154519495,0.914458083916084,-2,291
model,result_0075,0.21177337600043822,0.4014767401172181,-1,348
