background,heidelberg_000000_000214.png
split,train
model,result_0945,0.8934702253207063,0.35464997098361595,-3,237
model,result_0612,0.0491328531219255,0.47976342834541663,2,341
model,result_0283,0.4861580719132329,0.7526119629946831,1,337
