background,wurzburg_000000_001616.png
split,train
model,result_0983,0.7366962392803382,0.5735879235430489,0,112
