background,karlsruhe_000000_000827.png
split,train
model,result_0862,0.47545493133894234,0.6818683377256245,1,317
model,result_0524,0.6226766493226968,0.27896914945810586,-3,323
model,result_0199,0.8159592423929659,0.2873800869715588,1,32
