background,duisburg_000000_000618.png
split,train
model,result_0996,0.2728645519416576,0.4297034219562124,3,122
model,result_0266,0.22928850176960225,0.5499423341282224,1,284
