background,freiburg_000000_000478.png
split,train
model,result_0949,0.270649352350129,0.7476658709451115,-1,82
model,result_0324,0.8220482021291385,0.3882711538358724,0,37
