background,wurzburg_000000_000982.png
split,train
model,result_0510,0.8437737964186977,0.9941528453177768,-2,300
model,result_0328,0.3349766136035728,0.9181962677904468,3,20
