background,duisburg_000000_000225.png
split,train
model,result_0981,0.6722392102899059,0.5823675949886141,1,99
model,result_0527,0.5903302463922345,0.7646754380862801,2,252
