background,mannheim_000000_000526.png
split,train
model,result_0386,0.9113735988737001,0.5792487122863702,0,173
model,result_0979,0.7647388016561443,0.43313163406135735,-2,12
