background,konstanz_000000_000761.png
split,train
model,result_0039,0.03568025288403298,0.7505257935533591,-4,264
model,result_0386,0.07594353552498612,0.8376962344892043,2,319
