background,tubingen_000020_000019.png
split,train
model,result_0022,0.4374162674670091,0.5604118597542922,2,119
model,result_0061,0.8986709168428889,0.9900639293987721,-3,247
