background,dortmund_000000_000919.png
split,train
model,result_0991,0.36865636188281015,0.3129053987065577,0,164
model,result_0373,0.5750944776902244,0.7028133525205064,-2,89
model,result_0191,0.45240193323507716,0.7350416858039641,-4,272
