background,duisburg_000000_000464.png
split,train
model,result_0544,0.2479672468195504,0.48388758430339474,-4,246
model,result_0999,0.009618932871237829,0.3270089265376763,0,249
