background,heilbronn_000000_000381.png
split,train
model,result_0983,0.9835781546995372,0.5972256096096384,-4,334
model,result_0996,0.8895571011974582,0.5560875146807626,1,15
