background,bamberg_000000_000325.png
split,train
model,result_0385,0.8912702519125386,0.3861020783644334,-2,222
