background,konstanz_000000_001310.png
split,train
model,result_0127,0.9158456682646698,0.44672663288239867,-3,212
model,result_0022,0.1024469353092251,0.7647026380439629,-4,207
