background,muhlheim-ruhr_000000_000074.png
split,train
model,result_0999,0.461450818142112,0.6493060210948942,2,185
model,result_0510,0.7846634188324935,0.34909698047527415,-1,293
model,result_0328,0.6348724828818959,0.2821451710077093,-2,181
