background,konstanz_000000_001028.png
split,train
model,result_0914,0.22851885077783252,0.9253233974957044,3,41
model,result_0193,0.06293143401975365,0.6212781663866433,3,88
model,result_0036,0.3974217566588981,0.9740220567077044,-3,226
