background,bayreuth_000000_000453.png
split,train
model,result_0686,0.9377394830957878,0.3551154790508052,0,319
model,result_0805,0.943761153444505,0.48558585618053374,-4,287
model,result_0039,0.2714517429750586,0.7240969474658401,-2,57
