background,heilbronn_000000_000510.png
split,train
model,result_0385,0.04318154205193048,0.8344027866120924,4,23
model,result_0991,0.40789017675264316,0.9656784459873454,0,131
model,result_0373,0.8280115473678087,0.40132313299326416,-4,167
