background,wurzburg_000000_001448.png
split,train
model,result_0562,0.0779863888668263,0.3847605633878969,1,295
model,result_0215,0.6587725799119901,0.8112931352047075,1,59
