background,freiburg_000000_000686.png
split,train
model,result_0080,0.29371680725985605,0.47841778521394757,1,248
model,result_0857,0.4483702939750981,0.4502653783038451,0,177
model,result_0795,0.052057780453956815,0.922759322538487,3,180
