background,heidelberg_000000_000935.png
split,train
model,result_0996,0.9166591852124969,0.7607362634618327,0,215
