background,freiburg_000000_000033.png
split,train
model,result_0080,0.025010834520662106,0.5584759137051942,1,199
model,result_0857,0.21977282245639074,0.8353475013916397,0,359
model,result_0795,0.11485521761547979,0.5596712706282492,-4,282
