background,stuttgart_000058_000019.png
split,train
model,result_0247,0.7440040012090817,0.26608001988993735,-4,17
