background,wurzburg_000000_001436.png
split,train
model,result_0373,0.4651140080192371,0.41741858599237586,4,196
model,result_0191,0.3037504099822882,0.54165379244891,1,42
model,result_0775,0.8213512585672615,0.3435974487802236,-3,73
