background,augsburg_000000_000689.png
split,train
model,result_0004,0.7408053264942344,0.824485162164551,4,345
model,result_0931,0.6903090862781938,0.28489053787354535,-3,116
model,result_0123,0.3904183687462903,0.418758571437556,3,327
