background,erfurt_000021_000019.png
split,train
model,result_0866,0.5287478429860701,0.25317880317765307,4,357
model,result_0983,0.9278353811466583,0.5900773505168331,2,336
model,result_0996,0.43744783736705917,0.4902063743499012,0,340
