background,wurzburg_000000_000379.png
split,train
model,result_0484,0.3143090473673882,0.7597095550089331,-3,178
model,result_0861,0.02411214792448113,0.7700432595142312,-4,123
