background,karlsruhe_000000_000712.png
split,train
model,result_0822,0.2700278065853753,0.58346004695421,4,284
