background,muhlheim-ruhr_000000_000395.png
split,train
model,result_0822,0.8959113296046173,0.9328989977635873,0,358
model,result_0855,0.2504843187679011,0.7553190415795908,-3,136
model,result_0338,0.44807810419626193,0.8507828170245011,-1,202
