background,bamberg_000000_000318.png
split,train
model,result_0995,0.4897337158904833,0.711852156383197,-2,276
