background,schweinfurt_000000_000591.png
split,train
model,result_0283,0.843866264177392,0.8602655093260267,-2,317
model,result_0968,0.7291433744196684,0.43676306500368034,3,346
