background,bayreuth_000000_000767.png
split,train
model,result_0477,0.5908439086247179,0.6747865948333653,2,53
