background,konstanz_000000_000015.png
split,train
model,result_0173,0.3933948015853883,0.7274961833568636,0,104
model,result_0751,0.05093202787621076,0.35402515225239495,3,75
model,result_0678,0.8902359558968155,0.5471656689562858,4,32
