background,wurzburg_000000_001053.png
split,train
model,result_0510,0.23797454665525974,0.867466463385409,-1,156
model,result_0328,0.1953097767936327,0.887991633497752,1,302
model,result_0879,0.6853520461541017,0.3050848392281167,-2,333
