background,konstanz_000000_001517.png
split,train
model,result_0191,0.5668141795409068,0.6407787294769919,-1,36
model,result_0775,0.6507568384850572,0.521397770515052,3,330
model,result_0075,0.6517493826313215,0.9865696279262869,-2,178
