background,stuttgart_000038_000019.png
split,train
model,result_0981,0.88791752711635,0.8537104198161465,3,199
model,result_0527,0.396689850404925,0.8592191433507725,-2,305
model,result_0602,0.8187433153450134,0.5963755892189062,-4,56
