background,wurzburg_000000_001445.png
split,train
model,result_0861,0.3018124953535114,0.7946834297259152,-2,327
model,result_0882,0.43307791205702684,0.9693873520834126,-2,312
