background,karlsruhe_000000_000610.png
split,train
model,result_0164,0.47820316514600536,0.2829954712113393,1,85
model,result_0440,0.1849561052344807,0.45925411545935046,-4,215
