background,augsburg_000000_000400.png
split,train
model,result_0472,0.8936882104972325,0.9087252379215822,-3,37
model,result_0981,0.402514706957266,0.4921706092945739,-2,257
