background,wuppertal_000000_000567.png
split,train
model,result_0524,0.7884936136473097,0.5485450148151534,4,92
model,result_0199,0.07366210885238911,0.3086738743144912,2,302
