background,dortmund_000000_001003.png
split,train
model,result_0484,0.7636447316538038,0.27399772007945833,-1,190
model,result_0861,0.8753216531920868,0.45806960034884037,2,324
model,result_0882,0.8477340802999831,0.41863001463804794,3,127
