background,nuremberg_000000_000221.png
split,train
model,result_0146,0.7402572260781048,0.3973180168030017,1,159
model,result_0295,0.7036577743918262,0.4761085344002771,2,316
