background,heidelberg_000000_000097.png
split,train
model,result_0855,0.9844056255256501,0.42361385274887087,2,247
model,result_0338,0.08001285477666342,0.7317086341946504,-2,65
