background,konstanz_000000_000270.png
split,train
model,result_0467,0.7562480259109516,0.8779112542288173,1,337
model,result_0154,0.5335387395732104,0.7991037818489051,-4,201
model,result_0562,0.2528259633650052,0.3876958834965888,4,10
