background,heilbronn_000000_000552.png
split,train
model,result_0283,0.8226094061470834,0.87759967991993,1,119
model,result_0968,0.4820102978336843,0.7982450835621941,-1,6
