background,munster_000109_000019.png
split,train
model,result_0844,0.41719198847264616,0.8923359152575709,-2,144
model,result_0995,0.3497725358727657,0.40385409623024116,-1,69
model,result_0969,0.8611095290378779,0.5279190247878787,-1,360
