background,konstanz_000000_000423.png
split,train
model,result_0542,0.3043222088831111,0.7377112256131182,-3,226
