background,wuppertal_000000_000343.png
split,train
model,result_0510,0.2131688590052938,0.32454169920389264,4,150
