background,dusseldorf_000212_000019.png
split,train
model,result_0805,0.7932902222953384,0.32632106580306297,2,263
model,result_0039,0.8479305188757245,0.31895450657370783,-4,214
model,result_0386,0.6470777875518943,0.46619447457917745,-1,47
