background,augsburg_000000_000254.png
split,train
model,result_0945,0.8234164946816925,0.804896567786421,2,192
