background,karlsruhe_000000_000495.png
split,train
model,result_0467,0.13676611846428988,0.2807859819080079,-2,58
model,result_0154,0.4616420375215041,0.7185954696035001,2,303
