background,karlsruhe_000000_000488.png
split,train
model,result_0004,0.7012057297530122,0.5292026516706023,-2,31
