background,konstanz_000000_001276.png
split,train
model,result_0080,0.16069351714995583,0.9532196765364082,2,84
