background,dortmund_000000_001010.png
split,train
model,result_0215,0.03831608142520493,0.26429107152063347,3,332
