background,konstanz_000000_000779.png
split,train
model,result_0862,0.6237971000497137,0.6195369538882002,-4,263
