background,augsburg_000000_000892.png
split,train
model,result_0996,0.19272192903260776,0.5470619745979638,0,346
model,result_0266,0.2917217370734828,0.5644895084655775,1,222
model,result_0862,0.6019972734916037,0.5322307036399879,-2,321
