background,freiburg_000000_000607.png
split,train
model,result_0510,0.3523100967242879,0.9681256342868079,-1,152
model,result_0328,0.6317198522776358,0.9209272994426827,0,332
model,result_0879,0.07147180797520447,0.715029758520594,-4,341
