background,oberhausen_000000_000731.png
split,train
model,result_0332,0.10629866613985861,0.9818504457884488,-4,10
model,result_0385,0.9311092161135301,0.9157248111953082,-4,80
model,result_0991,0.6788509103812373,0.3863121577661245,-2,194
