background,schweinfurt_000000_000141.png
split,train
model,result_0388,0.6110706979517166,0.31844093544016094,0,139
model,result_0499,0.22096200335836658,0.6081940960925138,-1,45
