background,bayreuth_000000_000237.png
split,train
model,result_0239,0.004478786075359453,0.5425846154693359,3,123
