background,heidelberg_000000_001180.png
split,train
model,result_0862,0.7321582539101357,0.3076354555303155,-2,174
model,result_0524,0.8087456122454817,0.9235363934048066,2,209
