background,bochum_000000_032169.png
split,train
model,result_0440,0.5317543552280338,0.49002120889119116,1,276
model,result_0484,0.8292051402230721,0.5648071973363794,2,52
model,result_0861,0.06958089073686835,0.8634073454794303,2,210
