background,wurzburg_000000_000720.png
split,train
model,result_0992,0.922133654179591,0.40500526771423156,3,229
model,result_0394,0.5506691668587567,0.7650663305153279,3,351
model,result_0163,0.7926403100493845,0.7714479388022399,3,203
