background,konigswinter_000000_000104.png
split,train
model,result_0862,0.8939809592106992,0.5288359001984435,4,254
model,result_0524,0.8747375960906352,0.6306831736642884,1,92
model,result_0199,0.6819472951925597,0.8380936889656049,-4,328
