background,wurzburg_000000_001460.png
split,train
model,result_0080,0.9767655245794717,0.6364711601260453,-4,283
model,result_0857,0.9691113188714233,0.7302608701427772,1,195
model,result_0795,0.40015231467858137,0.43904116653165653,2,283
