background,schweinfurt_000000_000521.png
split,train
model,result_0288,0.8209683706973668,0.25087279174713534,-4,324
model,result_0247,0.6165928546779762,0.9693792940231578,-3,89
