background,muhlheim-ruhr_000000_000919.png
split,train
model,result_0612,0.9938824083156668,0.9710960821064021,-1,256
