background,saarbrucken_000000_000486.png
split,train
model,result_0878,0.6526298794310867,0.410747600562604,-2,203
model,result_0004,0.7569662821371864,0.8859576805999139,-1,251
