background,saarbrucken_000000_000134.png
split,train
model,result_0857,0.07360304301044096,0.6685296795330824,-3,302
