background,nuremberg_000000_000770.png
split,train
model,result_0467,0.451367214965226,0.27173596170226016,0,168
model,result_0154,0.3192553909470912,0.2515668764120983,2,241
