background,bremen_000183_000019.png
split,train
model,result_0996,0.8530455010561311,0.46928081247180364,-4,93
model,result_0266,0.8715719083266033,0.71323964013695,1,235
model,result_0862,0.9150740781747811,0.5640678585402321,-3,176
