background,karlsruhe_000000_000658.png
split,train
model,result_0861,0.0686785191051843,0.7375810565981128,0,40
model,result_0882,0.3094370975556081,0.4827443298409859,-3,131
model,result_0467,0.11599409375130376,0.9471689119340045,0,88
