background,bayreuth_000000_000333.png
split,train
model,result_0996,0.6494406857674945,0.7025265093972115,0,67
model,result_0266,0.7659505967126274,0.8060602864863072,3,175
model,result_0862,0.27850407680057565,0.9412077401548732,-4,280
