background,schweinfurt_000000_000707.png
split,train
model,result_0989,0.08410879025625406,0.4309238854811933,-2,41
model,result_0803,0.4935325859251575,0.3855049047546958,0,313
