background,wurzburg_000000_000964.png
split,train
model,result_0127,0.3049213024581382,0.5396532891352464,0,147
