background,nuremberg_000000_000190.png
split,train
model,result_0996,0.6675873206048787,0.9623389112645322,-2,143
