background,heidelberg_000000_000956.png
split,train
model,result_0996,0.6714970185678436,0.9211302553798288,0,23
model,result_0266,0.7701729724495829,0.5383892728924484,-3,202
