background,dortmund_000000_000819.png
split,train
model,result_0995,0.258949290868455,0.30608322542121624,0,219
