background,muhlheim-ruhr_000000_000030.png
split,train
model,result_0945,0.22879099237392164,0.35944206626166675,0,38
