background,schweinfurt_000000_000151.png
split,train
model,result_0510,0.7462779331692398,0.7860169157096839,-4,28
model,result_0328,0.48744809835649894,0.25393819540448864,-1,213
