background,konstanz_000000_000329.png
split,train
model,result_0862,0.27094649680761806,0.39079427118322185,-2,253
model,result_0524,0.129706178046478,0.98874365917252,-1,322
