background,konstanz_000000_001094.png
split,train
model,result_0612,0.7265752591663276,0.4443967439654073,3,166
