background,saarbrucken_000000_000194.png
split,train
model,result_0295,0.03640651702453246,0.29277524230524743,4,194
model,result_0127,0.7167002787195084,0.874217936639833,3,177
model,result_0022,0.24556852996975564,0.5927832732870157,-1,172
