background,mannheim_000000_000005.png
split,train
model,result_0389,0.17362179557324098,0.8471384155565499,0,354
model,result_0164,0.7223793143250975,0.5212003545703381,1,128
model,result_0440,0.9605158472352784,0.8389511846964204,4,320
