background,dresden_000000_000222.png
split,train
model,result_0678,0.3398354184652572,0.3385843449559448,-4,309
