background,konstanz_000000_000252.png
split,train
model,result_0586,0.25386951840404914,0.3908343871054343,0,129
model,result_0989,0.638595956031806,0.30535709465393657,3,223
