background,oberhausen_000000_000310.png
split,train
model,result_0324,0.9181992319755079,0.8705649828438167,2,35
model,result_0173,0.28864469198908205,0.5109950928352427,-4,190
model,result_0751,0.20194085498936953,0.7642784833119113,-1,51
