background,nuremberg_000000_000378.png
split,train
model,result_0319,0.8326070299654987,0.4291152907655571,3,88
model,result_0477,0.3981852621933101,0.33587850348347004,3,33
model,result_0949,0.12383864397097488,0.946976066483845,3,103
