background,bayreuth_000000_000634.png
split,train
model,result_0882,0.5669011730489453,0.5689107355195722,2,139
