background,karlsruhe_000000_001015.png
split,train
model,result_0914,0.6297594107158218,0.25921015059137253,-2,101
model,result_0193,0.15314418086579273,0.8866964708287738,-2,43
model,result_0036,0.696814872557669,0.8992993144519945,1,167
