background,erlangen_000000_000144.png
split,train
model,result_0319,0.9015132182854702,0.5234544165589617,4,45
model,result_0477,0.42280259778991636,0.39455100180037495,2,249
