background,heilbronn_000000_000037.png
split,train
model,result_0385,0.46553807903710875,0.677811334069987,-4,235
model,result_0991,0.4316526432338653,0.48226444170200145,-3,206
