background,freiburg_000000_000328.png
split,train
model,result_0861,0.36234622755433954,0.9276238306602309,-3,118
model,result_0882,0.1792296523469854,0.3755428001078109,-4,57
model,result_0467,0.7185655882356837,0.6853426771777062,-1,95
