background,heilbronn_000000_000078.png
split,train
model,result_0793,0.885849728306085,0.8160882071668795,4,232
model,result_0686,0.989000103721413,0.8886399611989456,-3,155
