background,konstanz_000000_000269.png
split,train
model,result_0542,0.6290796472544702,0.875748639727365,0,96
model,result_0674,0.46583092075776866,0.900211139653902,1,182
