background,bremen_000160_000019.png
split,train
model,result_0678,0.43283456430778244,0.8542519585026963,-1,305
model,result_0784,0.44247474868227854,0.8702648149323239,4,176
