background,heidelberg_000000_000445.png
split,train
model,result_0822,0.7130328116706762,0.3388320176398112,-4,39
