background,bayreuth_000000_000386.png
split,train
model,result_0544,0.46228399832912537,0.5004458404076575,1,80
