background,mannheim_000000_001179.png
split,train
model,result_0995,0.12277414948935939,0.47076282297313055,-4,157
model,result_0969,0.7117960896554718,0.468577272298632,-3,300
