background,duisburg_000000_000750.png
split,train
model,result_0983,0.8289997778981172,0.9814037764704192,4,108
model,result_0996,0.9529760202099047,0.37130620386201724,0,351
model,result_0266,0.15898061039975508,0.8057093403028027,-4,29
