background,muhlheim-ruhr_000000_000315.png
split,train
model,result_0983,0.3288755766636182,0.5824893491992692,1,128
model,result_0996,0.19350873824961368,0.672203489300308,0,67
