background,duisburg_000000_000455.png
split,train
model,result_0861,0.15887521100023416,0.652471668564751,-3,120
