background,duisburg_000000_000210.png
split,train
model,result_0914,0.48836300199634963,0.8720390756880152,-2,272
model,result_0193,0.24425220485396482,0.8620428077232717,-2,329
model,result_0036,0.7875252377042654,0.25444764236057105,2,188
