background,schweinfurt_000000_000000.png
split,train
model,result_0646,0.0964610381560046,0.2591209165575232,-4,244
