background,konstanz_000000_001305.png
split,train
model,result_0332,0.7449502487294093,0.7919487432979386,1,225
