background,aachen_000001_000019.png
split,train
model,result_0467,0.9732477596171051,0.847394754407352,-3,54
