background,freiburg_000000_000120.png
split,train
model,result_0586,0.8575467832852635,0.2615338519547839,2,172
model,result_0989,0.7143923434414279,0.31245445996348614,-1,247
model,result_0803,0.4670452465436332,0.26498154909392524,-3,26
