background,oberhausen_000000_000740.png
split,train
model,result_0266,0.8539645873471269,0.3919401526406276,-3,9
model,result_0862,0.3252865274157295,0.7580265889842459,-1,77
model,result_0524,0.0983097954277451,0.5480718455007378,2,86
