background,weimar_000137_000019.png
split,train
model,result_0527,0.6049130328637672,0.6180777175848015,-2,106
model,result_0602,0.11613130473378541,0.5700756976578957,-2,138
