background,wuppertal_000000_000216.png
split,train
model,result_0127,0.23455600045313518,0.7845574864260129,-2,287
model,result_0022,0.8764929677452807,0.34907546433535225,3,143
