background,heidelberg_000000_000555.png
split,train
model,result_0191,0.8793302906136006,0.8942154189112395,1,305
