background,heidelberg_000000_000869.png
split,train
model,result_0127,0.09923410164806135,0.5868131541791687,-1,270
model,result_0022,0.6365107880910603,0.978468283077242,2,333
model,result_0061,0.8140625453373317,0.49109256536325574,2,175
