background,karlsruhe_000000_001086.png
split,train
model,result_0499,0.22527397767429136,0.5285728726144646,-1,216
