background,schweinfurt_000000_000591.png
split,train
model,result_0146,0.4163974125825399,0.6126754065539514,1,360
model,result_0295,0.9723901734530543,0.8991538782958248,4,10
