background,dresden_000000_000059.png
split,train
model,result_0192,0.7784055574028892,0.4456762300326814,-4,206
model,result_0218,0.38110936391832784,0.6237451192634949,0,132
