background,konstanz_000000_000760.png
split,train
model,result_0215,0.41799196389763305,0.6821120300568486,2,126
