background,muhlheim-ruhr_000000_000720.png
split,train
model,result_0775,0.7710058183959093,0.8483317363165384,-1,16
model,result_0075,0.9981197902645138,0.4355352648685787,0,91
model,result_0992,0.9401925769167064,0.7440728841535893,-3,68
