background,karlsruhe_000000_000216.png
split,train
model,result_0996,0.04562831612377616,0.43834794712814024,-3,195
