background,krefeld_000000_008239.png
split,train
model,result_0283,0.5801214981678788,0.554277307665654,4,267
