background,konigswinter_000000_000092.png
split,train
model,result_0995,0.47932371959421993,0.4953222883587298,-2,91
model,result_0969,0.9380909485578174,0.9093089618203414,2,157
model,result_0793,0.11555900170472022,0.5693255283213432,2,306
