background,dortmund_000000_000469.png
split,train
model,result_0562,0.4297074858254186,0.44326255558237665,-1,12
model,result_0215,0.1709171763219276,0.6007987187400983,1,207
model,result_0332,0.4104604541537984,0.5241514047190751,-2,237
