background,karlsruhe_000000_000177.png
split,train
model,result_0367,0.8263089666548972,0.8993306627845754,4,165
model,result_0822,0.38004255794284947,0.26307482818138656,2,225
