background,erlangen_000000_000120.png
split,train
model,result_0914,0.5540189109399882,0.3135010371963054,4,55
model,result_0193,0.012629622532334683,0.5504873497202133,-1,214
model,result_0036,0.4120799997158895,0.4206180563683458,2,304
