background,wurzburg_000000_000209.png
split,train
model,result_0061,0.9041664363012529,0.9326913207989566,1,360
model,result_0606,0.4290656960488184,0.955608888609794,-1,38
model,result_0082,0.12477574820175719,0.5502708198793096,1,258
