background,bayreuth_000000_000126.png
split,train
model,result_0075,0.42764111355587653,0.4512768955674058,-4,8
model,result_0992,0.5903964234355582,0.833513711442041,4,175
