background,duisburg_000000_000013.png
split,train
model,result_0914,0.9391368316705181,0.6531225992008304,-1,169
