background,dortmund_000000_000000.png
split,train
model,result_0039,0.7601519600184119,0.3359841117510053,0,174
model,result_0386,0.004255924095620922,0.6200000687071896,4,129
