background,heidelberg_000000_000073.png
split,train
model,result_0484,0.15354491912753487,0.4388941921842118,-2,229
