background,muhlheim-ruhr_000000_000476.png
split,train
model,result_0924,0.09652701024116406,0.9950984249066169,-3,246
model,result_0866,0.3387120735361151,0.5707961448042773,0,337
