background,augsburg_000000_000755.png
split,train
model,result_0914,0.6681409475099908,0.9749850403104925,-2,143
