background,muhlheim-ruhr_000000_000888.png
split,train
model,result_0127,0.5673856079043357,0.5058499369004091,3,63
