background,augsburg_000000_000542.png
split,train
model,result_0805,0.022126933735362453,0.930027251934388,-2,291
model,result_0039,0.5379732883243505,0.6556943853049864,-1,277
