background,karlsruhe_000000_000563.png
split,train
model,result_0557,0.22684375225967246,0.8714391140211504,-1,55
model,result_0544,0.7507966450650065,0.4807553443501855,-4,19
model,result_0999,0.5182659901940614,0.7910379222965086,-4,354
