background,dortmund_000000_000879.png
split,train
model,result_0805,0.18917362485490663,0.4685864210922198,-1,292
model,result_0039,0.4405257115990222,0.9005660302434815,-2,292
