background,dortmund_000000_000337.png
split,train
model,result_0979,0.31294200318001797,0.5777114338534757,0,145
