background,augsburg_000000_001330.png
split,train
model,result_0979,0.9448086096522119,0.683329458161174,-1,88
model,result_0871,0.7057787551620333,0.8930594304931818,1,172
