background,weimar_000097_000019.png
split,train
model,result_0082,0.8022770104901835,0.8595259968288247,-3,249
model,result_0945,0.5076118936206009,0.3435624085973871,1,278
model,result_0612,0.4624181807331186,0.3962571743551795,-4,10
