background,schweinfurt_000000_000251.png
split,train
model,result_0855,0.3590458561423825,0.3248662283095135,1,36
model,result_0338,0.7476579886488607,0.6687763289865105,-3,209
