background,karlsruhe_000000_000142.png
split,train
model,result_0080,0.8573376610296423,0.44153114521970466,3,349
model,result_0857,0.07466445865963844,0.8835974812614089,3,192
