background,frankfurt_000001_035864.png
split,train
model,result_0879,0.24875417317745496,0.7434941477943822,1,175
