background,karlsruhe_000000_001021.png
split,train
model,result_0295,0.581501495145869,0.988228745694896,-1,86
model,result_0127,0.5159072385608336,0.9643278053877278,3,191
