background,krefeld_000000_000442.png
split,train
model,result_0477,0.9741561065938144,0.3866451045132668,-4,309
model,result_0949,0.3597376415990087,0.41107654438301167,2,240
