background,schweinfurt_000000_000137.png
split,train
model,result_0477,0.1742500295172884,0.7458211666351885,4,117
model,result_0949,0.975174058934071,0.9304187761826692,-3,301
model,result_0324,0.06277923864186319,0.30138980587918485,0,14
