background,muhlheim-ruhr_000000_000211.png
split,train
model,result_0862,0.6607761614454949,0.793731443252854,-4,101
model,result_0524,0.4249598302003157,0.33276536225938763,2,270
