background,muhlheim-ruhr_000000_000765.png
split,train
model,result_0557,0.18179012818718798,0.2676595767424288,-1,169
