background,oberhausen_000000_000337.png
split,train
model,result_0328,0.9746492974778691,0.8184379156657302,1,44
model,result_0879,0.5865268900512908,0.9617755493673612,-1,274
model,result_0542,0.12853161661286938,0.7683381427819935,3,345
