background,oberhausen_000000_000288.png
split,train
model,result_0793,0.635257239974685,0.4546765159910265,-4,46
model,result_0686,0.31654605891289744,0.338865713067417,-2,330
model,result_0805,0.9444491240171242,0.4572995389824468,3,257
