background,augsburg_000000_001058.png
split,train
model,result_0694,0.5651942071360377,0.30468567815372083,2,28
