background,augsburg_000000_001160.png
split,train
model,result_0036,0.8030283291567472,0.4096621535447186,3,154
