background,muhlheim-ruhr_000000_000895.png
split,train
model,result_0046,0.22332118076281815,0.45186382040587664,0,352
model,result_0389,0.9982128138034211,0.4157315138269567,-2,57
model,result_0164,0.3960690169897332,0.9749845101589603,-2,240
