background,wuppertal_000000_000453.png
split,train
model,result_0989,0.007873588937392983,0.5636524132505886,1,280
