background,konstanz_000000_001238.png
split,train
model,result_0319,0.7084792488976296,0.2849720634364221,-3,328
model,result_0477,0.14317197245607427,0.9304788265027858,-1,208
