background,wurzburg_000000_001253.png
split,train
model,result_0357,0.7273448614310977,0.4598745890091338,-4,67
model,result_0046,0.8777633171492683,0.6958218954353828,2,185
