background,wuppertal_000000_000878.png
split,train
model,result_0931,0.9766480778360076,0.4418513425670776,-1,177
model,result_0123,0.6339866397016098,0.28529344122061495,-2,89
model,result_0472,0.8614304606717175,0.3922753777101907,-1,95
