background,bochum_000000_026056.png
split,train
model,result_0051,0.8356160306270698,0.34402304830602154,-3,130
