background,konstanz_000000_000977.png
split,train
model,result_0983,0.1435791716678536,0.8189203146403883,2,240
model,result_0996,0.24994344982058192,0.6285922359321202,2,230
model,result_0266,0.37377675506230734,0.718834899205431,1,266
