background,konstanz_000000_001054.png
split,train
model,result_0914,0.9705962964831426,0.8117728618116481,-4,103
