background,saarbrucken_000000_000272.png
split,train
model,result_0678,0.3296590235678375,0.6067388729055448,3,301
model,result_0784,0.7912315591356501,0.7834830414606194,-3,162
model,result_0924,0.28466744057844484,0.7186176414218538,-3,204
