background,karlsruhe_000000_000714.png
split,train
model,result_0751,0.39056668325107413,0.9859460505065625,-2,249
