background,karlsruhe_000000_000936.png
split,train
model,result_0612,0.3753948459118678,0.9896413929467038,-1,205
model,result_0283,0.7811424204931652,0.8880710244884644,4,27
