background,freiburg_000000_000060.png
split,train
model,result_0192,0.927447687276027,0.46345126148364313,2,159
