background,augsburg_000000_000419.png
split,train
model,result_0751,0.36031191935084184,0.38219580118285096,1,14
