background,konstanz_000000_000189.png
split,train
model,result_0467,0.5690524314605607,0.6580290551598905,-1,225
model,result_0154,0.4043965180910689,0.8690549925455726,-4,229
model,result_0562,0.34260946734530895,0.30469254930380146,0,103
