background,wurzburg_000000_000071.png
split,train
model,result_0385,0.3355695333667037,0.4646110161553344,0,31
model,result_0991,0.0055729509646353925,0.5558297426003491,4,309
model,result_0373,0.44848964251121215,0.7955842673507458,1,179
