background,erlangen_000000_000144.png
split,train
model,result_0024,0.744520877304941,0.7099874636331421,1,136
model,result_0288,0.26002615974587584,0.5482216621206306,3,198
