background,bayreuth_000000_000618.png
split,train
model,result_0805,0.20195964596910032,0.9704865342492173,3,171
model,result_0039,0.05961647015400939,0.5692912502490675,1,297
