background,mannheim_000000_001033.png
split,train
model,result_0367,0.5864368924538725,0.6301271392974436,2,165
model,result_0822,0.10048880794629911,0.8320946831162424,1,71
