background,monchengladbach_000000_022361.png
split,train
model,result_0674,0.2788335968437943,0.29041465726295357,4,105
model,result_0146,0.24704978893142882,0.313131909719851,-1,220
model,result_0295,0.2208195104916355,0.4843776815703599,-1,349
