background,muhlheim-ruhr_000000_000538.png
split,train
model,result_0847,0.06770161002499087,0.4534022549705557,0,62
