background,heidelberg_000000_000999.png
split,train
model,result_0332,0.2995841976798598,0.36063039450422313,-4,253
model,result_0385,0.7369439546555547,0.6515721797237237,0,213
