background,wurzburg_000000_000121.png
split,train
model,result_0163,0.6859942862341466,0.898324147549381,-1,231
model,result_0657,0.7524387343687944,0.6289548501432907,-2,53
model,result_0914,0.08329581365802652,0.9554291459434205,-2,112
