background,freiburg_000000_000823.png
split,train
model,result_0544,0.4742454655728192,0.6075786276282629,4,2
