background,schweinfurt_000000_000554.png
split,train
model,result_0861,0.30723006701753963,0.7979436890463698,1,39
model,result_0882,0.7010615637316815,0.6933459026896256,4,173
model,result_0467,0.23035734765490135,0.9660969657856848,1,55
