background,freiburg_000000_000336.png
split,train
model,result_0871,0.6693547631524722,0.30284604903509516,1,163
