background,heidelberg_000000_000692.png
split,train
model,result_0751,0.06504794417148108,0.8513001422845636,4,261
model,result_0678,0.5468111114278295,0.6850364376037201,-1,322
model,result_0784,0.6400616360414898,0.717141024374154,-1,256
