background,saarbrucken_000000_000266.png
split,train
model,result_0857,0.0012284365363079974,0.9174206769696924,-3,27
model,result_0795,0.9263916412167473,0.9959195719210613,1,151
model,result_0388,0.22790381370966106,0.465025116442048,-1,130
