background,bayreuth_000000_000469.png
split,train
model,result_0051,0.3506858347115588,0.8524302645394254,2,60
model,result_0739,0.47275085361385527,0.43049412914056606,0,113
model,result_0960,0.3875738820950043,0.2874981431874314,2,287
