background,dortmund_000000_001105.png
split,train
model,result_0385,0.24378539325076698,0.7165416888215709,-4,160
model,result_0991,0.0440374708091984,0.845906880134815,-1,358
model,result_0373,0.9671109544407428,0.3418934944807436,0,167
