background,augsburg_000000_001137.png
split,train
model,result_0199,0.29441918288230395,0.39527059062091796,2,162
