background,mannheim_000000_000842.png
split,train
model,result_0996,0.827721319170473,0.40023904134506944,-3,323
