background,muhlheim-ruhr_000000_000692.png
split,train
model,result_0394,0.36652974665037064,0.5577304662254723,3,0
model,result_0163,0.2699479046776381,0.3418724843606254,1,310
model,result_0657,0.7437119953572744,0.5946775187966659,-3,27
