background,wurzburg_000000_001432.png
split,train
model,result_0945,0.5677019462770942,0.8923013204606969,-4,149
