background,konstanz_000000_001129.png
split,train
model,result_0499,0.6006081822758933,0.8906871735817665,-1,321
