background,heidelberg_000000_000723.png
split,train
model,result_0995,0.8908287462980838,0.297761202025553,-3,124
model,result_0969,0.6844242959241947,0.8824107691146774,3,33
model,result_0793,0.8110326566599461,0.7467667856173108,1,25
