background,karlsruhe_000000_001133.png
split,train
model,result_0979,0.9720299940861579,0.7937551640401546,1,296
model,result_0871,0.9704795367869078,0.3786758059385118,1,204
model,result_0878,0.9727142810716579,0.266796240181971,3,6
