background,bayreuth_000000_000333.png
split,train
model,result_0914,0.9631218178307335,0.5362082116270852,-4,142
