background,ulm_000076_000019.png
split,train
model,result_0861,0.5114913655848159,0.8954240452145729,4,256
