background,heilbronn_000000_000266.png
split,train
model,result_0524,0.7268661076018734,0.43724340323062977,-4,191
model,result_0199,0.5198045445134236,0.8987415130091629,2,333
