background,muhlheim-ruhr_000000_000970.png
split,train
model,result_0266,0.4743236802414723,0.8296472180110521,0,56
model,result_0862,0.34727322595583376,0.8349648595336294,0,139
model,result_0524,0.41624529561380885,0.3640647458480961,-2,287
