background,schweinfurt_000000_000254.png
split,train
model,result_0857,0.3830301120986256,0.7915932405567181,1,104
model,result_0795,0.31747461901876917,0.6944465717929197,0,267
