background,saarbrucken_000000_000282.png
split,train
model,result_0338,0.46137783293055923,0.8585207173739792,0,158
model,result_0557,0.49362163160100736,0.2661835827185923,-2,256
model,result_0544,0.24031808189706594,0.7228819998826761,0,151
