background,duisburg_000000_000820.png
split,train
model,result_0477,0.33784614094741405,0.9351723785121329,-1,35
model,result_0949,0.46050175356445544,0.8603568736440041,4,356
