background,wurzburg_000000_000369.png
split,train
model,result_0968,0.28513687372453944,0.8936641850060044,2,109
model,result_0847,0.30555865600294985,0.7556744073968547,-2,66
