background,heilbronn_000000_000591.png
split,train
model,result_0855,0.0010446926560666592,0.8554852764375743,0,238
model,result_0338,0.14545575566249314,0.560079810000537,-1,228
model,result_0557,0.7194942410868794,0.772586631365798,1,337
