background,aachen_000003_000019.png
split,train
model,result_0557,0.6159738317690818,0.6114701743307636,-4,42
