background,dortmund_000000_000856.png
split,train
model,result_0127,0.24547020737071068,0.7793217590875143,0,138
model,result_0022,0.30244736319589394,0.506423142558659,-2,209
