background,nuremberg_000000_000510.png
split,train
model,result_0295,0.7498403508226116,0.3773959560080604,-1,262
model,result_0127,0.8628892212814007,0.812996482999253,3,71
