background,dortmund_000000_000154.png
split,train
model,result_0805,0.3134696795031734,0.6140087168200332,4,210
model,result_0039,0.32228384942103117,0.5136013847290621,-4,115
model,result_0386,0.5393067725688985,0.6011038072125445,0,49
