background,konstanz_000000_000414.png
split,train
model,result_0878,0.7708689559427251,0.8782715532853836,-4,90
model,result_0004,0.45526789734978024,0.34995462302273905,4,107
