background,konstanz_000000_000276.png
split,train
model,result_0674,0.42478549673625465,0.3193764298937807,-2,308
