background,erlangen_000000_000015.png
split,train
model,result_0847,0.6736953060658942,0.8404404841838173,3,351
model,result_0646,0.6184282922421548,0.4741352346877409,-1,120
model,result_0586,0.7489972547463835,0.35444532988895594,-2,42
