background,nuremberg_000000_001065.png
split,train
model,result_0082,0.06813296306646277,0.4016185658488649,-4,332
