background,augsburg_000000_000687.png
split,train
model,result_0949,0.7542784143917237,0.6731993435533721,-4,215
model,result_0324,0.027051551912906202,0.55823654622414,4,130
