background,karlsruhe_000000_000445.png
split,train
model,result_0164,0.6055428802909705,0.6099112979728388,-4,154
model,result_0440,0.7156217158908694,0.800076605850151,2,243
