background,karlsruhe_000000_000739.png
split,train
model,result_0751,0.5141780589669843,0.44763068207714807,-3,133
model,result_0678,0.4251267945455104,0.7749469624177541,1,260
model,result_0784,0.8916317584359273,0.36340694135638685,-3,171
