background,karlsruhe_000000_000310.png
split,train
model,result_0855,0.4941078084099487,0.7530116635556914,4,104
model,result_0338,0.8974115083142127,0.4849579330955271,-1,80
model,result_0557,0.3665660925230734,0.8773875301839847,4,241
