background,mannheim_000000_000532.png
split,train
model,result_0945,0.5087190577726299,0.36821359737032316,0,235
