background,bochum_000000_021325.png
split,train
model,result_0862,0.04717390588865589,0.7699747984833057,-4,6
model,result_0524,0.9736385774194636,0.404402553554991,2,148
