background,bamberg_000000_000190.png
split,train
model,result_0793,0.7802171246536143,0.6819694295808618,-1,356
