background,konstanz_000000_001146.png
split,train
model,result_0586,0.45415313174097205,0.5787579028507296,-4,193
model,result_0989,0.962730239860296,0.7590753568865203,3,88
model,result_0803,0.39893705936859114,0.6056284114718096,3,146
