background,augsburg_000000_001247.png
split,train
model,result_0283,0.8207162276584229,0.7931541293444175,-4,197
model,result_0968,0.8467293987683073,0.26613524746501516,2,207
model,result_0847,0.432997614701111,0.603627195560892,-1,64
