background,karlsruhe_000000_001040.png
split,train
model,result_0544,0.5261485344832644,0.5103085223961654,-1,57
