background,muhlheim-ruhr_000000_000919.png
split,train
model,result_0822,0.2415558820729461,0.8937692879032129,0,120
model,result_0855,0.9689360599024635,0.6876203948873296,0,145
model,result_0338,0.2282143323387802,0.7374172756291877,-3,272
