background,heilbronn_000000_000501.png
split,train
model,result_0983,0.9229728434823377,0.5475191543982517,1,221
model,result_0996,0.6727800286351215,0.451390830051983,3,324
