background,oberhausen_000000_000827.png
split,train
model,result_0164,0.40425071061660955,0.30967845429483826,1,354
