background,schweinfurt_000000_000679.png
split,train
model,result_0739,0.47746170244081887,0.809345621731797,-4,102
