background,heilbronn_000000_000591.png
split,train
model,result_0288,0.773576162551644,0.9307448814731152,-1,193
model,result_0247,0.9730110841020292,0.35099429675634286,-3,200
