background,aachen_000130_000019.png
split,train
model,result_0527,0.8566668117907518,0.8290317970311953,0,246
model,result_0602,0.49491068209818145,0.9123119515344876,-2,272
model,result_0024,0.7063263565763959,0.6307633407292732,1,232
