background,schweinfurt_000000_000660.png
split,train
model,result_0051,0.037204729360075905,0.8585396964266869,2,312
model,result_0739,0.48137907024807547,0.7205506842138564,-4,321
