background,karlsruhe_000000_000683.png
split,train
model,result_0215,0.6371248581416191,0.9201740328632041,3,66
model,result_0332,0.4035912056597297,0.6844418276228361,2,199
model,result_0385,0.815327873317039,0.7342014986573816,-2,281
