background,heilbronn_000000_000254.png
split,train
model,result_0857,0.17879659446678986,0.9361719039443354,0,288
model,result_0795,0.855674932076947,0.7354138100699817,-1,161
