background,duisburg_000000_000368.png
split,train
model,result_0332,0.17010552424701797,0.6949347909695354,0,318
