background,wurzburg_000000_000838.png
split,train
model,result_0357,0.5143575596267338,0.519609849972968,1,289
model,result_0046,0.8963479728010569,0.6348688857558593,4,29
model,result_0389,0.3397551238042801,0.932192761983326,-1,324
