background,wurzburg_000000_001271.png
split,train
model,result_0239,0.7984137461819331,0.9427880487955884,1,236
model,result_0051,0.45249654785096993,0.7042977074123506,1,222
model,result_0739,0.7539611375312419,0.5297501666368234,1,226
