background,freiburg_000000_000182.png
split,train
model,result_0324,0.6795321549780476,0.39566356650660317,3,254
model,result_0173,0.48989363094680094,0.33335229270518185,-2,351
model,result_0751,0.9641220496716288,0.8656208120184,4,332
