background,bayreuth_000000_000092.png
split,train
model,result_0484,0.6885217796074997,0.8397938003146762,4,165
model,result_0861,0.004479787134474944,0.7399769567887732,-4,87
