background,saarbrucken_000000_000346.png
split,train
model,result_0995,0.18296944498023004,0.4469326420461607,-1,247
model,result_0969,0.6551431634335483,0.4511455130775658,1,63
model,result_0793,0.3135704750903807,0.4637704281620946,-3,317
