background,augsburg_000000_000961.png
split,train
model,result_0191,0.7549748281080584,0.7587052663485176,-3,92
model,result_0775,0.5444048116468312,0.49919300612365214,3,193
