background,troisdorf_000000_000027.png
split,train
model,result_0527,0.2264446371519382,0.4878907618195254,0,319
model,result_0602,0.8505101870784499,0.9737692999534512,-3,354
