background,oberhausen_000000_000196.png
split,train
model,result_0051,0.9153057184958421,0.9023031447883274,-3,317
model,result_0739,0.9481303790756307,0.4953007554524693,2,141
model,result_0960,0.010237376140810217,0.46850547016099364,1,16
