background,oberhausen_000000_000561.png
split,train
model,result_0981,0.13334753830404378,0.34138026159020507,4,338
