background,oberhausen_000000_000152.png
split,train
model,result_0686,0.12234630763998622,0.4772447234782186,4,223
model,result_0805,0.26900137339725727,0.5437156384474551,-3,139
