background,wurzburg_000000_000368.png
split,train
model,result_0524,0.7608736378108221,0.9566954133035099,-2,336
model,result_0199,0.8496084861120499,0.39954568915706473,-1,263
model,result_0060,0.10455438957850216,0.47403134486877496,1,159
