background,dusseldorf_000086_000019.png
split,train
model,result_0857,0.35557417648908973,0.5134452835696977,1,190
model,result_0795,0.7787588118505874,0.4894516514643504,0,72
model,result_0388,0.4849688496566067,0.5608834043927913,-4,127
