background,muhlheim-ruhr_000000_000980.png
split,train
model,result_0981,0.21458036870213337,0.2975739110692558,2,142
