background,oberhausen_000000_000894.png
split,train
model,result_0793,0.8901145034368628,0.5200956270775832,-2,241
model,result_0686,0.7840787517536253,0.31441571792537637,-1,132
model,result_0805,0.9211473245560836,0.6131437532912214,1,87
