background,wuppertal_000000_000947.png
split,train
model,result_0862,0.5212617951891274,0.9817787447258863,4,332
