background,karlsruhe_000000_000119.png
split,train
model,result_0989,0.5632876001492209,0.9675495083568633,4,42
model,result_0803,0.4443007439144834,0.7738786679261034,-4,94
model,result_0192,0.9538568763542624,0.855462531904636,1,205
