background,bayreuth_000000_000357.png
split,train
model,result_0080,0.4335518951299103,0.5398925283402578,0,303
model,result_0857,0.061845243145997264,0.3116295165661323,2,99
model,result_0795,0.9895907590627722,0.3946716961541691,1,187
