background,muhlheim-ruhr_000000_000217.png
split,train
model,result_0999,0.04393411292904903,0.8888015250656338,-3,162
model,result_0510,0.10001309037004447,0.5597129207465741,0,322
model,result_0328,0.9037938314803852,0.4207904242007703,1,76
