background,hanover_000000_047870.png
split,train
model,result_0328,0.42882912335663304,0.6925400972576159,-1,37
model,result_0879,0.5076163634881609,0.8208895784837127,-4,327
model,result_0542,0.6647815911589934,0.27617010808707504,-3,315
