background,karlsruhe_000000_000026.png
split,train
model,result_0803,0.45144430337350094,0.3103025587097463,4,192
model,result_0192,0.989769276495971,0.9529239557295611,-3,252
model,result_0218,0.19084550969826886,0.6233175200152017,-3,321
