background,karlsruhe_000000_001037.png
split,train
model,result_0983,0.2654612590085472,0.7819044963768983,-1,285
