background,wuppertal_000000_000700.png
split,train
model,result_0983,0.9206386112164799,0.48749912993295774,4,237
model,result_0996,0.11978403351760991,0.858992805297158,2,107
