background,bamberg_000000_000425.png
split,train
model,result_0945,0.48528312341169755,0.43872229785879713,1,22
model,result_0612,0.5948392964561181,0.43131905239098844,-2,100
model,result_0283,0.12151498192717436,0.4617119064579341,0,307
