background,karlsruhe_000000_000812.png
split,train
model,result_0996,0.7136907724771833,0.38819901259838446,2,207
