background,wurzburg_000000_001115.png
split,train
model,result_0612,0.6420211895693217,0.5281335125754733,-3,184
model,result_0283,0.5202205616310231,0.9499791139229954,-1,35
