background,tubingen_000130_000019.png
split,train
model,result_0694,0.6361169761966604,0.947687491734011,4,123
