background,mannheim_000000_000329.png
split,train
model,result_0046,0.27767921548439534,0.4255838685518486,-1,83
model,result_0389,0.0003523877663433872,0.8117210904677382,2,200
