background,augsburg_000000_000260.png
split,train
model,result_0862,0.8478744403864463,0.9105705267973543,3,302
