background,karlsruhe_000000_001124.png
split,train
model,result_0793,0.08783042859267687,0.9418317893524835,-3,354
model,result_0686,0.5236620005709444,0.5451661939629437,2,230
