background,augsburg_000000_000429.png
split,train
model,result_0039,0.5670478111316829,0.6129353139826075,2,32
