background,augsburg_000000_000281.png
split,train
model,result_0394,0.5799787419571861,0.29434165442030097,-3,185
model,result_0163,0.3930288994279254,0.4915349008144865,1,81
