background,dusseldorf_000086_000019.png
split,train
model,result_0357,0.7894223078115623,0.732769693062114,4,300
model,result_0046,0.7933412090512312,0.897085842619312,-4,90
model,result_0389,0.9241778285846715,0.628765616130241,2,160
