background,konstanz_000000_000090.png
split,train
model,result_0562,0.2816607410550501,0.7561010370883507,-4,87
