background,konstanz_000000_001097.png
split,train
model,result_0844,0.8736912648312349,0.6036187187121402,-1,36
