background,augsburg_000000_000984.png
split,train
model,result_0388,0.7798887680647135,0.8060101957470764,4,105
model,result_0499,0.4152674302093099,0.4893107951735318,-1,182
