background,muhlheim-ruhr_000000_000918.png
split,train
model,result_0674,0.036743287196887575,0.3913010229433741,-4,348
model,result_0146,0.7502674097881161,0.8895172537775253,0,37
model,result_0295,0.8410874336656403,0.4205382854626176,4,26
