background,duisburg_000000_000550.png
split,train
model,result_0295,0.045607879143590435,0.3014230176919592,-1,333
model,result_0127,0.15202090016061076,0.7356300049808615,3,177
model,result_0022,0.9246935156900751,0.31123367037838934,-2,303
