background,ulm_000037_000019.png
split,train
model,result_0855,0.4580985037383899,0.3713541439940282,3,206
