background,duisburg_000000_000713.png
split,train
model,result_0127,0.9273157638701128,0.4203860848429233,-2,84
model,result_0022,0.664184409086362,0.32647262921119213,3,9
model,result_0061,0.018733760440723057,0.9605399189398997,2,264
