background,troisdorf_000000_000027.png
split,train
model,result_0127,0.1924063630092444,0.8122794525468009,-4,326
model,result_0022,0.48107177065971707,0.7057323249837093,1,238
