background,saarbrucken_000000_000324.png
split,train
model,result_0949,0.29232914367096097,0.3110186112477717,4,80
model,result_0324,0.26057894832836936,0.7832418255872793,-1,309
