background,muhlheim-ruhr_000000_001180.png
split,train
model,result_0586,0.2969156437756846,0.30322408348320334,1,56
model,result_0989,0.7310228407424746,0.7940880306735164,2,323
model,result_0803,0.5556312839510655,0.5458185145157278,0,111
