background,wuppertal_000000_000912.png
split,train
model,result_0288,0.3358165649930245,0.8857015782779871,1,4
model,result_0247,0.6172804423734771,0.72918143394367,0,281
model,result_0239,0.8532860977246259,0.3734861737822139,2,161
