background,duisburg_000000_000110.png
split,train
model,result_0218,0.10886601186184508,0.3124185239809631,-1,97
model,result_0694,0.19755811400516643,0.321090366128408,-1,54
model,result_0319,0.7476964268557198,0.6774451823045158,-3,93
