background,schweinfurt_000000_000098.png
split,train
model,result_0039,0.41785693898180853,0.570816987109195,3,211
model,result_0386,0.9753790635494715,0.7670417477842278,3,90
