background,bamberg_000000_000268.png
split,train
model,result_0646,0.21997364026206012,0.8831614056429677,1,80
model,result_0586,0.055352713336430215,0.5037097830435024,2,65
model,result_0989,0.36565608276792017,0.5168612414734025,1,114
