background,konstanz_000000_000785.png
split,train
model,result_0394,0.49977091533117357,0.83167256608321,1,194
model,result_0163,0.7706856276709201,0.856681070373346,-3,60
model,result_0657,0.9403408075420546,0.45844204479850803,-2,318
