background,oberhausen_000000_000851.png
split,train
model,result_0855,0.0660719680002908,0.7057299916003712,0,250
