background,dortmund_000000_001101.png
split,train
model,result_0862,0.9112743895995215,0.6144308363313163,-3,134
model,result_0524,0.9475367108664303,0.49836009243034196,3,189
