background,wurzburg_000000_000677.png
split,train
model,result_0510,0.9032165826380627,0.6010053959343205,-2,218
model,result_0328,0.6189770692347041,0.380711649491794,2,7
model,result_0879,0.04326829976723645,0.25584391686814023,-2,296
