background,bochum_000000_008448.png
split,train
model,result_0931,0.054365956164841855,0.8095807812046942,1,169
