background,freiburg_000000_000313.png
split,train
model,result_0968,0.12272280646854838,0.775178714992836,3,267
model,result_0847,0.08508111042221411,0.4220229115833193,3,62
