background,erfurt_000077_000019.png
split,train
model,result_0979,0.34978125434847707,0.7977057484412963,3,97
