background,heidelberg_000000_000497.png
split,train
model,result_0871,0.9032328402544872,0.40315640711205925,-3,210
model,result_0878,0.972364484890625,0.25693947003790085,-4,338
