background,bayreuth_000000_000745.png
split,train
model,result_0751,0.9757226593802031,0.9942749516898836,3,89
model,result_0678,0.5622685099992134,0.8857665412940368,-2,239
