background,freiburg_000000_000466.png
split,train
model,result_0751,0.4241776631597881,0.36570545413226685,-1,299
