background,freiburg_000000_000493.png
split,train
model,result_0612,0.39489484436640276,0.4153265214525492,4,128
