background,wurzburg_000000_000102.png
split,train
model,result_0440,0.26389991482003994,0.49404334114083615,-1,60
model,result_0484,0.3461434131821821,0.8592251316196963,4,115
