background,karlsruhe_000000_000267.png
split,train
model,result_0357,0.22210966972929969,0.4318875000641741,-1,157
model,result_0046,0.5075634875619325,0.8498340801912349,2,98
model,result_0389,0.48412151943415827,0.4364736290725972,2,34
