background,bamberg_000000_000207.png
split,train
model,result_0602,0.7098063694662474,0.3195895201386939,2,227
