background,wurzburg_000000_000681.png
split,train
model,result_0968,0.27361884445314666,0.35038774396198935,-3,285
model,result_0847,0.8721216841472191,0.45406329367273746,-4,312
model,result_0646,0.32822214065340016,0.5504799643715871,3,10
