background,konstanz_000000_001248.png
split,train
model,result_0338,0.07355952536780763,0.8477942360173711,-1,133
model,result_0557,0.618898885196567,0.3030832550946,1,268
model,result_0544,0.1718355620272607,0.6004669291574093,-1,334
