background,freiburg_000000_000081.png
split,train
model,result_0247,0.25545790004990543,0.4019823237876712,-4,49
model,result_0239,0.2185633514755393,0.9659052199425651,2,27
model,result_0051,0.5252700302998629,0.5781900092788407,-2,267
