background,dresden_000000_000165.png
split,train
model,result_0991,0.20691499639230793,0.3607148344893036,4,21
