background,oberhausen_000000_000655.png
split,train
model,result_0385,0.45696372030195676,0.8240591792599574,-1,325
model,result_0991,0.45584513057682596,0.33445632865132385,-3,177
