background,augsburg_000000_000152.png
split,train
model,result_0295,0.10171341162833358,0.9517825764863903,0,255
model,result_0127,0.09780533330788554,0.4803506807357407,-4,254
