background,bochum_000000_015321.png
split,train
model,result_0931,0.6843488425904588,0.7163231778966005,3,235
