background,aachen_000123_000019.png
split,train
model,result_0357,0.6185663562672621,0.6257516118970677,2,274
model,result_0046,0.5504815233043435,0.8572952099816422,-3,352
model,result_0389,0.11043226107047044,0.599294992403598,-2,61
