background,bayreuth_000000_000225.png
split,train
model,result_0218,0.2616709174654127,0.7545510880096469,-2,73
