background,karlsruhe_000000_000174.png
split,train
model,result_0805,0.3551352643577961,0.9964897696989106,1,303
model,result_0039,0.26544469605783416,0.6690946254780927,-3,305
