background,schweinfurt_000000_000183.png
split,train
model,result_0924,0.6619848370611856,0.5463209163015135,-3,103
model,result_0866,0.4534187478588205,0.692256535163239,-1,184
