background,augsburg_000000_001331.png
split,train
model,result_0694,0.05516977844640103,0.3870900404442741,-3,49
model,result_0319,0.4404965835560909,0.537566855374639,-3,54
model,result_0477,0.3227881898574787,0.6799310181751514,-2,107
