background,nuremberg_000000_001216.png
split,train
model,result_0914,0.5311882639004438,0.703490370537555,2,102
