background,duisburg_000000_000813.png
split,train
model,result_0822,0.33842230532428996,0.27543937926656265,-2,236
