background,muhlheim-ruhr_000000_001004.png
split,train
model,result_0557,0.04684465726070619,0.7320640255224447,2,188
