background,dortmund_000000_000626.png
split,train
model,result_0968,0.2968415999003652,0.42437620522514513,3,13
model,result_0847,0.24599467966973754,0.28196814297839295,-3,289
model,result_0646,0.3029896648026009,0.3056836594142808,0,199
