background,mannheim_000000_000281.png
split,train
model,result_0983,0.42739918796732,0.7477345144991503,-4,179
