background,dortmund_000000_000996.png
split,train
model,result_0612,0.8967527601771174,0.8089308141202604,3,249
model,result_0283,0.5229185197362723,0.919636578858902,3,97
