background,heilbronn_000000_000187.png
split,train
model,result_0283,0.17893758482809363,0.48872616611471614,-1,267
