background,nuremberg_000000_000768.png
split,train
model,result_0989,0.37186325145160126,0.6204335609994565,2,142
