background,dusseldorf_000174_000019.png
split,train
model,result_0060,0.8185534991166484,0.8570403120677178,4,301
