background,bayreuth_000000_000757.png
split,train
model,result_0338,0.5682644409302259,0.7311246974220633,0,100
model,result_0557,0.46128522542098727,0.5715914468646541,2,325
