background,mannheim_000000_000611.png
split,train
model,result_0004,0.4703611064302111,0.9877904303015392,3,342
model,result_0931,0.45521246948585903,0.772200344570398,-2,323
