background,karlsruhe_000000_000969.png
split,train
model,result_0991,0.8096901978288049,0.9392012643036147,2,304
model,result_0373,0.7430753855926139,0.5901498663721196,0,220
