background,muhlheim-ruhr_000000_000592.png
split,train
model,result_0367,0.2327757162684022,0.30201617058505775,0,0
model,result_0822,0.4773000571224115,0.8995562090475766,0,319
model,result_0855,0.36585459626206196,0.7502400918134264,-1,80
