background,oberhausen_000000_000010.png
split,train
model,result_0586,0.4224042561125173,0.6339762823364838,-1,270
model,result_0989,0.4184577002159561,0.7785662124896985,2,135
