background,aachen_000124_000019.png
split,train
model,result_0866,0.10402146389148692,0.26109731980792533,-3,70
model,result_0983,0.31190392773682785,0.2653731120843641,0,290
model,result_0996,0.349530872535328,0.8217970436194881,3,215
