background,muhlheim-ruhr_000000_001126.png
split,train
model,result_0657,0.9108663572641844,0.9543106821731046,3,348
model,result_0914,0.43915053097806833,0.9414541997863504,-4,86
model,result_0193,0.6771302383945237,0.3054011611090517,-4,224
