background,dortmund_000000_000786.png
split,train
model,result_0524,0.2702994636437942,0.7573867487278098,4,130
model,result_0199,0.6147926919711661,0.315334969148962,4,87
