background,duisburg_000000_000638.png
split,train
model,result_0632,0.11912996890843286,0.5852406507880921,-3,335
