background,dortmund_000000_001101.png
split,train
model,result_0022,0.1395585038604159,0.9562210282728916,4,111
