background,karlsruhe_000000_000208.png
split,train
model,result_0751,0.4314296512935284,0.8248395808823475,-4,135
model,result_0678,0.34010880689558587,0.26834280678932404,3,273
