background,konstanz_000000_000397.png
split,train
model,result_0192,0.48851610945939716,0.7753457512368426,-4,131
model,result_0218,0.8215044249078067,0.7229760583858322,-2,323
model,result_0694,0.7737746773650601,0.40808469121492497,0,139
