background,oberhausen_000000_000418.png
split,train
model,result_0822,0.40907484718294773,0.271256457166666,-4,302
model,result_0855,0.6580801131731835,0.6042279762318388,4,237
model,result_0338,0.7415900430575978,0.4896713692055489,-4,160
