background,wurzburg_000000_001393.png
split,train
model,result_0154,0.13147719546702707,0.9696764620521257,2,251
model,result_0562,0.540656611086311,0.4582714436424127,3,174
model,result_0215,0.7426244139293033,0.6392319568123622,-4,70
