background,duisburg_000000_000168.png
split,train
model,result_0803,0.6695152687979753,0.2608021175428464,2,14
model,result_0192,0.5997355465139453,0.6022009728137867,2,37
