background,bayreuth_000000_000101.png
split,train
model,result_0646,0.6546836261011152,0.5846784311343258,-1,109
