background,karlsruhe_000000_000094.png
split,train
model,result_0775,0.6988376100465383,0.3618035812218948,1,259
model,result_0075,0.9544029183248007,0.29310262018516886,1,270
model,result_0992,0.04787590361394001,0.9661873472435993,-1,341
