background,duisburg_000000_000115.png
split,train
model,result_0562,0.4432353756655282,0.5465217411058482,-4,8
model,result_0215,0.765367017342177,0.643416814088252,-3,164
model,result_0332,0.2580486986579925,0.8986876599799053,-1,324
