background,dortmund_000000_000209.png
split,train
model,result_0527,0.4585873348312729,0.5923774281233962,0,133
