background,augsburg_000000_000203.png
split,train
model,result_0386,0.23901018737194668,0.6878874783297686,4,60
model,result_0979,0.669480705677234,0.4082662050590443,-2,332
