background,heidelberg_000000_000012.png
split,train
model,result_0004,0.7084841402588743,0.791656059168671,-4,254
model,result_0931,0.5617915015150551,0.6354032486208543,-2,31
model,result_0123,0.19898685439653507,0.8815709971934291,-2,84
