background,schweinfurt_000000_000650.png
split,train
model,result_0784,0.25273314793368096,0.38790512888544426,4,215
model,result_0924,0.10274491794232721,0.36795457282864497,4,97
model,result_0866,0.6352570899785225,0.5116316691718775,0,42
