background,wuppertal_000000_000874.png
split,train
model,result_0969,0.7242281647673408,0.4068713151126815,2,45
model,result_0793,0.3010885865878026,0.9362730923995715,1,172
model,result_0686,0.7643516709698427,0.6841882688831499,4,197
