background,saarbrucken_000000_000039.png
split,train
model,result_0527,0.4361734027599061,0.8376185506395815,0,52
model,result_0602,0.2685069474345747,0.31277949620062956,1,20
