background,dortmund_000000_000718.png
split,train
model,result_0989,0.31479295969759724,0.7905826147091124,3,301
