background,karlsruhe_000000_000734.png
split,train
model,result_0061,0.3185828657309826,0.8843208733565391,3,144
model,result_0606,0.7731402857950819,0.4277098621435016,-3,74
model,result_0082,0.5497868068191597,0.5718404597412894,-4,355
