background,bayreuth_000000_000398.png
split,train
model,result_0969,0.6316578336390889,0.34674097805431636,3,232
model,result_0793,0.31385542633858565,0.2904836392847428,-4,357
model,result_0686,0.6177480589285518,0.9285459910350837,-3,128
