background,bayreuth_000000_000743.png
split,train
model,result_0995,0.11721929454786673,0.6297384307891415,4,307
model,result_0969,0.7798692699051921,0.4623940381814421,0,133
