background,wurzburg_000000_001248.png
split,train
model,result_0999,0.004011284864218978,0.6235855482780215,4,62
model,result_0510,0.46573132202609346,0.8274215814150946,-3,111
