background,bayreuth_000000_000561.png
split,train
model,result_0477,0.15076955691911276,0.7278889495679908,-4,92
model,result_0949,0.8305061509360744,0.994815480116694,-1,159
model,result_0324,0.46906963082399644,0.8725655755815407,-1,82
