background,nuremberg_000000_000183.png
split,train
model,result_0657,0.2042153140184062,0.9461696373781427,-2,23
