background,bayreuth_000000_000514.png
split,train
model,result_0931,0.94096943664696,0.26207873786493574,0,79
model,result_0123,0.8768912704091507,0.5323537728841697,-1,204
