background,muhlheim-ruhr_000000_000039.png
split,train
model,result_0586,0.13439755849336388,0.7044744177763694,2,350
model,result_0989,0.44826918050159803,0.5762762166284696,-3,16
