background,heidelberg_000000_000346.png
split,train
model,result_0657,0.09850249806350075,0.3339193070949278,1,211
model,result_0914,0.9367749520185723,0.9423815374652896,-2,128
