background,muhlheim-ruhr_000000_000901.png
split,train
model,result_0606,0.9638142811033599,0.9152541809012651,0,84
