background,muhlheim-ruhr_000000_000580.png
split,train
model,result_0795,0.6873770729001764,0.32774422387352614,2,211
model,result_0388,0.23478586976918692,0.7489441486604993,-2,40
model,result_0499,0.44527408098811916,0.39727251647649453,1,151
