background,freiburg_000000_000757.png
split,train
model,result_0338,0.749649298163495,0.6574127684504408,-4,230
