background,mannheim_000000_000012.png
split,train
model,result_0191,0.7874935185916793,0.3993917024991738,-3,306
model,result_0775,0.23674064365660674,0.557538585602966,-3,337
model,result_0075,0.489625500860824,0.68884528457659,1,147
