background,augsburg_000000_000597.png
split,train
model,result_0914,0.8914875747136363,0.25379952164365793,3,355
model,result_0193,0.006897022210667125,0.7823735684589985,-2,313
model,result_0036,0.7951801933714806,0.5368938293634218,1,234
