background,duisburg_000000_000116.png
split,train
model,result_0524,0.6730809520479663,0.883219657035098,-4,119
model,result_0199,0.1131808619962793,0.4746951315279313,-2,240
