background,konstanz_000000_000592.png
split,train
model,result_0046,0.38155674178507293,0.8691988095819196,2,325
