background,bayreuth_000000_000687.png
split,train
model,result_0060,0.4210605334478381,0.8973549913547076,0,220
