background,wuppertal_000000_000056.png
split,train
model,result_0328,0.5743595328577158,0.47680569487738333,0,52
