background,heilbronn_000000_000203.png
split,train
model,result_0844,0.15627390425966192,0.8258909236805889,-2,32
model,result_0995,0.7031933963717246,0.6384006356566742,2,300
