background,heidelberg_000000_000175.png
split,train
model,result_0367,0.5032870666757854,0.3130008974471211,1,29
model,result_0822,0.7982434407494574,0.8070432260748,-2,127
