background,wurzburg_000000_001520.png
split,train
model,result_0924,0.965220096254127,0.6925347257800452,1,236
model,result_0866,0.532900969147928,0.8612155899942932,3,45
