background,erfurt_000012_000019.png
split,train
model,result_0805,0.07676510927081381,0.7796716031412547,2,287
model,result_0039,0.719119099728648,0.5728868893522368,3,106
model,result_0386,0.10680707451077542,0.31738730587820635,2,26
