background,freiburg_000000_000750.png
split,train
model,result_0981,0.8948988137591898,0.387935237015641,1,232
model,result_0527,0.9115350715137883,0.533396137144951,2,53
