background,heilbronn_000000_000606.png
split,train
model,result_0082,0.21917968560534917,0.4683184058651839,1,333
model,result_0945,0.9400667998721557,0.26403308036959783,-3,309
model,result_0612,0.17959774200351786,0.41674894237965565,0,187
