background,mannheim_000000_000277.png
split,train
model,result_0784,0.40115613220793145,0.3290589007483868,-4,309
model,result_0924,0.2582088336510986,0.5355767842990065,-4,327
