background,karlsruhe_000000_000832.png
split,train
model,result_0606,0.665947266289684,0.38240025027681657,3,36
model,result_0082,0.6834151760226942,0.35804518999193435,-1,102
