background,wurzburg_000000_001455.png
split,train
model,result_0477,0.46148821036405197,0.7361930785408062,0,359
model,result_0949,0.696578203573132,0.652683195409065,-3,243
model,result_0324,0.4802229815039034,0.768208177410042,-3,249
