background,wuppertal_000000_000415.png
split,train
model,result_0822,0.6451529170801338,0.566834765803056,4,135
model,result_0855,0.40023073546853627,0.9662757633048142,4,241
model,result_0338,0.9253986623116953,0.6615858654177805,2,316
