background,duisburg_000000_000367.png
split,train
model,result_0080,0.5020439005672501,0.9738361964644586,4,160
