background,nuremberg_000000_000573.png
split,train
model,result_0542,0.6272583618307092,0.3642372758596627,2,304
model,result_0674,0.17106381131895898,0.2612592587754236,1,240
model,result_0146,0.8238342125141044,0.8183828741103552,-4,315
