background,nuremberg_000000_000375.png
split,train
model,result_0879,0.042843784596470535,0.8828111912578558,2,311
