background,konstanz_000000_000303.png
split,train
model,result_0192,0.29245220795794835,0.7107996511146857,4,322
model,result_0218,0.3878210582530769,0.8479171321746146,2,351
