background,karlsruhe_000000_001123.png
split,train
model,result_0995,0.3782304179466819,0.9933193284267078,3,144
model,result_0969,0.40033443981149164,0.9238198858027766,1,23
