background,wurzburg_000000_001116.png
split,train
model,result_0878,0.522243728813424,0.5660409303492382,-2,124
model,result_0004,0.9241834063861267,0.5840224144995673,1,280
model,result_0931,0.5626925781261293,0.31891873583217134,-2,21
