background,augsburg_000000_000390.png
split,train
model,result_0440,0.012743274216763245,0.26234575103714386,-1,252
