background,mannheim_000000_000267.png
split,train
model,result_0127,0.8304251702599853,0.3328094637402049,3,121
model,result_0022,0.21096651822434964,0.35051868405443304,1,98
model,result_0061,0.36195990616504004,0.28362646496951005,-3,147
