background,dresden_000000_000269.png
split,train
model,result_0992,0.616901381601221,0.8912256724142411,-2,124
model,result_0394,0.8094052634811179,0.9257985544210092,4,232
model,result_0163,0.7841605183702143,0.9379502628044206,-2,215
