background,freiburg_000000_000153.png
split,train
model,result_0657,0.8297998331506335,0.7413849952015694,1,340
model,result_0914,0.7247783355648305,0.28590907657230535,4,203
