background,duisburg_000000_000199.png
split,train
model,result_0996,0.42790695368888676,0.8887285881708007,0,34
model,result_0266,0.3348159365120562,0.3561965736812891,4,5
