background,freiburg_000000_000236.png
split,train
model,result_0164,0.42766517554599215,0.6930117162822493,-4,7
