background,mannheim_000000_001158.png
split,train
model,result_0046,0.4422968568341459,0.9320047264577078,-1,95
model,result_0389,0.9431829546922403,0.5086861024387239,2,114
