background,wurzburg_000000_001075.png
split,train
model,result_0061,0.02335190716710367,0.4354910796299221,-2,182
