background,bochum_000000_031922.png
split,train
model,result_0882,0.08878692575168368,0.6044732066461855,2,263
model,result_0467,0.009484807556212504,0.25602224592953327,2,224
model,result_0154,0.5525259517602253,0.9431554875925271,-4,286
