background,saarbrucken_000000_000054.png
split,train
model,result_0039,0.049767091793839535,0.30041682355969757,1,300
