background,konstanz_000000_000369.png
split,train
model,result_0199,0.1736825555336613,0.3527293434638133,4,145
