background,saarbrucken_000000_000485.png
split,train
model,result_0467,0.9141889710573756,0.4723656709720163,1,239
model,result_0154,0.3841727033389749,0.5423198747914866,-4,248
