background,bamberg_000000_000326.png
split,train
model,result_0288,0.44949748419054836,0.48815211544898274,-2,213
