background,nuremberg_000000_000191.png
split,train
model,result_0981,0.6696236344206432,0.6258092031630997,1,218
model,result_0527,0.9091608821207556,0.28136375613316295,-2,357
