background,wurzburg_000000_001390.png
split,train
model,result_0394,0.9614497103388249,0.9320069601783549,4,187
model,result_0163,0.6973912714366028,0.3808002861559304,2,134
