background,heilbronn_000000_000055.png
split,train
model,result_0510,0.8607448350646344,0.3015042282673994,-1,217
