background,dusseldorf_000120_000019.png
split,train
model,result_0319,0.3896576448908957,0.376396736598151,-2,249
model,result_0477,0.7076647355884409,0.3230725236518417,3,330
