background,wurzburg_000000_001300.png
split,train
model,result_0510,0.03798295940256913,0.9662261352665176,-2,280
model,result_0328,0.5129211422560197,0.9396156524347152,-3,96
model,result_0879,0.4584544242484311,0.3527154526408448,4,120
