background,strasbourg_000001_032315.png
split,train
model,result_0879,0.1398411807415314,0.9702492584538557,1,256
