background,augsburg_000000_000197.png
split,train
model,result_0844,0.270747814965683,0.9948857434815714,-2,229
model,result_0995,0.126951176749876,0.5604723636816811,-3,299
model,result_0969,0.14980152039188155,0.7812549241095945,0,81
