background,duisburg_000000_000818.png
split,train
model,result_0686,0.0626549730320971,0.8358469145883868,-3,276
