background,karlsruhe_000000_000687.png
split,train
model,result_0878,0.06335603651538924,0.6653824146643794,3,212
model,result_0004,0.8378774617439165,0.5759322412194096,-4,202
model,result_0931,0.8536016554384257,0.35264682983411105,1,289
