background,jena_000001_000019.png
split,train
model,result_0866,0.040175340131066495,0.6378721059106067,-3,27
model,result_0983,0.31622498966022794,0.27967349590209734,-2,207
model,result_0996,0.048343467677638086,0.8223932966732791,0,325
