background,duisburg_000000_000369.png
split,train
model,result_0678,0.40513101366248805,0.7822806416349336,1,20
