background,dresden_000000_000030.png
split,train
model,result_0657,0.9027366596499041,0.486817453187245,-1,43
