background,karlsruhe_000000_000066.png
split,train
model,result_0192,0.8761201114396274,0.615707704841651,1,269
model,result_0218,0.08147271966666969,0.8595627917131824,4,223
