background,strasbourg_000000_022489.png
split,train
model,result_0394,0.9742136213688523,0.3948665387769259,0,100
