background,mannheim_000000_001080.png
split,train
model,result_0981,0.6934994636245351,0.8493489552531992,2,304
