background,muhlheim-ruhr_000000_000897.png
split,train
model,result_0992,0.3201793253856655,0.8961883001243969,-1,19
