background,konstanz_000000_000442.png
split,train
model,result_0857,0.1937623853202548,0.5862227863269798,1,64
model,result_0795,0.2674350887297915,0.3606747996827677,-3,162
