background,augsburg_000000_000905.png
split,train
model,result_0394,0.164722605780523,0.8791014414173833,-3,132
