background,dresden_000000_000222.png
split,train
model,result_0969,0.9497163510956242,0.7573215564035107,-2,133
model,result_0793,0.911697346843629,0.856741792202427,3,146
