background,oberhausen_000000_000184.png
split,train
model,result_0295,0.8601277968017904,0.837480151077109,-1,17
model,result_0127,0.9838820144464243,0.7187483795693335,1,278
