background,karlsruhe_000000_000714.png
split,train
model,result_0995,0.7600062716733146,0.6459650467779954,4,122
model,result_0969,0.7804657413690405,0.8599622297251206,-3,322
