background,nuremberg_000000_000933.png
split,train
model,result_0793,0.27034606720742593,0.754434875600694,1,153
model,result_0686,0.4670854198547284,0.7303518086502838,-1,97
model,result_0805,0.021260724768467854,0.5752026701977775,-4,352
