background,karlsruhe_000000_000958.png
split,train
model,result_0024,0.5432467834941175,0.33931199773420484,1,54
