background,wurzburg_000000_000539.png
split,train
model,result_0914,0.8532112690306002,0.618551672605857,0,30
model,result_0193,0.7850077166526714,0.8201724906576076,1,89
