background,augsburg_000000_000022.png
split,train
model,result_0586,0.4227975639038313,0.8252998360266047,0,229
model,result_0989,0.17401960063488942,0.28294526721007257,1,352
