background,muhlheim-ruhr_000000_000099.png
split,train
model,result_0324,0.34068420644346453,0.6588359153975534,2,5
