background,mannheim_000000_001030.png
split,train
model,result_0527,0.4493524746469272,0.3967593106404759,-1,263
