background,oberhausen_000000_000741.png
split,train
model,result_0775,0.6563316659145273,0.6775931660646328,-3,297
model,result_0075,0.1538107346401396,0.6616718061908031,-4,330
