background,karlsruhe_000000_000103.png
split,train
model,result_0163,0.8311087763978802,0.9172657230809077,-1,76
