background,konstanz_000000_001517.png
split,train
model,result_0968,0.23595229391083894,0.9551917336513096,3,176
