background,schweinfurt_000000_000048.png
split,train
model,result_0991,0.7327523742079737,0.8875677256360931,2,107
model,result_0373,0.9777220473340452,0.9386654650609079,1,125
model,result_0191,0.14007569176735535,0.8938690787011795,-2,0
