background,oberhausen_000000_000679.png
split,train
model,result_0154,0.4355632616550008,0.7939452399351772,-4,181
model,result_0562,0.005442824887878284,0.8412471899330749,4,26
