background,schweinfurt_000000_000231.png
split,train
model,result_0882,0.10251796894821852,0.5321605801730653,2,90
model,result_0467,0.5484250406734585,0.37228770050982984,0,240
model,result_0154,0.035978540606608655,0.8411831333821735,-1,257
