background,heidelberg_000000_000471.png
split,train
model,result_0146,0.5142565263477591,0.9837667598575188,2,180
model,result_0295,0.1503153934142275,0.450760345147592,2,296
