background,heidelberg_000000_000328.png
split,train
model,result_0968,0.7349142428672657,0.31755067021490235,4,255
