background,konstanz_000000_001124.png
split,train
model,result_0060,0.8785153746360005,0.3255771831524661,-4,184
model,result_0080,0.5705623357668268,0.49430486602168916,0,251
model,result_0857,0.3144805804993205,0.5949959084972473,4,84
