background,karlsruhe_000000_000087.png
split,train
model,result_0960,0.4728776801044221,0.6394262267947393,-2,315
model,result_0632,0.8064757221867278,0.8421333913850707,4,23
model,result_0357,0.9347170289116226,0.3123138263017625,2,242
