background,wuppertal_000000_000775.png
split,train
model,result_0036,0.03686168524638844,0.9297946362061711,2,61
model,result_1000,0.42121060253284914,0.7231338339042989,1,183
model,result_0367,0.8593337419024167,0.508631122948844,-3,163
