background,schweinfurt_000000_000004.png
split,train
model,result_0218,0.06641358078355897,0.9819727327021028,2,286
model,result_0694,0.08471825499221897,0.81878304649826,1,265
