background,hamburg_000000_001106.png
split,train
model,result_0855,0.048432522243944676,0.7337822088022923,-4,237
