background,mannheim_000000_000132.png
split,train
model,result_0146,0.8847816198760082,0.8617153117365403,1,198
model,result_0295,0.05127991976213986,0.6875414494603268,-1,66
