background,karlsruhe_000000_001023.png
split,train
model,result_0657,0.7860337383882492,0.6168330331480567,-2,291
