background,stuttgart_000046_000019.png
split,train
model,result_0960,0.4290566605714542,0.8545465847711504,1,142
