background,heilbronn_000000_000399.png
split,train
model,result_0960,0.7834253620686942,0.44822960423436764,-2,73
model,result_0632,0.44363010680795856,0.4043738445938623,4,138
model,result_0357,0.4002736512756667,0.437721016399666,-1,1
