background,wurzburg_000000_000665.png
split,train
model,result_0855,0.1931608492605481,0.495972123222297,-1,285
model,result_0338,0.23542952281954055,0.48002180409411743,1,157
model,result_0557,0.8256984892100037,0.41153510922329567,2,300
