background,nuremberg_000000_000549.png
split,train
model,result_0678,0.5778179172713579,0.42917883467624407,-2,324
model,result_0784,0.5478995462162064,0.9357986996618678,-4,51
