background,augsburg_000000_000208.png
split,train
model,result_0674,0.39882139317245235,0.2588082646501073,1,168
model,result_0146,0.14787103220599285,0.3493879913266831,0,132
