background,konstanz_000000_001062.png
split,train
model,result_0357,0.7235851868462173,0.9992122957474607,3,293
