background,bremen_000224_000019.png
split,train
model,result_0805,0.49845056069864646,0.8936906670095661,-3,51
