background,heilbronn_000000_000002.png
split,train
model,result_0080,0.0013440499060108912,0.5232396295574838,-2,141
