background,nuremberg_000000_000962.png
split,train
model,result_0283,0.93882785274237,0.9620736969838369,1,321
