background,heidelberg_000000_000724.png
split,train
model,result_0046,0.6870498700825177,0.6662100093753717,4,306
model,result_0389,0.5747183702589641,0.4487517194998779,-1,119
model,result_0164,0.47245186819777196,0.6939513168125898,3,58
