background,dortmund_000000_000845.png
split,train
model,result_0123,0.3620558636886265,0.9261165284806105,1,258
