background,bayreuth_000000_000586.png
split,train
model,result_0389,0.11062442350135959,0.8481278681349783,2,305
model,result_0164,0.33990913229966113,0.7159221336172236,1,64
model,result_0440,0.8393797333746683,0.5920930400573625,-2,345
