background,karlsruhe_000000_000531.png
split,train
model,result_0295,0.1111538396140016,0.3654426334835498,-1,127
