background,muhlheim-ruhr_000000_000993.png
split,train
model,result_0324,0.2291683922949992,0.9467173159914001,1,246
model,result_0173,0.8068388318752532,0.5072326770469109,1,278
model,result_0751,0.19484656021975555,0.8739144844810702,2,9
