background,heidelberg_000000_000434.png
split,train
model,result_0822,0.8902855642748827,0.8908657114949263,-4,196
model,result_0855,0.6104199467845578,0.6593910444228074,0,226
