background,troisdorf_000000_000068.png
split,train
model,result_0686,0.9866740118316178,0.549213482186689,4,98
model,result_0805,0.7402097863891421,0.47307595282088727,-3,333
model,result_0039,0.5425093380921397,0.9523802870541628,4,88
