background,freiburg_000000_000047.png
split,train
model,result_0739,0.3029342101416037,0.530195775450191,-3,340
model,result_0960,0.33750910697659764,0.8140722965006217,-1,282
model,result_0632,0.3419937318093854,0.29153554623881,1,174
