background,heilbronn_000000_000078.png
split,train
model,result_0060,0.9443334823201076,0.9464030917472316,-2,244
model,result_0080,0.08460726336046864,0.5933392737969476,-2,142
model,result_0857,0.767149295053808,0.28783807664886724,3,249
