background,wurzburg_000000_001057.png
split,train
model,result_0981,0.9134072848859224,0.5102980765929435,4,161
