background,augsburg_000000_000357.png
split,train
model,result_0924,0.656855307237916,0.8030372052142647,3,76
