background,saarbrucken_000000_000054.png
split,train
model,result_0544,0.11877815597632169,0.30008325396321456,3,66
model,result_0999,0.906732389687215,0.33689677007517016,-3,40
