background,duisburg_000000_000663.png
split,train
model,result_0646,0.02211389864758495,0.6200417315250419,0,138
model,result_0586,0.9434833371609287,0.34653185859516744,2,238
model,result_0989,0.4392159872507332,0.2588019517439242,-2,223
