background,mannheim_000000_000235.png
split,train
model,result_0367,0.8650397640570612,0.3871587524780076,4,317
