background,saarbrucken_000000_000321.png
split,train
model,result_0477,0.23217251321547094,0.5956447018171969,4,297
model,result_0949,0.9710908217084182,0.5137647031072321,-4,55
