background,mannheim_000000_000501.png
split,train
model,result_0239,0.9587909848771274,0.5382259272057648,-4,174
model,result_0051,0.5556424976781872,0.8290118159713618,3,20
