background,wuppertal_000000_000694.png
split,train
model,result_0949,0.09209314046852934,0.8380441059734334,-3,159
