background,wuppertal_000000_000987.png
split,train
model,result_0127,0.9601025189744389,0.7410125064402409,-1,85
