background,nuremberg_000000_000750.png
split,train
model,result_0979,0.24365667158008608,0.26844326769148075,2,327
model,result_0871,0.9151807572216385,0.9270445468193783,2,238
model,result_0878,0.46851377601271293,0.5495813817817934,-2,324
