background,hanover_000000_046954.png
split,train
model,result_0386,0.8117193045217816,0.2876694587152413,-1,70
