background,bochum_000000_008804.png
split,train
model,result_0146,0.6497965527850169,0.5107439798178377,-3,176
model,result_0295,0.7500510451420407,0.5778714090973418,3,9
