background,nuremberg_000000_000995.png
split,train
model,result_0163,0.2997034979584654,0.8877556378895692,-4,271
model,result_0657,0.041375668938077204,0.3182617811110998,1,251
model,result_0914,0.22797798779760037,0.6951773798428258,-1,49
