background,oberhausen_000000_000724.png
split,train
model,result_0080,0.10177672726559805,0.5530572938463374,4,22
model,result_0857,0.09740568905914271,0.4529006000997584,2,290
model,result_0795,0.7507465338674524,0.7586770612950122,0,264
