background,wurzburg_000000_001014.png
split,train
model,result_0739,0.9435448047531505,0.46416060206789034,-4,303
model,result_0960,0.46183217287335476,0.30995917206198614,2,248
model,result_0632,0.5389115951181309,0.3381447200026535,3,72
