background,augsburg_000000_000111.png
split,train
model,result_0694,0.6644408530000198,0.9864344582167197,2,311
