background,heilbronn_000000_000153.png
split,train
model,result_0557,0.20874555076251267,0.620323356707601,1,337
model,result_0544,0.9894904103952915,0.688953084241019,-3,183
