background,oberhausen_000000_000777.png
split,train
model,result_0793,0.014608588216493357,0.483286000288789,-4,126
model,result_0686,0.8533005171657265,0.9001436945659875,3,95
