background,karlsruhe_000000_000059.png
split,train
model,result_0199,0.16795301549964847,0.30308782247391375,-2,118
model,result_0060,0.057865596593802415,0.32573698186123157,1,286
model,result_0080,0.9435764685131902,0.9460754268271669,4,81
