background,bayreuth_000000_000392.png
split,train
model,result_0822,0.7596346668426988,0.8011807169391536,2,272
