background,wurzburg_000000_001554.png
split,train
model,result_0960,0.7987304064548164,0.471063215408707,-4,16
model,result_0632,0.19781572657017943,0.721690319091353,3,38
model,result_0357,0.3769481732633687,0.8957627361743752,-4,202
