background,krefeld_000000_024921.png
split,train
model,result_0173,0.7878519333744113,0.5616109361264054,2,80
model,result_0751,0.6526188645051854,0.5210086367412994,-4,344
