background,wurzburg_000000_000327.png
split,train
model,result_0060,0.38133772781650965,0.35017954079523694,-2,24
model,result_0080,0.1393319901848773,0.535764430346951,0,81
