background,frankfurt_000001_065160.png
split,train
model,result_0822,0.6751260484696323,0.6547506522037607,4,321
