background,wurzburg_000000_001240.png
split,train
model,result_0499,0.5382973307370721,0.7378918677256621,-3,51
