background,bayreuth_000000_000623.png
split,train
model,result_0510,0.41786115030952886,0.48324596264514874,2,93
model,result_0328,0.9054090075462228,0.9083052746428077,1,272
