background,oberhausen_000000_000131.png
split,train
model,result_0968,0.25087270878854107,0.6598672330840295,-3,153
model,result_0847,0.2586541287882499,0.6757512736004172,2,186
