background,bayreuth_000000_000827.png
split,train
model,result_0949,0.9239024130437519,0.25588211466711774,0,15
model,result_0324,0.7332582566748312,0.9074972474365562,-4,26
