background,dortmund_000000_000906.png
split,train
model,result_0332,0.1149337330282445,0.48524404209856503,-1,277
model,result_0385,0.8797705160100175,0.8458855138335949,-1,1
model,result_0991,0.6733689105156292,0.42748741503943044,3,103
