background,dortmund_000000_000064.png
split,train
model,result_0866,0.608763503836437,0.789787888988126,1,263
model,result_0983,0.9571547937716468,0.7975006791838546,3,299
