background,wuppertal_000000_000600.png
split,train
model,result_0995,0.6588928625200261,0.9946423342031863,4,14
model,result_0969,0.4206023724261251,0.7034803118785878,3,91
model,result_0793,0.9727082139333197,0.7372634458348651,-2,183
