background,dortmund_000000_000508.png
split,train
model,result_0295,0.7447121578522138,0.6448810415981177,-2,62
model,result_0127,0.4198689963607858,0.9668383956216968,-3,34
