background,oberhausen_000000_000658.png
split,train
model,result_0784,0.8278955565077185,0.706852152592566,1,147
