background,heidelberg_000000_000160.png
split,train
model,result_0075,0.5170700124553784,0.39634554048356063,2,213
