background,duisburg_000000_000530.png
split,train
model,result_0075,0.9315682713452575,0.9589424031795245,0,216
model,result_0992,0.4056094845141318,0.453936307008467,-1,117
