background,schweinfurt_000000_000548.png
split,train
model,result_0795,0.01962588789481967,0.8739253714790693,2,2
