background,freiburg_000000_000836.png
split,train
model,result_0871,0.4246548924774207,0.5029661742084949,1,80
