background,dortmund_000000_000654.png
split,train
model,result_0024,0.9002890371020648,0.5662544044738398,3,54
