background,nuremberg_000000_001015.png
split,train
model,result_0657,0.1894074657717123,0.919421570913644,-1,117
model,result_0914,0.4377830518969714,0.9909229713127585,-4,232
