background,wuppertal_000000_000678.png
split,train
model,result_0784,0.04240496083743661,0.5790059623608712,0,146
model,result_0924,0.44923224237495385,0.3022098720828087,0,164
model,result_0866,0.7820089083157572,0.9253725882151121,4,228
