background,saarbrucken_000000_000548.png
split,train
model,result_0146,0.6334687810006111,0.5290386304229808,0,350
model,result_0295,0.3765933725725934,0.46252906899503654,-2,300
model,result_0127,0.8757515605906069,0.8481952275760012,-2,63
