background,wurzburg_000000_000833.png
split,train
model,result_0367,0.917675901959405,0.6338130771364612,-1,16
model,result_0822,0.051182964733850644,0.475471275560605,0,201
model,result_0855,0.6776624093350472,0.2904730819512361,-4,325
