background,dresden_000000_000058.png
split,train
model,result_0440,0.02787577285210019,0.26132476775701924,-3,267
model,result_0484,0.4321959740969521,0.4293396626845744,0,333
model,result_0861,0.6121680454022496,0.48313833088044655,-3,97
