background,freiburg_000000_000346.png
split,train
model,result_0931,0.6239157888268073,0.7168083247249398,-1,221
model,result_0123,0.6418070470954181,0.5703007428548013,-1,240
model,result_0472,0.8302539881364183,0.9017976956715297,3,104
