background,konstanz_000000_000930.png
split,train
model,result_0949,0.18263260362441447,0.40601902879607576,2,53
model,result_0324,0.8421172667727481,0.8959935312807242,1,150
model,result_0173,0.39503407762979237,0.263833751590306,-2,214
