background,konstanz_000000_000977.png
split,train
model,result_0367,0.7755160970921492,0.8098039198220441,-1,149
