background,wuppertal_000000_001071.png
split,train
model,result_0847,0.6258700716228219,0.3412447555332013,2,136
