background,saarbrucken_000000_000540.png
split,train
model,result_0283,0.18120725753002775,0.8631593643870222,1,111
model,result_0968,0.5207684839059723,0.41804136319676655,0,210
