background,lindau_000056_000019.png
split,train
model,result_0472,0.6307716613509068,0.5026015790582656,4,185
model,result_0981,0.9870938917013546,0.844036914276154,3,57
model,result_0527,0.44201307138998747,0.5614076075330577,-4,350
