background,wurzburg_000000_001270.png
split,train
model,result_0373,0.42372808436646703,0.5143735097466564,4,147
