background,muhlheim-ruhr_000000_000966.png
split,train
model,result_0968,0.5405258160948956,0.41124480853701195,-4,336
model,result_0847,0.6634569585141125,0.7432813349041199,-4,260
