background,karlsruhe_000000_000947.png
split,train
model,result_0857,0.32045679215745415,0.46114024032561074,-1,240
model,result_0795,0.8209164274572267,0.7928860889514049,0,110
model,result_0388,0.28784897682128385,0.6371711344368906,2,88
