background,wurzburg_000000_000907.png
split,train
model,result_0914,0.47994336863604714,0.32086494676086097,-3,172
model,result_0193,0.15397921375342238,0.6203805159106279,0,89
