background,darmstadt_000073_000019.png
split,train
model,result_0674,0.9901174246101485,0.78683832569275,-2,262
