background,konstanz_000000_000056.png
split,train
model,result_0004,0.9769108861693905,0.39335543671055884,-3,344
model,result_0931,0.2862101598468082,0.37903022148635923,-3,68
model,result_0123,0.6686664103204648,0.7609371874205357,-3,138
