background,karlsruhe_000000_000736.png
split,train
model,result_0082,0.9230202518722008,0.38392936998234456,1,151
