background,freiburg_000000_000254.png
split,train
model,result_0674,0.08163216955062624,0.8413605551580956,0,237
model,result_0146,0.7036038459768292,0.980412340240893,3,355
