background,nuremberg_000000_000908.png
split,train
model,result_0127,0.1853577222891346,0.27664022178691905,-1,332
model,result_0022,0.5648546267209325,0.2803966590712685,4,183
model,result_0061,0.4200863179966301,0.9742710874608691,1,225
