background,oberhausen_000000_000674.png
split,train
model,result_0357,0.914098293331035,0.7391509895163689,0,353
