background,mannheim_000000_000995.png
split,train
model,result_0949,0.062246395296234214,0.9197705102165737,0,235
model,result_0324,0.7868378406267748,0.842229909439777,4,70
