background,saarbrucken_000000_000550.png
split,train
model,result_0871,0.5174904029426504,0.37526651092679186,-4,169
model,result_0878,0.6564409510745872,0.6969036280971183,0,199
