background,duisburg_000000_000657.png
split,train
model,result_0527,0.26266553030905415,0.3862659268057387,-1,318
