background,muhlheim-ruhr_000000_000544.png
split,train
model,result_0602,0.6667090463233153,0.38546882171537955,0,112
