background,muhlheim-ruhr_000000_000519.png
split,train
model,result_0686,0.41546485321176174,0.48652733672967896,0,306
model,result_0805,0.1512054496036226,0.28424218739394225,2,49
