background,augsburg_000000_000092.png
split,train
model,result_0239,0.6822427308756418,0.5958824445020432,-1,184
model,result_0051,0.7099438738934605,0.5242280302528964,2,104
