background,dortmund_000000_001006.png
split,train
model,result_0879,0.7954540825938378,0.4844561467587951,-3,200
model,result_0542,0.35366646083860465,0.8354030010361662,-1,108
