background,duisburg_000000_000169.png
split,train
model,result_0173,0.5960639226182441,0.3285333587517881,-1,78
model,result_0751,0.8062270585346677,0.6666924792734468,1,134
model,result_0678,0.6924792725465932,0.9495846913289598,-1,217
