background,heidelberg_000000_000411.png
split,train
model,result_0602,0.874239652429681,0.3208412152244128,4,343
model,result_0024,0.9086258221342376,0.6279082728575076,-3,199
model,result_0288,0.016844567731671645,0.6476924294046478,-1,354
