background,wurzburg_000000_000799.png
split,train
model,result_0080,0.025053619617453338,0.5299752146313553,2,169
model,result_0857,0.0055934950075424705,0.9908818245612393,2,314
model,result_0795,0.8246558843820204,0.5952941238299031,4,200
