background,schweinfurt_000000_000694.png
split,train
model,result_0945,0.7868147919914311,0.5326161322798428,-2,43
model,result_0612,0.35118744463161444,0.4609162769021287,-2,205
