background,wurzburg_000000_000043.png
split,train
model,result_0386,0.42165194415285623,0.9295159373150206,2,78
model,result_0979,0.21787270726027774,0.25715558903498204,4,237
model,result_0871,0.024452401108788324,0.3830233895553254,-3,276
