background,konstanz_000000_001142.png
split,train
model,result_0979,0.4529704507147797,0.5787978924574728,-2,94
model,result_0871,0.5908498722385628,0.5916052226907804,3,38
