background,muhlheim-ruhr_000000_000142.png
split,train
model,result_0878,0.1711439599204203,0.3562554811608057,-3,340
model,result_0004,0.5359075549941077,0.619782718319161,1,172
model,result_0931,0.029388783191340306,0.8446320093045946,-3,110
