background,konstanz_000000_001022.png
split,train
model,result_0127,0.2624648075179181,0.5409976905609739,-1,335
model,result_0022,0.9645561639997353,0.401419530700132,-3,217
model,result_0061,0.2783635541350845,0.6363282109072604,2,83
