background,dortmund_000000_000188.png
split,train
model,result_0602,0.603389328458322,0.8371296263220025,1,67
model,result_0024,0.44454795830008875,0.3349831106779542,0,290
