background,dresden_000000_000212.png
split,train
model,result_0981,0.7468969241310064,0.3048881883156622,-2,291
