background,wuppertal_000000_000452.png
split,train
model,result_0602,0.9523677787548939,0.30235719913419584,-1,321
model,result_0024,0.29957613522286675,0.7403198510875055,-3,52
