background,saarbrucken_000000_000154.png
split,train
model,result_0082,0.4292117322311726,0.6156261625480548,4,218
model,result_0945,0.9941711340205204,0.9705022512848713,4,142
