background,konstanz_000000_000757.png
split,train
model,result_0805,0.17700410322280635,0.7304896504658062,-1,343
model,result_0039,0.6688264860881145,0.29396434353653783,3,24
model,result_0386,0.9439385444438836,0.9886464025155585,4,235
