background,heilbronn_000000_000003.png
split,train
model,result_0989,0.8396662112233919,0.5427769157003838,2,70
model,result_0803,0.24162962609573202,0.5330360318992795,0,295
model,result_0192,0.24838124656318905,0.9726047651362891,-4,304
