background,heidelberg_000000_000012.png
split,train
model,result_1000,0.9370533229486105,0.8655431369803368,4,342
model,result_0367,0.21465435920308318,0.9764169333687414,-1,85
