background,heidelberg_000000_001038.png
split,train
model,result_0051,0.017695716075065482,0.2516744050295364,3,197
model,result_0739,0.30262282677347296,0.41302473460745176,-3,321
