background,dortmund_000000_000344.png
split,train
model,result_0022,0.31507522994104886,0.3258892249719567,1,348
