background,dresden_000000_000161.png
split,train
model,result_0328,0.6367802968762322,0.8935536087515719,-3,184
model,result_0879,0.9809524709698122,0.4164589613894705,4,241
model,result_0542,0.7697563398855094,0.4633757198600311,-4,84
