background,mannheim_000000_000097.png
split,train
model,result_0357,0.146931970247263,0.694362869797835,-4,126
