background,heilbronn_000000_000655.png
split,train
model,result_0373,0.6999895212225499,0.7561681049460143,-2,207
