background,bayreuth_000000_000278.png
split,train
model,result_0862,0.53216876754247,0.9225362138410041,-4,127
model,result_0524,0.1931797900083323,0.7497431942774528,1,108
