background,karlsruhe_000000_000688.png
split,train
model,result_0472,0.5794164421836038,0.4320813411163859,-3,95
model,result_0981,0.6405750229074988,0.3428018865175298,-2,94
