background,saarbrucken_000000_000484.png
split,train
model,result_0524,0.9737416189660909,0.6449631256390399,-4,280
model,result_0199,0.2151437286181377,0.4607409686701296,-1,314
model,result_0060,0.003945190043276314,0.8797131821784095,-3,209
