background,karlsruhe_000000_000862.png
split,train
model,result_0266,0.5901304562337962,0.40855734306603164,0,330
model,result_0862,0.012856702031302514,0.6843833812022508,2,34
model,result_0524,0.19840447060567412,0.5141166366381703,4,58
