background,nuremberg_000000_000940.png
split,train
model,result_0394,0.04010321273460071,0.547391620559911,0,265
model,result_0163,0.2941831258633487,0.9368128601660856,-2,322
