background,augsburg_000000_000674.png
split,train
model,result_0527,0.08631677398837212,0.7722698227084406,-3,262
model,result_0602,0.5534008647427052,0.5062447798810954,-2,14
