background,augsburg_000000_001456.png
split,train
model,result_0968,0.6328269947003574,0.8644006019538722,2,17
