background,wuppertal_000000_000408.png
split,train
model,result_0127,0.7500114844335201,0.7095789762820393,-4,124
