background,wurzburg_000000_001386.png
split,train
model,result_1000,0.3614232517276271,0.8921365237784784,3,219
model,result_0367,0.4204390865331056,0.8324155633712391,1,119
