background,muhlheim-ruhr_000000_000600.png
split,train
model,result_0499,0.6766264029361833,0.7953145495052423,3,69
