background,nuremberg_000000_000451.png
split,train
model,result_0080,0.983777128178394,0.3403865339543072,-4,300
model,result_0857,0.5638438348469541,0.25729200605384217,1,133
model,result_0795,0.15581003676947647,0.8730126041956214,2,313
