background,augsburg_000000_001122.png
split,train
model,result_0931,0.5861264417002603,0.47459765092574996,0,193
model,result_0123,0.2662468276979155,0.5284088839496377,-2,200
