background,muhlheim-ruhr_000000_000401.png
split,train
model,result_0861,0.9756296538134516,0.5028203720013632,1,69
model,result_0882,0.4593273385313944,0.6218274934665505,1,196
