background,muhlheim-ruhr_000000_000199.png
split,train
model,result_0319,0.2693197521274231,0.46171397859234814,0,259
