background,duisburg_000000_000571.png
split,train
model,result_0385,0.5093410535682105,0.9607456627007265,3,312
