background,karlsruhe_000000_000130.png
split,train
model,result_0164,0.5958523961364565,0.7149973880955298,-3,95
model,result_0440,0.6552746320707229,0.4012889480768057,3,167
