background,schweinfurt_000000_000469.png
split,train
model,result_0123,0.9500426120582417,0.4181275582604328,-3,158
model,result_0472,0.24809480727494193,0.6526446665530192,0,69
