background,wuppertal_000000_000113.png
split,train
model,result_0793,0.3388397431787177,0.6125939418476666,-2,305
model,result_0686,0.13266784428058742,0.7966716895071994,3,324
model,result_0805,0.5475535575695838,0.8441489540840679,0,123
