background,konigswinter_000000_000100.png
split,train
model,result_0857,0.9871815869016757,0.3047494400637301,-2,314
model,result_0795,0.5825242902510092,0.4220375793575027,3,355
