background,muhlheim-ruhr_000000_000901.png
split,train
model,result_0288,0.4903440731750336,0.7609429319528733,0,267
