background,konstanz_000000_001114.png
split,train
model,result_0999,0.7957976179403154,0.8889539881692959,4,22
