background,wuppertal_000000_001006.png
split,train
model,result_0484,0.18724466086109726,0.5121991734219069,-1,272
model,result_0861,0.4926374899128141,0.36359493598488807,-3,329
