background,heidelberg_000000_001145.png
split,train
model,result_0914,0.565184236565082,0.5755716507350281,-3,30
model,result_0193,0.7279737847248794,0.6514345195933057,1,68
model,result_0036,0.8485909050772543,0.6656905126810146,3,4
