background,freiburg_000000_000715.png
split,train
model,result_0606,0.08841329177315738,0.26336473124180937,0,36
model,result_0082,0.20914940996149378,0.9719315950708158,-3,88
model,result_0945,0.1761525375849039,0.8531496586035499,-2,7
