background,augsburg_000000_000221.png
split,train
model,result_0146,0.5359308139285259,0.5792627427352671,2,229
model,result_0295,0.9729717688053634,0.659868294140856,2,299
model,result_0127,0.7458145051568444,0.359586295268584,2,9
