background,bamberg_000000_000207.png
split,train
model,result_0061,0.6954433048603718,0.47238163924266074,0,234
model,result_0606,0.3790230672419197,0.3050753309442582,-1,141
