background,augsburg_000000_001355.png
split,train
model,result_0191,0.4261325163642895,0.8153878996826585,-1,222
model,result_0775,0.6288704739413374,0.2873853367115491,-1,286
