background,oberhausen_000000_000512.png
split,train
model,result_0855,0.39748198546763946,0.38020056815509345,-3,188
model,result_0338,0.9457738477761634,0.5575779534302785,2,28
model,result_0557,0.9853210028576703,0.7484668985551787,-3,239
