background,mannheim_000000_000600.png
split,train
model,result_0039,0.25264613778209566,0.7498872043672834,1,87
