background,wurzburg_000000_000191.png
split,train
model,result_0173,0.9809663452629579,0.48868994154085926,3,30
model,result_0751,0.41160086008334107,0.32859514241885285,-2,189
