background,nuremberg_000000_000001.png
split,train
model,result_0357,0.008845347824134153,0.6498664926286545,3,148
