background,heilbronn_000000_000213.png
split,train
model,result_0173,0.053054349576645454,0.6615646326976723,3,225
