background,muhlheim-ruhr_000000_000963.png
split,train
model,result_0862,0.896731520685937,0.49488548433932256,-4,48
model,result_0524,0.8853676957459397,0.8956040811361456,3,120
model,result_0199,0.4904486141603731,0.9599969427338184,2,295
