background,dusseldorf_000103_000019.png
split,train
model,result_0367,0.2045819910625175,0.37366985157371924,1,33
model,result_0822,0.4075033957313523,0.8227074087870412,-2,193
