background,wurzburg_000000_000435.png
split,train
model,result_0036,0.8388917436668966,0.7192725176775853,0,37
model,result_1000,0.07745131339337907,0.3604179021820178,1,290
model,result_0367,0.9512741150376612,0.47175301624443894,3,185
