background,konstanz_000000_001286.png
split,train
model,result_0602,0.8930795917580971,0.7477303904141469,-4,201
model,result_0024,0.36038811264827475,0.6864219188662015,4,352
