background,erfurt_000058_000019.png
split,train
model,result_0199,0.4931757150594386,0.9170150420654679,2,225
model,result_0060,0.9689615098278463,0.45366165547455195,4,118
