background,bremen_000196_000019.png
split,train
model,result_0324,0.7297331069257363,0.39294569606267726,-4,57
model,result_0173,0.4650732824664887,0.4649556025156374,-2,221
model,result_0751,0.7024675046984867,0.9731478098215018,0,96
