background,konstanz_000000_000384.png
split,train
model,result_0123,0.7336937838520652,0.5939555686965251,-2,75
model,result_0472,0.01802971399673292,0.33314683353789415,-1,309
