background,wurzburg_000000_001454.png
split,train
model,result_1000,0.04893432946916132,0.8150958399782648,2,160
model,result_0367,0.9267932383895384,0.3165971099939392,-2,136
model,result_0822,0.44413961665831836,0.3792992344765606,-3,89
