background,wuppertal_000000_000893.png
split,train
model,result_0338,0.45254601142166695,0.8409353078011608,3,80
