background,dortmund_000000_000569.png
split,train
model,result_0606,0.5345746509353557,0.8657004541062205,1,198
model,result_0082,0.9955502409052488,0.5043606659974088,-2,256
model,result_0945,0.1084233149321423,0.6173996415404115,3,276
