background,dortmund_000000_000834.png
split,train
model,result_0992,0.948862375764682,0.3837069353912842,-4,306
model,result_0394,0.05501315349643299,0.7883607206905983,2,251
