background,freiburg_000000_000062.png
split,train
model,result_0945,0.6503267440967065,0.4302027789032703,-3,70
