background,augsburg_000000_000002.png
split,train
model,result_0164,0.9982429279891818,0.3757362705513883,0,215
model,result_0440,0.08907198999713573,0.42512962583517927,0,41
