background,heidelberg_000000_000420.png
split,train
model,result_0367,0.3777357075803309,0.750797145263057,3,239
model,result_0822,0.9182474023706244,0.803890404225731,2,189
