background,oberhausen_000000_000751.png
split,train
model,result_0467,0.7799101064296939,0.860499304566614,3,348
