background,freiburg_000000_000636.png
split,train
model,result_0924,0.1868565773505123,0.26839180612419244,4,227
model,result_0866,0.021345944045839893,0.32185852223008354,-4,14
model,result_0983,0.8893424848031699,0.5597257452257565,-2,243
