background,oberhausen_000000_000596.png
split,train
model,result_0857,0.699958393888304,0.5807033646868507,1,181
model,result_0795,0.24070874695645184,0.7346076436597091,-4,275
