background,wurzburg_000000_001235.png
split,train
model,result_0646,0.9445091842969753,0.57880039195756,-2,44
