background,freiburg_000000_000347.png
split,train
model,result_0803,0.26096549860827567,0.7349894254196104,-4,359
model,result_0192,0.24823384147620653,0.9337261647556458,-3,11
