background,wuppertal_000000_000531.png
split,train
model,result_0855,0.8990400132738876,0.9863827217560868,3,173
model,result_0338,0.8456516749333564,0.8418913718004164,3,255
