background,duisburg_000000_000369.png
split,train
model,result_0440,0.09421628599385656,0.27272949470226115,-3,168
model,result_0484,0.005905279685926912,0.7073323631204803,1,226
