background,mannheim_000000_001157.png
split,train
model,result_0775,0.9036183824838674,0.7779044245421683,2,305
model,result_0075,0.7516780578992004,0.9672090518844324,1,207
