background,dortmund_000000_000052.png
split,train
model,result_0857,0.49386641189022706,0.6490456019351556,1,212
