background,mannheim_000000_001177.png
split,train
model,result_0324,0.10162158313495928,0.46279510241716837,3,85
