background,oberhausen_000000_000438.png
split,train
model,result_0949,0.9593489066843105,0.9984746940836188,4,116
model,result_0324,0.7364099748793309,0.5578084329638081,4,335
