background,karlsruhe_000000_000307.png
split,train
model,result_0999,0.08100391012701558,0.3550443119295391,-1,150
model,result_0510,0.4672157042438584,0.26395186425762757,-1,128
model,result_0328,0.9561342539173626,0.7443221992465513,-2,295
