background,wurzburg_000000_001344.png
split,train
model,result_0332,0.34744458496609854,0.7824418701576634,4,52
model,result_0385,0.3805911428038431,0.8494646144354608,2,152
