background,bayreuth_000000_000739.png
split,train
model,result_0866,0.4540021360638905,0.45252660555767715,0,300
model,result_0983,0.9545391990999247,0.8064269345687938,-2,36
