background,karlsruhe_000000_000056.png
split,train
model,result_0989,0.7661840181259882,0.9901098071988288,2,61
model,result_0803,0.18521670020934233,0.38665878405945686,-4,289
model,result_0192,0.5271734131817745,0.672147794208945,-1,120
