background,duisburg_000000_000216.png
split,train
model,result_0969,0.6138371423816231,0.30619505258823837,-1,16
