background,dortmund_000000_000692.png
split,train
model,result_0193,0.13710012405748717,0.39097248886634717,-4,266
model,result_0036,0.3043380610423254,0.35356877353508565,3,350
model,result_1000,0.7385882347092052,0.9107955145323675,-3,120
