background,muhlheim-ruhr_000000_000702.png
split,train
model,result_0775,0.9898617508223175,0.8940202905925992,-3,286
model,result_0075,0.2454648570615341,0.7766235696560011,-3,253
