background,nuremberg_000000_000927.png
split,train
model,result_0969,0.5991257950437963,0.8691613682431393,3,119
model,result_0793,0.022918245557687622,0.7167991717416354,0,138
