background,bayreuth_000000_000564.png
split,train
model,result_0324,0.6137925731061186,0.6049623081463251,1,197
