background,strasbourg_000001_044219.png
split,train
model,result_0949,0.019246858443805803,0.611377494352555,-1,151
model,result_0324,0.6100944558061062,0.48695968072089063,-2,263
model,result_0173,0.43173154279755244,0.30015463036733525,1,109
