background,wuppertal_000000_000405.png
split,train
model,result_0499,0.23191113387790363,0.6913660708427153,3,205
