background,karlsruhe_000000_000199.png
split,train
model,result_0646,0.9112101587265199,0.7387043964270261,-2,292
model,result_0586,0.7328910205849481,0.3094383978365757,4,351
model,result_0989,0.1348194414929802,0.3031823083321651,-2,187
