background,mannheim_000000_000098.png
split,train
model,result_0996,0.0658626194000611,0.4460689690479406,-1,339
model,result_0266,0.8657315007913184,0.6770621610236844,-1,136
