background,tubingen_000090_000019.png
split,train
model,result_0931,0.749734795983059,0.7028987847703627,0,120
model,result_0123,0.37929783065320866,0.8632154110440539,-3,217
model,result_0472,0.08603865018920576,0.2882228806748881,2,155
