background,oberhausen_000000_000784.png
split,train
model,result_0924,0.8709567063540959,0.37713007975575463,-3,299
