background,wuppertal_000000_000491.png
split,train
model,result_0646,0.9715788767629017,0.4786048181384109,2,32
