background,nuremberg_000000_001083.png
split,train
model,result_0866,0.5579250833568904,0.7664236143398793,-1,96
