background,karlsruhe_000000_000623.png
split,train
model,result_0979,0.740786170965458,0.9557322070672077,2,96
model,result_0871,0.8361029425431145,0.5839912087312582,2,65
model,result_0878,0.20231360559157596,0.9617699401652187,0,67
