background,wuppertal_000000_000398.png
split,train
model,result_0388,0.2268776123699543,0.7812507966212477,4,322
model,result_0499,0.6747105722021294,0.9499214318099823,-1,236
model,result_0844,0.8151972186273109,0.43407672824773735,-4,215
