background,strasbourg_000000_023694.png
split,train
model,result_0075,0.2892750906127073,0.7627701132873643,-3,290
