background,nuremberg_000000_000832.png
split,train
model,result_0388,0.9746403100301911,0.5845804952450686,0,229
