background,heidelberg_000000_000010.png
split,train
model,result_0080,0.7168177513240167,0.7627397762710074,2,100
model,result_0857,0.21194327103492183,0.4519659472556211,3,325
model,result_0795,0.6908451387611451,0.6235547119971868,-4,64
