background,dusseldorf_000128_000019.png
split,train
model,result_0878,0.11898567822512351,0.5721708825708948,4,345
model,result_0004,0.795611124113938,0.3347281662473309,-1,81
