background,bayreuth_000000_000660.png
split,train
model,result_0046,0.9899547167761733,0.6762598569611458,3,25
