background,aachen_000030_000019.png
split,train
model,result_0795,0.48031054810265816,0.28284062876067473,3,312
model,result_0388,0.2870992136015066,0.3766435441850654,-3,215
model,result_0499,0.3699505594790673,0.4019580552359873,0,220
