background,karlsruhe_000000_000654.png
split,train
model,result_0739,0.9979447931135986,0.8131753736957948,4,32
