background,heidelberg_000000_000820.png
split,train
model,result_1000,0.6109361422783312,0.9116548897119963,-3,89
