background,augsburg_000000_000718.png
split,train
model,result_0992,0.13630842753536265,0.6411053620651577,1,212
model,result_0394,0.08911007152375516,0.9682562105600183,-3,154
