background,oberhausen_000000_000069.png
split,train
model,result_0751,0.6608380620465435,0.5993170584258917,-2,114
