background,heilbronn_000000_000727.png
split,train
model,result_0484,0.8065026319451429,0.6122417705330983,2,43
model,result_0861,0.12703054341693976,0.7993695051490618,-3,199
