background,karlsruhe_000000_000568.png
split,train
model,result_0586,0.9881046245602818,0.660770261433421,-3,55
model,result_0989,0.5620111554285155,0.9723696117826139,3,142
model,result_0803,0.5251020154482452,0.2983146643191944,-4,1
