background,augsburg_000000_000286.png
split,train
model,result_0914,0.057081241642006564,0.5302665715532932,4,31
