background,dortmund_000000_000024.png
split,train
model,result_0218,0.06304474354008871,0.6907675769775158,2,12
model,result_0694,0.8342084712755549,0.31043508600145137,-1,251
model,result_0319,0.23933551840038103,0.9650610717069377,-4,103
