background,muhlheim-ruhr_000000_000593.png
split,train
model,result_0562,0.6295571639821266,0.5992781883695663,3,348
model,result_0215,0.0870762251553352,0.25873319833560127,-3,263
