background,schweinfurt_000000_000704.png
split,train
model,result_0218,0.473969687512939,0.4994774261502255,0,357
model,result_0694,0.5130226982960268,0.48969731657751503,3,87
model,result_0319,0.5398792772791194,0.35075968455016726,4,353
