background,wurzburg_000000_001619.png
split,train
model,result_0983,0.8508686894247458,0.8802898506365929,4,321
model,result_0996,0.02792361539514765,0.31558917194821506,-4,268
model,result_0266,0.855475367707626,0.8753612552455674,-4,137
