background,bamberg_000000_000381.png
split,train
model,result_0239,0.9340968663447092,0.27614423606055183,-1,131
