background,freiburg_000000_000175.png
split,train
model,result_0602,0.09422724061688337,0.5505452415386733,-1,118
model,result_0024,0.6788390001894996,0.6094999875266083,-4,82
