background,schweinfurt_000000_000660.png
split,train
model,result_0288,0.712634605572186,0.595525686557886,-1,288
model,result_0247,0.7069674449818554,0.6841236997124323,-3,6
model,result_0239,0.37658818794805005,0.5540950840315203,2,262
