background,augsburg_000000_000721.png
split,train
model,result_0510,0.0007140787462527332,0.6178104683212455,3,34
model,result_0328,0.6256431153028771,0.9089461223148823,-4,291
model,result_0879,0.647894491865302,0.9445801803994056,-4,112
