background,duisburg_000000_000795.png
split,train
model,result_0472,0.841751515990047,0.7402224929899848,0,9
model,result_0981,0.23135272475999225,0.8490193956900778,-1,68
