background,heidelberg_000000_000150.png
split,train
model,result_0557,0.4903529409454319,0.4942788768693992,1,325
model,result_0544,0.22128240939066945,0.609564488632138,-2,210
model,result_0999,0.832712438929426,0.4118390338366379,0,60
