background,augsburg_000000_000349.png
split,train
model,result_0004,0.30951043604970174,0.48121688980376,2,207
