background,dortmund_000000_000436.png
split,train
model,result_0674,0.7448506741251866,0.6499357174200813,-4,291
model,result_0146,0.715944589809295,0.9823086981030752,0,171
model,result_0295,0.31682293907864556,0.9329680218401417,1,275
