background,wurzburg_000000_001329.png
split,train
model,result_0544,0.9073509228487249,0.7831432098643496,0,216
model,result_0999,0.7348103102877727,0.7761518673548314,-1,146
