background,augsburg_000000_000184.png
split,train
model,result_0524,0.14667308343748164,0.2658198339245412,-3,211
model,result_0199,0.13803997007632052,0.7884796215499388,3,12
model,result_0060,0.8565527351760627,0.5835722431394297,0,17
