background,tubingen_000061_000019.png
split,train
model,result_0288,0.7959156472093817,0.7468625485738102,0,2
