background,augsburg_000000_001185.png
split,train
model,result_0154,0.5204339699461137,0.8327808635112539,3,299
model,result_0562,0.18086564289164397,0.9280959799680308,1,108
model,result_0215,0.9347802400912589,0.769205310629338,-2,48
