background,karlsruhe_000000_000803.png
split,train
model,result_0082,0.6896992318517438,0.8715760938933595,4,131
model,result_0945,0.4833414633562213,0.9152751564485857,0,90
