background,wurzburg_000000_000079.png
split,train
model,result_0866,0.9117616034840793,0.555835894805629,4,202
