background,augsburg_000000_000418.png
split,train
model,result_0247,0.7442996101909667,0.62383470806138,-1,250
model,result_0239,0.8495836372224722,0.29960176992813925,2,100
