background,mannheim_000000_000096.png
split,train
model,result_0061,0.22431857808120337,0.7387701783900966,4,40
model,result_0606,0.12505810112302163,0.9094403374718572,1,57
