background,freiburg_000000_000066.png
split,train
model,result_0524,0.6709598954343019,0.4992284771509439,-3,354
model,result_0199,0.12290019371570471,0.5382617134527347,0,169
model,result_0060,0.8447753680202909,0.9658137430190139,4,354
