background,muhlheim-ruhr_000000_000040.png
split,train
model,result_0924,0.611878951377984,0.9429628122775684,2,150
model,result_0866,0.9880282476488705,0.8061429116823304,1,235
