background,nuremberg_000000_001149.png
split,train
model,result_0784,0.7139181623923159,0.5183760963255133,0,190
