background,wurzburg_000000_000136.png
split,train
model,result_0612,0.1824589590166087,0.5538324886111897,4,59
model,result_0283,0.9999693804474761,0.8020242054316763,-4,238
model,result_0968,0.5533070049675294,0.34134734341818995,-2,178
