background,muhlheim-ruhr_000000_000410.png
split,train
model,result_0822,0.15841855724130638,0.8618621486260261,-1,130
