background,augsburg_000000_000294.png
split,train
model,result_0510,0.08611277842366327,0.6131804224371564,0,64
model,result_0328,0.4850855208253495,0.29788104441598284,4,256
