background,karlsruhe_000000_000216.png
split,train
model,result_0562,0.43638952857245894,0.4874856565737756,3,186
model,result_0215,0.06744850171421457,0.8802532607199475,4,117
