background,mannheim_000000_000366.png
split,train
model,result_0995,0.5073834897593206,0.5655885427580389,2,316
model,result_0969,0.39238343328101466,0.7802380623460816,2,162
model,result_0793,0.9855841820409541,0.47313361446841534,3,185
