background,karlsruhe_000000_000473.png
split,train
model,result_0686,0.9982354637927269,0.5733558095846799,2,282
