background,heidelberg_000000_000835.png
split,train
model,result_0467,0.12577836587913505,0.31023250869159336,-4,36
