background,monchengladbach_000000_019682.png
split,train
model,result_0981,0.16218684849319998,0.7781979146120208,2,87
model,result_0527,0.35792420945716297,0.34987306006538665,3,8
model,result_0602,0.4438417200081409,0.9415658870552228,-4,210
