background,mannheim_000000_000249.png
split,train
model,result_0024,0.6395077434102271,0.8810872672392189,-4,6
model,result_0288,0.07239950979467424,0.6944011984816226,-4,139
model,result_0247,0.9830175303846101,0.3045344123660722,2,199
