background,duisburg_000000_000594.png
split,train
model,result_0283,0.2837587440535956,0.5388287169692456,-3,67
model,result_0968,0.020494416505865143,0.41733475234257134,3,23
