background,heidelberg_000000_000710.png
split,train
model,result_0484,0.4963154302035012,0.3651019900878757,2,287
model,result_0861,0.33817621390586716,0.5022500995202073,0,119
model,result_0882,0.39178053032735416,0.28245909145355574,1,72
