background,mannheim_000000_000526.png
split,train
model,result_0657,0.9324947524173659,0.2560813132768453,1,265
model,result_0914,0.8047733126997774,0.9257728465745759,3,27
