background,duisburg_000000_000197.png
split,train
model,result_0328,0.6558663561498871,0.5196363992144317,4,7
