background,nuremberg_000000_000724.png
split,train
model,result_0878,0.1485789981445571,0.7425315491587403,4,71
model,result_0004,0.165391283423723,0.7172485680236345,-2,340
model,result_0931,0.412530286251922,0.31208797784601705,-3,54
