background,heilbronn_000000_000195.png
split,train
model,result_0602,0.9979641217034068,0.6543500229278725,4,5
model,result_0024,0.9780684610298452,0.6511884918162676,-1,204
