background,heidelberg_000000_000844.png
split,train
model,result_0266,0.23138788329395676,0.9572075657207968,2,327
model,result_0862,0.7614346585316913,0.4330541372225313,3,186
