background,augsburg_000000_000218.png
split,train
model,result_0991,0.71648567085127,0.4578727286352713,3,273
model,result_0373,0.9085139412179581,0.2500321721790608,1,123
