background,muhlheim-ruhr_000000_000765.png
split,train
model,result_0739,0.057779532091163155,0.8167514012179716,-4,57
model,result_0960,0.7676707154308179,0.2863818315527863,-3,158
model,result_0632,0.15492560879289696,0.6112269869922665,-2,72
