background,bayreuth_000000_000416.png
split,train
model,result_0357,0.7190988445044643,0.8885233333142736,2,126
model,result_0046,0.8513420299263963,0.5125091233077256,-3,170
model,result_0389,0.03746844697597507,0.6613540339204422,4,3
