background,strasbourg_000001_036697.png
split,train
model,result_0080,0.14483115685612236,0.7055467119310883,-1,43
