background,ulm_000067_000019.png
split,train
model,result_0606,0.2932691650869411,0.889467426108506,3,213
