background,heidelberg_000000_000974.png
split,train
model,result_0082,0.7580520056874388,0.32248772601913256,-1,241
model,result_0945,0.584055904279432,0.4465512156195752,1,90
model,result_0612,0.9570904053246926,0.8747302865715134,0,37
