background,bamberg_000000_000016.png
split,train
model,result_0822,0.1136210292641684,0.8312259933760756,2,219
model,result_0855,0.7716220182325563,0.792317907803706,-2,287
model,result_0338,0.5167068319942854,0.3713928577107861,-4,262
