background,dortmund_000000_000666.png
split,train
model,result_0739,0.7099843073524982,0.6579856981291226,4,315
model,result_0960,0.9708682012060145,0.3934592665144294,-2,260
