background,bayreuth_000000_000639.png
split,train
model,result_0338,0.7384615201764846,0.44895815364118374,4,296
