background,karlsruhe_000000_000258.png
split,train
model,result_0051,0.20029203640891835,0.3696658136025105,4,145
model,result_0739,0.36846305284434056,0.8414252594091869,2,150
model,result_0960,0.6246676019292108,0.3477623158362445,3,350
