background,wurzburg_000000_000276.png
split,train
model,result_0385,0.9804782494112271,0.6890929515161429,2,108
model,result_0991,0.5621014980025562,0.6900298057990868,0,208
