background,nuremberg_000000_001370.png
split,train
model,result_0862,0.08765752798535131,0.3467671853678451,1,172
