background,cologne_000109_000019.png
split,train
model,result_0674,0.9071607697934264,0.7672066937987805,-3,167
model,result_0146,0.8310395432156332,0.567095654137098,-1,45
model,result_0295,0.6509388197356947,0.48264015635470625,-2,18
