background,muhlheim-ruhr_000000_001097.png
split,train
model,result_0247,0.5026569827105064,0.9466736656940765,3,99
model,result_0239,0.5780768429438421,0.825118981359454,-3,349
