background,konstanz_000000_001146.png
split,train
model,result_0510,0.9665529797469682,0.870269618508662,-2,102
model,result_0328,0.28414173967156964,0.6484267406871825,0,60
model,result_0879,0.09851315509054759,0.954087632976685,-4,255
