background,heilbronn_000000_000058.png
split,train
model,result_0857,0.8129926426109466,0.3170248012334502,3,65
