background,konstanz_000000_001309.png
split,train
model,result_0857,0.7982977011703899,0.938268111214945,-3,332
