background,heilbronn_000000_000377.png
split,train
model,result_0878,7.325239404465389e-05,0.7788367826056422,4,170
model,result_0004,0.7375304563541649,0.8795405163357874,2,181
model,result_0931,0.15222613560452947,0.6284680889291209,-2,58
