background,wurzburg_000000_001468.png
split,train
model,result_0389,0.2831559108138604,0.7957802459474588,3,68
model,result_0164,0.15169606972299032,0.621771698408773,3,188
