background,konstanz_000000_000189.png
split,train
model,result_0969,0.14745097663724638,0.5273060686690968,-3,263
model,result_0793,0.3781179606663623,0.27768843142146904,-1,7
