background,nuremberg_000000_000362.png
split,train
model,result_0024,0.25024336639748856,0.43521453791951265,1,157
model,result_0288,0.6812283684179163,0.4843180731685111,0,161
model,result_0247,0.3060740043452064,0.9920190529891979,-4,346
