background,freiburg_000000_000372.png
split,train
model,result_0332,0.8951417320862834,0.2664367365065483,-3,97
