background,duisburg_000000_000057.png
split,train
model,result_0477,0.15489197327236504,0.4087314451644195,0,286
model,result_0949,0.21452266283233046,0.7034091832120606,0,154
model,result_0324,0.5905192811774264,0.9908302289900576,1,116
