background,dortmund_000000_000927.png
split,train
model,result_0283,0.8678003901596486,0.9192607896865326,-1,265
