background,dortmund_000000_000004.png
split,train
model,result_0739,0.7635384591533535,0.6930026302259211,3,325
model,result_0960,0.9549828341061509,0.6957223587774477,4,311
model,result_0632,0.7339239445957799,0.8914856112831508,4,205
