background,wuppertal_000000_000757.png
split,train
model,result_0499,0.2263133325799621,0.4652232752542823,0,236
model,result_0844,0.5094102592633126,0.6466544091691867,0,358
model,result_0995,0.7187157985537612,0.32672106423406455,2,77
