background,saarbrucken_000000_000351.png
split,train
model,result_0632,0.17588484235069513,0.3381035775419811,2,319
model,result_0357,0.02580236490601484,0.41406570542808147,4,299
model,result_0046,0.7621280210346633,0.6167719065302644,2,114
