background,wuppertal_000000_000408.png
split,train
model,result_0328,0.8912162415447404,0.740969481410922,3,268
model,result_0879,0.6241444920310454,0.3799052135359112,-2,286
model,result_0542,0.8765882010129548,0.48741322417729394,0,72
