background,nuremberg_000000_000792.png
split,train
model,result_0338,0.5806836522678566,0.6875066540933217,-4,341
