background,augsburg_000000_000551.png
split,train
model,result_0247,0.7454062060518337,0.87744671686249,-3,16
model,result_0239,0.18573476814591783,0.9041705834432787,-1,55
model,result_0051,0.7614773934404941,0.7739227425110259,3,39
