background,wuppertal_000000_000527.png
split,train
model,result_0373,0.5347522912686018,0.7624653325682603,-1,133
model,result_0191,0.3522259617245479,0.8064880103221045,-3,148
