background,wuppertal_000000_000141.png
split,train
model,result_0123,0.07933634523132838,0.768489342632195,-1,121
model,result_0472,0.908066947718491,0.6023134830873286,0,48
