background,augsburg_000000_000684.png
split,train
model,result_0657,0.9353337159176602,0.8798510756044994,-3,150
