background,muhlheim-ruhr_000000_000036.png
split,train
model,result_0844,0.21497328096409885,0.5597083766242803,-4,179
model,result_0995,0.31192225368540416,0.5203140085028968,-1,130
model,result_0969,0.5462494096978876,0.9823911297040604,-1,292
