background,muhlheim-ruhr_000000_000612.png
split,train
model,result_0979,0.620795223386074,0.68317567284355,4,265
model,result_0871,0.9827898377231458,0.763024540238537,-2,9
