background,schweinfurt_000000_000054.png
split,train
model,result_0046,0.13794424612636047,0.2952328609305455,1,126
model,result_0389,0.053697875058026145,0.8854456985611847,4,175
model,result_0164,0.9753907012724009,0.6905579882876263,2,70
