background,dortmund_000000_000174.png
split,train
model,result_0968,0.9776913601825276,0.9995395363279145,1,215
