background,dusseldorf_000056_000019.png
split,train
model,result_0061,0.45202717988665975,0.47995210939525357,-4,119
model,result_0606,0.5105417544092565,0.8379276892395874,0,293
