background,konstanz_000000_000505.png
split,train
model,result_0467,0.016298173039342778,0.5753173837400449,-1,110
