background,bayreuth_000000_000654.png
split,train
model,result_0632,0.120865164353399,0.9094669717657144,4,147
model,result_0357,0.28725272850796735,0.6082862861911017,3,44
