background,bayreuth_000000_000489.png
split,train
model,result_0193,0.940997773077383,0.9954638977779475,4,245
model,result_0036,0.5537249982131621,0.5984131703587383,4,282
model,result_1000,0.17792962820719094,0.3499395794151288,-4,315
