background,bayreuth_000000_000226.png
split,train
model,result_0999,0.42881633005465325,0.33248800318471816,-2,358
model,result_0510,0.5290482601119636,0.8005902757768074,4,346
