background,heidelberg_000000_000709.png
split,train
model,result_0283,0.3480221613881518,0.43569093375194556,0,234
