background,muhlheim-ruhr_000000_000586.png
split,train
model,result_0847,0.16580310716387547,0.44818423414395797,-3,94
