background,nuremberg_000000_001219.png
split,train
model,result_0127,0.7421055811062921,0.9372867638793494,0,84
