background,duisburg_000000_000646.png
split,train
model,result_0440,0.31155509100771683,0.990271210472571,-1,357
model,result_0484,0.16452396999828012,0.8773005413673165,-3,49
