background,wurzburg_000000_000103.png
split,train
model,result_0051,0.8200281884167426,0.46792541367928653,2,346
model,result_0739,0.10002533111436229,0.5821342463751573,3,277
model,result_0960,0.8088689887827473,0.33852440673403883,2,142
