background,dortmund_000000_000870.png
split,train
model,result_0646,0.413867337644364,0.6929575105198469,-2,81
model,result_0586,0.7978138418333535,0.7132956434921174,3,89
