background,nuremberg_000000_000693.png
split,train
model,result_0793,0.605089724921694,0.6062142497324841,1,179
