background,mannheim_000000_000012.png
split,train
model,result_0051,0.4394646669113341,0.5407559721886624,2,69
