background,heidelberg_000000_000541.png
split,train
model,result_0388,0.9864081690350144,0.6701358242809847,-1,266
