background,duisburg_000000_000611.png
split,train
model,result_0739,0.9243701446646614,0.8688888543625519,4,225
