background,duisburg_000000_000162.png
split,train
model,result_0319,0.23044343501908593,0.7129263444950721,-4,136
