background,schweinfurt_000000_000093.png
split,train
model,result_0784,0.4616011407046723,0.3601999275291464,-2,214
