background,muhlheim-ruhr_000000_000633.png
split,train
model,result_0036,0.06864512911182008,0.6553590168907607,0,135
model,result_1000,0.9759178643021807,0.7527005187086345,3,254
model,result_0367,0.35655164397521333,0.38412971767416415,4,280
