background,oberhausen_000000_000832.png
split,train
model,result_0199,0.11670360997690554,0.25744701862966474,-1,1
