background,heilbronn_000000_000163.png
split,train
model,result_1000,0.5762856545858814,0.282410093987622,2,124
