background,konstanz_000000_000778.png
split,train
model,result_0931,0.42307870561483074,0.3793825954723995,1,328
model,result_0123,0.35720974876820677,0.2717677330068997,3,113
