background,bamberg_000000_000283.png
split,train
model,result_0931,0.7375956032571527,0.7369019565235161,3,348
model,result_0123,0.2124437398225545,0.8863039746652253,2,19
