background,wuppertal_000000_001057.png
split,train
model,result_0385,0.987260071185876,0.6608156970372924,-4,213
model,result_0991,0.10029327937412058,0.2914173126625955,3,148
model,result_0373,0.701731851022175,0.4208513757290867,3,293
