background,muhlheim-ruhr_000000_001044.png
split,train
model,result_0882,0.46112904882167327,0.923436812111263,-2,102
