background,heidelberg_000000_000330.png
split,train
model,result_0123,0.14313923141260176,0.96822431452387,0,189
model,result_0472,0.3363304201591778,0.8984620978490908,4,288
