background,wuppertal_000000_000491.png
split,train
model,result_0861,0.7685056224139991,0.8729805978681744,2,113
model,result_0882,0.6710516521941506,0.9958028488885065,1,25
