background,nuremberg_000000_001395.png
split,train
model,result_0154,0.36626914194807314,0.658114117101858,-2,19
