background,wurzburg_000000_001099.png
split,train
model,result_0739,0.4202240587920576,0.7708248915124074,-2,112
model,result_0960,0.09284170289802784,0.3928132567233037,-3,227
