background,heidelberg_000000_000849.png
split,train
model,result_0051,0.01111866913165338,0.962755347880676,4,140
model,result_0739,0.13552820632043394,0.5111239429070891,2,150
model,result_0960,0.6490067956817481,0.4039683674470559,-2,292
