background,saarbrucken_000000_000105.png
split,train
model,result_0373,0.5723476861051503,0.9193945322605982,1,81
