background,oberhausen_000000_000010.png
split,train
model,result_0979,0.7726377105413006,0.5573052183219773,1,217
