background,muhlheim-ruhr_000000_000464.png
split,train
model,result_0949,0.616124992845318,0.37425535197638726,-3,10
model,result_0324,0.5696892235805706,0.3751392888646079,4,14
model,result_0173,0.7884072430505369,0.8922202076359737,-3,120
