background,freiburg_000000_000030.png
split,train
model,result_0510,0.3834189382281896,0.5234743019539866,0,278
model,result_0328,0.7239590101616535,0.6116801989579921,-2,266
model,result_0879,0.38350510342581734,0.8891237244901306,0,222
