background,wurzburg_000000_000561.png
split,train
model,result_0562,0.6021455820601606,0.4028885146945093,4,116
model,result_0215,0.05480980790998924,0.6781773881649072,2,79
