background,karlsruhe_000000_000265.png
split,train
model,result_0657,0.706355730690325,0.5322200236531143,-1,302
