background,oberhausen_000000_000713.png
split,train
model,result_0288,0.9663277056657099,0.9247375781879592,3,234
model,result_0247,0.18660777741127266,0.784111691174185,0,235
