background,bayreuth_000000_000013.png
split,train
model,result_0996,0.3618911817732374,0.9539048913922504,0,249
