background,duisburg_000000_000431.png
split,train
model,result_0127,0.488767833433121,0.613971882451127,0,27
model,result_0022,0.6315681135197166,0.7551257756497034,-2,295
