background,augsburg_000000_001038.png
split,train
model,result_0751,0.8563519848861476,0.42981701140307293,2,126
