background,bamberg_000000_000120.png
split,train
model,result_0046,0.9638800329818894,0.8179180602680406,1,18
model,result_0389,0.18810440415316232,0.2630815012085228,-3,334
model,result_0164,0.6253454152655433,0.7048673103748934,3,232
