background,karlsruhe_000000_000508.png
split,train
model,result_0036,0.29375434364521513,0.8020013089624344,-3,323
model,result_1000,0.619711907358772,0.3114988517991526,-2,339
model,result_0367,0.6273710990511545,0.7684556343967918,3,48
