background,heidelberg_000000_000222.png
split,train
model,result_0793,0.46308736798710504,0.9825151602940129,-2,278
model,result_0686,0.46503563847600293,0.5211793001051026,-3,328
