background,jena_000032_000019.png
split,train
model,result_0319,0.10441779679755725,0.9783790414082306,-2,220
model,result_0477,0.9391399976296039,0.4609647625685801,-2,324
