background,heidelberg_000000_000081.png
split,train
model,result_0499,0.9363354570380887,0.7214832127263537,-3,90
model,result_0844,0.8631502594632524,0.5979154559861204,3,57
