background,karlsruhe_000000_000330.png
split,train
model,result_0914,0.327405323245999,0.8402078331135291,3,169
model,result_0193,0.20771454252119015,0.8749579779123349,4,202
