background,karlsruhe_000000_000455.png
split,train
model,result_0199,0.025337647070360125,0.4295500379549313,-3,242
model,result_0060,0.5132580533411006,0.7405315936584602,-2,295
model,result_0080,0.5560517537619932,0.7575546852260336,1,64
