background,mannheim_000000_000917.png
split,train
model,result_0022,0.054793351447684935,0.6810484290434085,2,6
model,result_0061,0.06590179955197839,0.6579934711260644,-4,191
