background,dortmund_000000_000613.png
split,train
model,result_0193,0.7108488681405086,0.36545049839930427,-1,184
model,result_0036,0.5530351315417148,0.25780030962900474,-2,358
