background,hamburg_000000_015350.png
split,train
model,result_0357,0.006947731174024363,0.35916310553692843,2,138
model,result_0046,0.2890917165918079,0.317011120897075,0,27
