background,heilbronn_000000_000045.png
split,train
model,result_0061,0.9532597215748262,0.8700669602025884,1,130
model,result_0606,0.04547515386656764,0.9647745239379663,1,44
