background,karlsruhe_000000_000363.png
split,train
model,result_0793,0.42851818252996976,0.36703672355999023,2,38
model,result_0686,0.36637307166710364,0.7657551764177603,2,343
model,result_0805,0.3946748680648109,0.9884353535527372,0,130
