background,bamberg_000000_000075.png
split,train
model,result_0357,0.9109418610855551,0.6655597785227951,-2,132
model,result_0046,0.23757442377506832,0.2704683633200996,-1,233
