background,duisburg_000000_000301.png
split,train
model,result_0857,0.37521445851878776,0.9958385484408213,-2,253
model,result_0795,0.2375111523031258,0.5354064448699272,-1,243
