background,wurzburg_000000_000836.png
split,train
model,result_0914,0.7727582676869705,0.6045844427194682,3,296
