background,karlsruhe_000000_000532.png
split,train
model,result_0981,0.4409084163907818,0.9463263544086712,-2,309
model,result_0527,0.31218485259911166,0.527656766817066,-4,161
