background,oberhausen_000000_000693.png
split,train
model,result_0060,0.3134867738705749,0.7533385464799501,0,67
model,result_0080,0.7131509427482011,0.7205107170878777,0,199
model,result_0857,0.4185522938754739,0.6401564023304737,2,146
