background,karlsruhe_000000_000445.png
split,train
model,result_0075,0.1099567132015078,0.7677258908484643,-3,356
model,result_0992,0.08246852685378592,0.9254572347212389,0,351
model,result_0394,0.4907333383747927,0.5501201370636638,3,340
