background,wurzburg_000000_001216.png
split,train
model,result_0472,0.9496926043087736,0.27717154289119605,-2,305
model,result_0981,0.312049428867041,0.9565264826071009,-2,59
