background,schweinfurt_000000_000237.png
split,train
model,result_0862,0.10112433387931952,0.6609476425773081,1,236
model,result_0524,0.9422865476659915,0.9326631115659606,2,14
