background,wuppertal_000000_000862.png
split,train
model,result_0193,0.45158777871122735,0.5007749574973331,-1,138
model,result_0036,0.2951744352808493,0.3057465101134841,-4,114
