background,wurzburg_000000_001245.png
split,train
model,result_0328,0.7655154118363537,0.840566024129151,-2,289
model,result_0879,0.9002115326748042,0.43240233767482705,1,197
model,result_0542,0.2879812591952855,0.7162782302847663,-4,209
