background,augsburg_000000_000567.png
split,train
model,result_0866,0.18421435645495798,0.4228752219512494,-4,260
model,result_0983,0.4094193244368194,0.9142719324051007,4,100
