background,schweinfurt_000000_000437.png
split,train
model,result_0389,0.8394637537877263,0.9694694540598326,4,62
model,result_0164,0.5337084297915432,0.35299692557212026,2,112
model,result_0440,0.1224796617156938,0.8337371047736396,-3,172
