background,dresden_000000_000203.png
split,train
model,result_0440,0.6135753006509721,0.5406932638325277,4,239
model,result_0484,0.9173779529736603,0.4714024601529492,-1,153
