background,heidelberg_000000_000167.png
split,train
model,result_0606,0.2288990812749827,0.3712032246102951,1,115
model,result_0082,0.18661893289735987,0.9309445950040438,-3,103
