background,wurzburg_000000_000342.png
split,train
model,result_0367,0.6684417200290002,0.914562589606487,4,323
