background,dortmund_000000_000808.png
split,train
model,result_0154,0.3814023819842778,0.45376192460976683,3,197
