background,wurzburg_000000_000686.png
split,train
model,result_0862,0.07152174462807048,0.3619245054915259,-4,110
model,result_0524,0.2600086290264626,0.9733430729905265,1,350
model,result_0199,0.22854868887270974,0.2667842249415558,0,335
