background,heilbronn_000000_000423.png
split,train
model,result_0857,0.7369506218473076,0.7196190159631541,3,218
model,result_0795,0.02654129056513066,0.5736685828427621,3,58
