background,mannheim_000000_000329.png
split,train
model,result_0024,0.4648891152254314,0.6127148960007112,1,310
model,result_0288,0.7243470403728394,0.3352639120296569,-2,281
