background,bamberg_000000_000098.png
split,train
model,result_0586,0.5409805790710899,0.3913659647499331,-4,289
model,result_0989,0.5867529541658792,0.8307064837559897,-3,177
