background,nuremberg_000000_000958.png
split,train
model,result_0969,0.10843200951624055,0.3430939384620101,2,68
