background,wurzburg_000000_000423.png
split,train
model,result_0173,0.16156333983573945,0.4296990471677128,4,41
model,result_0751,0.21183489629986174,0.4048364350542749,1,27
model,result_0678,0.006169655011971531,0.5582011293760657,-3,164
