background,augsburg_000000_000723.png
split,train
model,result_0164,0.018687138086190713,0.6928531610186222,-1,134
model,result_0440,0.6790197798949165,0.9410964359716437,2,144
