background,frankfurt_000000_021879.png
split,train
model,result_0739,0.19307978175458274,0.4498908931079272,-2,310
model,result_0960,0.89070373499441,0.8168792570429053,0,222
model,result_0632,0.8104305957158127,0.7846631279832654,3,318
