background,muhlheim-ruhr_000000_000720.png
split,train
model,result_0983,0.6314212435342488,0.25494234270515514,-4,195
