background,heilbronn_000000_000370.png
split,train
model,result_0266,0.1560263204868455,0.31441011246387573,-2,175
model,result_0862,0.3052559245001679,0.438655266186361,2,248
model,result_0524,0.5356086467116131,0.7707130288694501,-3,225
