background,nuremberg_000000_001441.png
split,train
model,result_0931,0.8874641980885397,0.7272255185126547,-3,209
model,result_0123,0.21006554656481213,0.4577153294366558,0,270
model,result_0472,0.7866074491713954,0.604141749014762,-4,295
