background,hanover_000000_006922.png
split,train
model,result_0739,0.32918833376689216,0.5516778896978195,1,226
model,result_0960,0.16719316606184587,0.8703673837531385,-2,216
