background,lindau_000033_000019.png
split,train
model,result_0467,0.2730979995789935,0.7114633258244649,0,147
model,result_0154,0.1863883079753773,0.2715685110971959,-3,33
