background,augsburg_000000_001072.png
split,train
model,result_0960,0.16229501089208354,0.9651121225247926,2,171
model,result_0632,0.32874604415969655,0.5262508536823284,3,176
