background,hanover_000000_033457.png
split,train
model,result_0882,0.735463843660108,0.3466386717509329,-4,237
model,result_0467,0.11644702007283114,0.3603096617133622,-2,338
model,result_0154,0.11920499382928196,0.756472229125496,0,105
