background,wuppertal_000000_000465.png
split,train
model,result_0004,0.8591845936354057,0.7861623957170722,1,214
