background,oberhausen_000000_000069.png
split,train
model,result_0283,0.16928517755889472,0.37769572816215313,-3,354
model,result_0968,0.44893793087563205,0.857929083674251,1,121
