background,saarbrucken_000000_000192.png
split,train
model,result_0060,0.8943277018789033,0.8254745519261187,2,0
model,result_0080,0.03916033968341548,0.4907671537031544,-2,194
model,result_0857,0.13914594457646456,0.831148051931198,1,182
