background,freiburg_000000_000380.png
split,train
model,result_0866,0.036802337329652324,0.3457351702604611,2,208
