background,heidelberg_000000_000703.png
split,train
model,result_0924,0.29285991545277623,0.6094814725070693,-3,290
model,result_0866,0.8743010473136545,0.5872584880412426,4,170
model,result_0983,0.9096379847771041,0.2964407163329005,-1,198
