background,wurzburg_000000_001283.png
split,train
model,result_0991,0.11895834935204397,0.40018913466277606,-3,206
model,result_0373,0.5974614615008748,0.9013795048593215,-4,222
model,result_0191,0.6621635711607428,0.6363899205661107,0,32
