background,erlangen_000000_000229.png
split,train
model,result_0657,0.3029095455663494,0.28547061832823695,4,225
model,result_0914,0.23052151428707146,0.35358620358020887,1,170
model,result_0193,0.0689726440147207,0.9512572831910275,3,343
