background,oberhausen_000000_000863.png
split,train
model,result_0775,0.958616396907513,0.4198240505147035,1,104
model,result_0075,0.703868936428161,0.3100423818189163,4,221
