background,ulm_000045_000019.png
split,train
model,result_0931,0.11091734828473743,0.7266139124278247,-1,305
model,result_0123,0.3060058201135869,0.5903138685351326,1,92
model,result_0472,0.12743609814866996,0.5229664475934154,-4,265
