background,muhlheim-ruhr_000000_000193.png
split,train
model,result_0154,0.37219595643138426,0.5410642601788943,-2,278
model,result_0562,0.19374357653863772,0.4359063868916166,-4,289
