background,konstanz_000000_000600.png
split,train
model,result_0385,0.39171766851965295,0.26994985140439554,4,213
model,result_0991,0.48015400033454814,0.3636918265980553,1,287
