background,heilbronn_000000_000526.png
split,train
model,result_0793,0.32751103298485484,0.2897625168590042,1,309
model,result_0686,0.8743733203969638,0.7382496902523332,0,194
