background,mannheim_000000_000013.png
split,train
model,result_0373,0.3222343072842594,0.6776021507621498,-2,32
