background,hanover_000000_015587.png
split,train
model,result_0694,0.4507442333162587,0.741154555403976,-4,312
model,result_0319,0.06961476843883141,0.414540900850199,1,325
model,result_0477,0.5248657036997986,0.7714462763382728,-1,300
