background,erlangen_000000_000140.png
split,train
model,result_0328,0.9574612679761348,0.45609305442126846,3,92
model,result_0879,0.5163827846090426,0.9266688653552415,-1,161
