background,heilbronn_000000_000290.png
split,train
model,result_0606,0.6610043824513008,0.7485893879963087,2,230
model,result_0082,0.8889283556199101,0.49930743875136685,4,291
