background,muhlheim-ruhr_000000_000471.png
split,train
model,result_0123,0.6014884785681884,0.9260653831352823,4,127
model,result_0472,0.9549734223857411,0.6841912490832844,0,232
