background,frankfurt_000001_065160.png
split,train
model,result_0803,0.6055469591819562,0.2873884886294849,-1,308
model,result_0192,0.7856651060924905,0.33877245979899406,-4,299
