background,mannheim_000000_000360.png
split,train
model,result_0394,0.7936016496332533,0.8392262152996948,-1,84
