background,hamburg_000000_000629.png
split,train
model,result_0164,0.9531622937624423,0.6341530245598164,2,109
model,result_0440,0.39743222711102644,0.7133352316588264,-4,346
model,result_0484,0.301028837113703,0.6327788368276119,-1,228
