background,heidelberg_000000_000726.png
split,train
model,result_0847,0.594679586612383,0.2792062406386175,4,184
