background,konstanz_000000_001372.png
split,train
model,result_0996,0.7711313043514777,0.6250577036868272,-2,281
model,result_0266,0.08107496521395252,0.5821254894719811,3,146
