background,wurzburg_000000_001553.png
split,train
model,result_0524,0.9397348241767779,0.7310880221566274,-3,243
model,result_0199,0.5212684017069835,0.8675397210840922,0,207
