background,mannheim_000000_000944.png
split,train
model,result_0193,0.8797804778562193,0.607869381964769,-1,201
model,result_0036,0.7720555057945846,0.3539911801763762,0,230
