background,heilbronn_000000_000022.png
split,train
model,result_0606,0.009231593761671708,0.4604373758514323,0,205
model,result_0082,0.8106225392997531,0.47451572601757624,-3,47
