background,mannheim_000000_001004.png
split,train
model,result_0332,0.6234067714333651,0.8225018998679496,4,109
