background,muhlheim-ruhr_000000_000673.png
split,train
model,result_0484,0.6816910661857404,0.9477582683475773,4,286
model,result_0861,0.541226833476738,0.7083207571829562,3,262
