background,freiburg_000000_000496.png
split,train
model,result_0878,0.43190880576849267,0.937895274060485,-1,231
model,result_0004,0.09264866431571861,0.763037813342677,-2,273
model,result_0931,0.7561918387407003,0.8185698371303285,4,315
