background,dortmund_000000_000770.png
split,train
model,result_0192,0.7801868438414583,0.7027512943344292,2,115
model,result_0218,0.49965507527865327,0.6160704537101432,-2,94
model,result_0694,0.9030314788680127,0.7545114800840844,-3,266
