background,oberhausen_000000_000395.png
split,train
model,result_0367,0.6099287272098294,0.442998170496516,4,300
