background,augsburg_000000_000184.png
split,train
model,result_0866,0.023322400606539895,0.5216753049814855,3,134
