background,wurzburg_000000_000564.png
split,train
model,result_0324,0.30260082627415996,0.4797067411539246,1,0
model,result_0173,0.5252142066721852,0.5227957549767441,-1,227
model,result_0751,0.09747756619289716,0.3210229233513572,3,360
