background,bamberg_000000_000218.png
split,train
model,result_0036,0.9397904315874129,0.9077068623478078,4,73
