background,duisburg_000000_000628.png
split,train
model,result_0024,0.772510782372254,0.370593644874477,1,246
