background,ulm_000045_000019.png
split,train
model,result_0960,0.9864429409668454,0.5925713958504332,-2,128
model,result_0632,0.11571165541593031,0.40642114267455376,1,44
model,result_0357,0.8237943336010872,0.6224700534417174,-4,299
