background,bayreuth_000000_000278.png
split,train
model,result_0544,0.9537808747276623,0.2522805342118265,1,319
