background,mannheim_000000_000283.png
split,train
model,result_0999,0.6871116631959241,0.6108160154225842,1,108
model,result_0510,0.907675119594143,0.8522712784329345,0,79
model,result_0328,0.7929878332373661,0.9430781606300747,0,219
