background,schweinfurt_000000_000149.png
split,train
model,result_0467,0.2768302183986696,0.7919375089492462,2,206
model,result_0154,0.40742475895203434,0.5249611717344211,3,273
model,result_0562,0.8819012204081291,0.40568144525062166,-2,51
