background,nuremberg_000000_001068.png
split,train
model,result_0805,0.661378861195184,0.2961078923208804,-4,234
model,result_0039,0.3170210369305765,0.8642325070893457,-3,141
model,result_0386,0.37057424588543,0.6822000245040141,-4,208
