background,freiburg_000000_000587.png
split,train
model,result_0586,0.046133002879646834,0.3598912723889608,2,14
model,result_0989,0.570334049521631,0.8001346320588402,4,174
model,result_0803,0.5116769066905517,0.30918772394207494,2,249
