background,wuppertal_000000_000496.png
split,train
model,result_0983,0.2461775955211981,0.2580621731083488,4,99
