background,dortmund_000000_000972.png
split,train
model,result_0612,0.8693790543622287,0.6101198424197545,3,239
model,result_0283,0.02440534252106219,0.30560594388025764,-1,125
model,result_0968,0.30289436371503853,0.5438393113262721,-1,49
