background,bochum_000000_008804.png
split,train
model,result_0924,0.6090765346332417,0.8100172272376298,1,54
model,result_0866,0.832350720106297,0.3430822494727159,-2,256
model,result_0983,0.10934850390470296,0.3728255089655901,3,153
