background,heilbronn_000000_000012.png
split,train
model,result_0164,0.8521338201281815,0.86082218319849,-1,43
model,result_0440,0.22606574486110265,0.30368406854133734,4,170
model,result_0484,0.28173204476626945,0.37985351854652816,-4,314
