background,nuremberg_000000_000916.png
split,train
model,result_0389,0.2613994682327273,0.8611953053543601,-2,327
model,result_0164,0.1204402946805655,0.3044078671793042,-2,302
model,result_0440,0.7954130190292583,0.6756359208089369,-1,120
