background,muhlheim-ruhr_000000_000091.png
split,train
model,result_0394,0.924342324808936,0.7482237844456358,-4,154
