background,muhlheim-ruhr_000000_000650.png
split,train
model,result_0612,0.1575969709596906,0.9769396844102503,-2,10
