background,heidelberg_000000_000564.png
split,train
model,result_0784,0.5947392246567339,0.9186271959630352,-3,158
model,result_0924,0.08705381737987539,0.2585008524142367,-2,254
