background,muhlheim-ruhr_000000_000305.png
split,train
model,result_0844,0.23802450990268653,0.5912096453604763,-3,47
model,result_0995,0.05853863318849284,0.47250508283690884,1,28
model,result_0969,0.5025410314435439,0.6483839469499824,-3,223
