background,freiburg_000000_000531.png
split,train
model,result_0557,0.6483691275628197,0.41346350424422834,4,159
