background,troisdorf_000000_000117.png
split,train
model,result_0051,0.34367113089209345,0.621849347230532,-1,315
