background,wuppertal_000000_000121.png
split,train
model,result_0510,0.6825313354641365,0.45123990028973693,1,7
model,result_0328,0.9609156041923226,0.735338579994242,-4,200
