background,oberhausen_000000_000253.png
split,train
model,result_0388,0.3951471646270075,0.8129594992083236,3,8
