background,muhlheim-ruhr_000000_000680.png
split,train
model,result_0338,0.4598957030284728,0.6861649454954805,-3,283
model,result_0557,0.5017133947540647,0.7351736741914845,3,245
model,result_0544,0.08820989394882162,0.5474951688662058,-4,8
