background,konstanz_000000_000382.png
split,train
model,result_0996,0.9940981181831707,0.5835865199705854,-2,171
