background,nuremberg_000000_000430.png
split,train
model,result_0477,0.17259464321246576,0.8188380855788151,-3,30
model,result_0949,0.2797014171155796,0.995710189422551,2,84
model,result_0324,0.3095901995967728,0.3137990159265784,3,1
