background,nuremberg_000000_001017.png
split,train
model,result_1000,0.8945527500503258,0.5954648565088992,-1,124
model,result_0367,0.6944580810304024,0.4004895324338509,0,130
model,result_0822,0.024268792769242875,0.6251767485821553,0,66
