background,dresden_000000_000154.png
split,train
model,result_0989,0.13894969624448095,0.908908836327439,1,11
