background,nuremberg_000000_000102.png
split,train
model,result_0862,0.03436520559456402,0.5686300261230715,0,257
model,result_0524,0.6590435953623099,0.4492111658820582,3,350
