background,dortmund_000000_001075.png
split,train
model,result_0879,0.2073846831242785,0.9745086489220938,1,355
model,result_0542,0.8003129908714371,0.8058863065078237,2,183
