background,augsburg_000000_001049.png
split,train
model,result_0385,0.9045874113491053,0.6739158727474437,3,76
