background,oberhausen_000000_000640.png
split,train
model,result_0602,0.41495112325755046,0.9799353346272961,0,347
model,result_0024,0.34150108346920827,0.6903746320576054,-4,277
model,result_0288,0.8804335155453316,0.9294217012796224,3,96
