background,augsburg_000000_000489.png
split,train
model,result_0191,0.24893745287887692,0.9317731201901305,3,350
model,result_0775,0.9055474800224287,0.8655932007421276,-4,10
