background,heidelberg_000000_000532.png
split,train
model,result_0123,0.048071018445787095,0.677685152711918,1,219
