background,karlsruhe_000000_000181.png
split,train
model,result_0989,0.02063255432245026,0.7678767690805095,-3,42
model,result_0803,0.14604577883033942,0.3706484828088498,1,104
model,result_0192,0.8426774391688624,0.2935481465827562,-1,294
