background,oberhausen_000000_000752.png
split,train
model,result_0606,0.06305298197228615,0.5774192308804524,-2,281
model,result_0082,0.9523702985170608,0.7773301661478718,-2,298
