background,konstanz_000000_000006.png
split,train
model,result_0319,0.24539854493568913,0.6159960193270221,-4,140
model,result_0477,0.5396327137676962,0.7426901574396847,-2,71
model,result_0949,0.6808606782836426,0.5385131410604764,0,262
