background,zurich_000108_000019.png
split,train
model,result_0389,0.7614375224929517,0.6215608645194158,-3,334
model,result_0164,0.49057725913300343,0.7160482270715837,-1,158
model,result_0440,0.8964220379269514,0.6403188491128259,-1,77
