background,munster_000031_000019.png
split,train
model,result_0051,0.9314420610789386,0.2735732585046712,-3,232
model,result_0739,0.9809936591405519,0.7276617281027997,2,140
