background,frankfurt_000001_047552.png
split,train
model,result_0945,0.8268316111679546,0.35780610664593354,2,14
model,result_0612,0.917810812918735,0.9709945385316006,-2,253
