background,bayreuth_000000_000698.png
split,train
model,result_0357,0.885961385316299,0.8664754693809754,4,101
model,result_0046,0.28162136622541,0.7718891750240157,-3,283
model,result_0389,0.8333386282595926,0.41760001841031036,0,160
