background,oberhausen_000000_000304.png
split,train
model,result_0979,0.062208731114756,0.9467773153882117,0,223
model,result_0871,0.4229307484832058,0.6674061294401963,-3,330
