background,bayreuth_000000_000628.png
split,train
model,result_0632,0.5884725111063891,0.3000916326058599,2,168
