background,dresden_000000_000246.png
split,train
model,result_0803,0.856492867555494,0.8260518083547363,-2,276
model,result_0192,0.7817713898034399,0.5777766402024851,-1,276
model,result_0218,0.9737809652306056,0.519561471974838,1,191
