background,dortmund_000000_000794.png
split,train
model,result_0039,0.9736074722357476,0.6743768742044934,0,271
model,result_0386,0.9517947843799776,0.3563480992901516,1,41
model,result_0979,0.4132884550720686,0.3515803179659912,3,272
