background,muhlheim-ruhr_000000_000222.png
split,train
model,result_0154,0.5694855137175184,0.8281849462075657,0,15
model,result_0562,0.8553773437750282,0.512845692479476,3,251
