background,darmstadt_000017_000019.png
split,train
model,result_0775,0.1703802919948979,0.9325286608976631,-4,8
