background,freiburg_000000_000255.png
split,train
model,result_0127,0.25432508275204946,0.7399343529093427,2,64
model,result_0022,0.5560012456116091,0.38026795884057113,0,219
