background,konstanz_000000_000846.png
split,train
model,result_0127,0.3003247236683785,0.42678244909051427,-2,255
