background,mannheim_000000_000942.png
split,train
model,result_0612,0.0600467964634801,0.28290888723220803,-4,197
model,result_0283,0.5254138039344471,0.7022969032666319,0,188
