background,konstanz_000000_000342.png
split,train
model,result_0739,0.16415791977545946,0.5358137361529214,4,272
