background,duisburg_000000_000755.png
split,train
model,result_0173,0.4966146698418158,0.6996375853748478,2,57
model,result_0751,0.19067108342498584,0.2696974232745343,3,205
model,result_0678,0.597149425900025,0.46803271510980365,-3,325
