background,nuremberg_000000_000493.png
split,train
model,result_0082,0.6698680094316393,0.36443455423926613,2,149
model,result_0945,0.7395718016187139,0.5183657300470527,-1,259
