background,augsburg_000000_000002.png
split,train
model,result_0163,0.6114144418946714,0.732543027141556,4,154
model,result_0657,0.7431963288320061,0.8154071186592348,-3,316
model,result_0914,0.8310805679574169,0.2991847379461935,2,194
