background,konstanz_000000_001270.png
split,train
model,result_0871,0.02790097357185828,0.3822576898567408,0,279
