background,schweinfurt_000000_000203.png
split,train
model,result_0969,0.08677613638290427,0.5149496357390163,1,303
