background,wurzburg_000000_000196.png
split,train
model,result_0123,0.25747022763992544,0.36753771964898946,0,64
model,result_0472,0.21558672331042106,0.769367939752966,0,87
model,result_0981,0.45318930878253705,0.525827134920282,-3,284
