background,heilbronn_000000_000567.png
split,train
model,result_0931,0.6006075761380306,0.7094498507169025,-2,143
