background,karlsruhe_000000_000533.png
split,train
model,result_0022,0.8465485539688968,0.6450854839177684,1,352
