background,weimar_000007_000019.png
split,train
model,result_0385,0.8560133881502208,0.6918028302571475,2,175
model,result_0991,0.570035826887693,0.35725946234717343,2,280
