background,jena_000014_000019.png
split,train
model,result_0467,0.22365794154588114,0.6944790749250886,-2,348
model,result_0154,0.5945541678337138,0.7170709257753147,2,276
