background,muhlheim-ruhr_000000_001115.png
split,train
model,result_0805,0.13217703511909196,0.5393031052999534,4,72
