background,dusseldorf_000044_000019.png
split,train
model,result_0061,0.47883751863732305,0.2914543253079346,-1,209
model,result_0606,0.6032343137157006,0.7638794091866625,4,222
