background,cologne_000109_000019.png
split,train
model,result_0960,0.6759706309594132,0.5816840868551048,3,52
