background,weimar_000024_000019.png
split,train
model,result_0991,0.18062902840679385,0.9158939456078834,-1,302
