background,karlsruhe_000000_000031.png
split,train
model,result_0847,0.21098733293923422,0.8240006877644503,1,330
model,result_0646,0.004462908761922013,0.9233748993861973,1,304
model,result_0586,0.030071078808826313,0.8785580080332318,3,120
