background,wurzburg_000000_000643.png
split,train
model,result_0862,0.29881824436312776,0.6441394460897629,-1,27
model,result_0524,0.08507046916842409,0.9918599808004841,0,53
model,result_0199,0.7116194814945338,0.5319510781878509,-1,310
