background,wurzburg_000000_000460.png
split,train
model,result_0694,0.056956600904905064,0.31211025396651815,1,155
model,result_0319,0.7755170744722856,0.42176767196058973,-2,245
