background,wurzburg_000000_001420.png
split,train
model,result_0879,0.8746292754575127,0.584205367218018,2,292
model,result_0542,0.5508499952703255,0.26838181398902705,4,51
