background,mannheim_000000_000027.png
split,train
model,result_0385,0.3686986553558276,0.7576924657907754,4,126
model,result_0991,0.2492016702875628,0.7402036060268766,-2,80
model,result_0373,0.7240071260047548,0.36156832039136877,-3,31
