background,karlsruhe_000000_000915.png
split,train
model,result_0878,0.6457883164779504,0.7237981413555424,1,280
