background,muhlheim-ruhr_000000_001048.png
split,train
model,result_0775,0.10365737908999517,0.7253720172307809,4,150
model,result_0075,0.6193938617540043,0.6034888925569549,0,103
