background,konstanz_000000_001514.png
split,train
model,result_0968,0.17841202448166904,0.669547303173238,4,100
