background,saarbrucken_000000_000160.png
split,train
model,result_0992,0.819934643456385,0.9632463452313362,-4,268
model,result_0394,0.12685633843819966,0.42899968645053654,-2,38
