background,heilbronn_000000_000360.png
split,train
model,result_0879,0.30661738628580715,0.6204279910530066,2,237
