background,bayreuth_000000_000787.png
split,train
model,result_0367,0.10492296689079184,0.7562011245995108,2,151
model,result_0822,0.4306802702816327,0.46034222184996354,4,297
model,result_0855,0.41552889067587373,0.38655992815046925,0,133
