background,dortmund_000000_000776.png
split,train
model,result_0472,0.8285378844354705,0.45676790028321507,3,299
model,result_0981,0.8387181181078108,0.5511780979803689,2,115
