background,muhlheim-ruhr_000000_000962.png
split,train
model,result_0775,0.1363639942531677,0.7622161843125301,4,254
