background,schweinfurt_000000_000218.png
split,train
model,result_0024,0.2482316886949263,0.8956532030907274,-2,10
model,result_0288,0.9111949925269943,0.9269375052119171,4,68
