background,mannheim_000000_000279.png
split,train
model,result_0051,0.09006166756859835,0.9779220177595679,-3,0
model,result_0739,0.7136102762077265,0.5924895538943814,-3,111
