background,muhlheim-ruhr_000000_000311.png
split,train
model,result_0388,0.654289453063168,0.9622217856924209,-2,127
model,result_0499,0.23394728795841224,0.5306460784799099,-1,333
