background,nuremberg_000000_000423.png
split,train
model,result_0146,0.5507668858735523,0.6094241437086576,0,280
model,result_0295,0.014347548675173738,0.40800395914247944,-4,132
