background,dortmund_000000_000726.png
split,train
model,result_0332,0.15831113860562152,0.37690666253175115,3,217
