background,heidelberg_000000_000449.png
split,train
model,result_0866,0.27391741976864814,0.6429476119549878,-4,37
