background,wurzburg_000000_001218.png
split,train
model,result_0295,0.5277044970893829,0.28988203272874746,-1,313
