background,konstanz_000000_001122.png
split,train
model,result_0822,0.9001810816812101,0.8304959572907669,3,24
model,result_0855,0.1626280330868599,0.5245176250265308,-2,120
