background,bremen_000237_000019.png
split,train
model,result_0924,0.4619335446622679,0.9755696621155282,0,170
model,result_0866,0.09299943205277783,0.4290345103680153,0,128
