background,heidelberg_000000_000497.png
split,train
model,result_0036,0.8615895051079328,0.7399211505048655,4,162
model,result_1000,0.2206446973202234,0.8593923927213036,-4,148
