background,duisburg_000000_000711.png
split,train
model,result_0542,0.16077473799732211,0.3251038725243871,2,163
model,result_0674,0.8393867954436567,0.9798352096890592,-2,6
model,result_0146,0.8643537404212674,0.814405715205349,-4,68
