background,oberhausen_000000_000730.png
split,train
model,result_0989,0.3545755642613081,0.38300354660153096,2,100
