background,wurzburg_000000_000934.png
split,train
model,result_0871,0.21175864810414757,0.8478679012329816,0,201
model,result_0878,0.1435395885508497,0.5461505150828042,-1,196
