background,strasbourg_000000_011225.png
split,train
model,result_0775,0.7597162251443864,0.4295446061528486,3,257
