background,wurzburg_000000_000417.png
split,train
model,result_0524,0.757404112830291,0.4730237094510803,0,66
model,result_0199,0.4919791220644467,0.735898328748914,2,198
