background,oberhausen_000000_000827.png
split,train
model,result_0324,0.6536025175058248,0.5790540619303075,-3,58
model,result_0173,0.9353877060159485,0.3445657143789408,3,260
