background,duisburg_000000_000337.png
split,train
model,result_0979,0.6036360373799832,0.7906588586267891,2,84
model,result_0871,0.10195899151260934,0.28366712743858,1,169
model,result_0878,0.8647225447470677,0.29111403441976,4,51
