background,dresden_000000_000221.png
split,train
model,result_0602,0.9290586587106824,0.4050537396537628,-4,48
model,result_0024,0.14979420017408562,0.6207502417984987,-2,119
