background,karlsruhe_000000_000014.png
split,train
model,result_0127,0.5539491395383391,0.781474571999,2,121
model,result_0022,0.37580384965394853,0.7081115099558692,-2,246
model,result_0061,0.6363452785332321,0.9476011811512637,0,150
