background,zurich_000108_000019.png
split,train
model,result_0218,0.775566739768231,0.7333531527237489,-4,194
