background,konstanz_000000_000437.png
split,train
model,result_0060,0.923363252982263,0.5363851936835504,0,40
