background,schweinfurt_000000_000324.png
split,train
model,result_0795,0.9090094081837644,0.8402825910113081,-3,142
model,result_0388,0.6253545396096604,0.7692284685061946,2,251
