background,heilbronn_000000_000175.png
split,train
model,result_0844,0.7524617720787571,0.5208032904658231,-1,118
model,result_0995,0.5139724940638849,0.7243066528831436,-2,136
model,result_0969,0.9891347100393272,0.49849008031132896,-2,236
