background,bayreuth_000000_000238.png
split,train
model,result_0992,0.9185887999295469,0.5029653458610452,4,356
model,result_0394,0.8769206196372935,0.8061958466351692,3,247
