background,wurzburg_000000_000892.png
split,train
model,result_0855,0.18386310145169527,0.5984490405756895,1,189
model,result_0338,0.965114697917149,0.5492949788217808,3,174
model,result_0557,0.28942681250171964,0.7890956129700201,-1,318
