background,muhlheim-ruhr_000000_000603.png
split,train
model,result_0606,0.6947879770998496,0.34307003739040387,-3,78
model,result_0082,0.21753211322549748,0.4014680498797528,2,340
model,result_0945,0.6458019069302612,0.4217666664255206,4,87
