background,schweinfurt_000000_000658.png
split,train
model,result_0388,0.3090606671191285,0.44898626234561667,-2,238
