background,augsburg_000000_001129.png
split,train
model,result_0146,0.7241530984430266,0.9506123482553525,0,291
