background,konstanz_000000_000092.png
split,train
model,result_0557,0.14174103468571808,0.40536650783079237,-2,132
model,result_0544,0.5817799403577425,0.8283881783969635,0,256
model,result_0999,0.8208878882927176,0.6867400536998962,0,100
