background,bamberg_000000_000152.png
split,train
model,result_0154,0.7084243033965572,0.6598770782249008,-4,210
model,result_0562,0.08509837948823606,0.5704439871749774,0,247
