background,mannheim_000000_001023.png
split,train
model,result_0855,0.599294619346727,0.3611195830457743,-2,69
model,result_0338,0.3675857656942093,0.7099380684950718,-2,158
