background,heidelberg_000000_000217.png
split,train
model,result_0822,0.892187282646469,0.7363120003022228,1,158
model,result_0855,0.6342725521269768,0.8327430867635024,1,306
