background,heidelberg_000000_000960.png
split,train
model,result_0024,0.9135874983296011,0.8278806629590889,0,162
model,result_0288,0.7384710780267613,0.9245330670752139,1,345
model,result_0247,0.12901299946394662,0.28234590955426586,-1,233
