background,heidelberg_000000_000834.png
split,train
model,result_0075,0.7251350944363197,0.6157281718394279,2,111
model,result_0992,0.623611070373753,0.6230651809267924,-1,228
model,result_0394,0.4812913209387445,0.3050867515596961,0,265
