background,augsburg_000000_000109.png
split,train
model,result_0022,0.6242264252054143,0.6193650667334576,2,221
