background,wurzburg_000000_000220.png
split,train
model,result_0981,0.9052260216517051,0.6452522525754338,-4,72
model,result_0527,0.7180374936336964,0.7827130076668088,1,335
model,result_0602,0.558559194398778,0.25160837778868317,4,131
