background,karlsruhe_000000_000875.png
split,train
model,result_0657,0.5518206462012282,0.5898126215749566,-1,297
model,result_0914,0.30217979077790547,0.6747416367668164,3,269
model,result_0193,0.06577400223225616,0.26959553016946336,-3,137
