background,freiburg_000000_000767.png
split,train
model,result_0866,0.7345538369237804,0.3096579294369383,0,48
