background,nuremberg_000000_001402.png
split,train
model,result_0999,0.5084976800236118,0.3131212340368902,-2,101
