background,bayreuth_000000_000818.png
split,train
model,result_0191,0.2453161044164539,0.5321416082533351,0,339
model,result_0775,0.9893226693920136,0.736980420391336,-4,42
