background,saarbrucken_000000_000333.png
split,train
model,result_0373,0.4578628940169771,0.44546328223264964,-1,102
model,result_0191,0.137633885935057,0.9182753186714324,0,121
model,result_0775,0.22274075792367332,0.7130197371487577,-3,79
