background,schweinfurt_000000_000243.png
split,train
model,result_0239,0.3468601265761502,0.30352898097957026,1,305
model,result_0051,0.34547923638769196,0.603208303334414,4,96
model,result_0739,0.4464153947508406,0.3948227194240913,2,311
