background,freiburg_000000_000362.png
split,train
model,result_0657,0.4775703052825544,0.7515572236954946,3,307
