background,bamberg_000000_000087.png
split,train
model,result_0024,0.5689035104409336,0.7801415396184195,-4,294
model,result_0288,0.7096953539002988,0.3244813126025343,-4,11
model,result_0247,0.8094376272802819,0.8484915853927839,2,359
