background,nuremberg_000000_000824.png
split,train
model,result_0775,0.7428824330278471,0.8204674612018668,-1,180
