background,konstanz_000000_000607.png
split,train
model,result_0557,0.761526181786186,0.6323681843056,2,318
model,result_0544,0.1580819114001042,0.8828154942381274,0,41
