background,muhlheim-ruhr_000000_000068.png
split,train
model,result_0960,0.7975069171995657,0.8829224586405858,3,182
model,result_0632,0.030465085625630328,0.9212482235267921,0,232
