background,wuppertal_000000_000596.png
split,train
model,result_0499,0.7703488111545237,0.8165166216673491,1,318
model,result_0844,0.83772928150894,0.8315983191429588,4,194
model,result_0995,0.6197526787378216,0.6580037068801154,4,92
