background,bayreuth_000000_000280.png
split,train
model,result_0739,0.2289886699170487,0.7651999422227462,-4,149
model,result_0960,0.2774742664848451,0.4974408674364603,4,21
model,result_0632,0.7938702477109806,0.26591655040532,4,97
