background,konstanz_000000_001155.png
split,train
model,result_0388,0.12823266251024845,0.8331347955874149,0,31
