background,karlsruhe_000000_000948.png
split,train
model,result_0871,0.44968804752351976,0.8819888951968297,0,121
model,result_0878,0.06940189120312479,0.5145963812547276,4,166
