background,nuremberg_000000_000015.png
split,train
model,result_0075,0.7239405939889885,0.8212992821608373,3,126
