background,oberhausen_000000_000862.png
split,train
model,result_0544,0.6654988970364992,0.40270956743801634,-4,309
model,result_0999,0.6093512655536751,0.8496407280029346,-2,44
model,result_0510,0.6169565133740149,0.9253618531241503,3,338
