background,duisburg_000000_000319.png
split,train
model,result_0960,0.0668018498311822,0.29159250282357957,2,339
