background,dortmund_000000_000359.png
split,train
model,result_0775,0.7393671271212051,0.4534569581653498,2,139
model,result_0075,0.44251001796302136,0.7655569568468403,-2,236
