background,dortmund_000000_000817.png
split,train
model,result_0586,0.5881861724992064,0.2984950952203076,1,67
model,result_0989,0.0749557703438476,0.6840380033049509,3,106
model,result_0803,0.35185405784654855,0.45996828763299924,2,182
