background,bayreuth_000000_000435.png
split,train
model,result_0295,0.563677003638489,0.46248055047527714,-4,301
model,result_0127,0.6307148232852586,0.8140545078399494,2,149
model,result_0022,0.6958170684268329,0.3824624172051242,4,16
