background,heidelberg_000000_000165.png
split,train
model,result_0686,0.49559158684709226,0.49133329609506066,-1,3
model,result_0805,0.24206254920608916,0.9593389436903723,-1,32
model,result_0039,0.05181719385067407,0.9473268413520903,3,194
