background,mannheim_000000_000601.png
split,train
model,result_0191,0.002550960997900309,0.4324552139960244,0,353
model,result_0775,0.9031203045168859,0.8556059490449099,2,36
