background,schweinfurt_000000_000196.png
split,train
model,result_0004,0.25433391825849105,0.7395295671586821,2,229
