background,schweinfurt_000000_000503.png
split,train
model,result_1000,0.4758438469663385,0.5603263767121953,-4,336
