background,dusseldorf_000212_000019.png
split,train
model,result_0388,0.4655076420512567,0.7027815699356037,4,255
model,result_0499,0.18234212185176646,0.8522339108149768,-4,129
