background,freiburg_000000_000183.png
split,train
model,result_0981,0.3547336253466935,0.7922069235394301,0,333
model,result_0527,0.23645047843651057,0.5201276734944558,-2,253
