background,duisburg_000000_000011.png
split,train
model,result_0046,0.396935567183512,0.3821059872566198,1,21
model,result_0389,0.4960769230536375,0.4004114558207569,-4,229
