background,wuppertal_000000_000977.png
split,train
model,result_0338,0.9657216558155477,0.3245621408605488,-1,334
model,result_0557,0.8631146925814203,0.5872372118004733,-2,77
