background,dresden_000000_000191.png
split,train
model,result_0388,0.7086037792174956,0.25947735229894986,-2,296
model,result_0499,0.9233026769728857,0.631389917277331,-4,322
