background,konstanz_000000_000329.png
split,train
model,result_0388,0.5966278340003199,0.4519848459574203,-1,325
