background,schweinfurt_000000_000569.png
split,train
model,result_0288,0.4763978989837794,0.5838579374699773,4,146
