background,freiburg_000000_000085.png
split,train
model,result_0999,0.8348797287163721,0.937098521264135,3,219
model,result_0510,0.31180329177709676,0.3739866201540953,-3,228
