background,wurzburg_000000_001447.png
split,train
model,result_0844,0.5618824906713111,0.8926329389391365,-1,204
model,result_0995,0.12383206049060469,0.8356310603993964,-3,13
