background,ulm_000076_000019.png
split,train
model,result_0524,0.07557813983234996,0.9078127705213981,2,83
