background,karlsruhe_000000_000066.png
split,train
model,result_0004,0.9240581809343494,0.8386473939516871,4,186
