background,nuremberg_000000_000042.png
split,train
model,result_0632,0.2735042842403005,0.3643355363796813,3,95
model,result_0357,0.9387890722230869,0.2931538994807761,2,21
