background,karlsruhe_000000_000623.png
split,train
model,result_0751,0.9036409982848272,0.8809451899634666,3,331
