background,duisburg_000000_000522.png
split,train
model,result_0324,0.6510027358770073,0.5785637403588552,1,357
model,result_0173,0.08899493047827522,0.5208236557381674,-2,232
model,result_0751,0.8631011411564159,0.9406772298467775,2,318
