background,bremen_000170_000019.png
split,train
model,result_0931,0.15034008475265426,0.7045859471079996,2,20
