background,bayreuth_000000_000194.png
split,train
model,result_0822,0.5811062370076358,0.32719491613077756,-2,38
model,result_0855,0.6389089662250231,0.31493323292509867,2,71
model,result_0338,0.3538294065955062,0.36621637416714625,-4,341
