background,wurzburg_000000_000166.png
split,train
model,result_0338,0.11282330063061285,0.9457779655159537,2,34
model,result_0557,0.7074110480596718,0.8143074789648957,2,177
