background,saarbrucken_000000_000266.png
split,train
model,result_0981,0.6108899656945685,0.9492507148965286,0,339
model,result_0527,0.6528328528558249,0.9103979450054988,-1,10
