background,heidelberg_000000_000040.png
split,train
model,result_0123,0.7916609062616178,0.475782181623109,3,300
model,result_0472,0.43153336174145374,0.982071946642816,-1,356
model,result_0981,0.6488626314885259,0.6805688902035045,4,258
