background,oberhausen_000000_000642.png
split,train
model,result_0191,0.1636658509452651,0.4773852498167255,0,153
model,result_0775,0.17899129865491825,0.25876512622770864,4,230
