background,munster_000024_000019.png
split,train
model,result_0338,0.3442937231469162,0.6396163646043513,-4,237
model,result_0557,0.9919373630155228,0.6628674466366153,1,152
model,result_0544,0.8421591887086659,0.6282394853596455,2,305
