background,bad-honnef_000000_000075.png
split,train
model,result_0657,0.8874321772912466,0.6904793973437402,4,155
model,result_0914,0.5212796555143552,0.5247637648972164,-2,36
model,result_0193,0.6108841772353123,0.2975351383510981,-1,309
