background,nuremberg_000000_000239.png
split,train
model,result_0193,0.18396314408947745,0.9340774601225768,-3,35
