background,bayreuth_000000_000697.png
split,train
model,result_0051,0.1498008326149587,0.8813017762507617,2,309
model,result_0739,0.4701685007565676,0.7456452431528454,1,143
