background,heidelberg_000000_000597.png
split,train
model,result_0949,0.49582458575745225,0.7664389978715143,2,248
model,result_0324,0.5189795877317657,0.9500418952434381,-3,217
