background,bayreuth_000000_000442.png
split,train
model,result_0036,0.7426076763882957,0.9134737867947329,-3,292
model,result_1000,0.4368607484447762,0.3163980879232716,1,37
model,result_0367,0.46103435391313863,0.9047692765960113,0,64
