background,oberhausen_000000_000887.png
split,train
model,result_0484,0.817540607440908,0.7265501552447756,-4,309
model,result_0861,0.9477737247438993,0.7747060994063147,4,148
model,result_0882,0.15702523000939073,0.788501444798456,-4,135
