background,mannheim_000000_000823.png
split,train
model,result_0544,0.24731474692755906,0.42412657996001657,-3,160
model,result_0999,0.421483982181307,0.7821411921639461,-1,95
