background,wuppertal_000000_000562.png
split,train
model,result_0357,0.33032342080849175,0.34305957492979866,-1,70
