background,karlsruhe_000000_000478.png
split,train
model,result_0440,0.014319229987216908,0.8486366178061179,1,189
model,result_0484,0.8491724223635787,0.2761304412328274,-2,238
