background,mannheim_000000_000252.png
split,train
model,result_0046,0.051010408666645635,0.871453222323052,-4,182
