background,konstanz_000000_001216.png
split,train
model,result_0983,0.0157812954696277,0.9194039182641468,4,291
model,result_0996,0.6518069972521946,0.8392215468112779,1,330
