background,dusseldorf_000184_000019.png
split,train
model,result_0861,0.7958109787597125,0.915613400239009,-4,334
model,result_0882,0.8669534587995238,0.8006372572803011,0,171
