background,nuremberg_000000_001269.png
split,train
model,result_0991,0.6252447666009102,0.2902153067666459,2,121
