background,wuppertal_000000_000196.png
split,train
model,result_0123,0.001929654630712152,0.9786143855201084,-3,5
model,result_0472,0.9591407344723293,0.4778400732696845,-4,303
model,result_0981,0.2316880356282527,0.9628312267315643,2,124
