background,nuremberg_000000_000927.png
split,train
model,result_0484,0.8090661351142409,0.9869698966850391,-2,253
model,result_0861,0.9941755537676596,0.43847214682891666,2,141
model,result_0882,0.2641622160402467,0.36287132145498135,3,203
