background,mannheim_000000_000604.png
split,train
model,result_0969,0.5744636740969907,0.5718308265799809,3,52
model,result_0793,0.9717830456274119,0.25220786217390256,0,17
model,result_0686,0.6934316852165694,0.2934619387962031,-1,336
