background,zurich_000120_000019.png
split,train
model,result_0674,0.6745737452026677,0.35578582798133884,-2,97
model,result_0146,0.15073443754612936,0.5223062108823261,0,293
