background,wurzburg_000000_000177.png
split,train
model,result_0163,0.6176380835380588,0.43877252837242564,3,281
