background,bayreuth_000000_000492.png
split,train
model,result_0239,0.5517639229259813,0.6074316156638517,4,225
model,result_0051,0.30859072839550894,0.6892422733370936,4,169
