background,wurzburg_000000_001607.png
split,train
model,result_0602,0.34594095383975276,0.9043962399091116,-4,117
model,result_0024,0.8324518188063045,0.8660227123821744,3,130
