background,saarbrucken_000000_000469.png
split,train
model,result_0024,0.16736444961498043,0.7343900314294767,3,276
model,result_0288,0.5441594872567932,0.3460899060396688,-3,62
