background,augsburg_000000_000278.png
split,train
model,result_0319,0.2682647260127159,0.9700802214960004,1,229
model,result_0477,0.9568012589961812,0.4249877258871473,2,213
