background,muhlheim-ruhr_000000_000894.png
split,train
model,result_0995,0.06976109345156711,0.6802538838596542,0,252
model,result_0969,0.21504891476491916,0.9059964623275012,-2,145
model,result_0793,0.5103399030341326,0.3840831750425285,0,156
