background,bamberg_000000_000289.png
split,train
model,result_0822,0.7979219171298393,0.5843619872314153,4,2
model,result_0855,0.914877915083171,0.40923996766252085,2,219
