background,schweinfurt_000000_000552.png
split,train
model,result_0388,0.0457543551932752,0.880263556068686,-4,92
model,result_0499,0.4488157740209231,0.5081638507853297,1,5
