background,wurzburg_000000_001046.png
split,train
model,result_0969,0.33047939167733076,0.9931979610547776,-1,305
model,result_0793,0.30349598080144813,0.4326175005875307,-1,31
model,result_0686,0.6257935013971558,0.4177653272170213,-4,105
