background,bayreuth_000000_000780.png
split,train
model,result_0338,0.6922892042691499,0.30432847233947313,3,90
model,result_0557,0.4444469972052597,0.8358282077424808,3,255
