background,karlsruhe_000000_000973.png
split,train
model,result_0510,0.4557739267118188,0.4666011801109887,3,136
model,result_0328,0.9544527462453775,0.5542762909915511,4,59
model,result_0879,0.5519761543503302,0.2834706328690854,-2,336
