background,schweinfurt_000000_000440.png
split,train
model,result_0979,0.06595129957575951,0.7429940233587236,4,141
model,result_0871,0.5130108206528137,0.5532652412961542,-4,345
