background,mannheim_000000_000017.png
split,train
model,result_0036,0.6826071992732187,0.978944418071481,3,26
model,result_1000,0.4933755650045639,0.2916070614121591,-2,283
