background,mannheim_000000_001068.png
split,train
model,result_0784,0.6111622180441573,0.4559794038906342,4,143
model,result_0924,0.9089884734555346,0.5537166437407893,2,39
model,result_0866,0.23659745640154728,0.9270566472591095,2,286
