background,nuremberg_000000_001038.png
split,train
model,result_0061,0.31601651357897,0.54865165154907,-1,30
model,result_0606,0.6733925956214606,0.5724226938932973,-1,1
