background,nuremberg_000000_001030.png
split,train
model,result_0123,0.49639780619190443,0.5657643669800632,-2,342
model,result_0472,0.20920681491226534,0.7830399383960492,1,30
model,result_0981,0.6154189963460057,0.9276782921809115,4,115
