background,wuppertal_000000_000861.png
split,train
model,result_0996,0.9761182806592895,0.3609084806486301,-3,269
model,result_0266,0.8519402880396892,0.4848199855121145,1,6
model,result_0862,0.178737052371851,0.260073976219505,4,16
