background,muhlheim-ruhr_000000_000760.png
split,train
model,result_0861,0.24212921080053063,0.8799259261949528,3,1
model,result_0882,0.7493216189738034,0.928953155245305,1,85
