background,nuremberg_000000_001354.png
split,train
model,result_0686,0.6771946580431866,0.7256810343079058,-2,191
model,result_0805,0.035966126970621515,0.5203502139055843,-1,31
