background,wuppertal_000000_000598.png
split,train
model,result_0968,0.5441853920069242,0.6702087410541445,2,344
model,result_0847,0.9657908744368366,0.5527979347135249,0,5
