background,mannheim_000000_000273.png
split,train
model,result_0924,0.9866476889015396,0.9540414316464768,3,318
