background,heidelberg_000000_000252.png
split,train
model,result_0949,0.5856311551821676,0.8488897488971158,1,203
model,result_0324,0.01239923108054286,0.4328774739761844,0,59
model,result_0173,0.5500269258089096,0.6294794302472764,-2,330
