background,mannheim_000000_000140.png
split,train
model,result_1000,0.9185805804572211,0.7586276363673089,0,217
model,result_0367,0.4418753494270514,0.5015594244557642,2,29
