background,dortmund_000000_000209.png
split,train
model,result_0646,0.29213871438644434,0.9857609052570098,2,62
model,result_0586,0.4244449886216407,0.6010101675621713,-4,73
model,result_0989,0.8757010408771678,0.6496661030708641,-1,127
