background,oberhausen_000000_000153.png
split,train
model,result_0678,0.08291280380898469,0.2523772031184782,0,141
