background,erfurt_000009_000019.png
split,train
model,result_0968,0.5598379375581111,0.2639722879612567,1,189
model,result_0847,0.7821932530329502,0.8055765690636778,4,205
model,result_0646,0.11215084176455725,0.8309612704666783,3,284
