background,heidelberg_000000_000020.png
split,train
model,result_0075,0.07950315403805241,0.5890122545287305,1,11
model,result_0992,0.16480139034537922,0.7558190953351919,-3,43
model,result_0394,0.46081465073967676,0.5633016599723317,0,122
