background,oberhausen_000000_000659.png
split,train
model,result_0751,0.46352376366290204,0.4137437614951197,3,134
model,result_0678,0.3522439350846819,0.5115733501345456,4,80
model,result_0784,0.32964955756748515,0.3297466971422174,0,175
