background,schweinfurt_000000_000478.png
split,train
model,result_0199,0.8175573658392381,0.9598388149892328,3,289
model,result_0060,0.9905937350541398,0.44166557796398964,-2,103
model,result_0080,0.9525883011508701,0.45341000361472206,-2,313
