background,karlsruhe_000000_000414.png
split,train
model,result_0146,0.9956053303052234,0.9330332485019049,-2,84
model,result_0295,0.35994488444130546,0.9931715832147902,1,311
