background,heidelberg_000000_000834.png
split,train
model,result_0004,0.9414966733098812,0.5283454585725127,-1,237
