background,hamburg_000000_030279.png
split,train
model,result_0127,0.9815279221528259,0.6619459819593125,3,190
