background,konstanz_000000_000592.png
split,train
model,result_0164,0.5523003602340607,0.25929787017392014,3,135
model,result_0440,0.676833551208825,0.4677650082886927,0,43
