background,karlsruhe_000000_001048.png
split,train
model,result_0981,0.624433969921388,0.3763169399098095,3,7
