background,strasbourg_000001_045481.png
split,train
model,result_0562,0.6433705431733213,0.6529164030310215,-3,274
model,result_0215,0.9127292676687314,0.8629410590714497,0,256
