background,duisburg_000000_000527.png
split,train
model,result_0484,0.48761981001881427,0.5999381635036425,3,134
model,result_0861,0.7521788098044799,0.4715637859937868,1,210
