background,dortmund_000000_000911.png
split,train
model,result_0999,0.1106328105750416,0.5114311708379747,-1,282
model,result_0510,0.31290751464104327,0.8799864138753074,1,247
