background,heilbronn_000000_000322.png
split,train
model,result_1000,0.20879213569644228,0.3259095983799015,2,290
