background,freiburg_000000_000471.png
split,train
model,result_0022,0.08861076855495043,0.6810860858166972,1,52
model,result_0061,0.24098523832630026,0.7963897199377454,1,125
model,result_0606,0.09273479730561873,0.5586370843111318,0,123
