background,nuremberg_000000_000675.png
split,train
model,result_0373,0.6797468388566986,0.7725590819568886,2,172
model,result_0191,0.12050002823414496,0.31780030315743735,3,334
model,result_0775,0.6778650447694415,0.7960545295158392,4,91
