background,augsburg_000000_001329.png
split,train
model,result_0163,0.5935581421955253,0.511074574469564,-1,190
model,result_0657,0.018451925433462968,0.3278820910783,-2,253
