background,karlsruhe_000000_000705.png
split,train
model,result_0051,0.12247035602884682,0.8247967096526448,-1,29
