background,karlsruhe_000000_001120.png
split,train
model,result_0266,0.10751989395141548,0.990021701421875,3,276
model,result_0862,0.7075463574544296,0.6523406040718558,4,179
model,result_0524,0.2607733097137126,0.3964019845636298,-2,220
