background,bamberg_000000_000139.png
split,train
model,result_0388,0.7689062518482108,0.5625692408955956,2,45
model,result_0499,0.5144745926749401,0.6779643992400738,-1,235
model,result_0844,0.4699047244282104,0.7753568412709884,4,142
