background,nuremberg_000000_000197.png
split,train
model,result_0855,0.9134200389414798,0.8657216003742597,1,208
model,result_0338,0.8399970809267581,0.8942897916954842,-1,149
model,result_0557,0.2651378808918422,0.44312994382052007,-4,2
