background,oberhausen_000000_000492.png
split,train
model,result_0385,0.2960052481099036,0.7896673339570893,1,90
