background,duisburg_000000_000372.png
split,train
model,result_0878,0.8200514659150837,0.7258722269663112,3,226
