background,freiburg_000000_000599.png
split,train
model,result_0544,0.4149458126657185,0.8154718385379021,4,318
model,result_0999,0.718576683335436,0.6795403598096073,1,73
