background,freiburg_000000_000004.png
split,train
model,result_0632,0.18625746696476342,0.6309657195971237,4,74
model,result_0357,0.22061962398762047,0.74434932703173,-3,216
model,result_0046,0.6896617085998775,0.3313322920357985,1,145
