background,freiburg_000000_000536.png
split,train
model,result_0844,0.42435705609281205,0.9756325637644133,2,199
model,result_0995,0.6538347356063914,0.8557620535999428,-1,327
