background,jena_000034_000019.png
split,train
model,result_0388,0.25784470900192624,0.3645981413998494,-4,302
model,result_0499,0.854275498020807,0.3733726008255407,2,359
model,result_0844,0.699856710864888,0.8407906131282478,-4,128
