background,karlsruhe_000000_000183.png
split,train
model,result_0373,0.5914972716090672,0.40512961359661526,-4,228
model,result_0191,0.7393974669057778,0.830265062505102,0,288
model,result_0775,0.0587269177566051,0.6170680759373353,-4,286
