background,duisburg_000000_000169.png
split,train
model,result_0960,0.8170209106989383,0.44350934782325113,1,0
