background,freiburg_000000_000640.png
split,train
model,result_0795,0.8157838637277901,0.8943511996992133,1,358
model,result_0388,0.5454685780099371,0.35318237205372083,4,188
model,result_0499,0.29420458977089914,0.61771533717406,-3,268
