background,karlsruhe_000000_000439.png
split,train
model,result_0992,0.011637141203691637,0.29096445598596854,-4,40
model,result_0394,0.45434398925127195,0.4871917853940919,4,230
model,result_0163,0.1676739363762183,0.8041793639657344,4,269
