background,karlsruhe_000000_000014.png
split,train
model,result_0191,0.6691907495624724,0.3923250553849243,-4,290
model,result_0775,0.5228969800113263,0.7384795696773487,-2,319
