background,wurzburg_000000_000336.png
split,train
model,result_0051,0.4971410316912267,0.2975610951670753,-4,91
model,result_0739,0.48884177609584134,0.7765509872902232,2,275
