background,freiburg_000000_000075.png
split,train
model,result_0075,0.8511488348885339,0.52503345904194,-2,132
model,result_0992,0.1253600168776552,0.543289107646424,-3,158
model,result_0394,0.9503601768580575,0.8522377926971246,-2,330
