background,oberhausen_000000_000819.png
split,train
model,result_0795,0.14358309791691148,0.9693455253222025,0,285
model,result_0388,0.05690725418864451,0.7803376217495737,-4,265
model,result_0499,0.2735767364676629,0.3516745458894397,-4,120
