background,wurzburg_000000_001404.png
split,train
model,result_0080,0.7973668612484708,0.5353841626047571,0,336
model,result_0857,0.09817835054759128,0.6979764528486119,-4,337
model,result_0795,0.13822071363313804,0.8484371623540428,-3,139
