background,karlsruhe_000000_000995.png
split,train
model,result_0992,0.69962282085276,0.5186449328259265,-4,221
model,result_0394,0.04052556960543996,0.3795569425507898,1,256
model,result_0163,0.3336689213545543,0.29662653080499163,-4,244
