background,heidelberg_000000_000609.png
split,train
model,result_0199,0.34279563461217966,0.6308226305565653,-1,200
model,result_0060,0.7010887289266279,0.7654712475448879,-2,125
