background,bremen_000250_000019.png
split,train
model,result_0847,0.5996644072187223,0.25459993400029857,2,261
model,result_0646,0.7706278217816143,0.7587682967116816,-1,85
model,result_0586,0.9350909729637167,0.3707852271039582,-3,275
