background,mannheim_000000_001068.png
split,train
model,result_0995,0.7916489927748078,0.6194685021516277,-1,278
