background,dusseldorf_000118_000019.png
split,train
model,result_0991,0.08401679019291686,0.832850918265198,-1,334
model,result_0373,0.7461982794050384,0.35853235353935087,0,160
model,result_0191,0.9401630248811356,0.7697573735274543,0,109
