background,wuppertal_000000_000809.png
split,train
model,result_0319,0.23761494701218966,0.6245619715733881,2,229
model,result_0477,0.32646121110929904,0.3714666822851779,3,13
model,result_0949,0.7829572230461965,0.2793372615413945,-1,43
