background,wurzburg_000000_001272.png
split,train
model,result_0606,0.6442618204481546,0.8471788209685727,2,236
model,result_0082,0.049763538530484874,0.6309276342161507,-2,251
model,result_0945,0.5750682319973857,0.5349346321720144,-2,214
