background,augsburg_000000_000841.png
split,train
model,result_0992,0.7274204635564754,0.8556353490644979,-3,339
model,result_0394,0.6676872633348578,0.8707357107924394,1,44
model,result_0163,0.5540964813168274,0.9103246353950442,-3,199
