background,dresden_000000_000269.png
split,train
model,result_0524,0.4746797171994326,0.3787294268343389,2,266
model,result_0199,0.4716906496138542,0.9140762166555008,2,11
