background,bayreuth_000000_000764.png
split,train
model,result_0385,0.22172074806499742,0.29446018657728645,-3,162
model,result_0991,0.702933213817231,0.3622333722736506,4,343
