background,heilbronn_000000_000129.png
split,train
model,result_0606,0.33694174531717547,0.6562740483665938,2,216
model,result_0082,0.719783350115884,0.9815289421988626,0,139
model,result_0945,0.8821703993090723,0.632406794873425,-1,225
