background,tubingen_000099_000019.png
split,train
model,result_0968,0.7375572396100787,0.6081418034006391,-3,359
model,result_0847,0.7731331574694715,0.8801895178879977,4,115
model,result_0646,0.15471480300977158,0.3398213277051322,3,173
