background,duisburg_000000_000764.png
split,train
model,result_0127,0.1397601492049093,0.5665762045198492,-2,288
