background,bayreuth_000000_000543.png
split,train
model,result_0879,0.16057430553489271,0.25034870106334994,4,163
model,result_0542,0.6433530323576871,0.68210692909403,0,322
