background,dusseldorf_000030_000019.png
split,train
model,result_0793,0.0056303595821696195,0.5707958174912888,-1,225
