background,mannheim_000000_001166.png
split,train
model,result_0562,0.2494919220766164,0.5104020995790117,-1,223
model,result_0215,0.7458370184751714,0.8795047333060009,-2,21
model,result_0332,0.3234869035613457,0.3284278083227734,-4,297
