background,oberhausen_000000_000489.png
split,train
model,result_0878,0.15687176960505567,0.43610655784664987,4,306
