background,muhlheim-ruhr_000000_000653.png
split,train
model,result_0678,0.595075546040473,0.8861397972514706,-2,259
model,result_0784,0.9805590934076576,0.7704726674494875,-3,322
model,result_0924,0.383069584964165,0.27940885151048667,-2,167
