background,saarbrucken_000000_000158.png
split,train
model,result_0996,0.675964523781025,0.8644441645010903,-2,182
model,result_0266,0.6130836863598578,0.30381631405994236,4,129
