background,nuremberg_000000_001091.png
split,train
model,result_0969,0.25716729709617747,0.8340588747240085,0,75
model,result_0793,0.5701256658947153,0.5456441794608233,0,37
model,result_0686,0.980936789359851,0.9701504080191938,-3,46
