background,muhlheim-ruhr_000000_000673.png
split,train
model,result_0989,0.15053942878177717,0.5096167225729137,0,28
