background,muhlheim-ruhr_000000_000380.png
split,train
model,result_0046,0.12823185773865398,0.8327717464795523,-3,321
model,result_0389,0.8308351846943414,0.7282732986954074,3,209
