background,lindau_000032_000019.png
split,train
model,result_0983,0.5681414786203569,0.4316959792231122,-3,134
model,result_0996,0.7848136541767697,0.4060011251211205,4,75
