background,konstanz_000000_000392.png
split,train
model,result_0389,0.5740002196331733,0.5204544960434423,3,292
