background,freiburg_000000_000589.png
split,train
model,result_0472,0.15740002151790766,0.4501570629420598,0,240
model,result_0981,0.8784735938580778,0.7514453449759587,4,228
