background,mannheim_000000_000189.png
split,train
model,result_0878,0.6669469725994397,0.92900218670938,-1,155
model,result_0004,0.2174029921522339,0.8570261376349413,-1,240
model,result_0931,0.89158045788405,0.34187684871091895,-4,187
