background,schweinfurt_000000_000527.png
split,train
model,result_0472,0.1688522771573442,0.3649096636969848,3,346
model,result_0981,0.8364732125792814,0.8494350446484832,-2,132
