background,augsburg_000000_000516.png
split,train
model,result_0123,0.19502344860514498,0.26156261965312505,1,96
