background,oberhausen_000000_000230.png
split,train
model,result_0795,0.357882134607,0.44787685350460504,2,158
model,result_0388,0.3569744044796853,0.9623072589482031,-4,67
