background,bayreuth_000000_000018.png
split,train
model,result_0924,0.5045114418921645,0.8326488925082927,2,39
model,result_0866,0.32757707931877655,0.9366797338219572,-1,23
model,result_0983,0.30153424649320026,0.25626185761541365,-4,104
