background,bamberg_000000_000309.png
split,train
model,result_0357,0.0558122221802021,0.8428073926462882,0,253
model,result_0046,0.24607469042395413,0.4268877660872724,2,50
