background,troisdorf_000000_000117.png
split,train
model,result_0328,0.3110778335156529,0.7990643506697219,-1,144
model,result_0879,0.6207609765320589,0.9086632296129763,1,328
