background,heidelberg_000000_000633.png
split,train
model,result_0793,0.6270050818979939,0.6231817280090086,3,204
model,result_0686,0.22466108654655892,0.4810625887777069,1,296
model,result_0805,0.8898813665614949,0.9138282974317319,-2,109
