background,dortmund_000000_000806.png
split,train
model,result_0657,0.9423770117418843,0.2706312278320444,-2,144
model,result_0914,0.942196795652026,0.2537060404721799,-4,199
model,result_0193,0.7200064341924403,0.9524213629743044,3,325
