background,konstanz_000000_000164.png
split,train
model,result_0751,0.12678601220712793,0.8139369164079002,-1,160
