background,heilbronn_000000_000446.png
split,train
model,result_0586,0.8493576455548898,0.9510932306925439,3,2
