background,duisburg_000000_000589.png
split,train
model,result_0527,0.2576838637606985,0.3837796692215085,0,193
model,result_0602,0.6862625932498302,0.9339394036641387,-1,346
model,result_0024,0.38145537731403034,0.3252995360908302,0,183
