background,dresden_000000_000221.png
split,train
model,result_0694,0.886129690488335,0.3275886483778129,-1,203
model,result_0319,0.6097385713578034,0.5187665825669626,-4,306
model,result_0477,0.6266341102383853,0.9613944368264982,1,201
