background,karlsruhe_000000_000273.png
split,train
model,result_0775,0.31191014850410226,0.5743851148081695,2,155
model,result_0075,0.1490383126660616,0.48526409268924847,1,38
