background,bayreuth_000000_000264.png
split,train
model,result_0082,0.16730640604650704,0.8036327019118498,-2,151
