background,karlsruhe_000000_000933.png
split,train
model,result_0866,0.9828019259615476,0.5888916049442829,3,15
model,result_0983,0.590836054538347,0.3259227342370617,0,75
model,result_0996,0.5426111325984302,0.3926883338726303,-3,344
