background,augsburg_000000_000021.png
split,train
model,result_0266,0.09897572890561668,0.2970870617567746,3,150
model,result_0862,0.12234870314333635,0.9203695206758833,-3,46
