background,oberhausen_000000_000380.png
split,train
model,result_0542,0.18740212418121316,0.8947713127119876,0,102
model,result_0674,0.6961270003741754,0.29935465979874093,0,49
