background,duisburg_000000_000359.png
split,train
model,result_0319,0.6607408330193002,0.9727282541750529,-3,330
