background,dresden_000000_000224.png
split,train
model,result_0847,0.39092780701856267,0.6641403322922332,2,56
model,result_0646,0.27820677196019583,0.7612564977823071,-3,108
model,result_0586,0.5894303845689962,0.7950409515403944,0,287
