background,oberhausen_000000_000702.png
split,train
model,result_0283,0.25252996814832507,0.8318597832027985,-2,60
model,result_0968,0.4429024558542307,0.3418041158714459,2,150
model,result_0847,0.025847431151588385,0.40408711824455257,1,303
