background,heilbronn_000000_000655.png
split,train
model,result_0295,0.07795137954772913,0.6237190336816211,1,158
model,result_0127,0.4593632114468601,0.6186596494331214,4,78
