background,erfurt_000106_000019.png
split,train
model,result_0385,0.892655664527499,0.29749825127116253,2,125
