background,freiburg_000000_000768.png
split,train
model,result_0606,0.26787082408485474,0.9413387823986114,-1,154
model,result_0082,0.44387135221968743,0.9742944230789036,-2,315
