background,freiburg_000000_000755.png
split,train
model,result_0866,0.5028807870888775,0.9224251413462992,-1,337
