background,dortmund_000000_001027.png
split,train
model,result_0385,0.24332517201916215,0.2819594872702439,3,8
model,result_0991,0.2855163122296037,0.7795429852245315,4,289
