background,wuppertal_000000_000765.png
split,train
model,result_0882,0.6867742922260899,0.5689971105988896,2,344
model,result_0467,0.076113582215937,0.7957953364198939,1,251
model,result_0154,0.24158964551204254,0.48302163426011313,4,277
