background,wuppertal_000000_001080.png
split,train
model,result_0319,0.052121141807518256,0.5030644782741842,2,19
