background,augsburg_000000_001141.png
split,train
model,result_0996,0.5175824876961643,0.9668284997667592,3,113
model,result_0266,0.6350450201661614,0.3562520858344946,-2,54
