background,wuppertal_000000_000572.png
split,train
model,result_0949,0.15487400797198847,0.4178859009023003,4,352
