background,nuremberg_000000_001168.png
split,train
model,result_0612,0.6415066977511825,0.9086928475624982,4,188
model,result_0283,0.5790564224328483,0.9863003830309464,4,266
