background,saarbrucken_000000_000455.png
split,train
model,result_0983,0.9763904902315705,0.8841632311241546,1,207
