background,augsburg_000000_001097.png
split,train
model,result_0751,0.6676256819796023,0.6359758148269646,0,147
model,result_0678,0.05025703701187201,0.880541139442318,4,174
