background,wurzburg_000000_000041.png
split,train
model,result_0844,0.5529286396129205,0.5938684953094415,1,257
