background,heilbronn_000000_000311.png
split,train
model,result_0657,0.6977276726612708,0.4958543020940468,-1,183
model,result_0914,0.7632414094492226,0.7049508195615416,1,185
