background,muhlheim-ruhr_000000_000213.png
split,train
model,result_0046,0.9838752524425531,0.512345760858379,3,75
model,result_0389,0.5730595565866035,0.5204653314021859,-4,247
