background,mannheim_000000_000133.png
split,train
model,result_0751,0.9582659933839175,0.592227838096206,1,207
