background,duisburg_000000_000656.png
split,train
model,result_0544,0.6739682841491184,0.7497070234401209,-1,173
