background,wurzburg_000000_001433.png
split,train
model,result_0793,0.2350852310370305,0.44614236902335797,1,52
model,result_0686,0.09132741229328789,0.8816556595235124,4,105
model,result_0805,0.012703220038429053,0.47616144557635576,4,212
