background,heidelberg_000000_001017.png
split,train
model,result_0164,0.7830298147325742,0.7585115435251426,-3,82
model,result_0440,0.4931126218622932,0.3075795380419075,3,357
