background,freiburg_000000_000184.png
split,train
model,result_0082,0.06420378449277642,0.7708934361222849,-4,322
model,result_0945,0.03961621147242145,0.8915402444730656,2,242
