background,dresden_000000_000057.png
split,train
model,result_0163,0.3007762737473151,0.2857796932009551,-1,239
model,result_0657,0.7580139275897644,0.958166868878711,-3,79
