background,karlsruhe_000000_000917.png
split,train
model,result_0328,0.9901614144183543,0.2748886920092739,2,66
model,result_0879,0.903597858611082,0.46084986726815474,1,280
