background,dortmund_000000_000208.png
split,train
model,result_0678,0.5904418343265232,0.6232627042436687,4,251
