background,augsburg_000000_001065.png
split,train
model,result_0871,0.6459213022310507,0.6516259750463438,3,314
model,result_0878,0.22192671678478648,0.5264682692749194,-2,116
