background,konstanz_000000_000545.png
split,train
model,result_0992,0.8866636616113305,0.5445531653733671,2,315
model,result_0394,0.3729507447694279,0.2693825742148338,2,32
model,result_0163,0.5745146467136446,0.5223474139748914,3,67
