background,nuremberg_000000_001423.png
split,train
model,result_0739,0.5335650393635939,0.7472722788652759,0,203
