background,wurzburg_000000_001083.png
split,train
model,result_0484,0.6854667153097664,0.45697703227496167,0,328
