background,karlsruhe_000000_000595.png
split,train
model,result_0283,0.8402823756956104,0.41625262800059293,-2,162
model,result_0968,0.8343375486158345,0.9176606885200008,3,328
