background,bamberg_000000_000191.png
split,train
model,result_0844,0.009662962891271554,0.5146381784992453,-1,301
model,result_0995,0.3725298281202555,0.4370281256545544,1,309
model,result_0969,0.4907283059770692,0.6692036755153944,2,329
