background,augsburg_000000_000282.png
split,train
model,result_0385,0.11514937931822511,0.3504243333658078,3,104
model,result_0991,0.1459693778102107,0.85606016929508,-1,251
model,result_0373,0.8393772973741161,0.6444727901718368,2,88
