background,duisburg_000000_000459.png
split,train
model,result_0046,0.4071895798496078,0.8815899843335212,2,43
model,result_0389,0.5106993806516275,0.6828929201984062,0,357
model,result_0164,0.92440348138579,0.40012666008061804,-4,139
