background,karlsruhe_000000_000409.png
split,train
model,result_0822,0.1804552532957191,0.3536362962937708,-3,143
model,result_0855,0.9183483413298789,0.7053286438205131,-4,239
