background,freiburg_000000_000171.png
split,train
model,result_0949,0.033018654175767326,0.8692220553474956,4,278
