background,schweinfurt_000000_000256.png
split,train
model,result_0192,0.28700486071175146,0.36984404662045667,-1,303
