background,wurzburg_000000_000376.png
split,train
model,result_0991,0.4414416397626608,0.7320305226870346,-2,59
model,result_0373,0.5922479982116043,0.7850293513482338,1,204
model,result_0191,0.637922109815344,0.7057428901492511,0,119
