background,nuremberg_000000_000944.png
split,train
model,result_0949,0.13531120354373616,0.7592529712421396,4,95
