background,augsburg_000000_000984.png
split,train
model,result_0367,0.8645178259547537,0.9134651656589711,-3,147
model,result_0822,0.3339647547075203,0.45228349667614737,3,312
model,result_0855,0.5630641481736818,0.6719266674921416,4,18
