background,muhlheim-ruhr_000000_000027.png
split,train
model,result_0805,0.9615001632770881,0.6101389749869169,-1,121
