background,karlsruhe_000000_000703.png
split,train
model,result_0678,0.5360556161292693,0.46125348688549955,-3,270
model,result_0784,0.8760293175368158,0.5784203504356672,1,296
