background,hamburg_000000_037036.png
split,train
model,result_0218,0.8477813110052809,0.5114278667837965,-1,208
model,result_0694,0.8965266423034348,0.7172227899756177,-1,133
