background,karlsruhe_000000_001028.png
split,train
model,result_0373,0.6840523936163297,0.9092419624065893,-4,322
model,result_0191,0.33091704587591786,0.9174875496757307,-1,272
