background,erfurt_000107_000019.png
split,train
model,result_0467,0.30272881321560174,0.3829418891764276,4,321
model,result_0154,0.473622436877255,0.5479671410884169,3,252
model,result_0562,0.25055875227463575,0.7466335645660855,-2,348
