background,mannheim_000000_000844.png
split,train
model,result_0164,0.3193351591457668,0.7151235421302032,1,324
model,result_0440,0.03105371761892517,0.3410594251638875,-2,67
model,result_0484,0.5579632273921216,0.7439718566681498,-1,229
