background,augsburg_000000_000847.png
split,train
model,result_0844,0.8624430122310164,0.6629457757115683,3,154
model,result_0995,0.5121620365782552,0.7691641216584222,-2,53
