background,duisburg_000000_000491.png
split,train
model,result_0164,0.09931753969535317,0.9409236049059072,4,86
model,result_0440,0.9927637279470172,0.301997876496349,0,109
model,result_0484,0.4683184891573904,0.4001097632216677,-1,200
