background,hanover_000000_004646.png
split,train
model,result_0332,0.055999956688007835,0.33328071278617544,-3,91
model,result_0385,0.974943914295864,0.9042007713641895,0,308
model,result_0991,0.13830092351059287,0.36011744601925666,1,217
