background,muhlheim-ruhr_000000_000204.png
split,train
model,result_0266,0.6069781649412024,0.877464342338296,1,144
model,result_0862,0.6275364695900651,0.4050545457137906,-3,49
model,result_0524,0.21198166988843903,0.35439862285956625,-1,187
