background,bayreuth_000000_000681.png
split,train
model,result_0862,0.013158342832229386,0.3525787449541175,3,159
model,result_0524,0.08220916987516691,0.31328153580643214,-3,105
model,result_0199,0.3437296857750083,0.7321742633827946,-2,90
