background,troisdorf_000000_000027.png
split,train
model,result_0484,0.7268367509728929,0.6580854986808604,-1,124
