background,schweinfurt_000000_000436.png
split,train
model,result_0686,0.3963137625540899,0.6303364223035955,3,305
model,result_0805,0.04753980115022549,0.5320698388846024,-2,303
model,result_0039,0.6289212095732556,0.4688172063313888,3,104
