background,heilbronn_000000_000471.png
split,train
model,result_0373,0.3135277411161326,0.5639778436410408,3,57
model,result_0191,0.06119204495893604,0.7021919430326544,2,201
model,result_0775,0.11688157396746535,0.5743085462949122,-2,119
