background,bamberg_000000_000414.png
split,train
model,result_0266,0.8052712962696482,0.9309870923439212,0,115
model,result_0862,0.3186055548942116,0.5672162562874862,3,181
model,result_0524,0.04176365072793142,0.9306131253285115,3,225
