background,dortmund_000000_000465.png
split,train
model,result_0775,0.2944549303863715,0.6707462861974596,-2,21
model,result_0075,0.49088721813107006,0.46591801652947384,-4,234
model,result_0992,0.2344584142647732,0.8540152572174025,0,138
