background,konstanz_000000_001140.png
split,train
model,result_0164,0.2751346528197698,0.9233758072915591,2,273
