background,dusseldorf_000127_000019.png
split,train
model,result_0542,0.4840747667264059,0.927980589686074,-2,262
model,result_0674,0.09232698084767532,0.913644171695041,0,210
model,result_0146,0.33008629601078154,0.3128215631070818,4,48
