background,wurzburg_000000_000273.png
split,train
model,result_0373,0.1487812924021399,0.7029958240571754,4,264
model,result_0191,0.2256682545939125,0.9071568289329697,2,28
