background,dortmund_000000_000657.png
split,train
model,result_0191,0.9024118319177772,0.9047533864378995,4,249
