background,heilbronn_000000_000301.png
split,train
model,result_0080,0.5578813793714031,0.8066907262035485,2,305
