background,saarbrucken_000000_000088.png
split,train
model,result_0164,0.45612343953112755,0.27535271588141746,-2,40
model,result_0440,0.24952314065004855,0.7554035233607739,-4,68
model,result_0484,0.26731795634276045,0.8244986657138184,2,274
