background,muhlheim-ruhr_000000_001148.png
split,train
model,result_0527,0.4343073362021651,0.5340059827843928,-4,230
model,result_0602,0.5125509285490948,0.9680356292093204,-4,155
