background,wurzburg_000000_001009.png
split,train
model,result_0388,0.24130838059104343,0.635805228657647,3,131
model,result_0499,0.6912787163248262,0.7603639726660688,-3,232
