background,duisburg_000000_000049.png
split,train
model,result_0022,0.3401543046450415,0.8150146322873677,0,349
model,result_0061,0.22076220383819845,0.8238475052301518,-2,185
