background,karlsruhe_000000_000500.png
split,train
model,result_0612,0.5201627938000895,0.8465978940816907,-4,266
