background,schweinfurt_000000_000131.png
split,train
model,result_0612,0.9769657883084922,0.302989617064765,-2,76
