background,muhlheim-ruhr_000000_000379.png
split,train
model,result_0283,0.013529318323165507,0.5209813337725948,4,309
model,result_0968,0.16240594491406302,0.7469801448679262,4,261
