background,konstanz_000000_000860.png
split,train
model,result_0861,0.6925974231330159,0.9106397952476957,3,192
model,result_0882,0.0874691916770266,0.5194611452848658,3,212
model,result_0467,0.45437661871906754,0.3873521578908843,-1,139
