background,nuremberg_000000_000332.png
split,train
model,result_0694,0.24343034290970111,0.6438991666254382,-4,7
model,result_0319,0.6713801294542554,0.6972385542491503,-1,240
