background,muhlheim-ruhr_000000_000864.png
split,train
model,result_0775,0.7930735196005394,0.4912541939087359,2,89
