background,dortmund_000000_000612.png
split,train
model,result_0191,0.5587699855666871,0.994582995010509,0,9
model,result_0775,0.7449396323399655,0.3770316475106936,3,214
model,result_0075,0.7678157878101456,0.6387514517256703,-3,164
