background,bayreuth_000000_000553.png
split,train
model,result_0036,0.4980391358662706,0.755698476430301,-2,81
model,result_1000,0.7651587502798006,0.7950496379081946,-2,280
