background,karlsruhe_000000_000103.png
split,train
model,result_0557,0.6470596620452931,0.6535397215639683,-1,320
