background,augsburg_000000_000280.png
split,train
model,result_0173,0.3381385280887468,0.4289782293864004,3,11
