background,bayreuth_000000_000561.png
split,train
model,result_0882,0.19190921319642507,0.539195697583548,-3,3
