background,krefeld_000000_021553.png
split,train
model,result_0983,0.37678053012607804,0.8880046418294186,-3,217
model,result_0996,0.6670360119604702,0.7992507825168622,-4,244
