background,oberhausen_000000_000685.png
split,train
model,result_0960,0.6280058223479434,0.4050882187479065,-1,213
model,result_0632,0.6228330206442064,0.5384191950101439,4,202
model,result_0357,0.07525586096307446,0.2505739707193566,1,104
