background,bamberg_000000_000260.png
split,train
model,result_0969,0.22408780731968747,0.8845189597953531,-2,143
