background,saarbrucken_000000_000052.png
split,train
model,result_0871,0.16910769103912582,0.8355616137259811,1,185
model,result_0878,0.5814330179842492,0.5105091620899683,1,249
