background,weimar_000051_000019.png
split,train
model,result_0542,0.33032505989680705,0.711443208990425,-3,335
