background,freiburg_000000_000006.png
split,train
model,result_0981,0.4881464883423525,0.362591129732404,1,159
model,result_0527,0.9474328414991482,0.3193003149213023,-3,185
model,result_0602,0.1632391147893596,0.8016125437022327,-4,2
