background,lindau_000033_000019.png
split,train
model,result_0373,0.11523152626833877,0.7260291232048647,1,277
model,result_0191,0.5813184311394743,0.95058022382372,-2,162
