background,mannheim_000000_000325.png
split,train
model,result_0632,0.9587443790625629,0.9394163084495419,-3,206
model,result_0357,0.4002774460399181,0.4203697924971037,3,339
