background,mannheim_000000_000646.png
split,train
model,result_0146,0.46516159817944736,0.8907912771587675,-3,245
