background,freiburg_000000_000191.png
split,train
model,result_0394,0.16178977723064403,0.528062641278999,1,142
