background,nuremberg_000000_000133.png
split,train
model,result_0123,0.23493301546078538,0.5107114222708502,-4,66
model,result_0472,0.04064694484153519,0.5068136863027716,-4,129
