background,mannheim_000000_001108.png
split,train
model,result_0499,0.34919458580715046,0.7794405754813182,-1,204
