background,bayreuth_000000_000418.png
split,train
model,result_0192,0.7598036266684318,0.47016755113683983,2,248
model,result_0218,0.9850154435708911,0.3443061272821908,-1,13
model,result_0694,0.8559094616554956,0.28424431416561213,3,138
