background,muhlheim-ruhr_000000_000772.png
split,train
model,result_0328,2.113856246044321e-06,0.8269480133916165,-3,227
model,result_0879,0.576755716413566,0.9895801917985985,0,157
