background,weimar_000068_000019.png
split,train
model,result_0082,0.8201715368510398,0.8279870096800797,-1,95
model,result_0945,0.6595093303983536,0.9589095761268874,-3,236
