background,konstanz_000000_000010.png
split,train
model,result_0239,0.6731417696323494,0.429086496792001,3,302
model,result_0051,0.5195433285965944,0.49333983634468603,4,61
model,result_0739,0.23562735419681513,0.26218678992423694,2,130
