background,bayreuth_000000_000468.png
split,train
model,result_0199,0.5766402476519009,0.6931720494045922,-1,68
model,result_0060,0.4067243164923505,0.5013486214081414,-3,155
