background,bayreuth_000000_000647.png
split,train
model,result_0914,0.28462872677427353,0.2592428238141474,3,6
model,result_0193,0.2108299612776554,0.49157839569873885,4,261
