background,wurzburg_000000_001496.png
split,train
model,result_0803,0.3043185596675708,0.8154079904344659,0,174
