background,duisburg_000000_000094.png
split,train
model,result_0612,0.9135937279564297,0.9215698144783799,3,7
