background,dusseldorf_000216_000019.png
split,train
model,result_0467,0.21647832977179648,0.5213535421147493,-3,125
model,result_0154,0.33344055576732146,0.5281735493912436,-1,94
