background,muhlheim-ruhr_000000_000681.png
split,train
model,result_0969,0.2198847995870702,0.47020155166241845,-4,110
