background,duisburg_000000_000240.png
split,train
model,result_0080,0.26657202286860293,0.7537030618250063,2,263
model,result_0857,0.11164279879871708,0.33902442748373046,-3,136
model,result_0795,0.8431123372761945,0.6939637618768454,2,41
