background,freiburg_000000_000423.png
split,train
model,result_0199,0.48753928354895637,0.8520946856008134,3,306
model,result_0060,0.42961031480469125,0.4073419393538629,-1,100
