background,dortmund_000000_000077.png
split,train
model,result_0983,0.5377202502859143,0.2726270934852857,-2,11
model,result_0996,0.20720001009037037,0.9303132867485749,3,97
