background,oberhausen_000000_000784.png
split,train
model,result_0163,0.4428685089585319,0.66573912079655,0,235
model,result_0657,0.5374897475374358,0.47647664816647994,0,330
