background,konstanz_000000_000271.png
split,train
model,result_0793,0.9513561033359225,0.3959099101156087,-2,225
