background,duisburg_000000_000358.png
split,train
model,result_0146,0.10337329128459793,0.3323201934163763,-4,63
