background,stuttgart_000143_000019.png
split,train
model,result_0969,0.43003663441859996,0.6757802984376197,-2,144
model,result_0793,0.880530206250334,0.5941659473144071,-3,197
