background,konstanz_000000_000484.png
split,train
model,result_0524,0.779432530013445,0.8078872889540887,-2,101
model,result_0199,0.8576781094097271,0.6888964858246709,-3,15
