background,dortmund_000000_000855.png
split,train
model,result_0192,0.816695595372471,0.8485224047177249,-2,144
model,result_0218,0.853311761611399,0.9588520407638573,3,223
