background,mannheim_000000_000327.png
split,train
model,result_0882,0.3780836716114637,0.9283408715909046,2,295
