background,bayreuth_000000_000360.png
split,train
model,result_0968,0.19218283538960246,0.7826495522012573,3,1
model,result_0847,0.5843844215112547,0.6324882233391058,4,305
model,result_0646,0.23377281721641008,0.5861374262953305,-4,53
