background,dresden_000000_000406.png
split,train
model,result_0527,0.3543368862975489,0.680276144892373,2,318
model,result_0602,0.767354886054186,0.822142005740725,1,66
model,result_0024,0.6992431191878495,0.337430736736762,4,326
