background,nuremberg_000000_000466.png
split,train
model,result_0657,0.4172118737130135,0.335288777130529,1,123
model,result_0914,0.33258715897661995,0.291257769858797,-1,322
