background,konstanz_000000_000314.png
split,train
model,result_0199,0.5936986717318418,0.29346429426153287,-3,39
model,result_0060,0.4157087176847132,0.5943109491077891,-4,60
