background,dortmund_000000_000205.png
split,train
model,result_0784,0.22622375198735667,0.7835114785363084,-3,294
