background,strasbourg_000000_032186.png
split,train
model,result_0080,0.37942949946137516,0.9575625513493838,-3,325
model,result_0857,0.3171281788681163,0.5099101434325691,2,286
model,result_0795,0.3712790770879506,0.7001298138621697,4,115
