background,konstanz_000000_001246.png
split,train
model,result_0328,0.9795620135169831,0.5991983937551062,-3,92
model,result_0879,0.43905422401431593,0.54664976297819,1,252
model,result_0542,0.49631156656818876,0.8638926799975747,4,319
