background,konstanz_000000_000799.png
split,train
model,result_0524,0.36264190994755563,0.6159474163770514,4,78
model,result_0199,0.2793045992964568,0.992509953691051,-1,228
