background,lindau_000048_000019.png
split,train
model,result_0510,0.9990613177108371,0.8489173492793527,0,276
model,result_0328,0.23692865884116177,0.7061632116413115,-4,259
model,result_0879,0.3121807847609108,0.837371792412914,-2,262
