background,bayreuth_000000_000631.png
split,train
model,result_0510,0.46961129705293814,0.5530801041654864,-4,275
model,result_0328,0.41139450272612577,0.50732234236004,1,181
