background,bremen_000129_000019.png
split,train
model,result_0239,0.5500961087281285,0.5827386400228032,-4,175
model,result_0051,0.1242629866668965,0.6044611938158052,-3,185
model,result_0739,0.1406617336507323,0.6283582171384574,-4,360
