background,darmstadt_000039_000019.png
split,train
model,result_0385,0.9690671119825636,0.3786155092602699,0,110
model,result_0991,0.23272328927616548,0.5310270619070713,-2,166
