background,mannheim_000000_000956.png
split,train
model,result_0878,0.12107337806683383,0.8552535988649518,1,61
