background,mannheim_000000_001079.png
split,train
model,result_0866,0.3899720025739456,0.3042984368672119,1,55
