background,dortmund_000000_000155.png
split,train
model,result_0751,0.13376388793302496,0.8607023302622443,0,204
