background,wurzburg_000000_001473.png
split,train
model,result_0803,0.7635902993010427,0.5017437173861785,-1,114
