background,nuremberg_000000_001155.png
split,train
model,result_0295,0.7630432127197958,0.9444413846002084,-3,259
