background,heidelberg_000000_000613.png
split,train
model,result_0193,0.7943597822379825,0.3116856968803564,-4,56
model,result_0036,0.41905132768209563,0.5837708819107574,0,25
model,result_1000,0.7382998423085766,0.6025878912080549,2,256
