background,freiburg_000000_000790.png
split,train
model,result_0775,0.5936368925962996,0.7055395743786648,-4,191
