background,heidelberg_000000_000764.png
split,train
model,result_0793,0.2667785574632582,0.4371344510407048,4,174
model,result_0686,0.45590314148815914,0.7342092689276516,-3,103
model,result_0805,0.37618957174336665,0.9290994979785865,4,124
