background,konstanz_000000_001108.png
split,train
model,result_0674,0.07347703978094255,0.9447505437369916,-2,233
model,result_0146,0.7300054136019094,0.585359090432452,-3,186
