background,mannheim_000000_000677.png
split,train
model,result_0945,0.3215775035673403,0.880307228461368,1,178
