background,konstanz_000000_000611.png
split,train
model,result_0857,0.23633608087722124,0.8041837484410099,0,197
