background,karlsruhe_000000_000107.png
split,train
model,result_0678,0.8341220051581677,0.577629487416117,-4,183
model,result_0784,0.7644638667896919,0.8368769155761254,-1,219
model,result_0924,0.30631673039963125,0.8392223475368537,0,53
