background,karlsruhe_000000_000478.png
split,train
model,result_0586,0.8856086655607395,0.3978632659878122,1,183
