background,muhlheim-ruhr_000000_001221.png
split,train
model,result_0039,0.029030569964887953,0.6982187172411477,-3,313
model,result_0386,0.07302903772087321,0.6373562452379264,4,130
model,result_0979,0.9757287232728661,0.6242859119645173,-2,209
