background,nuremberg_000000_000932.png
split,train
model,result_0163,0.038597761025190525,0.4942583333697649,4,341
model,result_0657,0.20557417626630237,0.888136665726178,-4,165
