background,wuppertal_000000_000580.png
split,train
model,result_0022,0.23550101388716427,0.8615860487682112,3,75
model,result_0061,0.35900545224821623,0.6330345184314974,2,268
model,result_0606,0.8972389144802528,0.50134775292166,3,9
