background,konstanz_000000_001221.png
split,train
model,result_0173,0.2727254314284767,0.4209218158745711,0,202
model,result_0751,0.5428068615617803,0.5457565638522877,-3,152
