background,schweinfurt_000000_000523.png
split,train
model,result_0051,0.13886486536322706,0.5595052405157528,-1,239
model,result_0739,0.24098080360963592,0.9013584129941827,-3,117
model,result_0960,0.5615314102983652,0.3692930266294904,-4,296
