background,dusseldorf_000024_000019.png
split,train
model,result_0871,0.6533780099066517,0.6331300690902479,-2,270
model,result_0878,0.4356422108128638,0.9588667448014974,-2,348
model,result_0004,0.8377579057871045,0.6729969327741305,-3,289
