background,nuremberg_000000_000940.png
split,train
model,result_0266,0.9061812251554416,0.7568699152327725,-3,344
model,result_0862,0.20761896290488646,0.7162833850542039,4,231
model,result_0524,0.6322227308320767,0.6606797499331214,3,121
