background,augsburg_000000_000581.png
split,train
model,result_1000,0.5254360999620575,0.592210777805689,0,233
