background,wuppertal_000000_000984.png
split,train
model,result_0499,0.6976145146904125,0.34988573707372844,1,212
model,result_0844,0.7745581844132333,0.32669549016623967,0,207
model,result_0995,0.037800933217458366,0.658953195201643,-2,99
