background,mannheim_000000_000014.png
split,train
model,result_0775,0.5947096901213592,0.7733335911511294,3,177
