background,dortmund_000000_000869.png
split,train
model,result_0960,0.8082848301876341,0.6382032145567569,4,43
model,result_0632,0.17534226494908756,0.5763390648039866,-1,169
model,result_0357,0.3430315655827805,0.5043538056638109,-3,62
