background,tubingen_000012_000019.png
split,train
model,result_0847,0.6633467810199318,0.5084596213482953,1,165
model,result_0646,0.25571973183366326,0.884861220912518,0,36
