background,wuppertal_000000_000536.png
split,train
model,result_0467,0.21446473855243997,0.719317934201823,1,66
model,result_0154,0.3996944044414046,0.6587545665644434,3,90
