background,stuttgart_000000_000019.png
split,train
model,result_0022,0.33285566127263755,0.9376901064398655,3,282
model,result_0061,0.8319576337553356,0.4369968976944268,-2,71
