background,wurzburg_000000_000898.png
split,train
model,result_0968,0.8155475467822781,0.3342679092312446,-4,204
