background,konstanz_000000_001075.png
split,train
model,result_0004,0.07376516134674849,0.8408106453394844,2,174
