background,duisburg_000000_000765.png
split,train
model,result_0878,0.7834111548145197,0.8409712490539538,0,42
model,result_0004,0.6095406509142391,0.7398794034226388,1,44
