background,muhlheim-ruhr_000000_000585.png
split,train
model,result_0319,0.1590210963047035,0.36450629015708,-4,29
model,result_0477,0.5215425026489644,0.5280966081168221,-4,249
model,result_0949,0.7630607020470027,0.576601035887175,3,8
