background,duisburg_000000_000215.png
split,train
model,result_0193,0.7374499629178473,0.30743184159665154,-2,22
model,result_0036,0.6576498416693877,0.2820944032112076,1,360
