background,karlsruhe_000000_000771.png
split,train
model,result_0046,0.04943464935465669,0.9019818927772472,-4,51
