background,wuppertal_000000_000652.png
split,train
model,result_0247,0.048611675049495484,0.3223431384490586,-1,96
