background,wurzburg_000000_000829.png
split,train
model,result_0960,0.31135976485172423,0.5959817105258347,1,85
model,result_0632,0.8130329914503658,0.4843951970634749,2,170
model,result_0357,0.8477220149339779,0.6311332982200355,-3,143
