background,augsburg_000000_001418.png
split,train
model,result_0960,0.40847225647542273,0.9677563118718866,1,178
model,result_0632,0.5011699183137538,0.5587283920112953,-4,210
