background,wurzburg_000000_001067.png
split,train
model,result_0060,0.296718259553432,0.6434277121405203,4,27
model,result_0080,0.1443351751996682,0.7862815259362887,-1,341
