background,mannheim_000000_000035.png
split,train
model,result_0857,0.8426259359564806,0.2667546615169331,2,267
