background,krefeld_000000_012505.png
split,train
model,result_0657,0.030890898064123817,0.46076755955262927,1,65
model,result_0914,0.31249691307201755,0.8203467173493985,-4,117
