background,freiburg_000000_000740.png
split,train
model,result_0499,0.39885446559697557,0.9285811114288964,2,313
model,result_0844,0.047436513313399487,0.5452279876148469,2,247
