background,bamberg_000000_000375.png
split,train
model,result_0844,0.42503882076042254,0.8047629799437122,4,19
