background,heilbronn_000000_000500.png
split,train
model,result_0373,0.44662636726091376,0.5093918774714917,0,82
model,result_0191,0.6807570026368542,0.6335808578163113,3,43
model,result_0775,0.294986753501298,0.5034388344951359,-3,2
