background,oberhausen_000000_000725.png
split,train
model,result_0861,0.21747017926015122,0.877917799006655,-1,212
model,result_0882,0.22050133978875153,0.2754660242253729,1,329
model,result_0467,0.06352841025907918,0.2872904321668308,-1,54
