background,bayreuth_000000_000241.png
split,train
model,result_0995,0.6488752587441663,0.6851490554702724,-3,338
model,result_0969,0.9822134180498691,0.8391125585973342,-2,158
model,result_0793,0.7117343084063383,0.951692294923558,-3,25
