background,wurzburg_000000_001582.png
split,train
model,result_0193,0.4792875032740772,0.5075667213144612,-4,322
model,result_0036,0.06927194257054115,0.5178840714887986,-3,172
