background,wuppertal_000000_000055.png
split,train
model,result_0822,0.2258880469093536,0.7468335448119443,2,20
