background,saarbrucken_000000_000283.png
split,train
model,result_0914,0.7281286802359048,0.8361935515354143,3,168
model,result_0193,0.4003414387753128,0.8979619233814267,-2,159
model,result_0036,0.5578140164792375,0.9891932198877567,-1,208
