background,schweinfurt_000000_000090.png
split,train
model,result_0739,0.8513248277155498,0.5729817628907692,-3,66
