background,freiburg_000000_000068.png
split,train
model,result_0544,0.24502112362162665,0.9227927389734276,0,281
