background,konstanz_000000_000463.png
split,train
model,result_0193,0.5948117194558898,0.83400588633651,-4,42
model,result_0036,0.8600670684796479,0.7559067391841188,-2,266
