background,duisburg_000000_000336.png
split,train
model,result_0215,0.6614359407922554,0.38489404621192314,2,151
