background,karlsruhe_000000_000258.png
split,train
model,result_0686,0.8018864179813,0.9591413827521258,4,292
