background,freiburg_000000_000347.png
split,train
model,result_0694,0.7439589829861789,0.46414623561814217,1,259
