background,mannheim_000000_000290.png
split,train
model,result_0524,0.9274277543818031,0.5714984797466838,1,277
model,result_0199,0.22721722864242988,0.8269880311705964,-2,142
