background,augsburg_000000_000130.png
split,train
model,result_0844,0.3129194551914589,0.9369742149928054,3,83
model,result_0995,0.6141825667176336,0.9805508636379205,-4,318
model,result_0969,0.3459759402247953,0.38434231697885074,-4,351
