background,oberhausen_000000_000719.png
split,train
model,result_0164,0.6813733941087687,0.6701269847313209,0,172
model,result_0440,0.03333743625874508,0.7121428825478436,-3,339
