background,oberhausen_000000_000712.png
split,train
model,result_0991,0.4872413144100366,0.827159620857947,1,309
