background,muhlheim-ruhr_000000_000402.png
split,train
model,result_0996,0.9373529335599996,0.8230164574127904,-2,311
