background,heilbronn_000000_000417.png
split,train
model,result_0484,0.9157830231090925,0.5277852318272567,4,356
