background,duisburg_000000_000442.png
split,train
model,result_0199,0.21507640622033175,0.30905575696110615,-2,107
model,result_0060,0.18446768204551012,0.4707378858952056,-2,239
