background,bremen_000061_000019.png
split,train
model,result_0524,0.09033238438305025,0.7873066197669709,4,338
model,result_0199,0.6855755097917667,0.34703132125752745,-1,245
