background,dortmund_000000_000508.png
split,train
model,result_0324,0.37697959597396047,0.47274514992437816,0,349
model,result_0173,0.9453544790887666,0.8506806788075442,0,190
model,result_0751,0.8645708391878419,0.5659650699160235,3,296
