background,heilbronn_000000_000635.png
split,train
model,result_0657,0.2966894093705955,0.7212325796480135,1,303
model,result_0914,0.5937015479914777,0.28438147548936155,1,318
