background,wurzburg_000000_000558.png
split,train
model,result_0989,0.28289647515005645,0.44716636591595427,2,264
model,result_0803,0.8056620756856333,0.2931062778271592,2,184
model,result_0192,0.654545193232915,0.8938164941767897,-2,140
