background,nuremberg_000000_000261.png
split,train
model,result_0960,0.9641278816201662,0.7870774918277937,1,355
model,result_0632,0.4208621258687292,0.801300814711494,-4,4
