background,duisburg_000000_000227.png
split,train
model,result_0389,0.6591932393181777,0.4281479344371901,-1,188
model,result_0164,0.7247232416678169,0.36001763161103084,-1,332
