background,dresden_000000_000177.png
split,train
model,result_1000,0.05773438328465197,0.4779361279003394,-1,148
