background,wuppertal_000000_000500.png
split,train
model,result_0164,0.2572363873288386,0.3144257949657563,-1,117
