background,mannheim_000000_000049.png
split,train
model,result_0866,0.4024019487681938,0.8485717722933137,-3,320
