background,wuppertal_000000_000776.png
split,train
model,result_0191,0.641002768573714,0.5241490254430562,4,84
