background,konstanz_000000_001257.png
split,train
model,result_0822,0.47589662085200635,0.47384791507835183,3,213
