background,darmstadt_000038_000019.png
split,train
model,result_0061,0.669752426418364,0.9499925106283909,2,256
