background,oberhausen_000000_000227.png
split,train
model,result_0477,0.522305412717371,0.9160625721567629,4,99
