background,wurzburg_000000_001497.png
split,train
model,result_0606,0.2639649339119746,0.3794362364053857,0,257
model,result_0082,0.45972317017905573,0.980476418265401,-4,126
model,result_0945,0.7673713181592672,0.3395796420021926,4,159
