background,karlsruhe_000000_000002.png
split,train
model,result_0739,0.6099777302430748,0.3989265593160516,4,224
model,result_0960,0.6044821869163672,0.9975827561294491,-3,325
