background,strasbourg_000001_003991.png
split,train
model,result_0862,0.5740181673448821,0.6390692672270488,4,149
