background,dortmund_000000_000104.png
split,train
model,result_0051,0.43994556194343926,0.64003211678794,2,165
model,result_0739,0.42727096534405495,0.48705787575931037,-3,278
