background,wuppertal_000000_000038.png
split,train
model,result_0694,0.022655547525766817,0.5337022193354228,-1,120
