background,mannheim_000000_000034.png
split,train
model,result_0039,0.21724469124855939,0.7564573639544219,3,272
model,result_0386,0.31765315932784244,0.4792682079552494,-3,340
model,result_0979,0.9945300264988037,0.4767604440456195,0,279
