background,wurzburg_000000_001083.png
split,train
model,result_0499,0.25152004263581207,0.5147594348901089,2,277
model,result_0844,0.5164268627033557,0.39194775174766555,-4,297
model,result_0995,0.23474035474882327,0.8132264447506219,-2,12
