background,konstanz_000000_000111.png
split,train
model,result_0386,0.7693274463769825,0.445466520573086,-2,328
model,result_0979,0.9847199560381713,0.3617712333861167,-4,203
model,result_0871,0.06069705064513897,0.49717412856322035,1,113
