background,bamberg_000000_000382.png
split,train
model,result_0803,0.04044383519618322,0.7153518795037507,-3,155
