background,nuremberg_000000_000466.png
split,train
model,result_0586,0.3678582573117667,0.7203352113394231,3,11
