background,nuremberg_000000_001362.png
split,train
model,result_0082,0.15202439145687907,0.6696683842892356,3,190
model,result_0945,0.7297388499580619,0.4673800944772378,1,338
model,result_0612,0.5487503739929331,0.3836471419906454,1,42
