background,augsburg_000000_000692.png
split,train
model,result_0991,0.4898901205597048,0.9569503345477226,-1,168
model,result_0373,0.787007947792152,0.8987508229531516,-2,180
