background,duisburg_000000_000093.png
split,train
model,result_0199,0.054267629431398845,0.9803092562003248,2,128
model,result_0060,0.3572490741409525,0.5482778570296692,0,313
model,result_0080,0.7030535755154286,0.7819931772236256,-4,190
