background,mannheim_000000_000813.png
split,train
model,result_0247,0.770726757536954,0.8217679675844753,-2,297
model,result_0239,0.08728675007721554,0.4028107515804963,0,359
