background,oberhausen_000000_000834.png
split,train
model,result_0215,0.1399085477199049,0.3350430867076253,0,73
model,result_0332,0.26805149724957655,0.6020150533521023,-4,128
model,result_0385,0.5293953932298235,0.8518549928436784,0,186
