background,bochum_000000_027699.png
split,train
model,result_0866,0.5242446045505588,0.9880997995795973,-1,52
