background,bayreuth_000000_000583.png
split,train
model,result_0024,0.9573734268430448,0.8222246574512722,-1,91
