background,saarbrucken_000000_000369.png
split,train
model,result_0123,0.6753536462940793,0.9378847838860334,4,35
