background,aachen_000142_000019.png
split,train
model,result_0328,0.6687114576837101,0.7618859400172737,-4,211
model,result_0879,0.3049980613496459,0.4394130233728549,-1,138
model,result_0542,0.22052091721927092,0.556249171825865,2,111
