background,muhlheim-ruhr_000000_000600.png
split,train
model,result_0606,0.9333152200736248,0.8993819951574076,1,141
