background,bamberg_000000_000287.png
split,train
model,result_0878,0.17480153882594718,0.317805407972295,-2,341
model,result_0004,0.7683526779580971,0.6572088649564716,3,73
