background,wuppertal_000000_000418.png
split,train
model,result_0388,0.7906298922916131,0.7436169666780998,2,338
model,result_0499,0.3403069726594419,0.7329002777216995,0,83
model,result_0844,0.3206083396119962,0.5691007516370552,-3,110
