background,konstanz_000000_000437.png
split,train
model,result_0367,0.13137797329103873,0.5451959157490175,0,218
model,result_0822,0.4713207205698563,0.913910518108785,0,187
model,result_0855,0.9424675113231981,0.8444913739120182,-1,188
