background,heilbronn_000000_000087.png
split,train
model,result_0542,0.39360002562757745,0.47250650150643647,-4,347
model,result_0674,0.5665256883012415,0.37470158005111803,1,55
model,result_0146,0.0302001283016452,0.6847507864217319,4,57
