background,nuremberg_000000_000482.png
split,train
model,result_0467,0.8197626328888906,0.6978540176912332,1,228
model,result_0154,0.5151812173641995,0.5727237768054109,-4,128
model,result_0562,0.4356006682554395,0.5267555557895506,1,219
