background,saarbrucken_000000_000546.png
split,train
model,result_0844,0.02409656034157459,0.7309358699914075,4,200
model,result_0995,0.6534949116988207,0.6591394859811395,4,124
