background,wurzburg_000000_001454.png
split,train
model,result_0218,0.2684425031210502,0.293202647908688,-1,153
