background,weimar_000058_000019.png
split,train
model,result_0215,0.07446620715746954,0.288617083936784,-3,51
model,result_0332,0.594835727107144,0.8641090665773085,-2,182
model,result_0385,0.9717782382824492,0.9921200289974905,2,177
