background,wurzburg_000000_001083.png
split,train
model,result_0477,0.983581562723146,0.3364648637883847,1,92
model,result_0949,0.8309129083760396,0.9244930369552822,-2,284
