background,oberhausen_000000_000426.png
split,train
model,result_0602,0.47038395111904097,0.2943775512302723,2,290
