background,heidelberg_000000_000855.png
split,train
model,result_0127,0.722798621345472,0.6647045201720039,-1,30
model,result_0022,0.8839697747386074,0.8270172637695721,0,333
