background,bayreuth_000000_000563.png
split,train
model,result_0394,0.8129663846864412,0.7751113947060184,-4,149
model,result_0163,0.8260079227473403,0.25577814821606704,2,79
