background,stuttgart_000095_000019.png
split,train
model,result_0878,0.281028535350778,0.6459735415262102,3,349
model,result_0004,0.12240651112248557,0.7157408408822579,-4,76
model,result_0931,0.6311483664208208,0.7585201279047977,1,313
