background,dortmund_000000_000006.png
split,train
model,result_0989,0.4051189552095801,0.8410891910224916,-2,224
model,result_0803,0.3483785551837325,0.8420108231255202,1,258
model,result_0192,0.8895094341201673,0.2762415970388915,2,281
