background,heilbronn_000000_000324.png
split,train
model,result_0467,0.2992687961032141,0.35712553892969107,2,64
model,result_0154,0.2387155656098915,0.613843724387222,0,249
