background,mannheim_000000_000076.png
split,train
model,result_0857,0.5094607509251785,0.7029974534482489,0,109
model,result_0795,0.5445752811920032,0.9704755987588992,2,233
model,result_0388,0.09740444112217506,0.2648590921744467,4,356
