background,dresden_000000_000020.png
split,train
model,result_0871,0.05448705258762265,0.7371727339444015,-3,152
model,result_0878,0.4107687366445858,0.9959621989622628,-4,341
