background,dortmund_000000_000615.png
split,train
model,result_0871,0.20532877940376948,0.9920881456064738,3,181
model,result_0878,0.15815954574810664,0.5643289951475801,2,79
model,result_0004,0.545846711212573,0.44158504912634966,-3,252
