background,karlsruhe_000000_000609.png
split,train
model,result_0602,0.1759565153094681,0.3096600729535631,4,229
model,result_0024,0.2794546504575405,0.7391429422254621,4,200
