background,erlangen_000000_000133.png
split,train
model,result_0544,0.6562272535583955,0.36891105858679374,4,87
model,result_0999,0.5275431697151328,0.5953384729082981,-3,191
