background,heidelberg_000000_000293.png
split,train
model,result_0004,0.14982381192474925,0.7845016195367548,2,34
model,result_0931,0.9615842440517218,0.9743469822515988,-3,342
