background,mannheim_000000_001014.png
split,train
model,result_0945,0.16348830270705728,0.37347459695655616,0,15
