background,lindau_000016_000019.png
split,train
model,result_0981,0.5127384789863176,0.37892356984677156,2,133
