background,augsburg_000000_001120.png
split,train
model,result_0373,0.22345129084665583,0.7195779249320144,-2,360
model,result_0191,0.8987793895205993,0.6799663955240872,4,317
model,result_0775,0.4475903366745877,0.9804208037465376,2,226
