background,nuremberg_000000_001423.png
split,train
model,result_0328,0.5334659254990853,0.2991586908027932,1,322
model,result_0879,0.7426243845546023,0.8685548727987575,-2,112
model,result_0542,0.6637137690690905,0.296841786171504,-3,198
