background,mannheim_000000_000247.png
split,train
model,result_0247,0.6095926271917861,0.8364973854213088,-3,83
