background,konstanz_000000_001074.png
split,train
model,result_0472,0.3865413546477079,0.5178744469940788,3,42
model,result_0981,0.8684504840500371,0.9520229232001935,4,157
