background,wurzburg_000000_000969.png
split,train
model,result_0389,0.9412674759631885,0.6753672289785684,-1,107
