background,bayreuth_000000_000854.png
split,train
model,result_0999,0.6255013465750607,0.37091075247883915,-1,119
