background,duisburg_000000_000807.png
split,train
model,result_0022,0.9339127313678208,0.7846865010115588,2,267
