background,bayreuth_000000_000359.png
split,train
model,result_0612,0.6576861159670656,0.9597009502725873,3,39
model,result_0283,0.038085167571757284,0.9104654560044343,-3,253
model,result_0968,0.9735546352108307,0.9867465909699452,-4,91
