background,oberhausen_000000_000402.png
split,train
model,result_0324,0.6769445607199226,0.8596009646462288,3,308
model,result_0173,0.4309890597359469,0.632103844686333,1,29
