background,karlsruhe_000000_000722.png
split,train
model,result_0632,0.5838336519008218,0.7194035195584619,0,207
model,result_0357,0.729130728897671,0.36767555606523084,4,189
model,result_0046,0.5849406409295503,0.5508038826993276,2,198
