background,nuremberg_000000_000452.png
split,train
model,result_0472,0.935267602326344,0.3469280473352071,4,195
model,result_0981,0.09065846475675388,0.9024737737793721,-1,118
model,result_0527,0.1852744432880422,0.591800082001533,3,356
