background,schweinfurt_000000_000202.png
split,train
model,result_0968,0.6570543907399634,0.26203930966124694,-4,213
model,result_0847,0.6136603720918831,0.34019674501801145,-3,316
model,result_0646,0.2619590852315876,0.4489509810509086,-3,203
