background,saarbrucken_000000_000353.png
split,train
model,result_0945,0.5080155214360644,0.5237937457299715,-1,139
model,result_0612,0.3171559587292715,0.35510117538175945,2,192
