background,bayreuth_000000_000195.png
split,train
model,result_0983,0.2525429864682813,0.94911398326667,-2,59
