background,duisburg_000000_000117.png
split,train
model,result_0995,0.34717646994351337,0.9013248310785485,3,252
model,result_0969,0.8264505158160043,0.8168448203745365,3,344
model,result_0793,0.6918388189516183,0.3858357867593161,3,194
