background,muhlheim-ruhr_000000_000034.png
split,train
model,result_0996,0.6360006450428192,0.2750421797819421,-4,257
model,result_0266,0.16563664151328217,0.48104763474802675,3,195
model,result_0862,0.5710348464660099,0.9347507806405496,-2,73
