background,strasbourg_000001_031427.png
split,train
model,result_0524,0.1031219593506657,0.6036352049479974,2,339
model,result_0199,0.30953400315741164,0.6787962122804426,-2,338
model,result_0060,0.3610747588051997,0.9326787712713699,4,21
