background,karlsruhe_000000_000963.png
split,train
model,result_0046,0.5197675863520979,0.2691056354782371,0,298
