background,konstanz_000000_000785.png
split,train
model,result_0193,0.4713322935787225,0.3608871822174892,4,110
model,result_0036,0.5100235732861466,0.6679550718297536,-3,286
