background,bayreuth_000000_000051.png
split,train
model,result_0373,0.9884612877501369,0.32582467874371257,4,347
