background,nuremberg_000000_000607.png
split,train
model,result_0024,0.27746114382733533,0.7511740763442788,1,114
model,result_0288,0.13508015877206248,0.5331780873683101,4,329
