background,wurzburg_000000_000399.png
split,train
model,result_0674,0.18999863600520628,0.3965517953789669,-3,117
model,result_0146,0.49425868019198016,0.6373426628325266,-3,292
