background,mannheim_000000_000296.png
split,train
model,result_0844,0.16586312139484527,0.8631892730713433,-4,142
model,result_0995,0.11283102704361503,0.8213908173913012,-2,308
