background,freiburg_000000_000708.png
split,train
model,result_0775,0.12391845273237134,0.335499086487597,4,120
model,result_0075,0.8947454496327211,0.6404071079922952,0,142
model,result_0992,0.6955759419654781,0.5825587114745806,-2,302
