background,dortmund_000000_000347.png
split,train
model,result_0557,0.005498350794783002,0.6909368764635164,1,331
model,result_0544,0.9795754012665255,0.8444649560074934,4,141
