background,bochum_000000_002293.png
split,train
model,result_0857,0.16640301719148143,0.8665888907552541,3,91
model,result_0795,0.5633533544555024,0.4454783111041706,-1,14
model,result_0388,0.6812248913785538,0.7746789451316797,2,30
