background,wurzburg_000000_000226.png
split,train
model,result_0039,0.07923153824745766,0.29624794677441413,2,165
