background,oberhausen_000000_000679.png
split,train
model,result_0924,0.10974175714059597,0.8727501642051689,-3,143
model,result_0866,0.27639496667158103,0.6335906938724244,1,40
model,result_0983,0.10165047392664905,0.7985237228248601,1,335
