background,muhlheim-ruhr_000000_001015.png
split,train
model,result_0694,0.4095779134024108,0.9543849140198124,-4,19
model,result_0319,0.2719328900695538,0.5254711033818286,-2,87
