background,bayreuth_000000_000499.png
split,train
model,result_0146,0.740889179789931,0.5637582719190216,-1,47
model,result_0295,0.35839493706532466,0.546316252933181,-2,154
model,result_0127,0.5148202384358571,0.5398979012536312,-1,111
