background,heidelberg_000000_000894.png
split,train
model,result_0844,0.2613571670321927,0.39413956461349053,-3,256
model,result_0995,0.31579073690709836,0.6195324257407037,-3,111
model,result_0969,0.15257593058664054,0.7544438345463663,2,324
