background,duisburg_000000_000163.png
split,train
model,result_1000,0.8563998591698855,0.6016155267477765,-3,315
model,result_0367,0.06793956977898119,0.8598756816194859,-2,211
