background,hamburg_000000_035568.png
split,train
model,result_0803,0.05631812586809237,0.7468492079287892,3,51
