background,dortmund_000000_000243.png
split,train
model,result_0861,0.35783773623568826,0.45026320228254957,-1,95
model,result_0882,0.6812803770340317,0.468142131136939,-2,249
