background,heidelberg_000000_000834.png
split,train
model,result_0999,0.25583256629826145,0.5118596387042433,0,118
model,result_0510,0.24947303830217182,0.891121344916172,-2,62
model,result_0328,0.36255982374371565,0.7683060202431538,3,280
