background,konstanz_000000_001436.png
split,train
model,result_0999,0.6025487142327585,0.7836533322155087,-3,310
model,result_0510,0.39815568290484393,0.3087136859405122,-4,351
model,result_0328,0.03607366451946126,0.8206257472978146,-3,289
