background,konstanz_000000_000492.png
split,train
model,result_0192,0.945440038340352,0.7900292799846718,1,238
model,result_0218,0.5648794855242641,0.6726475665077429,-1,306
