background,augsburg_000000_000220.png
split,train
model,result_0960,0.957054527415378,0.8629953659155727,3,29
