background,augsburg_000000_001156.png
split,train
model,result_0992,0.44907848288025165,0.7200387623519016,-1,195
model,result_0394,0.6351789318375716,0.9610288082921308,1,247
model,result_0163,0.46346066828259946,0.7235051102634867,-2,217
