background,augsburg_000000_000571.png
split,train
model,result_0051,0.23685926455916217,0.7667031354136925,2,272
model,result_0739,0.4278098565991034,0.3264813703128985,-2,31
model,result_0960,0.0882534194301885,0.8192685718952147,-2,166
