background,wuppertal_000000_000641.png
split,train
model,result_0686,0.6358287027783913,0.776329889075882,2,359
