background,heidelberg_000000_000895.png
split,train
model,result_0082,0.9904911744717558,0.6627968373046472,2,330
model,result_0945,0.3408867369637243,0.9106946570893433,3,201
