background,freiburg_000000_000461.png
split,train
model,result_0646,0.8156665735897736,0.5431160381816991,-1,195
model,result_0586,0.6382305269381637,0.25775618678915524,1,106
model,result_0989,0.39675336742339695,0.5636392712045919,0,128
