background,nuremberg_000000_000881.png
split,train
model,result_0123,0.8270429155026033,0.426365365633675,3,299
model,result_0472,0.41445908587905134,0.7971061410710822,0,288
model,result_0981,0.5729482371507227,0.6839809722197513,1,106
