background,heilbronn_000000_000386.png
split,train
model,result_0061,0.17279077857090697,0.7884419037698938,1,176
model,result_0606,0.6700532197288852,0.39880528085421796,3,172
model,result_0082,0.07769979054847076,0.6148089927047359,-3,120
