background,oberhausen_000000_000118.png
split,train
model,result_0855,0.7447703132369036,0.9310051245171153,-2,210
model,result_0338,0.1248886868288116,0.8788270625494818,0,244
