background,freiburg_000000_000423.png
split,train
model,result_0467,0.6379643643167995,0.44957465659427254,0,266
