background,bayreuth_000000_000203.png
split,train
model,result_0795,0.17716616004623653,0.610901159926365,1,313
model,result_0388,0.8112400633583492,0.5565669832878576,-3,138
