background,dusseldorf_000191_000019.png
split,train
model,result_0499,0.33691031901905044,0.6242146833644955,-4,227
