background,nuremberg_000000_000438.png
split,train
model,result_0239,0.18344489662526353,0.8331905454384636,2,133
