background,saarbrucken_000000_000290.png
split,train
model,result_0247,0.6698904260101546,0.8424652955711798,1,242
model,result_0239,0.7775196351913839,0.26711836732307204,1,109
