background,heilbronn_000000_000709.png
split,train
model,result_0866,0.9943601579625223,0.6479640835436093,3,251
model,result_0983,0.8798098290066173,0.7003947174775327,3,26
model,result_0996,0.3968255011106996,0.8397977787077291,-1,24
