background,oberhausen_000000_000334.png
split,train
model,result_0882,0.3272919188169978,0.6640391394995921,3,99
model,result_0467,0.2538087628519784,0.985552794025237,4,14
model,result_0154,0.7112995165420645,0.5328146063170487,-3,90
