background,heidelberg_000000_000623.png
split,train
model,result_1000,0.40502978185122895,0.77193737055916,-1,13
model,result_0367,0.7015445826033209,0.7260510385213135,1,298
