background,konstanz_000000_000446.png
split,train
model,result_0046,0.8740384051150093,0.4456663465459427,-3,339
model,result_0389,0.9831039354498983,0.27489949180433454,3,211
model,result_0164,0.14505469946593597,0.7627565543512334,3,112
