background,karlsruhe_000000_000509.png
split,train
model,result_0024,0.8372382602463849,0.8533852581424569,3,114
