background,wurzburg_000000_000434.png
split,train
model,result_0924,0.1644479913013973,0.28343029031620903,2,297
model,result_0866,0.6457836524553825,0.27125402359285544,4,312
model,result_0983,0.794200597595543,0.9948489543350219,3,254
