background,wurzburg_000000_000826.png
split,train
model,result_0878,0.016047545338580882,0.36790936838403737,-4,328
