background,karlsruhe_000000_000934.png
split,train
model,result_0477,0.8809386783851805,0.37815359321851205,0,287
