background,wurzburg_000000_000092.png
split,train
model,result_0805,0.1472456419875815,0.7326197230535094,-4,317
model,result_0039,0.5798175231436413,0.8175926403860161,-4,176
model,result_0386,0.1028224271688889,0.8402969965270676,-3,182
