background,augsburg_000000_001184.png
split,train
model,result_0510,0.20589251238868822,0.7316206818415852,-4,313
model,result_0328,0.15160983870398348,0.554970363093279,-2,133
model,result_0879,0.6303092060771655,0.6080094231624926,-2,194
