background,wurzburg_000000_000826.png
split,train
model,result_0082,0.05318688302178953,0.7226748605457092,1,352
model,result_0945,0.054749460034386965,0.4180392965146684,-4,144
