background,freiburg_000000_000609.png
split,train
model,result_0075,0.2937560196980885,0.6672412995189877,-2,345
model,result_0992,0.9854561570144604,0.8364676338599654,-3,207
