background,muhlheim-ruhr_000000_000490.png
split,train
model,result_0862,0.9902125506164744,0.26168727603839154,-1,113
