background,muhlheim-ruhr_000000_000665.png
split,train
model,result_0080,0.22734935586808558,0.674891384456037,-4,194
model,result_0857,0.23655353054138484,0.4601580316712557,4,286
