background,bayreuth_000000_000698.png
split,train
model,result_0866,0.42036652712641875,0.8329438566291119,-4,186
model,result_0983,0.9819648542401704,0.2561123819513872,3,127
model,result_0996,0.5080325208107388,0.8411855904948847,2,256
