background,duisburg_000000_000606.png
split,train
model,result_0855,0.5949389876793141,0.842721928381263,-1,115
model,result_0338,0.7695024727640032,0.729395449537233,2,312
model,result_0557,0.062084778811434704,0.7852687635009366,-1,76
