background,erlangen_000000_000264.png
split,train
model,result_0861,0.3709726238951785,0.913812788404011,-2,160
