background,augsburg_000000_000438.png
split,train
model,result_0472,0.5533350200686414,0.5221426026442967,-3,316
