background,karlsruhe_000000_000084.png
split,train
model,result_0499,0.7616270965663077,0.3906971122177337,-1,168
model,result_0844,0.17789817054448398,0.980088437140913,-4,181
model,result_0995,0.8529974124432831,0.5849746938317363,-2,188
