background,nuremberg_000000_001269.png
split,train
model,result_0949,0.6971695122535881,0.2703585448613117,1,191
model,result_0324,0.8418263228157312,0.7323349803456187,4,233
model,result_0173,0.11203995218500351,0.5855637042790807,1,278
