background,dortmund_000000_000598.png
split,train
model,result_0385,0.9424296052540764,0.952346264220987,-4,206
model,result_0991,0.7147358957677671,0.6403873596274772,-1,249
model,result_0373,0.8372762533352012,0.4755783188920262,-4,84
