background,bayreuth_000000_000439.png
split,train
model,result_0969,0.48331996799761945,0.8845128315780737,-1,335
