background,dortmund_000000_000986.png
split,train
model,result_0878,0.47842380708330623,0.26764684004305783,-3,298
model,result_0004,0.9011200252798389,0.5246397271314386,-2,206
