background,freiburg_000000_000033.png
split,train
model,result_0878,0.27939342303697867,0.3017802100689152,1,306
