background,wurzburg_000000_001605.png
split,train
model,result_0657,0.5146336198867336,0.8440392968215077,4,265
model,result_0914,0.17133788378406678,0.9291578254294648,-2,241
model,result_0193,0.4191392759686027,0.8914264041323254,2,180
