background,wurzburg_000000_000096.png
split,train
model,result_0844,0.5156095783360064,0.9325697701944606,3,73
model,result_0995,0.8901610744617817,0.8793795554471275,-3,298
