background,oberhausen_000000_000466.png
split,train
model,result_0674,0.27555840976238233,0.8120774337196541,0,222
model,result_0146,0.8607417799334646,0.4635413232522275,1,333
model,result_0295,0.7793342176823129,0.7976100722844344,-2,7
