background,konstanz_000000_000385.png
split,train
model,result_0051,0.6330943968413706,0.30237739909596417,3,247
model,result_0739,0.3870469860528778,0.344571420333054,3,289
model,result_0960,0.8147125086764684,0.38696795360252945,-1,231
