background,wurzburg_000000_000611.png
split,train
model,result_0386,0.020706396068593702,0.9660994178843226,-1,205
model,result_0979,0.29084145670595274,0.38662463440298656,-2,224
model,result_0871,0.3620195041912043,0.30268708177797754,0,131
