background,schweinfurt_000000_000017.png
split,train
model,result_0163,0.6862959934792561,0.47117648500989934,0,226
model,result_0657,0.3838456359970187,0.28422997356372715,-2,310
