background,cologne_000063_000019.png
split,train
model,result_0039,0.7159531465162325,0.594423601112796,0,172
model,result_0386,0.11503836311422155,0.2857841587875304,-4,100
