background,augsburg_000000_001001.png
split,train
model,result_0051,0.28459191190408895,0.7999255811367181,3,26
