background,wurzburg_000000_000327.png
split,train
model,result_0992,0.48586748063551066,0.4607159529971554,-4,275
