background,nuremberg_000000_001044.png
split,train
model,result_0154,0.26872324227056577,0.5146697007579898,4,298
model,result_0562,0.31065681670759027,0.7149863175185576,-4,187
