background,karlsruhe_000000_000335.png
split,train
model,result_0051,0.23537699632096598,0.898845803962368,-3,3
