background,wurzburg_000000_001453.png
split,train
model,result_0036,0.9696917812627612,0.38900298472921957,-1,53
model,result_1000,0.18012390916208398,0.5258029113265998,1,240
model,result_0367,0.1366787827937389,0.46151699568003285,4,165
