background,mannheim_000000_000016.png
split,train
model,result_0847,0.7268566247034711,0.8642336991082793,4,46
model,result_0646,0.7314408113594048,0.9002852502753917,4,187
