background,mannheim_000000_000094.png
split,train
model,result_0367,0.5739472080447228,0.3815928730254947,2,163
model,result_0822,0.53232678229962,0.5223495368378169,-1,132
