background,freiburg_000000_000688.png
split,train
model,result_0051,0.7772096543973471,0.9343396898004306,4,3
model,result_0739,0.8641212252366712,0.40219694316543,-2,303
model,result_0960,0.38179307915888594,0.6758431030909404,3,210
