background,konstanz_000000_000791.png
split,train
model,result_0632,0.5933593064563308,0.4510653954931939,4,149
model,result_0357,0.39688620708449796,0.2955002251770402,3,40
model,result_0046,0.7800775287956883,0.9293632907981466,-1,77
