background,freiburg_000000_000291.png
split,train
model,result_0060,0.8077127364274659,0.9479765430690547,0,355
model,result_0080,0.6628620993253207,0.4697534767514985,-4,353
model,result_0857,0.33701504823812856,0.28968741211377425,2,197
