background,mannheim_000000_001004.png
split,train
model,result_0694,0.27275213347947214,0.7436910471496061,-1,31
