background,weimar_000077_000019.png
split,train
model,result_0075,0.13989009975990963,0.6035696741312366,-3,283
model,result_0992,0.9192649640107691,0.8833075895191133,1,13
model,result_0394,0.7331520262743143,0.7200020037566917,2,96
