background,wuppertal_000000_000984.png
split,train
model,result_0822,0.4049556935677112,0.4044435681793354,-2,188
model,result_0855,0.6264194202738057,0.5709872475589467,-3,173
