background,bochum_000000_008448.png
split,train
model,result_0646,0.6288806182327854,0.852755855025398,-3,322
model,result_0586,0.7799730643968528,0.9916211863187439,4,195
