background,freiburg_000000_000309.png
split,train
model,result_0861,0.6117048092239218,0.2542577678199064,-1,68
model,result_0882,0.5586716857837924,0.5428762698353541,3,246
model,result_0467,0.4625515006438835,0.7139814658120273,2,353
