background,bayreuth_000000_000149.png
split,train
model,result_0914,0.2344343848240843,0.4137993815831607,1,359
model,result_0193,0.47080024055441705,0.8519425399672577,3,281
model,result_0036,0.45100073020915477,0.2556302426516428,-3,331
