background,dortmund_000000_000933.png
split,train
model,result_0793,0.31250463252208616,0.3915405721182653,-2,185
model,result_0686,0.5320137529552231,0.5151648970761362,-2,186
model,result_0805,0.8566581843204094,0.33193551248832753,4,90
