background,wurzburg_000000_000234.png
split,train
model,result_0218,0.2973264058271906,0.7961092784490931,1,216
model,result_0694,0.26117597128658,0.3555838392070504,0,212
