background,augsburg_000000_001360.png
split,train
model,result_0674,0.18310488468272246,0.3894189227335928,-1,282
model,result_0146,0.22708565749122,0.9659126135336242,3,113
model,result_0295,0.6012994371533851,0.29649678182157,4,13
