background,wuppertal_000000_000679.png
split,train
model,result_0981,0.572412767741419,0.272911107774919,3,132
model,result_0527,0.488869244823665,0.9372276027737364,-4,299
