background,oberhausen_000000_000334.png
split,train
model,result_0945,0.6712055160925725,0.5196106871068401,2,0
model,result_0612,0.5577918231365352,0.47398064035436294,2,257
model,result_0283,0.30708729564985116,0.8241145800210319,4,257
