background,heilbronn_000000_000679.png
split,train
model,result_0191,0.11818723560904798,0.846945861937127,-4,261
