background,wuppertal_000000_000570.png
split,train
model,result_0022,0.4780599879366839,0.5078057918700825,3,14
model,result_0061,0.9974970976214123,0.7559708200474056,4,354
model,result_0606,0.026263043956143983,0.8106973136863709,1,163
