background,heilbronn_000000_000474.png
split,train
model,result_0562,0.5948635480476065,0.8004792867368381,2,150
model,result_0215,0.25239606651131485,0.9305073501435633,-3,105
