background,karlsruhe_000000_000563.png
split,train
model,result_0586,0.388961973487292,0.34128032669021435,3,44
model,result_0989,0.32619430893517554,0.2616530679516166,-2,189
