background,augsburg_000000_000977.png
split,train
model,result_0775,0.42719566484800464,0.5871750869564293,0,251
