background,muhlheim-ruhr_000000_000663.png
split,train
model,result_0389,0.2633283705056215,0.5231217605119468,2,333
