background,wurzburg_000000_000958.png
split,train
model,result_0061,0.6128393034455759,0.9536984123395895,-1,300
model,result_0606,0.853963021915265,0.5352478258361943,-3,304
