background,muhlheim-ruhr_000000_000033.png
split,train
model,result_0319,0.005808281333934184,0.6988042076829044,3,101
model,result_0477,0.7528902666290334,0.9305076077408393,0,98
model,result_0949,0.9620824951146635,0.7385772719760737,-4,167
