background,dortmund_000000_000841.png
split,train
model,result_0024,0.16199554181809817,0.291063077000815,-3,81
model,result_0288,0.9770563937814399,0.6240318011384757,4,176
model,result_0247,0.459793676660853,0.5644114948387648,3,42
