background,heilbronn_000000_000315.png
split,train
model,result_0288,0.4368822851896501,0.7695175826715202,1,233
model,result_0247,0.605641174510549,0.7831046831474042,4,290
model,result_0239,0.3902436632176064,0.3492817587075072,0,321
