background,dortmund_000000_000900.png
split,train
model,result_0945,0.2469285885571969,0.4881972418098325,-4,325
