background,wurzburg_000000_000335.png
split,train
model,result_0879,0.43127229358604835,0.9988302881364988,-4,179
model,result_0542,0.7904775242383656,0.9483783217928727,-1,248
model,result_0674,0.019888662282139258,0.3907869584408011,4,346
