background,augsburg_000000_000363.png
split,train
model,result_0949,0.595339532025141,0.5649452805272146,4,246
