background,wurzburg_000000_000837.png
split,train
model,result_0646,0.729458834126672,0.3498633587880286,1,89
