background,konstanz_000000_000334.png
split,train
model,result_0969,0.08328778344616616,0.8088687248003811,2,191
model,result_0793,0.03280300086816634,0.4462313959914236,-3,184
model,result_0686,0.10742179002834829,0.8507989931102748,0,225
