background,augsburg_000000_001331.png
split,train
model,result_0389,0.05152622248461547,0.44145350086236046,-4,187
model,result_0164,0.33475373297959854,0.2803137101739699,2,270
model,result_0440,0.3390552086178491,0.7618190632136217,0,137
