background,schweinfurt_000000_000034.png
split,train
model,result_0805,0.8571048926833955,0.9441868421098649,2,331
model,result_0039,0.7290076466642219,0.6397863533064709,3,229
model,result_0386,0.7301030811394809,0.4460917476684618,2,225
