background,muhlheim-ruhr_000000_000280.png
split,train
model,result_0440,0.8872189515961068,0.5532783227332573,2,158
