background,dortmund_000000_000144.png
split,train
model,result_0527,0.4425079896262203,0.34049920286473473,-4,127
model,result_0602,0.9878312667228223,0.45039731893172336,-3,4
