background,zurich_000120_000019.png
split,train
model,result_0283,0.7454459860118835,0.2710169297440892,2,191
model,result_0968,0.9495197388492471,0.6011333803612756,4,317
model,result_0847,0.615735080541929,0.8369629811227444,0,256
