background,bremen_000279_000019.png
split,train
model,result_0164,0.9677529627621779,0.9739618252773868,-2,26
model,result_0440,0.016864993201960554,0.35728520915504447,-1,325
model,result_0484,0.17246793511985303,0.6803801715530303,4,115
