background,saarbrucken_000000_000363.png
split,train
model,result_0862,0.4857162496255878,0.769342509556432,-4,234
model,result_0524,0.4434917873777734,0.8199765909593967,-1,343
model,result_0199,0.7995850765711641,0.9841222254414681,2,210
