background,duisburg_000000_000433.png
split,train
model,result_0154,0.6732417551852237,0.9876361264863358,-2,312
