background,konstanz_000000_000113.png
split,train
model,result_0039,0.2796516883381437,0.44267477551494705,-2,198
model,result_0386,0.8771366684641125,0.8773126704744261,-1,46
