background,wurzburg_000000_000652.png
split,train
model,result_0385,0.12019682221561456,0.7271325078838647,1,164
