background,nuremberg_000000_000583.png
split,train
model,result_0247,0.6697089063200533,0.9900284086577558,4,245
model,result_0239,0.12942390741527132,0.27133200862334417,-2,38
model,result_0051,0.5324772345825287,0.2833970171778307,0,37
