background,karlsruhe_000000_000622.png
split,train
model,result_0991,0.8566965890925198,0.4630546619956182,-2,141
