background,oberhausen_000000_000087.png
split,train
model,result_0999,0.9262227173774176,0.46147839783671,4,67
