background,augsburg_000000_000470.png
split,train
model,result_0949,0.7438045012814348,0.6131164634412771,3,300
