background,freiburg_000000_000325.png
split,train
model,result_0995,0.7630350001180174,0.324771917605845,-1,25
model,result_0969,0.7676023029674232,0.34987688749426354,0,130
model,result_0793,0.44222925489526943,0.9706061848480938,-1,76
