background,augsburg_000000_001355.png
split,train
model,result_0562,0.36826095377499624,0.4438326604711539,1,189
model,result_0215,0.6538796536734017,0.775680646161302,4,128
model,result_0332,0.9366057358479075,0.31029150307727926,-4,68
