background,wurzburg_000000_001601.png
split,train
model,result_0871,0.11091322485891641,0.4948618398417941,4,277
