background,oberhausen_000000_000196.png
split,train
model,result_0606,0.16378894601055582,0.27847356376082943,-2,134
model,result_0082,0.4747363904855254,0.35498220618286047,-4,208
