background,wurzburg_000000_000765.png
split,train
model,result_0051,0.577272711992334,0.6940116307944983,0,340
