background,troisdorf_000000_000114.png
split,train
model,result_0164,0.8002681270631904,0.958025276734222,1,211
model,result_0440,0.8806656626600637,0.6486827857155598,2,146
model,result_0484,0.18207745668383402,0.8545706016028901,2,154
