background,schweinfurt_000000_000138.png
split,train
model,result_0484,0.32104666166381446,0.6158352504714106,-3,2
