background,karlsruhe_000000_000640.png
split,train
model,result_0527,0.05597550256139083,0.6703748493159878,0,236
