background,bochum_000000_021393.png
split,train
model,result_0694,0.11586403329169181,0.7207971234535608,-3,229
model,result_0319,0.02821910629324087,0.6470650392808097,-3,177
model,result_0477,0.7563240739379066,0.9849494269126482,4,104
