background,karlsruhe_000000_001112.png
split,train
model,result_0861,0.20603690878325354,0.8018654011665874,-3,346
