background,wurzburg_000000_000907.png
split,train
model,result_0477,0.2215102741459274,0.8462439763415538,-3,323
