background,wurzburg_000000_000089.png
split,train
model,result_0332,0.7463458682698754,0.7415131395883394,-4,3
model,result_0385,0.5552837887897313,0.5528263343067701,3,33
