background,bremen_000250_000019.png
split,train
model,result_0999,0.8023767455618378,0.8976126380666416,-1,228
