background,konstanz_000000_000074.png
split,train
model,result_0389,0.4300413220082683,0.6508144078249478,-4,301
model,result_0164,0.8753568919224153,0.9786887850623317,-1,297
model,result_0440,0.5128561568674312,0.6218512684630241,3,201
