background,bochum_000000_038022.png
split,train
model,result_0218,0.09429041079538636,0.37270702583753607,2,52
