background,mannheim_000000_000154.png
split,train
model,result_0878,0.9065443656861968,0.7306944107597477,-1,136
model,result_0004,0.14719245163178352,0.521468724485926,3,341
model,result_0931,0.6224382102208282,0.5956417354193488,-2,197
