background,dortmund_000000_000188.png
split,train
model,result_0385,0.6821950324078864,0.25206180603639106,-3,260
model,result_0991,0.934131980220092,0.8334782705124988,-1,302
model,result_0373,0.38082368980329817,0.6066158710904714,-1,353
