background,konstanz_000000_000061.png
split,train
model,result_0586,0.9921125227073317,0.5844245400737662,-4,34
model,result_0989,0.02114701031278332,0.525159869269638,0,184
model,result_0803,0.6143583444277049,0.6621196913522018,2,267
