background,wuppertal_000000_000597.png
split,train
model,result_0328,0.8259481320085885,0.7919001788653196,-3,193
