background,konstanz_000000_001147.png
split,train
model,result_0739,0.935911448991242,0.7428049526337293,1,37
