background,bayreuth_000000_000763.png
split,train
model,result_0793,0.27379938967324924,0.622507535988932,-3,350
