background,oberhausen_000000_000239.png
split,train
model,result_0283,0.04368935837359167,0.6250172695934015,-4,154
model,result_0968,0.63150370977347,0.9605839543654924,-3,94
model,result_0847,0.005307921850444375,0.9576267246957346,0,120
