background,muhlheim-ruhr_000000_000194.png
split,train
model,result_0154,0.0356225201117778,0.6040840456829544,-3,255
model,result_0562,0.7261119638338183,0.521576690725553,0,294
model,result_0215,0.5459032651738256,0.5067620207701362,-3,290
