background,mannheim_000000_000043.png
split,train
model,result_0795,0.8218616244054351,0.9833506965268015,-4,205
model,result_0388,0.4700827456792701,0.41854628647239456,0,154
model,result_0499,0.016766217724946797,0.3348180125157131,2,302
