background,wurzburg_000000_000932.png
split,train
model,result_0686,0.9118109887595018,0.9133607638962727,-4,12
model,result_0805,0.5280650516040108,0.46680742791440744,-3,308
