background,oberhausen_000000_000889.png
split,train
model,result_0855,0.2717918928522084,0.9210722807156779,-4,111
