background,karlsruhe_000000_000062.png
split,train
model,result_0646,0.15464751958107825,0.3818950241437622,1,260
model,result_0586,0.6893993785387228,0.9366440637193554,2,224
model,result_0989,0.3968172101766648,0.8261104832448057,-2,25
