background,augsburg_000000_001413.png
split,train
model,result_0686,0.5613825986301553,0.7865012880814092,3,216
model,result_0805,0.9563695756693034,0.4259882088471778,-1,198
