background,oberhausen_000000_000509.png
split,train
model,result_0844,0.7734643726202722,0.3870450909349942,-2,59
model,result_0995,0.15272161697798703,0.6447928691200495,3,217
model,result_0969,0.47607080315670225,0.6505948683313332,-2,75
