background,bayreuth_000000_000489.png
split,train
model,result_0394,0.41208343571358574,0.37034109628246664,-1,9
model,result_0163,0.15043550548320084,0.39751044602257257,0,210
