background,nuremberg_000000_000057.png
split,train
model,result_0039,0.7552328582393385,0.6500893220710644,3,291
model,result_0386,0.620777300391249,0.839030003564064,3,17
model,result_0979,0.6096171067416803,0.4108352819638203,1,36
