background,heilbronn_000000_000343.png
split,train
model,result_0999,0.44537919125260694,0.7544482536649952,-1,265
model,result_0510,0.5592545468851685,0.8391759191870098,1,347
model,result_0328,0.8395292107291862,0.542207199412418,-4,251
