background,weimar_000005_000019.png
split,train
model,result_0218,0.8736611056567997,0.6488685365247687,1,312
model,result_0694,0.25869798452258874,0.2864377192378311,-1,121
