background,karlsruhe_000000_000020.png
split,train
model,result_1000,0.3343228449172069,0.4239386976214183,-3,335
model,result_0367,0.9330536341633582,0.5803398388868829,2,278
model,result_0822,0.34229546432246416,0.41422291866910455,1,353
