background,konstanz_000000_000296.png
split,train
model,result_0878,0.42079788192192824,0.9115037227798914,4,140
model,result_0004,0.20497118626317523,0.5818033746549293,-2,238
model,result_0931,0.9620094476269437,0.8787611501771158,2,241
