background,oberhausen_000000_000478.png
split,train
model,result_0945,0.4455918291292873,0.631988496349698,2,307
