background,freiburg_000000_000096.png
split,train
model,result_0075,0.7463926844015635,0.5247377173722914,4,190
model,result_0992,0.7084122374044026,0.7577320278204589,-1,90
model,result_0394,0.22815875654149043,0.4951772854703208,4,182
