background,duisburg_000000_000655.png
split,train
model,result_0367,0.771784175298611,0.6935430399129087,-4,84
