background,oberhausen_000000_000660.png
split,train
model,result_0127,0.5375143956185472,0.4140167704075063,3,286
model,result_0022,0.4322925218828102,0.3543600470892876,4,301
