background,schweinfurt_000000_000509.png
split,train
model,result_0075,0.20474508095232824,0.5304788782848431,4,60
model,result_0992,0.2253860517470807,0.8910505684313821,-1,91
model,result_0394,0.8278756244259516,0.5699398600464961,0,163
