background,hamburg_000000_074139.png
split,train
model,result_0931,0.0996640418424064,0.5990163966508788,-2,353
model,result_0123,0.8099215437804624,0.7917031848518733,1,293
model,result_0472,0.17985093546605435,0.6473311084366838,2,346
