background,augsburg_000000_000321.png
split,train
model,result_0191,0.8918322108190615,0.37215884336307636,3,341
model,result_0775,0.6171045676135698,0.8741426582138689,3,112
