background,konstanz_000000_000254.png
split,train
model,result_0775,0.3565520888627983,0.3085936869788911,2,32
model,result_0075,0.8036256037274221,0.6477484883413155,3,194
model,result_0992,0.8891581028268846,0.7894879710187007,-4,339
