background,nuremberg_000000_000701.png
split,train
model,result_0332,0.14952899869361602,0.9063481850347503,2,104
model,result_0385,0.5860394781945883,0.42261901365422755,2,164
