background,wuppertal_000000_000389.png
split,train
model,result_0022,0.6218511007331151,0.2587807235109535,3,345
model,result_0061,0.947572378552721,0.7779573161205597,2,82
