background,wurzburg_000000_000990.png
split,train
model,result_0805,0.023418128327272192,0.33716649439420887,-2,30
model,result_0039,0.49452680153831363,0.8055834346617874,0,140
model,result_0386,0.7517667971554947,0.6670038830899045,-2,152
