background,augsburg_000000_000100.png
split,train
model,result_0385,0.6807753643050252,0.3999164985717153,0,183
model,result_0991,0.6291357844669436,0.8721834578944697,-1,300
