background,konstanz_000000_000117.png
split,train
model,result_0878,0.5509762999782988,0.789969146671633,4,314
model,result_0004,0.578002089693669,0.48486428441948054,2,76
model,result_0931,0.7254648506024934,0.8603660507183083,3,67
