background,wurzburg_000000_000785.png
split,train
model,result_0949,0.22138877391674838,0.9375660603108675,2,85
model,result_0324,0.025415700547408937,0.6127352906839959,3,341
