background,muhlheim-ruhr_000000_000193.png
split,train
model,result_0394,0.9071561250256703,0.3424714833503773,4,82
model,result_0163,0.7696079875266049,0.6087988801754718,1,291
model,result_0657,0.09948420234910615,0.5805352034108847,-3,240
