background,heilbronn_000000_000301.png
split,train
model,result_0586,0.20750435549468826,0.9852361863133843,1,206
model,result_0989,0.3431045528606079,0.6872046571289286,4,142
