background,heilbronn_000000_000265.png
split,train
model,result_0960,0.9214764229813718,0.25564233666707714,1,152
model,result_0632,0.15623322965699815,0.5755215468216386,2,148
model,result_0357,0.09944596689521745,0.5674183047154449,-2,6
