background,mannheim_000000_000128.png
split,train
model,result_0945,0.622199590652829,0.5360736811418231,1,235
model,result_0612,0.768375607926647,0.49257667763414903,-1,339
