background,oberhausen_000000_000256.png
split,train
model,result_0123,0.9096792377879278,0.830669542217874,4,156
model,result_0472,0.953969004064074,0.9346656552094308,-1,28
