background,wuppertal_000000_000597.png
split,train
model,result_0215,0.5690557848200295,0.9642974363972188,4,159
model,result_0332,0.817374827833419,0.4243219922984993,-1,149
