background,konstanz_000000_000459.png
split,train
model,result_0945,0.38805621023910586,0.7774790749138921,-4,297
model,result_0612,0.5832678588990992,0.37671730732005937,-3,265
model,result_0283,0.6527931960621505,0.5304365072273414,1,336
