background,erfurt_000081_000019.png
split,train
model,result_0632,0.5190246115387984,0.655731280842695,4,56
model,result_0357,0.9571551271978751,0.6718870806743891,0,38
