background,duisburg_000000_000737.png
split,train
model,result_0968,0.9400019714553371,0.8159196321292054,2,156
model,result_0847,0.27650936166868767,0.6812131487900627,-4,224
