background,heidelberg_000000_000839.png
split,train
model,result_0527,0.5136089092680441,0.48828798196282747,-1,318
model,result_0602,0.40762561938066555,0.43206438825783533,-3,97
