background,darmstadt_000030_000019.png
split,train
model,result_0949,0.6775545675825987,0.4974124240471349,0,36
model,result_0324,0.3618727025262667,0.7395723315723557,-4,265
model,result_0173,0.7722073824747351,0.966664301931929,1,37
