background,heilbronn_000000_000718.png
split,train
model,result_0373,0.7083907063610742,0.2927149520736655,0,312
model,result_0191,0.86490145199287,0.6021667472725796,4,214
model,result_0775,0.05469021556480391,0.9481935831924561,-4,157
