background,augsburg_000000_000936.png
split,train
model,result_0739,0.019916942342998345,0.8579481794990027,-4,197
model,result_0960,0.6998893177213535,0.5959668005135509,1,230
