background,wurzburg_000000_001582.png
split,train
model,result_0389,0.12178383026240502,0.7460114425760966,-1,181
model,result_0164,0.09700488952842679,0.40837056088168033,-3,317
model,result_0440,0.864793410546332,0.8592752841010344,-1,99
