background,bayreuth_000000_000526.png
split,train
model,result_0991,0.5528162793554597,0.8337016674820912,-2,176
model,result_0373,0.09077442841598515,0.2677948856812011,1,359
model,result_0191,0.7037800438489049,0.3420052437675677,2,325
