background,bayreuth_000000_000644.png
split,train
model,result_0544,0.7712760904679494,0.7454599757230216,1,261
model,result_0999,0.6549911924191348,0.6582697804486619,2,280
model,result_0510,0.5229038513927924,0.26380207659631527,2,351
