background,stuttgart_000010_000019.png
split,train
model,result_0367,0.5473235904712958,0.7964747051897827,0,1
