background,karlsruhe_000000_001085.png
split,train
model,result_0388,0.9234001285103592,0.46718494928811194,-2,250
model,result_0499,0.03869874047391397,0.6729537604579914,-4,264
