background,muhlheim-ruhr_000000_000111.png
split,train
model,result_0995,0.0011009831835397943,0.532536089749764,2,162
model,result_0969,0.2654294216379688,0.6115914082091773,3,53
model,result_0793,0.4487713753357796,0.912629746574663,-4,320
