background,augsburg_000000_000979.png
split,train
model,result_0586,0.2474501388607825,0.8459240399686352,-2,139
