background,heilbronn_000000_000253.png
split,train
model,result_0795,0.4135423342065887,0.26406810409374176,0,258
model,result_0388,0.08646455244732054,0.41427027035743597,3,175
model,result_0499,0.659717947298239,0.3416392181289979,1,59
