background,konstanz_000000_001351.png
split,train
model,result_0822,0.9519542045197759,0.4815170430782577,4,135
model,result_0855,0.6271325609149506,0.7690221747748662,-3,215
model,result_0338,0.8326255308704491,0.5040039750093999,4,101
