background,wuppertal_000000_000982.png
split,train
model,result_0981,0.05837169536917142,0.4744931696149329,4,283
model,result_0527,0.9009238351182052,0.6957763066292604,-2,122
model,result_0602,0.787333091992555,0.4025332366237341,0,220
