background,augsburg_000000_000558.png
split,train
model,result_0266,0.9251795968328864,0.8299802425964623,-4,180
