background,freiburg_000000_000020.png
split,train
model,result_0871,0.9937262487374108,0.46538289880331,1,37
model,result_0878,2.0324013715322664e-05,0.5995507521028736,-3,34
model,result_0004,0.7347375620323552,0.8987166485275908,-4,205
