background,karlsruhe_000000_000606.png
split,train
model,result_0562,0.6490143321259704,0.49452025792937515,0,211
model,result_0215,0.005390935708883715,0.3289857814347656,0,289
