background,schweinfurt_000000_000016.png
split,train
model,result_0373,0.5369273512110214,0.8010007896893642,0,6
