background,augsburg_000000_000607.png
split,train
model,result_0602,0.74017075961745,0.41772416744371976,-2,160
