background,karlsruhe_000000_001050.png
split,train
model,result_0004,0.6083204902532363,0.5276142710874809,2,56
model,result_0931,0.6181168558321308,0.8838371619491163,1,132
