background,muhlheim-ruhr_000000_000630.png
split,train
model,result_0844,0.03832607036867053,0.9083948184880464,4,40
