background,heilbronn_000000_000275.png
split,train
model,result_0871,0.5041032821386702,0.481574707714005,-4,191
