background,heilbronn_000000_000547.png
split,train
model,result_0855,0.8159334292887175,0.7533360609508684,2,161
model,result_0338,0.9839311780996233,0.7095544800825109,-1,320
