background,heidelberg_000000_000375.png
split,train
model,result_0795,0.7052329999106209,0.9099188082100994,1,77
