background,konstanz_000000_001036.png
split,train
model,result_0127,0.08710593516649567,0.821519401098588,-1,43
model,result_0022,0.0025382985542928838,0.6001897908256896,-4,137
model,result_0061,0.32344433045408605,0.5229756016475737,2,69
