background,augsburg_000000_000351.png
split,train
model,result_0004,0.5572485610683933,0.9381857247784219,-1,192
model,result_0931,0.9614439400725796,0.7213549273845233,3,14
