background,wurzburg_000000_000908.png
split,train
model,result_0822,0.8441653975056557,0.4936724444525309,-2,190
model,result_0855,0.09140218964566416,0.4182097222317406,-4,155
model,result_0338,0.2464899692815995,0.8877241826097839,1,344
