background,karlsruhe_000000_000901.png
split,train
model,result_0602,0.5069863513984356,0.38171992147230394,-2,269
