background,strasbourg_000001_014258.png
split,train
model,result_0606,0.004683824919724189,0.2540553307468124,2,192
