background,duisburg_000000_000380.png
split,train
model,result_0127,0.8419249996147216,0.6019746463987594,0,125
model,result_0022,0.2528392766660502,0.9786072131575667,3,188
