background,bremen_000209_000019.png
split,train
model,result_0805,0.5331469505399982,0.29218790273952483,0,207
model,result_0039,0.8570416858914265,0.9571433731503638,-1,179
