background,bayreuth_000000_000449.png
split,train
model,result_0694,0.5510090006765741,0.27135933132404433,-4,277
model,result_0319,0.3278889675036819,0.5743770255325593,2,231
