background,schweinfurt_000000_000318.png
split,train
model,result_0674,0.23187183971976966,0.9632299747442895,-4,145
model,result_0146,0.14992026804894643,0.6860713970232895,-3,218
