background,karlsruhe_000000_001019.png
split,train
model,result_0163,0.3968645054715412,0.6779378269660048,3,25
model,result_0657,0.08536623439871871,0.6949328975698225,-2,207
model,result_0914,0.4845996056373473,0.5643707914631219,2,124
