background,augsburg_000000_000880.png
split,train
model,result_0847,0.4279648775876498,0.831722447470963,-3,111
