background,duisburg_000000_000466.png
split,train
model,result_0163,0.12272970153119434,0.5508257161888411,-2,89
model,result_0657,0.04754539962700588,0.6660023418078305,1,196
model,result_0914,0.9787427472821817,0.9259421235159091,-3,208
