background,freiburg_000000_000351.png
split,train
model,result_0295,0.4147575704281842,0.6430581343832678,2,71
model,result_0127,0.454570516885635,0.4492635179805581,0,20
model,result_0022,0.028145058999501926,0.5141242015919245,-2,113
