background,konstanz_000000_000023.png
split,train
model,result_0164,0.06130854509972061,0.6021384712951583,-4,249
