background,bayreuth_000000_000431.png
split,train
model,result_0686,0.612116522258201,0.7866451885552941,0,235
model,result_0805,0.3803478878901022,0.9386544323649229,-4,239
model,result_0039,0.5538082322594254,0.7865536777103836,-2,193
