background,schweinfurt_000000_000195.png
split,train
model,result_0154,0.02041422529666903,0.48524250964131554,3,324
