background,duisburg_000000_000649.png
split,train
model,result_0193,0.34844395970960396,0.8601167187578246,-1,224
model,result_0036,0.02260430239674538,0.5169653148769217,-2,172
