background,augsburg_000000_001278.png
split,train
model,result_0288,0.6670958992739489,0.5308695965558947,-1,296
