background,oberhausen_000000_000482.png
split,train
model,result_0657,0.7506701274280159,0.3097429246319994,2,74
model,result_0914,0.7183758219577621,0.4238130301456232,-4,259
model,result_0193,0.5412967343265641,0.797069553256645,-2,305
