background,karlsruhe_000000_000784.png
split,train
model,result_0154,0.8968740583962008,0.9370824648426526,3,76
model,result_0562,0.0014199658747188204,0.5624017274162817,-4,322
