background,strasbourg_000001_018742.png
split,train
model,result_0324,0.34453699540011407,0.7930928318905797,0,25
model,result_0173,0.6846380852862799,0.8788510412093254,-4,54
model,result_0751,0.7113230064101871,0.9612080670587191,2,251
