background,duisburg_000000_000800.png
split,train
model,result_0983,0.26183911973507135,0.994997550761718,-2,91
model,result_0996,0.4904953496184504,0.2797927541903562,0,308
