background,oberhausen_000000_000022.png
split,train
model,result_0332,0.6392871242035395,0.7536490226936072,4,158
model,result_0385,0.26737418389490064,0.5101729203488922,-1,303
