background,dortmund_000000_000533.png
split,train
model,result_0036,0.892849597995011,0.777566709217956,2,16
model,result_1000,0.16498378419935733,0.4342318742450672,-1,42
