background,heilbronn_000000_000213.png
split,train
model,result_0527,0.9770888850456555,0.9946702333302224,-2,67
