background,freiburg_000000_000690.png
split,train
model,result_0882,0.3246665541810537,0.8410012070828774,-1,251
model,result_0467,0.507371262041311,0.7317987077429303,3,337
model,result_0154,0.24713245056658195,0.7225685573769269,4,189
