background,karlsruhe_000000_000236.png
split,train
model,result_0805,0.8497807393442314,0.2771110994022128,3,343
model,result_0039,0.022698912201527977,0.6208473550948105,-4,279
model,result_0386,0.1308610212047926,0.5903420649150652,4,118
