background,wurzburg_000000_001337.png
split,train
model,result_0995,0.5941431803318581,0.6145750174857622,-3,175
model,result_0969,0.34135343682209407,0.5984782402304137,1,102
model,result_0793,0.5959692100738738,0.3604727973180387,3,290
