background,wurzburg_000000_000383.png
split,train
model,result_0440,0.8143769693691981,0.4277415792227294,-2,136
