background,hamburg_000000_043944.png
split,train
model,result_0283,0.13399564091386273,0.5889014140828245,-4,257
