background,dortmund_000000_000779.png
split,train
model,result_0866,0.09593649617822775,0.6510272221845944,-2,52
