background,muhlheim-ruhr_000000_000813.png
split,train
model,result_0146,0.7516890882759959,0.9090445902060058,-4,259
model,result_0295,0.640150236030289,0.43833159251775144,3,79
