background,augsburg_000000_000082.png
split,train
model,result_0632,0.5419090947016183,0.30558118868090056,3,198
model,result_0357,0.594607716897625,0.8587903176206559,3,123
model,result_0046,0.3624435150004335,0.9194026843148517,-1,58
