background,karlsruhe_000000_000811.png
split,train
model,result_0784,0.6045578310765485,0.7292104471419733,2,356
model,result_0924,0.601121017495657,0.6917664207046053,-3,236
model,result_0866,0.4560094498621322,0.5203020182564311,0,40
