background,muhlheim-ruhr_000000_000723.png
split,train
model,result_0694,0.781336385298434,0.6157572853841236,-2,91
model,result_0319,0.6521467761102646,0.6873189712959206,-2,206
