background,freiburg_000000_000164.png
split,train
model,result_0805,0.31107590081819525,0.6844219978413341,2,280
model,result_0039,0.28404421021750426,0.9944632346102668,0,140
model,result_0386,0.6912467313907974,0.9169970202764613,3,159
