background,saarbrucken_000000_000459.png
split,train
model,result_0373,0.529834622389406,0.5548408969745569,3,270
model,result_0191,0.10961544307555493,0.7766070104035407,2,274
model,result_0775,0.4476738674416362,0.3151510096056008,4,326
