background,bremen_000239_000019.png
split,train
model,result_0192,0.05013365966618455,0.555486727176336,3,100
