background,muhlheim-ruhr_000000_000002.png
split,train
model,result_0218,0.37314049037284414,0.30917804640379043,4,306
model,result_0694,0.7453778432811886,0.9070616043357047,1,203
