background,bayreuth_000000_000337.png
split,train
model,result_0855,0.7404729272465639,0.49219222292227616,3,322
model,result_0338,0.9505270250260147,0.8782515618316923,-4,295
