background,bayreuth_000000_000327.png
split,train
model,result_0467,0.5886029759706208,0.6288761328416657,4,115
model,result_0154,0.8490978741155404,0.8074923110029483,0,279
model,result_0562,0.48524016074902476,0.7284682516855732,-2,238
