background,muhlheim-ruhr_000000_000833.png
split,train
model,result_0878,0.3201076627235456,0.37580509273375834,0,22
