background,schweinfurt_000000_000442.png
split,train
model,result_0357,0.4302307334598292,0.8605070133448419,-4,9
