background,karlsruhe_000000_000035.png
split,train
model,result_0173,0.14280068554687686,0.6359686380045657,2,107
model,result_0751,0.5118542751687065,0.7287325505339561,-4,39
model,result_0678,0.19103759338727377,0.6317231412173594,2,237
