background,heidelberg_000000_000206.png
split,train
model,result_0039,0.24499095818747052,0.43324415938702765,0,106
