background,muhlheim-ruhr_000000_000449.png
split,train
model,result_0646,0.9234180301577619,0.4742543319500159,-3,307
