background,heidelberg_000000_000375.png
split,train
model,result_0999,0.5831645606468072,0.8199206976488473,1,26
model,result_0510,0.8603456894176448,0.5785344242254944,-2,32
model,result_0328,0.8261521269575407,0.4114292993257256,-3,7
