background,muhlheim-ruhr_000000_000767.png
split,train
model,result_0945,0.9358963404089653,0.8726079943943148,-4,295
model,result_0612,0.7527399698612824,0.31113437649393694,4,360
