background,augsburg_000000_000892.png
split,train
model,result_0775,0.4205908558073014,0.7733517009144589,4,94
model,result_0075,0.8677769660369979,0.8336872888006696,2,285
