background,augsburg_000000_000900.png
split,train
model,result_0467,0.2288299018579143,0.9760639747294356,3,220
