background,konstanz_000000_000275.png
split,train
model,result_0357,0.7455012787402527,0.8721296571813109,-4,145
model,result_0046,0.6670727847870471,0.9799969168295853,2,73
model,result_0389,0.9810168965280652,0.5809602601734183,1,240
