background,wurzburg_000000_001289.png
split,train
model,result_0784,0.6024625672643215,0.339490967849178,1,3
