background,konstanz_000000_000837.png
split,train
model,result_0082,0.07848673082438262,0.8062496257437692,-4,277
model,result_0945,0.4912139498724747,0.8383211243744401,-1,59
model,result_0612,0.5886937788760088,0.8468992276524245,-1,235
