background,augsburg_000000_000071.png
split,train
model,result_0960,0.4066627881043495,0.8256347260846633,-4,197
model,result_0632,0.6679963021578003,0.6258025050458516,0,245
model,result_0357,0.12444792825061457,0.755444207312526,-3,110
