background,konstanz_000000_000628.png
split,train
model,result_0924,0.026637689356538985,0.43755283297063907,4,86
model,result_0866,0.22635127601884775,0.3196135662223051,-4,314
model,result_0983,0.6417827662697928,0.7746497620123624,-1,236
