background,schweinfurt_000000_000432.png
split,train
model,result_0247,0.6604237477749811,0.3114955186546341,4,170
model,result_0239,0.496218871386498,0.8696163940945933,4,5
