background,augsburg_000000_000263.png
split,train
model,result_0080,0.8757846680873568,0.7525257580834512,-3,78
model,result_0857,0.0477894385141332,0.5487183383565177,4,275
