background,oberhausen_000000_000747.png
split,train
model,result_0332,0.6972351387877145,0.7810963161670912,-1,47
model,result_0385,0.9607009540535545,0.5175039290110429,3,281
