background,konstanz_000000_000261.png
split,train
model,result_0367,0.8295122482116568,0.505250318821186,-1,204
model,result_0822,0.3388973440696158,0.3266725076154806,-1,156
