background,saarbrucken_000000_000223.png
split,train
model,result_0328,0.8589450553235339,0.9989863444444591,4,220
model,result_0879,0.23769490257303771,0.8618119490475751,-4,199
model,result_0542,0.23634297857765796,0.45058853256563625,0,183
