background,konstanz_000000_000931.png
split,train
model,result_0784,0.041140741604756004,0.4107657721767967,3,110
model,result_0924,0.1408346433684553,0.805840659153791,2,189
