background,wurzburg_000000_000473.png
split,train
model,result_0562,0.6204416004492498,0.9757363655193497,2,16
