background,schweinfurt_000000_000388.png
split,train
model,result_0295,0.05280953390195886,0.6440307747720795,-4,217
model,result_0127,0.9260135817261952,0.3585161999220732,-3,24
