background,dresden_000000_000020.png
split,train
model,result_0983,0.20785170409592124,0.7651391634528953,2,96
model,result_0996,0.9883332109675365,0.435865985810479,3,207
