background,wurzburg_000000_001356.png
split,train
model,result_0164,0.15343294579129219,0.5127900623968221,2,120
model,result_0440,0.36946030770982796,0.7690164327564084,-1,353
model,result_0484,0.5001890539583225,0.3394165391727623,-1,14
