background,duisburg_000000_000431.png
split,train
model,result_0060,0.5377821875946402,0.80181408835711,4,165
