background,schweinfurt_000000_000044.png
split,train
model,result_0004,0.05048511246663001,0.7049706700134886,3,137
model,result_0931,0.14081701881983621,0.5882552372344092,0,117
model,result_0123,0.6588706091866464,0.7969668670579747,-3,106
