background,bochum_000000_000600.png
split,train
model,result_0795,0.3196217324564087,0.9711179643639007,-3,213
model,result_0388,0.053512255566653955,0.2658618424853503,3,10
