background,freiburg_000000_000806.png
split,train
model,result_0510,0.05620463743246773,0.8182620553893942,-2,237
model,result_0328,0.9847164685748272,0.9732052065800106,1,323
model,result_0879,0.2195449734581273,0.37789468887144445,4,329
