background,weimar_000077_000019.png
split,train
model,result_0164,0.8194317287961295,0.3486436466639018,1,358
