background,dortmund_000000_000608.png
split,train
model,result_0199,0.4979723327752169,0.7232120657796828,3,29
model,result_0060,0.544381858034482,0.5852343769243236,0,186
model,result_0080,0.3141330068521814,0.5710997177123498,2,34
