background,muhlheim-ruhr_000000_000473.png
split,train
model,result_0385,0.5823915737101403,0.7861206497043417,-2,131
