background,dortmund_000000_000878.png
split,train
model,result_0803,0.45796291940874145,0.7239069007140873,-4,329
model,result_0192,0.818353410682984,0.671452799027021,1,203
