background,heidelberg_000000_001184.png
split,train
model,result_0288,0.42815206473941314,0.9329658121174502,-4,314
model,result_0247,0.17015809158405126,0.2655658421340563,-4,348
