background,muhlheim-ruhr_000000_001003.png
split,train
model,result_0004,0.3350692799137778,0.6612355757348665,1,96
model,result_0931,0.24136317653980566,0.6724762429130786,-1,181
