background,wurzburg_000000_001390.png
split,train
model,result_0855,0.864037415027422,0.5278111994252277,0,70
model,result_0338,0.7422464224791799,0.5358445994735443,4,113
