background,schweinfurt_000000_000677.png
split,train
model,result_0386,0.7483301305547113,0.6493256828822631,4,286
