background,nuremberg_000000_000053.png
split,train
model,result_0524,0.6138611658319472,0.882476124856659,3,182
model,result_0199,0.6712964761210014,0.5651028494974278,3,143
