background,karlsruhe_000000_000108.png
split,train
model,result_0192,0.3938589815011414,0.9213038880969262,2,181
model,result_0218,0.4165559978169038,0.3260506293574196,-3,45
model,result_0694,0.38796554867511435,0.8267783629718914,4,88
