background,oberhausen_000000_000483.png
split,train
model,result_0075,0.6567265028369287,0.8474838804515692,4,305
