background,muhlheim-ruhr_000000_000679.png
split,train
model,result_0373,0.4488159850534983,0.8334003797636401,2,197
model,result_0191,0.9503791666892365,0.4400407886428839,1,116
