background,freiburg_000000_000757.png
split,train
model,result_0674,0.9987412717755728,0.8957407980071157,-1,266
