background,nuremberg_000000_000065.png
split,train
model,result_0283,0.14519005224801285,0.48992512363155494,1,10
model,result_0968,0.6402156438848556,0.6528206518079651,2,189
