background,augsburg_000000_001307.png
split,train
model,result_0046,0.5441140197925416,0.7940540001061936,-1,298
model,result_0389,0.480116521203405,0.9451951449761313,2,208
