background,dortmund_000000_000832.png
split,train
model,result_0542,0.3417560658688249,0.44421430679528895,0,307
model,result_0674,0.5426574423642473,0.41821214154155373,-3,204
model,result_0146,0.9909726464948444,0.8028845374962246,-1,51
