background,bochum_000000_024196.png
split,train
model,result_0795,0.18200230111488302,0.47044616367164993,-3,102
