background,muhlheim-ruhr_000000_000054.png
split,train
model,result_0861,0.7721400730032131,0.8000229225666847,1,80
model,result_0882,0.6043063379767412,0.9436193244723137,3,141
model,result_0467,0.7887536348568489,0.9830934276840834,1,127
