background,wurzburg_000000_001343.png
split,train
model,result_0945,0.16420414514159765,0.5081191576012098,1,317
