background,bochum_000000_026056.png
split,train
model,result_0191,0.9569351429998174,0.5443564498489113,-2,167
