background,mannheim_000000_001002.png
split,train
model,result_0674,0.8485585560367118,0.7978463953176163,-1,12
