background,muhlheim-ruhr_000000_000335.png
split,train
model,result_0127,0.8234785494897586,0.46700901569799114,2,294
model,result_0022,0.8297903589052316,0.4978325857337672,0,239
model,result_0061,0.4894642092431506,0.8608467328520996,-1,231
