background,wurzburg_000000_000020.png
split,train
model,result_0163,0.7669615512032223,0.8592648837462389,3,316
model,result_0657,0.3734479017687895,0.8470057932611357,3,148
model,result_0914,0.9464276259807104,0.3112983313508156,2,152
