background,ulm_000057_000019.png
split,train
model,result_0844,0.5229892091592172,0.6864874198622979,-3,310
model,result_0995,0.7668329868310593,0.44125141129299084,0,23
