background,wuppertal_000000_000161.png
split,train
model,result_0612,0.11909450987983283,0.8960590327844515,-3,63
