background,saarbrucken_000000_000506.png
split,train
model,result_0283,0.7159452389030236,0.8537065005383154,0,150
model,result_0968,0.5385001922352124,0.6906862860040223,3,225
