background,nuremberg_000000_001342.png
split,train
model,result_0288,0.4660074290737496,0.931496943176126,-2,126
