background,heilbronn_000000_000513.png
split,train
model,result_0945,0.7737122512437581,0.27153596839717653,3,143
model,result_0612,0.009461977929333343,0.7758210893333488,2,298
