background,wurzburg_000000_000473.png
split,train
model,result_0751,0.048646827119190994,0.6717793081971931,2,70
model,result_0678,0.013677851500002558,0.4710211539609618,3,240
model,result_0784,0.9033994409509583,0.9472454585699682,1,209
