background,heilbronn_000000_000204.png
split,train
model,result_0989,0.7744812174592464,0.9906609149946564,-4,124
model,result_0803,0.9254571288495409,0.523132204387752,-4,258
model,result_0192,0.9430076498148994,0.3933524515415895,-2,123
