background,wurzburg_000000_000204.png
split,train
model,result_0945,0.5551755724474027,0.47849050481673794,4,90
model,result_0612,0.8249329961219325,0.5849023880458967,-3,135
