background,augsburg_000000_000341.png
split,train
model,result_0678,0.9909496690202898,0.4678433912015949,1,25
model,result_0784,0.24333117246820868,0.6262437835995602,-3,85
model,result_0924,0.333680965689763,0.7079438635326131,1,201
