background,mannheim_000000_000256.png
split,train
model,result_0586,0.27567358905180084,0.9316514589238255,0,23
