background,nuremberg_000000_000445.png
split,train
model,result_0803,0.3431182341808584,0.9572095675842891,4,312
model,result_0192,0.9084296727361645,0.47085305373438785,0,283
