background,oberhausen_000000_000426.png
split,train
model,result_0945,0.3453461048351525,0.44433179374873344,-4,314
model,result_0612,0.4541146262373774,0.5424302204092968,3,99
