background,stuttgart_000195_000019.png
split,train
model,result_0022,0.41478263103393587,0.4545155146380426,-1,312
model,result_0061,0.8163226458587058,0.6884829362525509,4,68
