background,muhlheim-ruhr_000000_001093.png
split,train
model,result_0612,0.19799087997970066,0.5933382332952355,-3,283
