background,heidelberg_000000_000030.png
split,train
model,result_0239,0.11354310637284648,0.5697665455189262,-3,111
model,result_0051,0.41553490700679785,0.647509806105914,0,171
model,result_0739,0.37708585262663663,0.8010959300977955,2,229
