background,nuremberg_000000_001122.png
split,train
model,result_0389,0.0772707896343292,0.7177624504668481,0,149
model,result_0164,0.4183349493421056,0.9718835253061282,4,100
