background,karlsruhe_000000_000199.png
split,train
model,result_0694,0.741005698040094,0.7611416952665224,2,203
model,result_0319,0.9376978106032346,0.2695963201315573,-3,224
