background,augsburg_000000_001355.png
split,train
model,result_0949,0.8620121079348599,0.5557091233966802,2,347
model,result_0324,0.9179016585385885,0.8509757160692119,-4,219
model,result_0173,0.7399703303373271,0.9038617220018752,-1,151
