background,konstanz_000000_000558.png
split,train
model,result_0283,0.6207105473039163,0.25956529536481254,0,133
model,result_0968,0.776834308520308,0.2945681135519944,4,28
