background,augsburg_000000_000588.png
split,train
model,result_0527,0.38657884706830026,0.29929415762909894,-3,138
model,result_0602,0.408759309013364,0.531100489685961,0,184
model,result_0024,0.8167170276986911,0.28611403452836703,-3,257
