background,karlsruhe_000000_000541.png
split,train
model,result_0510,0.688620983359648,0.840989067393882,-2,57
