background,konstanz_000000_000047.png
split,train
model,result_0822,0.9602501815199302,0.5238950056951258,1,187
model,result_0855,0.6604987072436692,0.38031211071689286,0,260
model,result_0338,0.3335420762376532,0.40662549510942225,3,307
