background,dortmund_000000_000698.png
split,train
model,result_0024,0.8215324204568475,0.36301765570023403,0,251
