background,nuremberg_000000_000126.png
split,train
model,result_1000,0.8210306150238782,0.4087962576141847,2,227
model,result_0367,0.28023740901195826,0.9800837242364984,-3,49
