background,wuppertal_000000_000284.png
split,train
model,result_0862,0.1712762455456508,0.8478320578279482,2,239
