background,freiburg_000000_000424.png
split,train
model,result_0632,0.07753606777823174,0.5389965110371374,2,291
model,result_0357,0.9214086674983156,0.26755188005063407,1,117
