background,nuremberg_000000_000770.png
split,train
model,result_0632,0.4571460087297724,0.6360757255681317,-1,329
model,result_0357,0.21388738139312347,0.4603626613872296,0,208
model,result_0046,0.05763479192763088,0.5063077014891536,3,59
