background,bayreuth_000000_000093.png
split,train
model,result_0855,0.09435530717430773,0.5467549188095158,2,36
