background,heidelberg_000000_000557.png
split,train
model,result_0385,0.4629261587626541,0.3210224048264391,-3,179
model,result_0991,0.9775785084362569,0.7015358068983971,2,173
