background,heidelberg_000000_000310.png
split,train
model,result_0878,0.31352475745575525,0.2819091409093771,2,106
model,result_0004,0.34854478111854004,0.6831929261212983,-2,56
