background,mannheim_000000_000750.png
split,train
model,result_0024,0.4604521664114267,0.8345639674549975,-4,186
model,result_0288,0.9653031296970924,0.5132874704152997,2,197
