background,zurich_000093_000019.png
split,train
model,result_0218,0.8604825363709266,0.7938138760347897,-4,212
