background,duisburg_000000_000375.png
split,train
model,result_0857,0.013054345548525026,0.4106096237754452,2,27
model,result_0795,0.3469003335244516,0.6323290947874314,4,246
