background,dortmund_000000_000692.png
split,train
model,result_0931,0.399479469926318,0.8654608294083685,4,45
model,result_0123,0.32011120719914365,0.5584194642794411,-3,339
