background,karlsruhe_000000_000665.png
split,train
model,result_0440,0.616767310729922,0.967071049187084,2,360
