background,muhlheim-ruhr_000000_000169.png
split,train
model,result_0784,0.3110741447753088,0.7289679301257452,4,304
model,result_0924,0.33584424501041643,0.8147248758516433,-1,203
model,result_0866,0.7805880404343515,0.3829343064283993,4,323
