background,erfurt_000030_000019.png
split,train
model,result_0022,0.47587432970746735,0.4597339698316777,3,167
model,result_0061,0.46768091531968636,0.669766194416802,-2,295
model,result_0606,0.5517307327691094,0.7835418682128019,0,114
