background,konstanz_000000_001121.png
split,train
model,result_0855,0.9189307287692354,0.3309622674903551,-1,57
model,result_0338,0.960829851440885,0.5805475549694481,2,158
model,result_0557,0.5580844483518775,0.7888040027644694,2,66
