background,augsburg_000000_001021.png
split,train
model,result_0192,0.7787577012063104,0.7479268022533315,-1,316
