background,saarbrucken_000000_000362.png
split,train
model,result_0373,0.10126872676481258,0.7787708936937925,-2,150
model,result_0191,0.08820998089968457,0.48827538450433944,-1,119
model,result_0775,0.15283454704490984,0.544413467852914,-4,208
