background,wurzburg_000000_001272.png
split,train
model,result_0878,0.4084105052689877,0.7530450134702802,-3,293
model,result_0004,0.7778494363113883,0.5618334969930737,1,228
