background,wuppertal_000000_000360.png
split,train
model,result_0036,0.6028741514401059,0.7704249534073553,-2,213
