background,schweinfurt_000000_000044.png
split,train
model,result_0657,0.5314087072882984,0.8668221780947813,4,183
model,result_0914,0.9063447714130455,0.784884471817645,0,151
model,result_0193,0.696904770816231,0.65398159546921,2,99
