background,freiburg_000000_000494.png
split,train
model,result_0878,0.3353567138781298,0.9331291430306144,3,114
model,result_0004,0.4138265932556142,0.9807467733096158,0,279
model,result_0931,0.01731594276307602,0.531300659161944,2,138
