background,bayreuth_000000_000221.png
split,train
model,result_0373,0.7605128887881352,0.721869030936243,-2,292
