background,wurzburg_000000_001245.png
split,train
model,result_0542,0.6205567544606488,0.8336154469831492,4,123
