background,heilbronn_000000_000519.png
split,train
model,result_0283,0.5760951423777587,0.6501931244077134,-1,208
model,result_0968,0.28132416293629814,0.25951257188136273,4,39
