background,weimar_000120_000019.png
split,train
model,result_1000,0.7212624011781574,0.7001242474468632,0,285
