background,dortmund_000000_000569.png
split,train
model,result_0981,0.9608537192115584,0.564136125651594,3,143
model,result_0527,0.6847523155140219,0.9482190827513453,-1,213
