background,dortmund_000000_001023.png
split,train
model,result_0882,0.8895261178011539,0.5813010407324307,-1,238
