background,heidelberg_000000_000481.png
split,train
model,result_0674,0.48423470463667606,0.730122715806458,-3,77
model,result_0146,0.80912742050342,0.7432145077092904,1,136
