background,nuremberg_000000_001260.png
split,train
model,result_0751,0.453351852952497,0.39391115187479264,0,283
model,result_0678,0.6599726533652626,0.7581159042755636,-4,16
model,result_0784,0.9894368109532062,0.6928605905533933,-3,99
