background,wurzburg_000000_001161.png
split,train
model,result_0751,0.07194132511700202,0.8344856449491743,-1,262
model,result_0678,0.2954277685689177,0.6227551992474801,4,170
model,result_0784,0.27482239968610145,0.46706033722437873,2,71
