background,dortmund_000000_000847.png
split,train
model,result_0146,0.4373075982540666,0.8489460889871542,-4,214
