background,wurzburg_000000_000459.png
split,train
model,result_0164,0.8711718993598249,0.34840512638912935,3,84
model,result_0440,0.7830106159083956,0.637159848607758,3,55
model,result_0484,0.5565188595825542,0.7297284787121003,1,298
