background,dortmund_000000_000190.png
split,train
model,result_0367,0.018426634555486543,0.9721303004458446,-4,83
model,result_0822,0.2790658638582978,0.7723527957412478,2,205
