background,muhlheim-ruhr_000000_000965.png
split,train
model,result_0163,0.8182715299272436,0.5427706400922581,3,153
model,result_0657,0.8888865197579029,0.8159543401217552,-4,324
model,result_0914,0.05956522979817225,0.25239024759233986,0,245
