background,duisburg_000000_000017.png
split,train
model,result_0784,0.4266042429563043,0.43597375193316434,2,207
model,result_0924,0.7428875060842153,0.6187941424507043,-1,208
