background,dresden_000000_000406.png
split,train
model,result_0510,0.6729546528467335,0.8481120204633297,2,92
