background,konstanz_000000_000359.png
split,train
model,result_0751,0.8352135344668904,0.8627414891843128,4,251
model,result_0678,0.19025201114139,0.9838653081473966,-3,330
model,result_0784,0.8195379710760323,0.6194691084769811,-3,238
