background,oberhausen_000000_000836.png
split,train
model,result_0657,0.9932065593038599,0.6714320396066638,-2,90
model,result_0914,0.8769307059102889,0.43517556713425815,-4,147
model,result_0193,0.5039597076683592,0.7675634927510105,1,104
