background,stuttgart_000073_000019.png
split,train
model,result_0775,0.5267540903311442,0.6428287690189334,0,40
model,result_0075,0.1286872665017924,0.4760186896844183,2,178
