background,oberhausen_000000_000855.png
split,train
model,result_0861,0.8836688393244587,0.6934461010207407,4,170
model,result_0882,0.010020773736724609,0.3148653835370717,-1,21
model,result_0467,0.47131287193696125,0.47602338838028146,-2,208
