background,saarbrucken_000000_000478.png
split,train
model,result_0602,0.06258180723471451,0.9460442288452,2,320
