background,duisburg_000000_000242.png
split,train
model,result_0602,0.09312370159981409,0.9311131180399217,4,120
