background,konstanz_000000_000454.png
split,train
model,result_0775,0.10307915192444461,0.8541339200542333,0,30
