background,karlsruhe_000000_000798.png
split,train
model,result_0388,0.17967010161597108,0.8364428986517045,-4,312
model,result_0499,0.08467419659965847,0.6509003463179739,1,272
