background,konstanz_000000_000949.png
split,train
model,result_0694,0.21380036788844203,0.5593998692804443,-2,117
model,result_0319,0.4713705750179056,0.8948168520372661,4,333
