background,nuremberg_000000_001015.png
split,train
model,result_0999,0.667711544376521,0.5461256704641848,1,359
model,result_0510,0.7629064976217619,0.8784157850121233,-1,73
model,result_0328,0.9967949426166234,0.9113865426308647,0,318
