background,augsburg_000000_000887.png
split,train
model,result_0784,0.33243392550736706,0.4712913872979625,0,242
