background,nuremberg_000000_001214.png
split,train
model,result_0510,0.16109249409917448,0.3438896449276775,-3,234
model,result_0328,0.3853383285470916,0.3617438270027841,3,163
