background,konstanz_000000_000254.png
split,train
model,result_0477,0.005891711459684923,0.37936473622633304,-3,58
model,result_0949,0.31109649018463403,0.8606063595949416,4,19
model,result_0324,0.15273186172819353,0.7020944103770625,3,95
