background,hamburg_000000_043944.png
split,train
model,result_0164,0.9508100156264127,0.3974173974279114,2,140
model,result_0440,0.30585807531257014,0.9229674493664817,4,231
