background,konstanz_000000_001289.png
split,train
model,result_0324,0.49812475421101565,0.984815200476386,-3,91
