background,augsburg_000000_000263.png
split,train
model,result_0931,0.1061084389485123,0.4111567524124566,3,112
