background,augsburg_000000_000845.png
split,train
model,result_0367,0.6579022003202958,0.4889013218301236,-4,83
model,result_0822,0.3422311779233548,0.5917245941068257,0,127
