background,karlsruhe_000000_000349.png
split,train
model,result_0295,0.6653829562179246,0.26663229917492104,-2,117
model,result_0127,0.6712193854732043,0.602879083992157,0,59
