background,bochum_000000_003005.png
split,train
model,result_0024,0.6963746640160495,0.7707990649701265,-4,350
model,result_0288,0.12860112556873426,0.9507673240358858,-3,247
model,result_0247,0.8081785280369583,0.35819244746254375,0,235
