background,dortmund_000000_000539.png
split,train
model,result_0632,0.18155781639837099,0.5799077645889557,-4,177
model,result_0357,0.5239233033613482,0.7992002635690333,-4,18
