background,muhlheim-ruhr_000000_001144.png
split,train
model,result_0051,0.6773674641707684,0.3825386034856057,-1,322
model,result_0739,0.8764777459190449,0.48000320468559454,-2,223
model,result_0960,0.4635851150261595,0.7596995409429237,-2,265
