background,muhlheim-ruhr_000000_000078.png
split,train
model,result_0075,0.23507471468418484,0.5886593703145255,0,321
