background,mannheim_000000_001144.png
split,train
model,result_0357,0.7149068374908996,0.710948519378574,-1,237
