background,wurzburg_000000_000638.png
split,train
model,result_0075,0.5001232038247028,0.841138744103504,-1,131
model,result_0992,0.8450294809871974,0.5319673873430574,-3,158
