background,dortmund_000000_000802.png
split,train
model,result_0969,0.23422809865944694,0.34984893526950256,1,106
model,result_0793,0.21791572808415527,0.4100759368809832,-2,122
model,result_0686,0.9531221421495899,0.2638906458351952,-4,208
