background,heidelberg_000000_000936.png
split,train
model,result_0061,0.5491912964911295,0.2767687596516237,4,190
model,result_0606,0.30225855438957516,0.9494052539103323,4,13
