background,muhlheim-ruhr_000000_000177.png
split,train
model,result_0557,0.4327932219601647,0.5315079883718754,2,6
