background,wuppertal_000000_000735.png
split,train
model,result_0484,0.2629343526947908,0.9465285485547272,-4,242
model,result_0861,0.29235270827485915,0.4974691351046884,-1,60
