background,nuremberg_000000_001362.png
split,train
model,result_0247,0.1322473301580488,0.32860455853881365,-3,78
model,result_0239,0.9207785881969043,0.25704746561672487,3,247
model,result_0051,0.2546080064006717,0.4820509355269245,2,155
