background,wuppertal_000000_000848.png
split,train
model,result_0191,0.2215417371154954,0.7809625504894371,-2,168
