background,wurzburg_000000_001455.png
split,train
model,result_0983,0.5008837548677532,0.6296793775366816,2,247
model,result_0996,0.5444067212179055,0.5481205926559003,-4,236
model,result_0266,0.09322884663003972,0.9532027923306094,-1,207
