background,tubingen_000102_000019.png
split,train
model,result_0239,0.7209649580506008,0.45813150042630535,-4,262
