background,bayreuth_000000_000490.png
split,train
model,result_0557,0.6843514683077458,0.9388376065093944,0,307
model,result_0544,0.04138169679336523,0.5134397562995943,1,64
