background,wuppertal_000000_000690.png
split,train
model,result_0968,0.6819124801995647,0.3869522758021837,-1,233
model,result_0847,0.2469744210522834,0.3842343565125974,4,56
