background,nuremberg_000000_000548.png
split,train
model,result_0394,0.07353976031117415,0.7568993614412699,0,275
model,result_0163,0.12705999555982628,0.7677631578711969,-1,190
