background,dortmund_000000_000726.png
split,train
model,result_0524,0.28974919387148046,0.8971550599631071,1,21
model,result_0199,0.3045851229133424,0.6817583775934389,-1,150
model,result_0060,0.43456396081742077,0.4550652980738613,-4,27
