background,oberhausen_000000_000085.png
split,train
model,result_0795,0.3356151900071953,0.892707387236754,-2,90
model,result_0388,0.6110349131121986,0.3699327386104311,0,99
model,result_0499,0.2131493200219028,0.688324227814907,0,239
