background,augsburg_000000_001206.png
split,train
model,result_0992,0.952201302919795,0.690322118281334,-2,80
