background,konstanz_000000_000163.png
split,train
model,result_0061,0.3776298829826753,0.3225264850549816,3,111
model,result_0606,0.2865201021063193,0.29677085065543574,-4,17
