background,wurzburg_000000_000979.png
split,train
model,result_0542,0.30387147553477845,0.45835700190913786,-2,255
