background,wurzburg_000000_001346.png
split,train
model,result_0979,0.6975506718588292,0.6987297438382505,2,258
model,result_0871,0.09742532202708254,0.43633234791675457,2,254
model,result_0878,0.5276121063823568,0.762261760014459,2,184
