background,augsburg_000000_000505.png
split,train
model,result_0784,0.8987883169427084,0.8001888718002044,2,322
model,result_0924,0.8770325509601686,0.7121079568473299,3,220
model,result_0866,0.6801879755481288,0.7674225290644,-3,37
