background,augsburg_000000_000519.png
split,train
model,result_0983,0.39582528703462605,0.7411504797156202,4,125
model,result_0996,0.03698326020268561,0.8069765820338282,-4,278
