background,schweinfurt_000000_000450.png
split,train
model,result_0866,0.31573183522963055,0.729500507620448,-4,183
