background,saarbrucken_000000_000364.png
split,train
model,result_0586,0.03870647964992102,0.5633499513180945,-4,274
model,result_0989,0.4612288839810549,0.5483156617777876,-2,40
model,result_0803,0.2051769610224765,0.7437943100079457,2,308
