background,wuppertal_000000_000743.png
split,train
model,result_0484,0.1595573304255984,0.6001415194220812,1,5
model,result_0861,0.11325147724371354,0.8817542792157926,0,63
