background,wuppertal_000000_000363.png
split,train
model,result_0332,0.5203688659662064,0.39121330669009424,0,124
model,result_0385,0.06987316034732727,0.46333789224360544,0,22
