background,dusseldorf_000161_000019.png
split,train
model,result_0373,0.6021241084528424,0.7363538690219025,-2,54
model,result_0191,0.9589040543340156,0.889250156454429,-3,24
