background,heidelberg_000000_000013.png
split,train
model,result_0389,0.12073645965687685,0.9404113100000403,-4,90
model,result_0164,0.08610548349040625,0.86243529235253,-2,346
