background,bayreuth_000000_000600.png
split,train
model,result_0981,0.835059142532587,0.5572600444000855,-2,83
