background,augsburg_000000_000802.png
split,train
model,result_0332,0.6731797884881331,0.9788829300420389,1,336
model,result_0385,0.3242480209231,0.9747017881547444,3,222
model,result_0991,0.9006011682405508,0.7998751112805456,-4,98
