background,muhlheim-ruhr_000000_000095.png
split,train
model,result_0328,0.8421308232358523,0.764264283789383,1,273
model,result_0879,0.749327248400881,0.6324121239074715,-4,201
model,result_0542,0.6492259618130639,0.8194099050531839,0,240
