background,dortmund_000000_000791.png
split,train
model,result_0218,0.2544439179049315,0.2638929836033861,-4,14
model,result_0694,0.8978170565925363,0.3778028530616157,-3,338
model,result_0319,0.16127611127544994,0.9623919296660103,4,228
