background,bayreuth_000000_000015.png
split,train
model,result_0022,0.31287547683690564,0.9187916962174532,-2,334
model,result_0061,0.3484840999230723,0.3242956497111986,0,356
model,result_0606,0.6814164611764197,0.3420258949516922,-4,351
