background,wurzburg_000000_000913.png
split,train
model,result_0861,0.08292258305792055,0.3273759359594091,-1,158
model,result_0882,0.02712871653887039,0.8936344477532457,2,62
