background,jena_000069_000019.png
split,train
model,result_0751,0.5128140793963036,0.4835000327077423,-4,300
model,result_0678,0.8326104655167567,0.512361591070006,-3,223
model,result_0784,0.33710998147709936,0.4405085867316766,2,268
