background,dortmund_000000_000485.png
split,train
model,result_0784,0.14894414905649123,0.9867558908977746,4,246
model,result_0924,0.3514701884465441,0.38634775383788,-3,247
