background,wuppertal_000000_000247.png
split,train
model,result_0775,0.46818094793837206,0.7562875262121072,-2,284
model,result_0075,0.7192338302092506,0.4824259573013952,-3,221
