background,bayreuth_000000_000463.png
split,train
model,result_0795,0.019201195571943885,0.7417277461082293,1,23
model,result_0388,0.16877617041346005,0.9487029441541034,2,354
