background,mannheim_000000_000079.png
split,train
model,result_0562,0.4303842292792126,0.3802871060207367,-3,178
