background,frankfurt_000001_008200.png
split,train
model,result_0694,0.9187687894949644,0.9083077366443463,-4,196
