background,augsburg_000000_001089.png
split,train
model,result_0199,0.24508053862294765,0.9072049383421464,-3,292
