background,dortmund_000000_000620.png
split,train
model,result_0199,0.18509027126015254,0.7451227885860767,-2,18
model,result_0060,0.4904241590066185,0.33784182871661306,-2,33
model,result_0080,0.9664962325028323,0.570425130815617,3,310
