background,wurzburg_000000_000417.png
split,train
model,result_0857,0.5219588541704314,0.7225264488883056,-1,60
model,result_0795,0.10468033504691021,0.33453014580652063,4,238
model,result_0388,0.4459873374640817,0.9511800709559599,2,332
