background,mannheim_000000_000800.png
split,train
model,result_0367,0.4928870564647335,0.6411876557702203,3,196
model,result_0822,0.7426852255257692,0.48785461679376485,-3,54
model,result_0855,0.21403976954468562,0.54216249624564,1,49
