background,karlsruhe_000000_000575.png
split,train
model,result_0510,0.6854243023270861,0.3725822177498093,-1,305
