background,karlsruhe_000000_001112.png
split,train
model,result_0803,0.7367965107852695,0.4126546348977561,3,251
model,result_0192,0.6036894270899672,0.5152076126790096,-1,172
model,result_0218,0.16381036282789208,0.4852202817602399,2,122
