background,augsburg_000000_001380.png
split,train
model,result_0039,0.03259219533456892,0.4474520770619058,1,194
