background,bayreuth_000000_000317.png
split,train
model,result_0394,0.3618679547979772,0.6106902581046137,0,31
model,result_0163,0.1290492323513066,0.9640672867331376,0,137
