background,augsburg_000000_001092.png
split,train
model,result_0945,0.6864841531690008,0.7840253846228805,-1,150
model,result_0612,0.5139279148807384,0.7621232019492556,1,178
