background,weimar_000047_000019.png
split,train
model,result_0686,0.01783075947701518,0.8236923894052747,-2,139
