background,konstanz_000000_000141.png
split,train
model,result_0879,0.8671295645658705,0.6337271988402003,2,125
