background,bayreuth_000000_000240.png
split,train
model,result_0154,0.7954699508132939,0.8129257955504734,2,241
model,result_0562,0.11141300081987127,0.7625996094310489,-1,248
