background,wuppertal_000000_000160.png
split,train
model,result_0477,0.3082590759892384,0.8555395288767758,4,91
model,result_0949,0.634004648359959,0.407118378602656,0,192
model,result_0324,0.6674360044952176,0.2603381369943434,-1,62
