background,dresden_000000_000224.png
split,train
model,result_0879,0.46042527953453405,0.2950308432022474,4,294
model,result_0542,0.3118694715991964,0.6455425710722529,3,36
model,result_0674,0.19188028842999294,0.48376775498766034,0,107
