background,nuremberg_000000_001061.png
split,train
model,result_0060,0.8506452735399519,0.9076185901321521,1,191
model,result_0080,0.4795259644112906,0.511399851988969,2,134
model,result_0857,0.7761896279783129,0.7096803653522807,-1,144
