background,dortmund_000000_000387.png
split,train
model,result_0562,0.49745085018840973,0.280245832330294,-2,297
model,result_0215,0.1470773593717638,0.7655565532766389,3,341
