background,troisdorf_000000_000129.png
split,train
model,result_0686,0.15819921690593375,0.9051229669629115,3,224
