background,mannheim_000000_000695.png
split,train
model,result_0949,0.8404394871490617,0.6284990612675198,2,135
model,result_0324,0.5508767305707674,0.498858834860039,-2,12
model,result_0173,0.4076401607245179,0.29096815607114485,-4,159
