background,muhlheim-ruhr_000000_000671.png
split,train
model,result_0440,0.34260003739459743,0.9782677540112218,-3,86
