background,wuppertal_000000_000021.png
split,train
model,result_0164,0.7886783432566649,0.8211277338306194,3,178
model,result_0440,0.5555482375566512,0.3747391120832221,-3,40
