background,augsburg_000000_000065.png
split,train
model,result_0024,0.6194379219288514,0.28733327686580695,-2,146
