background,hamburg_000000_011641.png
split,train
model,result_0332,0.4282783201004191,0.7828582906148227,2,241
