background,duisburg_000000_000248.png
split,train
model,result_0739,0.11097490560247647,0.2550243690655415,-3,345
model,result_0960,0.8095611468099628,0.6406117900579809,1,244
