background,munster_000128_000019.png
split,train
model,result_0931,0.6217878924491766,0.5128001794644858,1,186
