background,dortmund_000000_000377.png
split,train
model,result_0983,0.030981288185317757,0.6344821949235133,-4,26
