background,freiburg_000000_000475.png
split,train
model,result_0969,0.02979792511990642,0.7996082374961965,-4,150
model,result_0793,0.4199328199334371,0.5110656555037207,1,341
model,result_0686,0.6930543726654727,0.7082373764566757,1,32
