background,augsburg_000000_001225.png
split,train
model,result_0199,0.8071884569888903,0.33517918229146093,-1,21
model,result_0060,0.1903043836948738,0.28304213489165525,0,172
model,result_0080,0.15870931418111045,0.556657708959936,2,193
