background,muhlheim-ruhr_000000_000125.png
split,train
model,result_0861,0.6315953997766666,0.3480747614404224,2,140
model,result_0882,0.4484536964282626,0.8911605051592801,4,304
