background,freiburg_000000_000496.png
split,train
model,result_0960,0.5332412462680043,0.3923431071187431,3,111
