background,augsburg_000000_000891.png
split,train
model,result_0386,0.678672904598185,0.258292863955028,-4,230
