background,mannheim_000000_000036.png
split,train
model,result_0524,0.5843707532157909,0.32589060196595665,-2,24
