background,muhlheim-ruhr_000000_000707.png
split,train
model,result_0319,0.14021937204365664,0.362321260296539,-2,353
model,result_0477,0.4115111883094219,0.47627293838069884,-2,68
model,result_0949,0.4739644445762874,0.4508457180020602,-4,155
