background,dortmund_000000_000833.png
split,train
model,result_0283,0.3914005040869325,0.5843156783084095,2,167
model,result_0968,0.8763991974269629,0.5569692670342472,-1,319
