background,bayreuth_000000_000779.png
split,train
model,result_0173,0.33537067411728094,0.626889472417042,1,220
model,result_0751,0.4103043306626114,0.7795244165613627,-1,77
model,result_0678,0.7033066322214475,0.7387409907975422,-4,225
