background,karlsruhe_000000_000806.png
split,train
model,result_0562,0.6032813100602964,0.7726154669923491,1,111
model,result_0215,0.7832770652646658,0.6910017942168931,2,246
model,result_0332,0.2239118161200988,0.7624220074996617,0,279
