background,augsburg_000000_000181.png
split,train
model,result_0949,0.23509667103663434,0.787513379914051,-1,106
model,result_0324,0.07259910896295119,0.7349380671329653,-1,3
model,result_0173,0.3671181940609646,0.280886778145939,3,294
