background,oberhausen_000000_000718.png
split,train
model,result_0288,0.043472252879156015,0.4664881484836322,-4,316
model,result_0247,0.21445380775140466,0.6700153061695846,3,217
