background,duisburg_000000_000098.png
split,train
model,result_0367,0.39546562961357357,0.3606760892897949,-4,165
model,result_0822,0.26922640812360765,0.8430417181476699,-1,216
model,result_0855,0.9530920259694283,0.847360199295044,4,256
