background,heilbronn_000000_000630.png
split,train
model,result_0367,0.30353909670688883,0.5472378547844677,3,93
model,result_0822,0.18792984870108786,0.7802074125170733,1,157
model,result_0855,0.5092003200347435,0.915100756331046,-1,189
