background,oberhausen_000000_000117.png
split,train
model,result_0193,0.4763735926646837,0.9746757652482582,-4,298
