background,freiburg_000000_000635.png
split,train
model,result_0338,0.7531778431295972,0.49162856480437533,-3,327
model,result_0557,0.6413732306006904,0.8572980206320504,1,35
