background,wuppertal_000000_000213.png
split,train
model,result_0022,0.2678908001900422,0.5371685877622911,1,150
