background,augsburg_000000_000989.png
split,train
model,result_0847,0.4920462651733827,0.41400906351436545,1,40
model,result_0646,0.22321981064937546,0.8575994430816246,-1,75
model,result_0586,0.9463247794273605,0.9508051112538565,-4,207
