background,saarbrucken_000000_000524.png
split,train
model,result_0288,0.3372664559068348,0.9969125704458003,2,176
