background,augsburg_000000_001222.png
split,train
model,result_0154,0.41278367756198886,0.27276616494468076,2,336
model,result_0562,0.5305854417350756,0.45182759147109863,4,317
model,result_0215,0.2704124290573403,0.3417223196516073,3,254
