background,bayreuth_000000_000213.png
split,train
model,result_0075,0.06481893706818576,0.3787304502742105,2,163
model,result_0992,0.2104858937398728,0.6325075171718915,-2,120
model,result_0394,0.4076794124014672,0.46261314027575173,1,331
