background,schweinfurt_000000_000551.png
split,train
model,result_0484,0.8004269848186151,0.27598491296733707,-2,342
model,result_0861,0.5778273470286803,0.46197885606464395,0,161
model,result_0882,0.8659196917918668,0.5308465400665479,-2,133
