background,konstanz_000000_000804.png
split,train
model,result_0999,0.182202360990254,0.3907959225892886,2,270
