background,mannheim_000000_000905.png
split,train
model,result_0914,0.5635257344667194,0.6669266709834253,-2,14
model,result_0193,0.969266091594233,0.2706562096278601,4,121
model,result_0036,0.8651956436072927,0.32131081387805405,-3,268
