background,karlsruhe_000000_000613.png
split,train
model,result_0612,0.3089634763688389,0.9922853558410342,3,27
