background,strasbourg_000000_035571.png
split,train
model,result_0586,0.12057732865734727,0.6340748239737275,3,294
