background,konstanz_000000_001339.png
split,train
model,result_0805,0.7312222122852076,0.5977443770171132,1,181
model,result_0039,0.8743319137947604,0.5318397949157035,-2,327
