background,konstanz_000000_001243.png
split,train
model,result_0871,0.7997546767438494,0.35951135520140143,-4,75
