background,wurzburg_000000_000341.png
split,train
model,result_0562,0.2803448979488844,0.25126018071789025,3,344
model,result_0215,0.4232761011540176,0.9939291343487964,-2,354
