background,konstanz_000000_001262.png
split,train
model,result_0467,0.49360729709466955,0.6059004198447757,4,271
model,result_0154,0.7370635259619274,0.8068038419613017,-3,246
