background,schweinfurt_000000_000387.png
split,train
model,result_0999,0.2356152421055424,0.3043653746657172,3,126
model,result_0510,0.3961673039786089,0.8023460904215314,-1,204
