background,bayreuth_000000_000533.png
split,train
model,result_0847,0.7657511150780926,0.4803253794047697,1,312
model,result_0646,0.1814673027759809,0.8508303423646502,-3,283
