background,schweinfurt_000000_000597.png
split,train
model,result_0969,0.1128485523412297,0.8646680717988159,4,351
model,result_0793,0.1691679276222401,0.856402411598908,0,219
model,result_0686,0.3348307853143998,0.9052336365073741,-2,221
