background,schweinfurt_000000_000046.png
split,train
model,result_0678,0.9439958492814591,0.34953260285865784,4,259
model,result_0784,0.31312530146505935,0.5842523042751353,-2,287
