background,bremen_000166_000019.png
split,train
model,result_0795,0.11479203572861396,0.3491659742135379,0,165
model,result_0388,0.8986925208995233,0.673518096784194,-4,9
