background,muhlheim-ruhr_000000_001202.png
split,train
model,result_0146,0.9332317499573628,0.7774785990221357,-4,240
