background,konstanz_000000_000485.png
split,train
model,result_0979,0.14476496917160953,0.4482925353283993,2,87
model,result_0871,0.043978527113303634,0.4535938097196993,2,143
model,result_0878,0.499238992002923,0.3155907316763128,-3,178
