background,dresden_000000_000153.png
split,train
model,result_0173,0.7173165798407426,0.36556256196836195,-2,58
model,result_0751,0.796841240526432,0.8410523961457854,1,246
model,result_0678,0.04862033224437634,0.3943526914951162,1,75
