background,duisburg_000000_000116.png
split,train
model,result_0739,0.20806606425067242,0.6455230129393397,-2,84
