background,freiburg_000000_000657.png
split,train
model,result_0844,0.9343363031479481,0.39944676441619015,-1,276
