background,duisburg_000000_000761.png
split,train
model,result_0338,0.3000859219872677,0.2712874973844174,-4,63
model,result_0557,0.07537888237424373,0.6754627791838391,-3,88
model,result_0544,0.3165115231217659,0.9095211702453696,0,75
