background,dresden_000000_000228.png
split,train
model,result_0192,0.13577373226688294,0.9393523414811793,3,251
