background,heidelberg_000000_000544.png
split,train
model,result_0266,0.5911759315035414,0.3493328527131242,4,224
