background,bamberg_000000_000090.png
split,train
model,result_0862,0.6578371129343897,0.7709665064182625,-4,123
