background,schweinfurt_000000_000641.png
split,train
model,result_0586,0.1515999726296382,0.6167184165357931,0,80
model,result_0989,0.14072872108014067,0.4455822717876917,-1,75
model,result_0803,0.8314102173485569,0.9815570162802381,2,114
