background,freiburg_000000_000785.png
split,train
model,result_0739,0.6886722380422416,0.8875199814144793,4,128
model,result_0960,0.3384038340843484,0.9475160099547546,0,248
