background,muhlheim-ruhr_000000_001087.png
split,train
model,result_0879,0.9665028081223281,0.5971072084880763,-4,352
model,result_0542,0.5885086202424948,0.8094168354831649,-1,256
model,result_0674,0.45750819520837904,0.9694846774750754,4,45
