background,schweinfurt_000000_000093.png
split,train
model,result_0338,0.6632476990908945,0.6352759712321231,4,191
model,result_0557,0.3754134457220083,0.7549465037161781,2,97
