background,heilbronn_000000_000163.png
split,train
model,result_0266,0.7597086618806107,0.8562695590894511,0,16
