background,wurzburg_000000_000414.png
split,train
model,result_0969,0.19129927850965944,0.8448556028006641,2,147
model,result_0793,0.797958257384744,0.9989721575636128,-2,4
