background,dresden_000000_000252.png
split,train
model,result_0793,0.23937568087119143,0.5509691688074121,4,248
model,result_0686,0.7372546991531225,0.7065288020374414,-1,355
