background,heidelberg_000000_001146.png
split,train
model,result_0968,0.584407712015548,0.3147590780233617,2,355
model,result_0847,0.10997053643255317,0.9987529831044617,-2,333
model,result_0646,0.8976090465977865,0.3057672111054437,-2,104
