background,bamberg_000000_000302.png
split,train
model,result_0646,0.6262954605554458,0.46677310124817584,-1,138
model,result_0586,0.6257480318370626,0.5921325186886152,2,331
model,result_0989,0.859023612402181,0.48881157249357166,2,249
