background,wurzburg_000000_000290.png
split,train
model,result_0979,0.1039174409083774,0.8618197831711015,1,122
model,result_0871,0.31859547405569333,0.9096664243672093,-3,52
model,result_0878,0.7133539506241283,0.4921752263124535,4,260
