background,nuremberg_000000_000716.png
split,train
model,result_0674,0.7125725217655133,0.40863637759509086,1,162
