background,heidelberg_000000_000705.png
split,train
model,result_0440,0.5963666616206715,0.6526549866548839,0,119
model,result_0484,0.1398380692654183,0.4236279207224103,4,32
model,result_0861,0.67189829570645,0.9240326265976919,0,21
