background,nuremberg_000000_000480.png
split,train
model,result_0192,0.9891691758402754,0.9943721338093481,1,201
