background,bayreuth_000000_000842.png
split,train
model,result_0968,0.07158437991027855,0.8043737708354369,4,255
model,result_0847,0.40770790642151034,0.9866207566692925,3,129
model,result_0646,0.974438972536295,0.4308175729906004,1,186
