background,mannheim_000000_001164.png
split,train
model,result_0979,0.9236046855050295,0.6268031047126323,-4,1
