background,augsburg_000000_001405.png
split,train
model,result_0022,0.4732820834940148,0.6776606519223567,-1,309
model,result_0061,0.9469564207505063,0.28846293954447555,1,268
