background,muhlheim-ruhr_000000_000648.png
split,train
model,result_0199,0.7820788945225976,0.9975995423100716,-1,138
model,result_0060,0.9954931671296406,0.4136617682456697,1,188
