background,bamberg_000000_000016.png
split,train
model,result_0862,0.09587353618474304,0.6892833289989639,-4,181
model,result_0524,0.437231203858505,0.7231039232578309,-2,221
