background,karlsruhe_000000_000270.png
split,train
model,result_0024,0.10040790840862368,0.496684435775636,-3,112
