background,dortmund_000000_000036.png
split,train
model,result_0857,0.08156436883199802,0.8917351185843115,-3,248
