background,augsburg_000000_000867.png
split,train
model,result_0247,0.5858512478892237,0.6636298663016761,0,311
