background,bad-honnef_000000_000031.png
split,train
model,result_0803,0.2625850514014004,0.309829223389401,2,143
model,result_0192,0.22724531936472792,0.7493656664371937,-4,154
