background,muhlheim-ruhr_000000_000743.png
split,train
model,result_0544,0.3810642311515353,0.3995545147705551,1,252
model,result_0999,0.7558635978212239,0.3374280314205939,4,164
model,result_0510,0.41817779547976164,0.6308451489949835,-4,205
