background,oberhausen_000000_000091.png
split,train
model,result_0324,0.9831330762469432,0.7928655599686285,4,83
model,result_0173,0.5862045957947843,0.5504596321027699,-4,309
model,result_0751,0.903189297185817,0.4726247490871623,-4,68
