background,augsburg_000000_000700.png
split,train
model,result_0914,0.5368244183669098,0.35577614002167307,-3,139
model,result_0193,0.6118405246545702,0.6289082265449004,-4,303
model,result_0036,0.05276103471080695,0.9374722886795998,4,304
