background,schweinfurt_000000_000022.png
split,train
model,result_0266,0.8809406811841229,0.2784134174931181,0,204
