background,augsburg_000000_001086.png
split,train
model,result_0855,0.07844239498808658,0.47396877738855986,2,19
