background,muhlheim-ruhr_000000_000225.png
split,train
model,result_0247,0.5593559543993956,0.7558508003165141,4,51
model,result_0239,0.7039584469183665,0.31198895454981024,-3,68
