background,oberhausen_000000_000556.png
split,train
model,result_0239,0.8275237988432794,0.7083149995545769,-3,257
model,result_0051,0.883961057902817,0.9075589296306713,-1,253
