background,konstanz_000000_000206.png
split,train
model,result_0969,0.9738596958401388,0.3765218044306544,-3,144
model,result_0793,0.33743966629670363,0.31536037253732685,1,69
model,result_0686,0.22553072597530954,0.4647900192996661,-4,61
