background,strasbourg_000001_036937.png
split,train
model,result_0357,0.1321730536467235,0.8189670563881956,3,60
model,result_0046,0.39662221297456746,0.43885973635214587,-3,116
