background,mannheim_000000_000993.png
split,train
model,result_0004,0.586212854127138,0.4827561789667711,-2,288
model,result_0931,0.7644505300687949,0.8647076367372231,-4,187
