background,dusseldorf_000034_000019.png
split,train
model,result_0795,0.9631183837552186,0.27760660875341964,-3,114
model,result_0388,0.7984636851083484,0.5405997525745421,-2,283
