background,augsburg_000000_001112.png
split,train
model,result_0477,0.5865889265881921,0.6183987860441593,2,141
model,result_0949,0.2797763769716787,0.8598369943868531,2,284
model,result_0324,0.9177843637745342,0.538067178069906,2,271
