background,freiburg_000000_000210.png
split,train
model,result_0775,0.083402002958192,0.31181104848031493,-3,244
