background,heidelberg_000000_000449.png
split,train
model,result_0632,0.5761290275313034,0.42047345483053256,1,286
