background,heilbronn_000000_000001.png
split,train
model,result_0524,0.5886054341890129,0.7091691719534075,-1,182
model,result_0199,0.8465120780251655,0.632602081298004,2,151
