background,karlsruhe_000000_000685.png
split,train
model,result_0739,0.37287572839974104,0.5091734482336648,-3,4
model,result_0960,0.06464331034644477,0.7628635656239224,3,262
model,result_0632,0.67711120323719,0.37325028958864465,0,244
