background,bamberg_000000_000184.png
split,train
model,result_0999,0.6775867822947136,0.3027185215165843,-2,356
model,result_0510,0.05023030662288086,0.565839400185416,2,219
