background,freiburg_000000_000088.png
split,train
model,result_0295,0.11876639997904315,0.8324676472787116,1,305
model,result_0127,0.3204412208074746,0.737634318210149,1,133
