background,dresden_000000_000387.png
split,train
model,result_0192,0.6914867108580157,0.6133438538079841,-3,322
