background,schweinfurt_000000_000042.png
split,train
model,result_0324,0.9200990494061944,0.3036485265813258,-2,167
model,result_0173,0.9751626914967344,0.7346439840269096,2,211
