background,frankfurt_000001_032711.png
split,train
model,result_1000,0.19556114082352705,0.832064204673013,1,61
model,result_0367,0.38331184542265995,0.4588987886009837,-4,331
