background,konstanz_000000_001312.png
split,train
model,result_0477,0.7360989486964483,0.3922310213496868,0,175
