background,konstanz_000000_000123.png
split,train
model,result_0542,0.5821782068080732,0.8189600648251688,4,83
model,result_0674,0.8787311641170141,0.4137161140982759,0,237
