background,weimar_000141_000019.png
split,train
model,result_0844,0.3946471307120545,0.48296479636081935,-1,355
