background,heidelberg_000000_000530.png
split,train
model,result_0862,0.8170195965633672,0.9916193738523343,2,350
model,result_0524,0.47989053669278803,0.9954284183508508,3,30
model,result_0199,0.006615232873001142,0.8217574557922419,-4,253
