background,augsburg_000000_001165.png
split,train
model,result_0338,0.7283660266168749,0.4203654427356349,-3,84
