background,karlsruhe_000000_000658.png
split,train
model,result_0674,0.6727009445403892,0.3948010264875368,-3,239
model,result_0146,0.3008373344122266,0.9543813488892127,0,265
