background,oberhausen_000000_000536.png
split,train
model,result_0857,0.24204346573781166,0.3928112902193528,-3,180
