background,heidelberg_000000_001178.png
split,train
model,result_0215,0.507633069710021,0.5373491731985078,3,311
model,result_0332,0.7359744238758629,0.8596311664687435,2,118
model,result_0385,0.20437815356029443,0.2749367330748476,3,53
