background,duisburg_000000_000747.png
split,train
model,result_0844,0.903560391309408,0.7681711235392299,3,295
