background,freiburg_000000_000139.png
split,train
model,result_0266,0.02646405999208934,0.6054823057532244,4,211
model,result_0862,0.9182453292945915,0.5853756964300246,-1,213
