background,karlsruhe_000000_000927.png
split,train
model,result_0082,0.665846745658877,0.43907894093247624,0,169
