background,schweinfurt_000000_000342.png
split,train
model,result_0784,0.4874811771327052,0.6413242477039833,3,88
model,result_0924,0.8570710923856326,0.8445052487846936,2,120
