background,bayreuth_000000_000453.png
split,train
model,result_0861,0.6928180635419413,0.527237910750695,-3,102
