background,muhlheim-ruhr_000000_001045.png
split,train
model,result_0979,0.4829558496226821,0.6610684840686507,-4,255
model,result_0871,0.3237289991043103,0.921644572250739,4,87
