background,wurzburg_000000_000384.png
split,train
model,result_0989,0.674897454924313,0.4852666559307617,-1,52
