background,nuremberg_000000_000721.png
split,train
model,result_0510,0.9008305919597132,0.7691945332122473,1,223
model,result_0328,0.08939851557418921,0.5357197568347317,3,141
