background,bayreuth_000000_000417.png
split,train
model,result_0266,0.7722393180888857,0.5336650682762447,2,167
model,result_0862,0.8562584642565728,0.6386330118443994,3,57
