background,wuppertal_000000_000763.png
split,train
model,result_0999,0.8138094849953055,0.42233039080887164,2,131
model,result_0510,0.6648324354662577,0.6177122233230289,4,155
model,result_0328,0.13425933607229823,0.3973433039243943,2,253
