background,muhlheim-ruhr_000000_000863.png
split,train
model,result_0557,0.3676193501880781,0.6785493661113736,3,232
