background,dortmund_000000_000241.png
split,train
model,result_0586,0.36035420290197895,0.6594906907377376,-4,1
model,result_0989,0.42908704732488934,0.31513424346862834,3,247
model,result_0803,0.2933207158597928,0.5584592750141915,2,71
