background,nuremberg_000000_000083.png
split,train
model,result_0215,0.1917248269345262,0.9602604638668719,-3,90
model,result_0332,0.08555277767085545,0.9837750608100498,-1,334
model,result_0385,0.8724609732481428,0.34139783011449254,3,185
