background,heilbronn_000000_000315.png
split,train
model,result_0602,0.9017985625075462,0.8351514518542045,3,167
model,result_0024,0.13418402938527918,0.3034499907951234,-3,249
model,result_0288,0.5600870662730413,0.6741696777482358,-4,352
