background,heidelberg_000000_000218.png
split,train
model,result_0857,0.028805131512199322,0.7174229489202536,-4,91
