background,dortmund_000000_001088.png
split,train
model,result_0981,0.6089580030032331,0.9350699071025739,-3,72
model,result_0527,0.7200931559382308,0.9915592491908566,1,148
