background,heilbronn_000000_000361.png
split,train
model,result_0866,0.4127927120471896,0.8385957970322532,1,159
model,result_0983,0.15372442015158527,0.8907431783917046,-4,13
