background,duisburg_000000_000371.png
split,train
model,result_0199,0.38327222888971757,0.4289367164884231,-4,327
model,result_0060,0.35163367219188735,0.4065161290633953,3,14
