background,konstanz_000000_001291.png
split,train
model,result_0154,0.19869006774028686,0.5103128876532846,1,129
