background,karlsruhe_000000_000269.png
split,train
model,result_0857,0.6407434889530369,0.44952343955119617,1,316
model,result_0795,0.9631383374316321,0.5332739042057191,0,212
model,result_0388,0.6705488988824814,0.571710036922646,-1,172
