background,dortmund_000000_001088.png
split,train
model,result_0163,0.09770647739219751,0.4682358991571947,2,342
model,result_0657,0.9063711607687831,0.4454156400725108,0,198
model,result_0914,0.9171671791154025,0.953345324802117,-2,6
