background,konstanz_000000_000424.png
split,train
model,result_0499,0.6576926436092511,0.7781299357776871,-1,347
