background,oberhausen_000000_000184.png
split,train
model,result_0968,0.25043808201456663,0.8013639221710261,3,73
model,result_0847,0.011850296534645643,0.9088627570597954,-4,163
model,result_0646,0.2554861597852093,0.8107107961009468,-2,187
