background,dortmund_000000_000549.png
split,train
model,result_0154,0.6959579601884611,0.30956207047461926,3,101
model,result_0562,0.6308175864684845,0.39847891288297677,-1,190
model,result_0215,0.9707703942725876,0.7831190384735927,4,113
