background,wuppertal_000000_000926.png
split,train
model,result_0215,0.3528572427318011,0.9282411619135329,0,188
model,result_0332,0.28810494891055227,0.8404705938665737,-4,33
