background,freiburg_000000_000781.png
split,train
model,result_0557,0.905023777515664,0.46884022888917964,-2,288
