background,bremen_000203_000019.png
split,train
model,result_0061,0.15649791518300304,0.4463460395359927,2,176
model,result_0606,0.91996202874691,0.4280034937202493,-3,292
