background,augsburg_000000_000501.png
split,train
model,result_0979,0.4127224026824865,0.5760074078851092,3,170
model,result_0871,0.0667423094600289,0.296524940201207,-4,336
model,result_0878,0.5890941127540754,0.336097907632662,3,187
