background,heilbronn_000000_000316.png
split,train
model,result_0562,0.714153690064247,0.27979127106742974,4,55
model,result_0215,0.4348569719449463,0.44022422826169605,0,283
model,result_0332,0.0018102599014019338,0.45305543995762765,0,349
