background,nuremberg_000000_000814.png
split,train
model,result_0751,0.016125169553204532,0.8741665270758788,-1,25
model,result_0678,0.27988308213061297,0.7457411597397183,0,78
model,result_0784,0.39130205598029355,0.3503039894096772,-1,75
