background,oberhausen_000000_000400.png
split,train
model,result_0440,0.9041288010452385,0.5481936061142318,3,285
model,result_0484,0.6548845727037507,0.9364994434345295,3,20
