background,wurzburg_000000_001052.png
split,train
model,result_0784,0.4293092577751887,0.4048058742658409,-3,244
