background,monchengladbach_000000_026602.png
split,train
model,result_0510,0.8746677741373096,0.5037545938129331,1,98
