background,duisburg_000000_000798.png
split,train
model,result_0127,0.4101676334086163,0.36476254817923254,-4,115
