background,wuppertal_000000_000570.png
split,train
model,result_0082,0.34403859755753985,0.7437371152057436,-4,182
model,result_0945,0.3801926054063791,0.6690863571528121,-1,306
model,result_0612,0.891805768506269,0.27782361781767567,1,213
