background,karlsruhe_000000_000626.png
split,train
model,result_0510,0.7202103143111294,0.7259298682859057,-4,244
model,result_0328,0.30501604586721087,0.4687172278935951,-4,180
