background,heilbronn_000000_000326.png
split,train
model,result_0024,0.2574319547148769,0.42945115500622405,4,183
model,result_0288,0.8680400814655261,0.8463632737060528,2,53
model,result_0247,0.38004998198147677,0.664404060901401,1,296
