background,bamberg_000000_000317.png
split,train
model,result_0192,0.18404609167882213,0.4209365545545828,2,142
