background,karlsruhe_000000_000367.png
split,train
model,result_0440,0.5058249168468589,0.7745954686509112,-1,58
