background,muhlheim-ruhr_000000_000654.png
split,train
model,result_0960,0.6617771729283356,0.8551462351676682,3,97
model,result_0632,0.46483556415568306,0.3528468480044732,1,303
model,result_0357,0.38628047651689634,0.3282027085092949,1,244
