background,muhlheim-ruhr_000000_000853.png
split,train
model,result_0484,0.20108210226031709,0.44910820831027654,1,205
model,result_0861,0.8862724376882606,0.367711301686766,2,183
