background,lindau_000055_000019.png
split,train
model,result_0004,0.6908722663825663,0.6941293788314798,4,252
model,result_0931,0.8742063477561572,0.991883218769871,-3,219
