background,hanover_000000_019282.png
split,train
model,result_0388,0.4734739629975605,0.8909371758682423,-3,66
model,result_0499,0.3711004083595043,0.8631208941497723,0,143
