background,heidelberg_000000_000882.png
split,train
model,result_0082,0.7828234860619473,0.8796089305559223,3,315
model,result_0945,0.9090462875930622,0.7633409933459514,0,266
model,result_0612,0.9588262131376615,0.7308048586546022,1,290
