background,muhlheim-ruhr_000000_000047.png
split,train
model,result_0602,0.17592685758948545,0.9427427819260831,4,19
model,result_0024,0.7065472844708642,0.4046959458236109,2,170
