background,schweinfurt_000000_000261.png
split,train
model,result_0239,0.6936880705584936,0.4556962004760527,-1,334
