background,heidelberg_000000_001119.png
split,train
model,result_0557,0.15300279951307827,0.972950641548723,3,65
