background,konstanz_000000_001197.png
split,train
model,result_0557,0.3897781968492763,0.42316476064162145,3,85
