background,erlangen_000000_000232.png
split,train
model,result_0562,0.3637380423708386,0.8213678076580773,-2,28
model,result_0215,0.6951315905918317,0.4280713320492454,1,187
model,result_0332,0.7088727171363703,0.5000287859699366,2,36
