background,schweinfurt_000000_000575.png
split,train
model,result_0080,0.1328563442034435,0.516785382749707,-1,283
