background,muhlheim-ruhr_000000_000711.png
split,train
model,result_0544,0.04576863512842699,0.9644978357350352,-2,246
