background,wurzburg_000000_001115.png
split,train
model,result_0544,0.6655059321067365,0.499816846266636,-3,248
model,result_0999,0.8222627426705394,0.48287113665231923,-1,308
