background,wuppertal_000000_000925.png
split,train
model,result_0193,0.09001543267503964,0.6191245871543403,-1,303
model,result_0036,0.72276556741861,0.5339100263940073,-4,9
