background,freiburg_000000_000736.png
split,train
model,result_0039,0.7119256571725593,0.4769465393597849,3,10
model,result_0386,0.09177607271834975,0.38028869596282644,3,320
model,result_0979,0.8651061517537666,0.3805452776828997,3,8
