background,heilbronn_000000_000593.png
split,train
model,result_0239,0.7522201280236404,0.7310615173367003,0,52
