background,nuremberg_000000_000549.png
split,train
model,result_0193,0.697708769617095,0.3904953733850069,4,98
