background,duisburg_000000_000122.png
split,train
model,result_0080,0.8661949139780826,0.6656380237441272,-4,349
model,result_0857,0.6572283711702136,0.3980215989543643,-4,356
model,result_0795,0.5889159283058947,0.9612924124016067,-1,231
