background,heidelberg_000000_000338.png
split,train
model,result_0288,0.9903688136604418,0.5513761968068845,2,233
