background,wuppertal_000000_000794.png
split,train
model,result_0844,0.04586552014097689,0.31539814205937333,0,350
model,result_0995,0.7492339079697483,0.7156852546306799,-2,322
model,result_0969,0.267094608108313,0.7073762448358415,4,154
