background,heidelberg_000000_000175.png
split,train
model,result_0739,0.9317162671027125,0.6277820570496296,3,267
model,result_0960,0.9186877785934113,0.4872851560360376,-1,162
model,result_0632,0.18525760175903638,0.8931696130676636,-1,336
