background,oberhausen_000000_000560.png
split,train
model,result_0477,0.7514589389255222,0.9518709656241618,-2,319
model,result_0949,0.24301164199428615,0.4487428855092953,-2,299
model,result_0324,0.9736383589196295,0.48783990715083536,4,256
