background,freiburg_000000_000084.png
split,train
model,result_0686,0.6765194420640258,0.6796668793782851,4,203
