background,konstanz_000000_000863.png
split,train
model,result_0373,0.9524380560708258,0.5518730642738124,0,59
model,result_0191,0.8063353349891215,0.7089399744815571,-1,235
