background,bayreuth_000000_000644.png
split,train
model,result_0357,0.028494919645119854,0.31641239975772545,-4,340
model,result_0046,0.972904504139637,0.48233270310956444,-4,102
