background,dortmund_000000_001010.png
split,train
model,result_0332,0.9337711267665947,0.3659556670043812,-3,303
model,result_0385,0.5978444943718846,0.8762690985766539,-4,180
model,result_0991,0.9651861558308215,0.26250844016992303,4,267
