background,augsburg_000000_001329.png
split,train
model,result_0524,0.4961799896753101,0.9590384780523846,3,126
model,result_0199,0.9828071082627912,0.5891481832310765,1,132
