background,muhlheim-ruhr_000000_001217.png
split,train
model,result_0996,0.07429764078821433,0.2633866276662492,0,90
model,result_0266,0.713149875725268,0.9283293552097858,0,297
model,result_0862,0.8339049656529339,0.3609660547645711,-1,149
