background,wurzburg_000000_000123.png
split,train
model,result_0632,0.17192244571073145,0.835721610829505,4,106
