background,mannheim_000000_000650.png
split,train
model,result_0389,0.8713827598201752,0.5384065863179173,1,187
