background,heidelberg_000000_000294.png
split,train
model,result_0191,0.5104619493667008,0.9178709973242992,-4,301
