background,nuremberg_000000_000957.png
split,train
model,result_0945,0.19518916722533575,0.3691914158622366,3,65
model,result_0612,0.36131341243103865,0.31595043164055403,3,7
model,result_0283,0.7258581160473614,0.9070278880811065,-3,166
