background,saarbrucken_000000_000345.png
split,train
model,result_0822,0.4760798433028619,0.42361383880532755,-4,34
model,result_0855,0.7739377082701542,0.2576650503769945,2,241
model,result_0338,0.6493002595036192,0.6606473693944147,-3,78
