background,bamberg_000000_000264.png
split,train
model,result_0389,0.5161829360370487,0.49783311981553213,3,99
