background,nuremberg_000000_000714.png
split,train
model,result_0775,0.9295773923057272,0.6804202108559093,-4,306
