background,augsburg_000000_000887.png
split,train
model,result_0793,0.3341145648017232,0.4463675219221517,2,90
model,result_0686,0.17738879468655155,0.750221782080892,4,319
model,result_0805,0.5194221001022082,0.41885964715337637,-4,169
