background,erlangen_000000_000017.png
split,train
model,result_0992,0.7344561498116078,0.93807586265825,-1,242
