background,augsburg_000000_000605.png
split,train
model,result_0324,0.26305878836836794,0.5491386926350189,0,234
