background,wurzburg_000000_000807.png
split,train
model,result_0288,0.8537156605827602,0.5719645986652777,-4,342
model,result_0247,0.9250104515836648,0.5201794225991292,3,63
model,result_0239,0.45197845061960906,0.3955635460063461,3,250
