background,nuremberg_000000_000075.png
split,train
model,result_0332,0.9838049042576105,0.7339541594730701,-4,97
