background,dortmund_000000_000124.png
split,train
model,result_0367,0.5645409046806455,0.28468994436083295,4,23
