background,dresden_000000_000165.png
split,train
model,result_0163,0.07874108217491549,0.8116766974415301,-4,40
