background,oberhausen_000000_000899.png
split,train
model,result_0163,0.15748645738892253,0.6281567315579611,-3,343
model,result_0657,0.10618613745644134,0.40275839021051196,4,261
