background,dresden_000000_000326.png
split,train
model,result_0686,0.8846030307061092,0.44826961446227176,-4,62
model,result_0805,0.4188070863414055,0.2988980561009923,1,131
