background,konstanz_000000_000945.png
split,train
model,result_0924,0.48740010772582676,0.7116798796097221,-4,151
model,result_0866,0.062216501646295996,0.9733928502662376,3,107
