background,augsburg_000000_001435.png
split,train
model,result_0879,0.9276901813907436,0.905101634111683,4,233
model,result_0542,0.8082807788555806,0.4770189575157686,3,344
