background,augsburg_000000_001019.png
split,train
model,result_0602,0.7695954084407787,0.4717729223828969,1,289
