background,troisdorf_000000_000011.png
split,train
model,result_0484,0.991979582633473,0.8424352920923691,4,55
model,result_0861,0.12517058135948755,0.8441148440124827,0,314
