background,darmstadt_000039_000019.png
split,train
model,result_0024,0.9310262729659363,0.7158314364006386,4,241
model,result_0288,0.2258815587899068,0.41280791469320033,2,48
