background,bayreuth_000000_000007.png
split,train
model,result_0979,0.007964708796261766,0.27777306036086313,1,153
model,result_0871,0.08971237831513779,0.3801036575424429,1,165
