background,augsburg_000000_000546.png
split,train
model,result_0855,0.996262464738859,0.4235107476395317,-3,42
model,result_0338,0.20251287150601516,0.30440261298041404,4,222
model,result_0557,0.9684924003331313,0.542743984210511,0,214
