background,oberhausen_000000_000329.png
split,train
model,result_0793,0.10573920614682797,0.6746950390666107,0,126
model,result_0686,0.542723159452554,0.9833721905818305,-3,93
model,result_0805,0.5080212388711204,0.25682279642113554,-3,36
