background,bremen_000151_000019.png
split,train
model,result_0472,0.1321836670357076,0.8131628001663449,-3,218
