background,wurzburg_000000_001046.png
split,train
model,result_0542,0.36229635884153033,0.5406457360226994,0,206
