background,bochum_000000_001097.png
split,train
model,result_0385,0.8394514817792431,0.43786835079626174,-1,348
model,result_0991,0.3789625112481113,0.6586208033485199,-2,217
