background,muhlheim-ruhr_000000_000961.png
split,train
model,result_0288,0.15149271782622198,0.5588654511084917,0,272
model,result_0247,0.9020649509952786,0.7523399555257315,0,40
model,result_0239,0.79033737544633,0.4207689495993493,3,258
