background,mannheim_000000_000662.png
split,train
model,result_0080,0.3265359558596663,0.8692934680400397,1,212
model,result_0857,0.06120688718987877,0.5428030605627332,1,46
