background,schweinfurt_000000_000701.png
split,train
model,result_0612,0.3832475217381446,0.8007779937625885,-1,44
