background,nuremberg_000000_000241.png
split,train
model,result_0394,0.5384270384311131,0.4751108239323403,3,21
model,result_0163,0.7445655700010433,0.3815193409051787,0,306
model,result_0657,0.09216167692152,0.8533221835604173,3,137
