background,darmstadt_000073_000019.png
split,train
model,result_0510,0.6859174530330479,0.6173551982201736,-1,259
model,result_0328,0.44331633255592473,0.257801864036902,2,307
model,result_0879,0.9032505102233576,0.3145434112536194,-2,203
