background,wuppertal_000000_000161.png
split,train
model,result_0385,0.8276829413073884,0.6929733232859137,-1,234
model,result_0991,0.003879853473733874,0.8812551203403093,-4,186
model,result_0373,0.5549479408427563,0.6276436143687106,-4,178
