background,wurzburg_000000_000780.png
split,train
model,result_0882,0.6129759153102903,0.7963341663743891,0,116
