background,muhlheim-ruhr_000000_001172.png
split,train
model,result_0389,0.8074717817163746,0.34367435151943576,-4,170
model,result_0164,0.2814569654755412,0.8831041526440577,-1,111
