background,dusseldorf_000130_000019.png
split,train
model,result_0324,0.37473569853741895,0.5170458687688746,-2,50
