background,bayreuth_000000_000685.png
split,train
model,result_0215,0.24553001067788693,0.695804471493801,2,148
model,result_0332,0.34868210815896783,0.4702682467241409,2,306
