background,muhlheim-ruhr_000000_000150.png
split,train
model,result_0338,0.9224744665467158,0.34016919375805876,-4,233
model,result_0557,0.9109530811328397,0.8469005909491314,-3,107
