background,muhlheim-ruhr_000000_001204.png
split,train
model,result_0694,0.08389372720162913,0.8697444281915494,-4,274
model,result_0319,0.8253100711089071,0.8509480043929416,2,354
