background,bad-honnef_000000_000070.png
split,train
model,result_0999,0.7116226506048667,0.3857302804352767,0,318
