background,konstanz_000000_000467.png
split,train
model,result_0882,0.7364879679487827,0.47215552356242085,0,113
