background,muhlheim-ruhr_000000_000096.png
split,train
model,result_0082,0.8425595228916036,0.4855983128088903,-4,335
model,result_0945,0.9599909271448314,0.8763251672393526,3,233
