background,troisdorf_000000_000087.png
split,train
model,result_0694,0.30089067875944464,0.41960605972537646,2,235
