background,nuremberg_000000_001413.png
split,train
model,result_0192,0.2221887162468874,0.5513110030224428,-1,231
