background,bremen_000149_000019.png
split,train
model,result_0945,0.6359323433896417,0.5605426841619832,-1,219
model,result_0612,0.9759461547374501,0.5505963288274365,-3,255
