background,schweinfurt_000000_000352.png
split,train
model,result_0795,0.8057426300249213,0.8724914812757416,4,187
