background,heidelberg_000000_000627.png
split,train
model,result_0283,0.6970799976200502,0.9614442343295593,-2,56
model,result_0968,0.3738038262850901,0.6727467156221111,2,164
model,result_0847,0.737588482845637,0.8515114839406975,3,287
