background,mannheim_000000_000329.png
split,train
model,result_0386,0.9310352023495232,0.6517629795278075,-2,69
model,result_0979,0.9593708458387743,0.9897005489966335,0,171
model,result_0871,0.035655706187777136,0.6246690058380369,-1,287
