background,aachen_000025_000019.png
split,train
model,result_0960,0.7107749344447721,0.4791796575576137,0,27
model,result_0632,0.33406779212683224,0.8177956769009624,4,222
