background,augsburg_000000_000094.png
split,train
model,result_0775,0.7944351036847407,0.34944612233934536,-3,324
model,result_0075,0.45098668406284936,0.5932241877273409,3,127
