background,wurzburg_000000_000404.png
split,train
model,result_0024,0.848428785066501,0.8353486431013193,2,0
model,result_0288,0.8420180610711802,0.584750749661174,2,303
model,result_0247,0.5652486844684044,0.9923557714167149,-4,62
