background,duisburg_000000_000443.png
split,train
model,result_0793,0.23264808838242812,0.8949348608853236,0,151
model,result_0686,0.6845137227648755,0.43730767369235807,-2,105
model,result_0805,0.714794886977827,0.9521516012346664,-4,106
