background,dortmund_000000_000827.png
split,train
model,result_0319,0.11535035677110006,0.7700617626981906,2,124
