background,nuremberg_000000_001391.png
split,train
model,result_0606,0.024310159641761753,0.6238858357056015,-2,311
model,result_0082,0.10085004751165538,0.3294202809344483,4,138
model,result_0945,0.19880731034279053,0.5791542480774678,4,281
