background,dortmund_000000_000580.png
split,train
model,result_0995,0.1183162655543234,0.7893235385661332,4,152
model,result_0969,0.42070869217354523,0.43071073839878005,3,44
