background,freiburg_000000_000095.png
split,train
model,result_0989,0.3235142492421984,0.5329671222070056,4,174
model,result_0803,0.30546726524956924,0.9831118397186562,0,248
model,result_0192,0.2147007479585622,0.8130056883097816,3,19
