background,konstanz_000000_001172.png
split,train
model,result_0674,0.825225825107467,0.34414698050223935,0,95
model,result_0146,0.7477654475481005,0.5529559074049333,4,161
