background,dortmund_000000_000973.png
split,train
model,result_0164,0.053733526021824685,0.7131828605622064,-3,8
