background,konstanz_000000_000951.png
split,train
model,result_0082,0.245117982568957,0.4295085785620541,-1,306
model,result_0945,0.3184242526467853,0.7295511143147682,-4,253
model,result_0612,0.6159471643485234,0.6172485632899497,0,48
