background,augsburg_000000_001351.png
split,train
model,result_0999,0.4919502169982177,0.4190810446422148,-2,57
model,result_0510,0.08823032959532551,0.8578621255031582,-4,64
model,result_0328,0.7839404288312842,0.5300237805546866,0,86
