background,erfurt_000019_000019.png
split,train
model,result_0751,0.2250471297142701,0.6448408337988496,0,171
