background,bayreuth_000000_000446.png
split,train
model,result_0862,0.39469775198450463,0.7223427784960715,3,187
