background,muhlheim-ruhr_000000_001020.png
split,train
model,result_1000,0.9155595642685299,0.6677963477888729,2,162
model,result_0367,0.993385812098488,0.847957557869096,2,171
model,result_0822,0.14962689346339464,0.8759601654062699,1,124
