background,schweinfurt_000000_000440.png
split,train
model,result_0022,0.3650798587714983,0.9427847144188993,3,70
model,result_0061,0.07078263945595809,0.43606583648203573,0,204
