background,dresden_000000_000058.png
split,train
model,result_0527,0.18048816251715316,0.40195685136989817,-2,29
model,result_0602,0.9239796837979263,0.9668642403899127,3,337
model,result_0024,0.8261716996391583,0.2658534950246083,4,181
