background,nuremberg_000000_000525.png
split,train
model,result_0822,0.6116104877626359,0.3117272635719178,2,126
model,result_0855,0.6685613013797188,0.5391506245130193,-2,251
