background,wuppertal_000000_000940.png
split,train
model,result_0004,0.9671865247024746,0.9318942322457872,-2,49
model,result_0931,0.14616783248203302,0.46156284331747444,-3,53
