background,nuremberg_000000_000811.png
split,train
model,result_0542,0.6641226012738696,0.5777582702095675,1,331
