background,heidelberg_000000_000903.png
split,train
model,result_0866,0.15347180453528586,0.9038365408173064,2,326
model,result_0983,0.2258499103823013,0.8424669155535135,3,71
