background,oberhausen_000000_000815.png
split,train
model,result_0060,0.10238881978503378,0.6782088999302979,2,70
model,result_0080,0.5452850005160983,0.6856959648870014,2,298
