background,freiburg_000000_000208.png
split,train
model,result_0061,0.6551972559419175,0.700383652586073,2,54
