background,mannheim_000000_000801.png
split,train
model,result_0857,0.4695443956358396,0.49885299531588706,3,207
model,result_0795,0.0008467189938563546,0.36824657381255604,1,206
