background,wurzburg_000000_000508.png
split,train
model,result_0477,0.3528933383132462,0.37550290521416985,3,9
model,result_0949,0.8130774508380989,0.6353734033218406,2,320
model,result_0324,0.40271872447203083,0.6366733737007357,-4,329
