background,muhlheim-ruhr_000000_001064.png
split,train
model,result_0510,0.4375693556165595,0.9589637323488318,-1,347
model,result_0328,0.44549607501461586,0.7636282590549539,3,247
model,result_0879,0.08337529704148816,0.4021058781511842,2,144
