background,wuppertal_000000_000798.png
split,train
model,result_0803,0.5280619253151237,0.2833058449672333,-4,349
model,result_0192,0.37819131759155744,0.3510889627875467,-2,162
