background,nuremberg_000000_000960.png
split,train
model,result_0861,0.8309291172715052,0.34559541791395176,-2,254
model,result_0882,0.8592945183995229,0.9979146326538499,-3,122
model,result_0467,0.7615226626180863,0.7754523465710954,-4,139
