background,konstanz_000000_000813.png
split,train
model,result_0193,0.5962619461777962,0.43119748313111117,2,62
model,result_0036,0.9793258472063994,0.3256090683449161,4,86
model,result_1000,0.17788649818064417,0.7221778821221809,2,348
