background,muhlheim-ruhr_000000_000002.png
split,train
model,result_0357,0.08016825255604298,0.9399580771589084,4,138
model,result_0046,0.572356814927347,0.3901946736549582,-3,177
