background,wurzburg_000000_001265.png
split,train
model,result_0338,0.8742601244773962,0.6363257617003629,1,164
