background,monchengladbach_000000_035364.png
split,train
model,result_0472,0.5434963715092695,0.8639064291888456,-4,220
