background,wurzburg_000000_001468.png
split,train
model,result_0477,0.5468085753488106,0.3154104995503201,1,247
