background,karlsruhe_000000_000093.png
split,train
model,result_0467,0.05177993294099004,0.7540414515238683,4,153
