background,aachen_000063_000019.png
split,train
model,result_0288,0.18837726833524904,0.2676767736235912,3,12
model,result_0247,0.765172891984897,0.9957685045599393,-4,321
model,result_0239,0.29427267576828997,0.648289782382291,0,319
