background,heidelberg_000000_000086.png
split,train
model,result_0805,0.6667108164524624,0.2729971300614741,0,116
model,result_0039,0.5916934891559538,0.6968072373973583,0,123
