background,ulm_000046_000019.png
split,train
model,result_0879,0.45402163112017946,0.4647286415196631,-1,173
