background,strasbourg_000001_031427.png
split,train
model,result_0338,0.78752965634525,0.5659164340979765,-2,127
model,result_0557,0.40163125789735366,0.40724064952595773,0,129
model,result_0544,0.7929941240749446,0.8006994311375826,1,0
