background,dortmund_000000_000797.png
split,train
model,result_0218,0.4104240904103966,0.36437510059117606,-4,334
model,result_0694,0.0034282225936945743,0.2811608746139026,-1,50
