background,muhlheim-ruhr_000000_000046.png
split,train
model,result_0388,0.43652162799708194,0.2708601450963492,3,13
