background,wurzburg_000000_000998.png
split,train
model,result_0866,0.6704129160486825,0.707951570299371,0,188
model,result_0983,0.5305971495421242,0.7507807375117019,4,324
