background,wuppertal_000000_000714.png
split,train
model,result_0992,0.8046979893515254,0.8715044267722712,-3,178
