background,augsburg_000000_000212.png
split,train
model,result_0484,0.4049676003530477,0.4419858849920453,-2,231
model,result_0861,0.2253184835588966,0.7710511778017765,0,149
