background,konstanz_000000_000040.png
split,train
model,result_0472,0.46027043270741475,0.45640928330435115,4,226
model,result_0981,0.03174431997646565,0.502769345928643,1,80
model,result_0527,0.3965653778258913,0.28061326467124725,3,231
