background,bremen_000024_000019.png
split,train
model,result_0060,0.01554880915953849,0.33150174376000796,-1,208
