background,konigswinter_000000_000056.png
split,train
model,result_0606,0.8794143062050873,0.9009453562492848,0,95
