background,augsburg_000000_001289.png
split,train
model,result_0164,0.2583306022761037,0.5200303548856468,3,219
model,result_0440,0.23696505995784456,0.7927806212434876,-4,107
