background,duisburg_000000_000460.png
split,train
model,result_0991,0.7145704019856297,0.2664789199302584,3,92
model,result_0373,0.5409289552153601,0.6225003315110924,2,341
model,result_0191,0.8733038087819013,0.4663368342875048,0,354
