background,oberhausen_000000_000335.png
split,train
model,result_0036,0.5708509282086477,0.9759533374318337,-1,206
model,result_1000,0.07771055491468115,0.6288089180036699,4,233
model,result_0367,0.21767345603861388,0.5106509069381591,-3,93
