background,muhlheim-ruhr_000000_001114.png
split,train
model,result_0024,0.1443369033982278,0.5405418420251732,2,334
model,result_0288,0.4844362084455345,0.8195590029389783,-2,162
model,result_0247,0.20242459137688873,0.6860406295433225,1,15
