background,dortmund_000000_000495.png
split,train
model,result_0612,0.6070749337264219,0.29295545211934015,4,238
model,result_0283,0.06684020839590155,0.5438550542751464,2,49
model,result_0968,0.8542009981987829,0.45186826203140873,3,19
