background,freiburg_000000_000711.png
split,train
model,result_0612,0.9529574811379756,0.57381748568003,4,76
model,result_0283,0.9947224889028132,0.9466672140822275,1,1
