background,wuppertal_000000_000421.png
split,train
model,result_0385,0.05365515643363816,0.9957129846489887,2,219
