background,konstanz_000000_000806.png
split,train
model,result_0857,0.4747034795726284,0.4568837609006018,-3,205
model,result_0795,0.9921063848440197,0.3817351571637852,2,100
model,result_0388,0.7484755149970143,0.8535561793873538,1,315
