background,oberhausen_000000_000662.png
split,train
model,result_0036,0.18688048399805912,0.606137119476973,1,33
