background,heidelberg_000000_000722.png
split,train
model,result_0127,0.1612123449365772,0.29634948880663475,0,297
