background,wurzburg_000000_000455.png
split,train
model,result_0544,0.5211221240620508,0.8003507421827112,-1,227
model,result_0999,0.6559517430693471,0.4941829401463435,4,237
model,result_0510,0.746403917287511,0.5814985393293222,0,73
