background,bamberg_000000_000347.png
split,train
model,result_0784,0.20921913716334883,0.7898156299581119,2,235
model,result_0924,0.3434625434639297,0.3040843942691379,-3,261
model,result_0866,0.4605203839173868,0.3737105224713015,3,182
