background,duisburg_000000_000553.png
split,train
model,result_0999,0.17347608579999774,0.5865109522615433,0,229
model,result_0510,0.17694584032863514,0.8537100405422975,-4,28
model,result_0328,0.39202092099350827,0.2795825065485718,0,12
