background,heidelberg_000000_000033.png
split,train
model,result_0247,0.058763777687146246,0.4438651068588346,-2,219
model,result_0239,0.064601716164985,0.30954029881880485,0,172
model,result_0051,0.15911117053185864,0.9438215463616016,-2,197
