background,frankfurt_000001_050686.png
split,train
model,result_0878,0.00022698545117694202,0.318474641957739,4,71
model,result_0004,0.7158025124918169,0.4176122127136007,3,337
model,result_0931,0.4023728330440468,0.6995633142738324,-4,333
