background,erfurt_000017_000019.png
split,train
model,result_0266,0.6631694053493047,0.8476872137280327,-2,292
