background,aachen_000122_000019.png
split,train
model,result_0968,0.3194319164777695,0.9231880911116621,3,333
model,result_0847,0.5910767484257007,0.5617155040705182,-1,64
model,result_0646,0.7592812581920046,0.44296098412945223,-1,351
