background,duisburg_000000_000017.png
split,train
model,result_0991,0.19159817748707464,0.8467486542753997,4,94
model,result_0373,0.9428604049262943,0.26700585241677016,3,121
