background,bad-honnef_000000_000060.png
split,train
model,result_0385,0.14238450621588783,0.7823104858737132,3,200
