background,oberhausen_000000_000430.png
split,train
model,result_1000,0.3385874374234492,0.37430493688645794,-4,77
model,result_0367,0.3040925249607356,0.6647304956565913,-2,141
model,result_0822,0.08705476739689844,0.3483288600773916,0,74
