background,nuremberg_000000_000564.png
split,train
model,result_0871,0.253067320770466,0.3770372964511853,-4,355
model,result_0878,0.8035742892074326,0.49760273896146157,-2,297
