background,konstanz_000000_001095.png
split,train
model,result_0847,0.9824474570708416,0.8123104977267815,-3,53
