background,wuppertal_000000_000500.png
split,train
model,result_0795,0.4479616593702974,0.3478108453154177,3,103
