background,heidelberg_000000_000060.png
split,train
model,result_0586,0.7725912983185296,0.9747798329464036,-2,89
