background,nuremberg_000000_001068.png
split,train
model,result_0146,0.13105429448595163,0.34106487827836973,2,305
