background,dortmund_000000_000900.png
split,train
model,result_0602,0.7425353338713023,0.8439917353914893,-3,110
