background,wurzburg_000000_000959.png
split,train
model,result_0878,0.46891361671454057,0.30137792526508533,4,260
model,result_0004,0.9517599461124445,0.3973399243196233,4,25
model,result_0931,0.012460485300746948,0.34895235362201654,-3,194
