background,bayreuth_000000_000088.png
split,train
model,result_0871,0.6282564668082348,0.2761994244167775,4,50
model,result_0878,0.5569757297528788,0.44241506475099446,-3,36
