background,muhlheim-ruhr_000000_000659.png
split,train
model,result_0924,0.4195022831131314,0.2651252880086523,-1,117
model,result_0866,0.2204894395087591,0.6187952683530987,-3,272
