background,bremen_000146_000019.png
split,train
model,result_0995,0.04578520863310698,0.7151504113877638,0,302
model,result_0969,0.8588741730696802,0.9033806322270989,-4,55
