background,wurzburg_000000_000141.png
split,train
model,result_0805,0.3083882854559762,0.9205279854254664,-4,264
model,result_0039,0.5432414791692175,0.2985969842172542,0,101
