background,schweinfurt_000000_000685.png
split,train
model,result_0004,0.16738654649534046,0.7434014102894094,-2,261
