background,konstanz_000000_000281.png
split,train
model,result_0793,0.9138056429729495,0.42061982654548435,-4,268
