background,duisburg_000000_000097.png
split,train
model,result_0678,0.5574483676508258,0.8640793799778204,4,193
model,result_0784,0.26995088767244546,0.39545436427855696,2,81
model,result_0924,0.3264632853873217,0.8600276339117703,-4,212
