background,duisburg_000000_000822.png
split,train
model,result_0855,0.23194019763396323,0.2757588252574851,2,157
model,result_0338,0.8229472282573834,0.27661161050121136,1,105
model,result_0557,0.2547365814093461,0.9929573491653003,-3,245
