background,augsburg_000000_000281.png
split,train
model,result_0862,0.9073949679701265,0.34147795453250657,4,244
model,result_0524,0.5500756670060301,0.9926563801221601,2,251
