background,duisburg_000000_000350.png
split,train
model,result_0051,0.9504328596915425,0.6225940394159521,4,97
model,result_0739,0.043263099553172646,0.5421903594515146,-1,99
