background,wuppertal_000000_000530.png
split,train
model,result_0882,0.6685486634096943,0.35618852643006016,3,357
model,result_0467,0.9147889442287775,0.7301870402309362,-1,262
