background,konstanz_000000_000641.png
split,train
model,result_0586,0.5413220969246598,0.35306581531024916,-2,72
model,result_0989,0.43935677809784257,0.7302291848913223,-4,275
