background,dortmund_000000_000836.png
split,train
model,result_0004,0.8720769476932767,0.7642867297325859,-2,234
model,result_0931,0.365238794806769,0.589623670023488,-4,68
