background,karlsruhe_000000_001088.png
split,train
model,result_0080,0.8088254509415491,0.7306220532637492,-3,186
model,result_0857,0.06186562693441011,0.2528637479970932,-1,264
