background,wurzburg_000000_001264.png
split,train
model,result_0324,0.8386654110526022,0.9861098796501103,3,28
model,result_0173,0.5723064346616075,0.27755929511963645,2,348
model,result_0751,0.4620690998092103,0.6472051791903413,-1,275
