background,bremen_000297_000019.png
split,train
model,result_0022,0.3091235050577146,0.8157964776360056,-3,281
