background,bochum_000000_037829.png
split,train
model,result_0484,0.028690460409311003,0.8580426510977641,4,237
