background,muhlheim-ruhr_000000_000624.png
split,train
model,result_0855,0.8593980724674624,0.8801100297850389,-1,210
model,result_0338,0.34315172873893485,0.8991216298187914,-1,301
model,result_0557,0.035050989848290026,0.7634840129015561,2,189
