background,freiburg_000000_000505.png
split,train
model,result_0557,0.6865991555563342,0.6621014582100737,-4,51
model,result_0544,0.8003630736742426,0.8932958385627963,2,21
model,result_0999,0.32885817803580586,0.6219496480741656,-2,89
