background,schweinfurt_000000_000581.png
split,train
model,result_0283,0.5055919559304206,0.8619016063833604,0,73
