background,konstanz_000000_000408.png
split,train
model,result_0283,0.17723508398618548,0.7588122694837415,4,246
