background,darmstadt_000020_000019.png
split,train
model,result_0878,0.10752037675836279,0.35711107603487136,-3,182
model,result_0004,0.8728243749096068,0.9337238027273818,4,283
