background,dortmund_000000_001099.png
split,train
model,result_0295,0.5882455554455117,0.8924962406144714,-3,266
model,result_0127,0.026532982542730288,0.7256661278143114,-4,107
