background,duisburg_000000_000672.png
split,train
model,result_0751,0.8297545257508313,0.45433907133471685,4,170
model,result_0678,0.38367277197783467,0.5917581990826719,-4,34
model,result_0784,0.921321279787886,0.5409908577111254,-3,282
