background,karlsruhe_000000_000524.png
split,train
model,result_0082,0.09738775250337206,0.8261085098121218,-2,96
model,result_0945,0.039470669286402416,0.5783002440446899,2,296
