background,nuremberg_000000_000902.png
split,train
model,result_0367,0.041719483731696205,0.9438976924427053,1,26
