background,duisburg_000000_000337.png
split,train
model,result_0467,0.3167866215653359,0.7954845390220686,3,276
model,result_0154,0.47321902146444905,0.3415392603844998,4,356
model,result_0562,0.74080555352034,0.8846111084305794,-3,114
