background,muhlheim-ruhr_000000_000901.png
split,train
model,result_0332,0.8581933035057757,0.8047149571827708,-4,156
model,result_0385,0.11807014767547208,0.8968455853063773,4,23
