background,augsburg_000000_000567.png
split,train
model,result_0266,0.30623443114703086,0.5477318791996562,3,284
model,result_0862,0.598878978775465,0.8460259461221579,3,279
