background,nuremberg_000000_000098.png
split,train
model,result_0199,0.10915461652281777,0.4699918280564015,4,249
model,result_0060,0.8328037305111193,0.5670252327604499,0,328
model,result_0080,0.2887734430949388,0.9723595531600591,4,345
