background,muhlheim-ruhr_000000_001198.png
split,train
model,result_0562,0.39059432812084804,0.6995224884646194,0,258
model,result_0215,0.6573847868722411,0.6776431951071249,-4,186
