background,saarbrucken_000000_000118.png
split,train
model,result_0960,0.5251042021207933,0.8359073090323189,-3,264
model,result_0632,0.8810550640340822,0.700637097917336,-1,131
