background,heidelberg_000000_000950.png
split,train
model,result_0793,0.5892667623820068,0.3473492329097291,0,253
model,result_0686,0.39724932425336745,0.7635226803300116,4,75
