background,frankfurt_000001_060422.png
split,train
model,result_0191,0.7037872203384756,0.43245756922433404,-3,64
