background,nuremberg_000000_001370.png
split,train
model,result_0266,0.3871117225489924,0.4219115226274579,-3,233
