background,wurzburg_000000_000010.png
split,train
model,result_0960,0.8990040466850511,0.3464208378434034,0,10
model,result_0632,0.7331640351059024,0.302443318945273,4,151
