background,heidelberg_000000_001004.png
split,train
model,result_0199,0.9167422496324434,0.6988388206131317,4,170
model,result_0060,0.14012421077745052,0.44263696113543355,1,249
model,result_0080,0.17917340647012903,0.42093127907201516,2,273
