background,wurzburg_000000_001283.png
split,train
model,result_0499,0.9196809664361125,0.8779364340900473,3,141
model,result_0844,0.7479596612636353,0.4173447910374967,-4,288
model,result_0995,0.4558478536187933,0.4796167321915815,-1,350
