background,augsburg_000000_000160.png
split,train
model,result_0674,0.12421319508093875,0.7323967193109713,4,137
