background,karlsruhe_000000_000033.png
split,train
model,result_0822,0.04012857779500911,0.6423828294241085,-3,329
model,result_0855,0.3714416949900238,0.6108212564120692,3,12
