background,muhlheim-ruhr_000000_000591.png
split,train
model,result_0775,0.056287225976521804,0.75221101922532,4,328
model,result_0075,0.20506937012965132,0.3842869078269331,-1,357
model,result_0992,0.6339451309701815,0.38575330575783684,0,50
