background,konstanz_000000_000478.png
split,train
model,result_0477,0.42862468609370163,0.7005006090629962,2,89
