background,heidelberg_000000_000712.png
split,train
model,result_0784,0.5631960482364493,0.883370879350968,0,1
