background,karlsruhe_000000_000016.png
split,train
model,result_0192,0.860679351794546,0.41153621966134957,3,26
