background,augsburg_000000_000578.png
split,train
model,result_0527,0.7025350186666679,0.8375277081694669,-1,198
model,result_0602,0.49418117219927304,0.82353304875793,1,56
