background,augsburg_000000_000489.png
split,train
model,result_0995,0.8080714097167949,0.7367624937589706,-2,72
model,result_0969,0.7601678505273222,0.3413816452808092,2,174
model,result_0793,0.6507965656616298,0.2763144742562715,2,29
