background,oberhausen_000000_000069.png
split,train
model,result_0499,0.25240155887735827,0.5947866737745144,-2,7
model,result_0844,0.9889048429962863,0.964755202419552,1,27
model,result_0995,0.22811669264368784,0.9426336414530369,1,130
