background,zurich_000048_000019.png
split,train
model,result_0061,0.8808134667437457,0.8675528545429003,0,27
model,result_0606,0.08322747895584237,0.7675539136842704,1,301
