background,karlsruhe_000000_000673.png
split,train
model,result_0991,0.38493822621978646,0.8222450281541107,4,3
model,result_0373,0.47749839835716235,0.294594322510583,3,68
