background,wuppertal_000000_000925.png
split,train
model,result_0544,0.8941298396385328,0.30457503386335283,3,206
model,result_0999,0.1453636591206834,0.9888439040942968,4,315
model,result_0510,0.5003051536691713,0.949590630375585,2,196
