background,tubingen_000134_000019.png
split,train
model,result_0632,0.09115335432267602,0.40024897987780117,4,262
