background,mannheim_000000_000858.png
split,train
model,result_0164,0.9473584844112897,0.7385390819811862,0,49
