background,schweinfurt_000000_000650.png
split,train
model,result_0979,0.2245757617825308,0.7181060390041853,-3,181
model,result_0871,0.8077582791786916,0.30392481532554494,-1,5
model,result_0878,0.022360527251704454,0.6804871886703777,-1,192
