background,heilbronn_000000_000606.png
split,train
model,result_0996,0.8718879902840616,0.7778569488951136,-1,211
model,result_0266,0.12370921541015478,0.35041267194281167,1,102
model,result_0862,0.09786292171710442,0.7796840910112512,-4,208
