background,heidelberg_000000_000167.png
split,train
model,result_0192,0.6275596644267118,0.9119417745144369,4,117
model,result_0218,0.05712137933535211,0.6201245702040676,2,183
model,result_0694,0.4945481324632167,0.4778173745521734,1,306
