background,bayreuth_000000_000743.png
split,train
model,result_0969,0.8378256216299594,0.7292869879172803,-4,264
model,result_0793,0.6628302153707651,0.5300053829066717,-2,122
model,result_0686,0.7939514940412776,0.7833944117103104,3,305
