background,schweinfurt_000000_000507.png
split,train
model,result_0324,0.520226176983166,0.350281125064266,-4,159
