background,bayreuth_000000_000079.png
split,train
model,result_0024,0.2220715851764592,0.7648025935466811,-2,139
model,result_0288,0.6845492180928081,0.6557606430389022,3,14
model,result_0247,0.909020688549312,0.60718700719061,4,271
