background,oberhausen_000000_000483.png
split,train
model,result_0386,0.838437305551121,0.8181272809698866,-1,191
model,result_0979,0.9522793508397241,0.36593548010815036,-1,257
model,result_0871,0.7377069329507997,0.3770722957673492,2,49
