background,oberhausen_000000_000599.png
split,train
model,result_0924,0.696361014719697,0.49239438018525955,0,93
