background,augsburg_000000_000510.png
split,train
model,result_0992,0.6629037972670366,0.5760239400561518,0,171
