background,oberhausen_000000_000128.png
split,train
model,result_0338,0.01332394859792585,0.9981073527302937,2,254
