background,freiburg_000000_000259.png
split,train
model,result_0357,0.6835782879859919,0.4871327552075177,-2,214
model,result_0046,0.22707319699923678,0.37278411218518925,3,223
