background,troisdorf_000000_000124.png
split,train
model,result_0199,0.20879381309768796,0.6256294820103785,-3,287
model,result_0060,0.10525578318648032,0.9498065000200713,1,86
