background,konstanz_000000_000154.png
split,train
model,result_0992,0.8089740791896783,0.46346980465903276,4,59
