background,muhlheim-ruhr_000000_000472.png
split,train
model,result_0861,0.6444730106460236,0.5288205295983295,-1,148
model,result_0882,0.5993670476598026,0.48933479245658684,3,2
