background,konstanz_000000_000273.png
split,train
model,result_0389,0.6545216244212708,0.849515609805112,4,24
