background,augsburg_000000_000445.png
split,train
model,result_0678,0.9457723520552911,0.8600880831741018,-1,4
model,result_0784,0.8440830023920635,0.6136987195639803,3,319
model,result_0924,0.7767457802366764,0.5510038564603069,4,95
