background,freiburg_000000_000337.png
split,train
model,result_0082,0.7428434323813778,0.5910895710114387,1,78
model,result_0945,0.3058014120051825,0.5067191019183951,-2,73
model,result_0612,0.75778188748847,0.7899114189571197,2,44
