background,freiburg_000000_000746.png
split,train
model,result_0386,0.9284625511968386,0.47096534603108753,-3,74
model,result_0979,0.08470171356595235,0.6970368104095774,2,257
model,result_0871,0.12238962745942172,0.3575751572900312,-4,7
