background,konstanz_000000_001009.png
split,train
model,result_0632,0.6960825255331554,0.6615971043455575,-3,61
model,result_0357,0.06943005524519741,0.974941381329393,3,36
