background,dortmund_000000_000021.png
split,train
model,result_0822,0.15900300879701845,0.30972092359370723,-1,291
model,result_0855,0.43040426547106925,0.537685531133645,-2,73
