background,augsburg_000000_000535.png
split,train
model,result_0051,0.16881024971629344,0.6756458960271436,2,177
model,result_0739,0.22804114418396348,0.3634807375108462,-3,289
model,result_0960,0.6527762832882105,0.535281026659609,2,272
