background,muhlheim-ruhr_000000_000917.png
split,train
model,result_0686,0.7529401287641018,0.40315944661286124,-4,12
model,result_0805,0.037902455501847676,0.3343197548290433,-2,107
