background,muhlheim-ruhr_000000_001192.png
split,train
model,result_0004,0.3995893329841602,0.577967216203864,-3,337
model,result_0931,0.015728394579972105,0.5520915909531315,0,10
