background,oberhausen_000000_000011.png
split,train
model,result_0855,0.12895801649439664,0.8039165832055672,-1,217
model,result_0338,0.4366650410996763,0.6926329761290303,4,125
model,result_0557,0.34451237334763574,0.7410124238228945,3,323
