background,dortmund_000000_000404.png
split,train
model,result_0499,0.7747224290911351,0.28608225412450844,-3,91
