background,wuppertal_000000_000657.png
split,train
model,result_0857,0.4207238190947654,0.4642984140262059,-2,126
