background,wuppertal_000000_001076.png
split,train
model,result_0046,0.2515798961775545,0.47942485432709325,3,289
