background,frankfurt_000001_008200.png
split,train
model,result_0931,0.4666578126818062,0.5551224796744381,3,122
model,result_0123,0.40616482050273073,0.522028212734142,3,185
model,result_0472,0.09396859060602347,0.6029396630258896,-1,291
