background,dortmund_000000_000174.png
split,train
model,result_0215,0.608468598078733,0.9437994919678704,-3,250
model,result_0332,0.5989723771007557,0.6481629091579119,-1,273
model,result_0385,0.49187387812612304,0.6512486455030339,2,193
