background,oberhausen_000000_000709.png
split,train
model,result_0319,0.6668932555985155,0.7967245143437205,1,323
model,result_0477,0.040915928191467055,0.38148614807734527,4,116
