background,heidelberg_000000_001078.png
split,train
model,result_0686,0.14578916131559694,0.42945450007490676,-2,337
model,result_0805,0.0265574026681481,0.8311471234142156,-3,68
