background,wuppertal_000000_000771.png
split,train
model,result_0283,0.5255181255688878,0.30744529760423733,-3,179
model,result_0968,0.46534711381718996,0.26002616860796834,3,190
