background,stuttgart_000143_000019.png
split,train
model,result_0328,0.9934583143389671,0.8264469794353153,-2,19
