background,saarbrucken_000000_000054.png
split,train
model,result_0389,0.8168878806747306,0.9513585049421587,4,339
model,result_0164,0.3245742862976436,0.9517365396174547,3,9
