background,oberhausen_000000_000587.png
split,train
model,result_0051,0.7715334618820365,0.34652943655168456,4,340
