background,wurzburg_000000_000445.png
split,train
model,result_0602,0.5344268226931943,0.4076417811537419,3,265
model,result_0024,0.9927769180480362,0.83306915018123,1,249
model,result_0288,0.5888317610111089,0.9261368560837195,-4,186
