background,augsburg_000000_000152.png
split,train
model,result_0632,0.6764443367875485,0.61202124996175,0,297
model,result_0357,0.14072194757566792,0.8201260517231651,2,281
