background,konstanz_000000_001269.png
split,train
model,result_0192,0.5729852166132697,0.42290937503226195,-4,307
model,result_0218,0.7985045960521666,0.2692547278514197,0,39
model,result_0694,0.6142837394288617,0.5513712023319104,2,251
