background,saarbrucken_000000_000157.png
split,train
model,result_0394,0.5606903003809808,0.835006368800298,-4,68
