background,muhlheim-ruhr_000000_001136.png
split,train
model,result_0969,0.8573451559247253,0.5351871206634978,1,140
model,result_0793,0.3482769562098842,0.8446058186620096,-4,193
