background,heidelberg_000000_000150.png
split,train
model,result_0674,0.23832678466682422,0.3511376320151335,2,151
model,result_0146,0.7746516205230399,0.3584678243411845,-1,193
model,result_0295,0.4330310914522749,0.6635541285804536,-3,297
