background,wurzburg_000000_000452.png
split,train
model,result_0674,0.15785807341963598,0.9216534648538324,-1,186
