background,dortmund_000000_000515.png
split,train
model,result_0075,0.9357330107530107,0.31259854667751724,3,334
