background,dortmund_000000_001027.png
split,train
model,result_0046,0.9894753841584376,0.753967578661527,4,138
