background,augsburg_000000_000836.png
split,train
model,result_0931,0.2551696251571639,0.46716905516511664,2,40
model,result_0123,0.15374627229232496,0.8941510932457343,-3,245
