background,heidelberg_000000_000041.png
split,train
model,result_0467,0.7879543268203422,0.312477059375431,2,247
model,result_0154,0.2297828343694016,0.33381870411410997,-3,249
model,result_0562,0.66954417246265,0.8288903354022725,-4,199
