background,bad-honnef_000000_000070.png
split,train
model,result_0146,0.7792551474781552,0.3151972373548544,-1,239
model,result_0295,0.691500490778341,0.9293479959081813,0,311
model,result_0127,0.614144196762629,0.3210999709889316,4,53
