background,nuremberg_000000_001413.png
split,train
model,result_0060,0.6034132951038131,0.4188284366141921,0,257
model,result_0080,0.9206970850616114,0.6085275915542324,1,250
model,result_0857,0.4497949142147336,0.6397837791903536,-3,313
