background,aachen_000003_000019.png
split,train
model,result_0173,0.6725177780390065,0.35300814574270567,3,217
model,result_0751,0.8000963565430281,0.8429418515154674,0,144
