background,hamburg_000000_043944.png
split,train
model,result_0192,0.7986978782860767,0.5320356916840543,2,27
