background,bayreuth_000000_000173.png
split,train
model,result_0803,0.18205292825932573,0.6466422021772865,3,132
model,result_0192,0.3777715006835074,0.4156802410722213,-2,242
model,result_0218,0.1228639581508868,0.592488953283479,3,360
