background,bayreuth_000000_000302.png
split,train
model,result_0945,0.6106690603582696,0.4848123380142372,1,354
model,result_0612,0.5070617693441031,0.2669601879871558,2,184
