background,wurzburg_000000_000043.png
split,train
model,result_0793,0.2180139838964904,0.27287274131626094,-2,360
model,result_0686,0.20682065956225637,0.675488082882298,3,4
