background,dortmund_000000_000135.png
split,train
model,result_0646,0.5527835363279218,0.9065540262192189,3,299
model,result_0586,0.8823305607742951,0.8307939672074947,3,281
model,result_0989,0.16645252166807678,0.905400601511487,0,41
