background,wuppertal_000000_000764.png
split,train
model,result_0239,0.7555290548226842,0.9445151906205718,-4,15
