background,strasbourg_000000_011225.png
split,train
model,result_0193,0.16059576600695402,0.8310558429356507,1,193
model,result_0036,0.0762895751375462,0.5105082677305036,-3,347
model,result_1000,0.48420348133735636,0.9587480452322147,-2,96
