background,saarbrucken_000000_000134.png
split,train
model,result_0499,0.7971329646680492,0.9400539023913421,1,165
