background,heilbronn_000000_000337.png
split,train
model,result_0123,0.0009684521978926552,0.8500867207511127,-1,23
model,result_0472,0.7047768097830247,0.8017161947614889,-4,184
model,result_0981,0.5954075457561239,0.5754537750863098,-4,297
