background,wurzburg_000000_001374.png
split,train
model,result_0983,0.14340223182643363,0.7752815503152664,-2,82
model,result_0996,0.35357272742672485,0.487571124644813,0,102
