background,wurzburg_000000_001395.png
split,train
model,result_0332,0.5150926675716248,0.8510418604350508,4,358
model,result_0385,0.47456133089389174,0.8124114851759368,4,168
