background,wurzburg_000000_000374.png
split,train
model,result_0080,0.04742760992523887,0.25929754424028284,-1,53
