background,heilbronn_000000_000116.png
split,train
model,result_0385,0.22047462344616697,0.3944226128189732,2,198
