background,wurzburg_000000_001013.png
split,train
model,result_0861,0.1483156013133271,0.6855877575823105,-1,242
model,result_0882,0.5136523919030668,0.32899625828724965,0,85
model,result_0467,0.7397955468318517,0.8235264470373298,4,37
