background,oberhausen_000000_000515.png
split,train
model,result_0191,0.08532481096057687,0.7338870698521772,-3,208
model,result_0775,0.36530060856339763,0.658072523620916,1,352
model,result_0075,0.7948984089406083,0.9759707513306045,-2,354
