background,mannheim_000000_001177.png
split,train
model,result_0191,0.39549306557585395,0.32512541042012966,-2,308
model,result_0775,0.3324555108954804,0.6226924950469375,-2,200
