background,wurzburg_000000_001314.png
split,train
model,result_0060,0.5793091384344418,0.9135642637315285,-1,202
