background,duisburg_000000_000386.png
split,train
model,result_0319,0.695584869150498,0.8549049951366144,2,276
model,result_0477,0.6545224036035114,0.6381567612857679,3,248
model,result_0949,0.2709268110031312,0.7396391541792141,-4,128
