background,frankfurt_000001_003056.png
split,train
model,result_0822,0.53744651177906,0.6617357686270681,-1,264
model,result_0855,0.9008435162416849,0.6305924345234596,0,97
model,result_0338,0.23054741478124607,0.3647813321016064,-2,305
