background,duisburg_000000_000783.png
split,train
model,result_0544,0.415756715781061,0.9394849107267659,-2,99
