background,erlangen_000000_000224.png
split,train
model,result_0192,0.14634797120306942,0.3694308765307139,-4,311
model,result_0218,0.9668438753723805,0.5463644963770549,-1,87
model,result_0694,0.2317803144173861,0.6212207917802676,2,47
