background,wuppertal_000000_000357.png
split,train
model,result_0123,0.5069352754017704,0.902968709636857,1,58
