background,nuremberg_000000_000019.png
split,train
model,result_0510,0.5854964209550054,0.8696276953294838,-1,283
