background,mannheim_000000_000944.png
split,train
model,result_0914,0.05931862754336681,0.7321396144646473,-4,0
