background,freiburg_000000_000505.png
split,train
model,result_0686,0.4010679062704512,0.8956218305651531,2,304
model,result_0805,0.20793068536167403,0.32574282065878746,-2,1
model,result_0039,0.7830007723702636,0.395154415028412,-3,325
