background,bayreuth_000000_000524.png
split,train
model,result_0388,0.3748493959448578,0.4870850026923153,4,42
model,result_0499,0.5217521859278571,0.5004526797819615,4,326
model,result_0844,0.2267229890144422,0.8947219624418872,4,141
