background,muhlheim-ruhr_000000_000972.png
split,train
model,result_0215,0.7338031744839257,0.43277178749677314,2,263
