background,bochum_000000_033056.png
split,train
model,result_0606,0.6877587109983,0.9379827224059537,-1,320
model,result_0082,0.4195798861333673,0.6106125927242265,1,187
model,result_0945,0.40509435135584215,0.4295996427037846,4,224
