background,muhlheim-ruhr_000000_001124.png
split,train
model,result_0440,0.12663219620260735,0.9018841433619788,2,42
model,result_0484,0.03632370924236572,0.6588949693658462,1,106
