background,heidelberg_000000_000475.png
split,train
model,result_0193,0.789171477965905,0.7031224427325542,4,36
model,result_0036,0.7462951146242447,0.6466760412308571,2,313
