background,bayreuth_000000_000826.png
split,train
model,result_0022,0.16132995273391582,0.5513447972781682,-3,295
model,result_0061,0.027229017342689232,0.7038274530923005,1,275
