background,karlsruhe_000000_000762.png
split,train
model,result_0992,0.4374956035365204,0.6427413284838399,4,306
model,result_0394,0.7328791585013609,0.9824193412400906,-2,117
