background,heilbronn_000000_000188.png
split,train
model,result_0562,0.31597811223835315,0.38580454896186445,4,322
model,result_0215,0.3369125710074671,0.4843277252968,-1,285
model,result_0332,0.529092852868987,0.33671742178337616,-2,265
