background,oberhausen_000000_000119.png
split,train
model,result_0612,0.21795808733312716,0.9993609343796253,-1,261
model,result_0283,0.6017682435134694,0.9929254749255378,2,242
