background,karlsruhe_000000_000164.png
split,train
model,result_0499,0.9253123685479402,0.47029962052925806,0,341
model,result_0844,0.20785989473210398,0.49475194310022386,-3,151
