background,augsburg_000000_000056.png
split,train
model,result_0367,0.5877997210303828,0.904486091576729,-3,132
model,result_0822,0.5500297484760572,0.8499991186584237,2,259
model,result_0855,0.14756783806943008,0.41844636605933994,1,182
