background,muhlheim-ruhr_000000_000761.png
split,train
model,result_0612,0.03792804224222113,0.878244962885808,-3,338
