background,muhlheim-ruhr_000000_000123.png
split,train
model,result_0060,0.5144950508009517,0.7591362582150858,3,328
model,result_0080,0.0780177973439179,0.3507894732734417,4,273
model,result_0857,0.3499356368105174,0.5030316851774499,3,55
