background,freiburg_000000_000337.png
split,train
model,result_0154,0.568148739711441,0.5397804542712118,1,181
