background,dusseldorf_000059_000019.png
split,train
model,result_0981,0.17835536230943994,0.3710877397023037,-3,125
model,result_0527,0.01485203919374678,0.3504947733739062,0,297
model,result_0602,0.09006531132479445,0.7620965231980845,-4,360
