background,bayreuth_000000_000505.png
split,train
model,result_0969,0.21713101311255256,0.6716687468735878,-2,325
