background,bayreuth_000000_000622.png
split,train
model,result_0855,0.7830579598241861,0.6248138879762433,-3,95
model,result_0338,0.047226106747770835,0.8426652434441269,-4,119
