background,strasbourg_000001_036697.png
split,train
model,result_0862,0.11978883716036859,0.36313919391527705,1,123
