background,dortmund_000000_000807.png
split,train
model,result_0914,0.4546580516558377,0.7519586360691696,-1,250
model,result_0193,0.7502483271696971,0.3958865184707778,-2,227
