background,wuppertal_000000_000916.png
split,train
model,result_0163,0.062005916464664024,0.4562183842467621,3,139
model,result_0657,0.43454872314618675,0.9601626602267022,1,117
