background,oberhausen_000000_000503.png
split,train
model,result_0999,0.3151854421777548,0.8480194114512933,-3,252
model,result_0510,0.280737170343754,0.5480737099439575,2,233
