background,bayreuth_000000_000371.png
split,train
model,result_0862,0.47149920588905436,0.50126293120282,-2,335
model,result_0524,0.011289755922114009,0.4026534860986024,-4,237
model,result_0199,0.7605704174347173,0.37001143749180726,4,319
