background,heidelberg_000000_000787.png
split,train
model,result_0979,0.18015146675218852,0.7065386790935781,0,186
model,result_0871,0.3811981449380898,0.7420887477401534,4,20
