background,bamberg_000000_000074.png
split,train
model,result_0878,0.9792274308385706,0.6836628809330563,-4,3
model,result_0004,0.5696278843860232,0.8178960908854056,0,1
model,result_0931,0.735358883578039,0.8038685334987072,4,32
