background,nuremberg_000000_000041.png
split,train
model,result_0288,0.32431005010836966,0.979522611951432,-1,238
model,result_0247,0.9621522910000894,0.4147455937138284,1,319
