background,dusseldorf_000079_000019.png
split,train
model,result_0602,0.33694706183158873,0.33721827462509324,3,162
model,result_0024,0.46893746738175035,0.8585092606946576,-2,304
model,result_0288,0.17990619137397912,0.3406465750243365,-3,116
