background,augsburg_000000_000390.png
split,train
model,result_0991,0.6084114503516223,0.6048194152313575,-4,161
model,result_0373,0.07639437387568537,0.8777104799301585,1,186
