background,schweinfurt_000000_000089.png
split,train
model,result_0803,0.09243397441914025,0.46715651149577947,-4,252
