background,augsburg_000000_000074.png
split,train
model,result_0192,0.6777852627827949,0.790214993425492,0,289
