background,konstanz_000000_001135.png
split,train
model,result_0995,0.5385327616930439,0.7999120526330832,2,159
