background,bayreuth_000000_000645.png
split,train
model,result_0524,0.3534140689285954,0.40925699760547735,3,247
model,result_0199,0.9011690722380098,0.6322066634367957,-3,104
model,result_0060,0.18953640786123271,0.8455608794287834,0,81
