background,muhlheim-ruhr_000000_000755.png
split,train
model,result_0215,0.8843493478177473,0.6577817341805807,-4,54
model,result_0332,0.6056024170691898,0.7602523266513204,-4,36
model,result_0385,0.6945584600760389,0.6737279552315266,-3,142
