background,aachen_000144_000019.png
split,train
model,result_0674,0.23784291217327946,0.7964330882821282,4,1
model,result_0146,0.9954211430661394,0.7990677101805241,-4,295
