background,muhlheim-ruhr_000000_000332.png
split,train
model,result_0510,0.9041714065729413,0.7298935495838699,4,219
