background,heidelberg_000000_000261.png
split,train
model,result_0192,0.29285128259364024,0.9877933625667251,-3,97
