background,freiburg_000000_000811.png
split,train
model,result_0586,0.4051738776579322,0.6553155486630595,-4,0
model,result_0989,0.16838240921774728,0.9330910407946035,0,165
