background,hanover_000000_050228.png
split,train
model,result_0949,0.040479305709596236,0.7865567848129771,0,175
model,result_0324,0.5488966202392248,0.6509208087406703,3,352
