background,cologne_000066_000019.png
split,train
model,result_1000,0.6524729027565382,0.9923911893812115,-3,191
model,result_0367,0.2998450760689181,0.6671891366428324,0,76
model,result_0822,0.6475883432915551,0.4468427865134501,4,108
