background,konigswinter_000000_000027.png
split,train
model,result_0527,0.7165429932179059,0.8056017994353283,-2,160
