background,nuremberg_000000_001340.png
split,train
model,result_0844,0.2613501288825131,0.8987548308466873,2,268
model,result_0995,0.9843652313211699,0.7501530235731939,0,254
model,result_0969,0.517071428632848,0.6390928557080442,-2,231
