background,muhlheim-ruhr_000000_000643.png
split,train
model,result_0484,0.9661239042448947,0.48667114115025967,1,207
model,result_0861,0.9150509256750005,0.4978468047384082,1,175
model,result_0882,0.44422605698490314,0.36114810392052965,0,255
