background,wurzburg_000000_000871.png
split,train
model,result_0544,0.6341808239834738,0.6692833371292596,0,249
model,result_0999,0.5319600931790054,0.48085637900127354,-2,38
model,result_0510,0.26738277084290163,0.9928811641611177,1,160
