background,wurzburg_000000_000095.png
split,train
model,result_0146,0.07616864085195674,0.49398249693528,4,146
model,result_0295,0.9416660380987262,0.38345558969315213,-2,140
