background,augsburg_000000_000375.png
split,train
model,result_0004,0.9811054905893838,0.4262889287097761,-3,26
