background,schweinfurt_000000_000013.png
split,train
model,result_0191,0.8504896820077849,0.26777672496366367,1,87
