background,dortmund_000000_000303.png
split,train
model,result_0191,0.15223050630796764,0.6082182710474386,-1,235
model,result_0775,0.5035901678597352,0.9296171186668369,2,27
model,result_0075,0.35900086909421935,0.8838904493420033,1,329
