background,wurzburg_000000_000799.png
split,train
model,result_0193,0.8423531326310976,0.3268611378814946,0,34
model,result_0036,0.9813440063355231,0.41184868776484906,2,222
model,result_1000,0.06935902286616269,0.5336883463682041,-2,186
