background,heidelberg_000000_000023.png
split,train
model,result_0949,0.9586198851985624,0.39598861621247217,4,202
model,result_0324,0.18417778531037943,0.3654714235009946,-1,319
