background,muhlheim-ruhr_000000_001119.png
split,train
model,result_0218,0.6761125895388305,0.5080141368349682,1,22
model,result_0694,0.9568987896841624,0.6852853418135384,3,162
model,result_0319,0.29747864771705357,0.540530307595151,3,13
