background,konstanz_000000_000431.png
split,train
model,result_0632,0.6532041127905787,0.5727359192228878,4,87
model,result_0357,0.6786593665982119,0.744405848012921,1,203
