background,wurzburg_000000_000563.png
split,train
model,result_0678,0.2909216964093835,0.8182140968432662,-4,329
model,result_0784,0.2391421309586873,0.3833811296851974,-4,10
model,result_0924,0.5508335866368885,0.3530742804251784,-3,333
