background,duisburg_000000_000477.png
split,train
model,result_0992,0.36128951261050213,0.8203300375129975,3,35
