background,karlsruhe_000000_000895.png
split,train
model,result_0805,0.7716779114728263,0.431564908292423,-3,122
model,result_0039,0.20072234359663332,0.44512892814007,-2,249
