background,nuremberg_000000_000812.png
split,train
model,result_0467,0.1980495997551054,0.3840807176488759,-2,67
