background,oberhausen_000000_000690.png
split,train
model,result_0524,0.7844790740600716,0.31813887846793165,2,239
model,result_0199,0.7850533415017107,0.4204921955375712,-4,299
