background,wurzburg_000000_000275.png
split,train
model,result_0215,0.7737291785525636,0.5167045407286838,2,321
model,result_0332,0.7925085530087637,0.7541756649757974,4,32
