background,konstanz_000000_000289.png
split,train
model,result_0385,0.6416942691378843,0.5623593662856416,1,22
model,result_0991,0.4187530821298845,0.46034259476294276,-3,267
