background,duisburg_000000_000619.png
split,train
model,result_0969,0.16592379108893462,0.8700594680320919,-2,222
model,result_0793,0.8151786422528949,0.3445094424071816,1,93
model,result_0686,0.05843308354779175,0.7063259337382568,-3,217
