background,schweinfurt_000000_000569.png
split,train
model,result_0612,0.5960062796462475,0.5986343944269378,-2,130
model,result_0283,0.6684397429904697,0.5962678446956603,-1,64
model,result_0968,0.2646535111103532,0.2702099838310197,-2,150
