background,muhlheim-ruhr_000000_000313.png
split,train
model,result_0332,0.13124732242002157,0.5573981458389108,2,338
model,result_0385,0.9069752871867045,0.9576257050048824,3,231
model,result_0991,0.3371782999920663,0.7261522391869635,-3,252
