background,heidelberg_000000_000898.png
split,train
model,result_0931,0.6923339583122311,0.9324291230225047,4,55
