background,heidelberg_000000_000569.png
split,train
model,result_0855,0.7971885563756133,0.8763202001246398,-2,301
model,result_0338,0.11172881935783519,0.8388105204621353,4,347
