background,duisburg_000000_000708.png
split,train
model,result_0022,0.9233360245591182,0.8226015084191908,-2,151
