background,schweinfurt_000000_000175.png
split,train
model,result_0080,0.33702491026581816,0.8060308648160606,-1,343
model,result_0857,0.007176642641151254,0.9414571658453164,-1,125
