background,hanover_000000_011971.png
split,train
model,result_0163,0.3053383311960469,0.8956401486749678,-4,97
model,result_0657,0.2395713348820725,0.26212147647738904,0,321
model,result_0914,0.7583515291934836,0.686428241559625,4,79
