background,wuppertal_000000_000960.png
split,train
model,result_0996,0.26842780689440426,0.4534838387432682,3,70
model,result_0266,0.9636993339005725,0.5067956818498911,-4,333
