background,freiburg_000000_000071.png
split,train
model,result_0367,0.23688355375141712,0.6192124692281863,-2,2
