background,dusseldorf_000004_000019.png
split,train
model,result_0983,0.3326155550519102,0.34834720583022977,-1,244
model,result_0996,0.57819591816316,0.33083669137172766,-2,27
