background,mannheim_000000_000523.png
split,train
model,result_0036,0.8353892268126837,0.6385275601372327,1,103
model,result_1000,0.39436351139392867,0.7371574938653381,3,121
