background,schweinfurt_000000_000037.png
split,train
model,result_0004,0.011613591493298658,0.8043157377609809,4,123
model,result_0931,0.08868296706878165,0.4457590065706283,-4,259
model,result_0123,0.9962747091655932,0.4362062255896954,-4,22
