background,freiburg_000000_000123.png
split,train
model,result_0678,0.43692970116041496,0.9877045931183409,2,15
model,result_0784,0.46297992286685485,0.36596077916056685,4,23
model,result_0924,0.12452002579836918,0.6750096619194115,1,328
