background,bayreuth_000000_000731.png
split,train
model,result_0989,0.3896269815240261,0.9573747190550972,-2,183
