background,nuremberg_000000_000716.png
split,train
model,result_0657,0.8615639072321972,0.8070485060987063,3,341
model,result_0914,0.9862649477938119,0.9255321573037016,2,4
model,result_0193,0.1947761695437049,0.8831973743044415,0,38
