background,augsburg_000000_000932.png
split,train
model,result_0484,0.9745231757141332,0.9354341238300236,4,122
model,result_0861,0.0639668027984499,0.6762904858514944,-3,308
model,result_0882,0.6882570350993971,0.6895386083660162,-4,50
