background,karlsruhe_000000_000568.png
split,train
model,result_0385,0.7880716401311738,0.6034392534889421,2,222
