background,strasbourg_000001_034375.png
split,train
model,result_0075,0.09618732253388029,0.8129703799577855,0,207
model,result_0992,0.5731649591643985,0.58274297895145,0,27
model,result_0394,0.20575958095929547,0.7338197486442404,-4,13
