background,oberhausen_000000_000804.png
split,train
model,result_0855,0.5137821252271292,0.7689624402911146,4,345
model,result_0338,0.6409507869323139,0.4491356205560151,4,53
model,result_0557,0.3174154536454269,0.31947543013285884,-1,228
