background,muhlheim-ruhr_000000_000900.png
split,train
model,result_0440,0.4487510633264553,0.7805421462128871,0,28
