background,bremen_000259_000019.png
split,train
model,result_0123,0.6632017840446289,0.996844033623189,3,298
model,result_0472,0.48431497290405257,0.3510933269070692,2,287
