background,karlsruhe_000000_000699.png
split,train
model,result_0163,0.9788956734953982,0.948947958414017,3,228
