background,heilbronn_000000_000706.png
split,train
model,result_0295,0.6545016203460003,0.5223156407745391,-2,25
model,result_0127,0.29765603877207125,0.47366639856372317,-1,355
model,result_0022,0.21495157194811754,0.7112183083926494,2,36
