background,wurzburg_000000_000114.png
split,train
model,result_0861,0.21470175949401926,0.40556881130106426,-1,326
model,result_0882,0.8305304840508507,0.9216579882949109,1,257
