background,augsburg_000000_000500.png
split,train
model,result_0822,0.8172603616061803,0.4410146312169826,-4,332
model,result_0855,0.17890003613425276,0.5471520426715192,-2,255
model,result_0338,0.7255435136569638,0.840256340716542,-1,198
