background,konigswinter_000000_000080.png
split,train
model,result_0784,0.3992770430576328,0.8446792873431372,1,22
model,result_0924,0.5383869886185759,0.8593950458579448,-3,289
