background,oberhausen_000000_000575.png
split,train
model,result_0357,0.581795899797612,0.8074629904701369,1,285
model,result_0046,0.9889859526818203,0.6188100375254587,2,67
