background,strasbourg_000001_023271.png
split,train
model,result_0674,0.38155905888506736,0.6676370768358046,-3,216
model,result_0146,0.2654460855221077,0.5228488868209167,3,319
model,result_0295,0.9379327654183731,0.7046629805365745,1,76
