background,dortmund_000000_000791.png
split,train
model,result_0319,0.9908255399540489,0.34595686203666887,-4,89
model,result_0477,0.05390611053045036,0.9688649094158359,1,34
