background,tubingen_000104_000019.png
split,train
model,result_0193,0.11879459908281953,0.8902728773705981,-2,180
model,result_0036,0.7136340208050992,0.3737597550647578,3,134
