background,oberhausen_000000_000130.png
split,train
model,result_0386,0.04447702773117823,0.41659996347886086,-1,137
model,result_0979,0.6158675431711917,0.7634166740208452,1,241
model,result_0871,0.7125041284391306,0.4521330556058828,4,144
