background,heidelberg_000000_000020.png
split,train
model,result_0283,0.8019835877577217,0.5727198582011404,4,261
model,result_0968,0.9639203255908751,0.9195537472317713,0,330
model,result_0847,0.7577065422891222,0.394055105870055,-2,243
