background,konstanz_000000_000298.png
split,train
model,result_0678,0.5059925931907742,0.4067093203213156,-2,242
model,result_0784,0.4674286133610023,0.3618007857805515,3,29
