background,oberhausen_000000_000830.png
split,train
model,result_0795,0.387418314070889,0.2856561326775129,3,313
model,result_0388,0.9019203011070197,0.5843306452204058,4,34
model,result_0499,0.17784717077535384,0.7310011016619138,0,37
