background,saarbrucken_000000_000002.png
split,train
model,result_0024,0.27920204997743137,0.8936409551239264,4,136
model,result_0288,0.08828640727006765,0.4763883865804731,4,196
