background,bremen_000232_000019.png
split,train
model,result_0739,0.2986014375659055,0.8795021514902602,-2,315
model,result_0960,0.6602138178534921,0.6437327627576153,-4,41
