background,mannheim_000000_000030.png
split,train
model,result_0862,0.603812917708681,0.9684243068349313,-2,193
model,result_0524,0.12084028219912835,0.47735751266743254,0,35
