background,wurzburg_000000_001335.png
split,train
model,result_0862,0.9704003846646538,0.8316380598731896,4,183
model,result_0524,0.21771610825090437,0.2876015700042234,3,236
model,result_0199,0.5340772257779124,0.3012435522245781,-3,323
