background,wurzburg_000000_000158.png
split,train
model,result_0328,0.21989581177171302,0.4893842108251204,4,200
