background,wuppertal_000000_001077.png
split,train
model,result_0389,0.864306625494752,0.7027966337301287,-2,108
