background,heilbronn_000000_000616.png
split,train
model,result_0218,0.7683419555674993,0.2664687120928046,-2,271
model,result_0694,0.27708108495012884,0.6644670620678216,-1,285
