background,bremen_000126_000019.png
split,train
model,result_0191,0.7510394719477858,0.5369875964300809,1,279
model,result_0775,0.8201478936597986,0.6008435448748694,1,282
