background,oberhausen_000000_000428.png
split,train
model,result_0389,0.5903463182841403,0.9715240145810411,2,143
model,result_0164,0.9161142331187292,0.7765848429871433,-1,59
model,result_0440,0.26538714035481625,0.9980153378923394,-2,325
