background,heilbronn_000000_000545.png
split,train
model,result_0795,0.5634594881124465,0.4320403093325323,2,117
