background,wuppertal_000000_000354.png
split,train
model,result_0657,0.9530528088101393,0.9012548646042071,-2,238
model,result_0914,0.27954921837043656,0.39054757700233755,0,326
model,result_0193,0.4564719168191026,0.3588550151736306,3,314
