background,wurzburg_000000_000692.png
split,train
model,result_0192,0.39678252070201436,0.9616150528085028,-1,241
model,result_0218,0.0040624382099360146,0.6606193281981796,-2,52
