background,konstanz_000000_001109.png
split,train
model,result_0440,0.7533781653114999,0.40030275204960813,4,170
model,result_0484,0.07695858934269717,0.9746413215168366,4,167
