background,augsburg_000000_000891.png
split,train
model,result_0805,0.49223848092964273,0.9004850908404449,-4,6
model,result_0039,0.8875853892645605,0.33901729255434515,-1,123
model,result_0386,0.8460287039269049,0.5900865311767922,0,286
