background,konstanz_000000_001056.png
split,train
model,result_1000,0.11243463312414348,0.34690893241342874,3,219
model,result_0367,0.5306408456969043,0.9219011919949776,-1,311
