background,bremen_000194_000019.png
split,train
model,result_0979,0.06884037553069156,0.43032172341201114,-3,312
model,result_0871,0.8143914360798443,0.5996210159781387,2,111
model,result_0878,0.5678733143391426,0.26949924805408715,2,75
