background,karlsruhe_000000_000084.png
split,train
model,result_0882,0.04233690249126498,0.31366865193469695,3,180
model,result_0467,0.21400793158163967,0.9815740084700976,3,343
model,result_0154,0.6308391516258399,0.8625855830093122,1,91
