background,heidelberg_000000_001183.png
split,train
model,result_0879,0.7432115652023397,0.2745737070902101,1,222
model,result_0542,0.2169090042796683,0.6271109798173997,-4,334
model,result_0674,0.2164207955349452,0.38183346319900824,-1,66
