background,wurzburg_000000_000779.png
split,train
model,result_0075,0.5196043589846581,0.8184336436910442,4,284
model,result_0992,0.241659617494148,0.9150112570885769,-3,260
