background,mannheim_000000_000786.png
split,train
model,result_0191,0.0968540491109885,0.757202039304447,-1,359
