background,dresden_000000_000159.png
split,train
model,result_0983,0.6722625359673624,0.928654811021315,3,110
model,result_0996,0.18090008198315088,0.36760450886114504,3,279
