background,saarbrucken_000000_000297.png
split,train
model,result_0499,0.5209267068758736,0.6370248903116644,0,303
model,result_0844,0.5811000395839995,0.6615292202054731,4,260
