background,oberhausen_000000_000436.png
split,train
model,result_0060,0.2972561695187802,0.9002050983859239,-3,355
