background,bayreuth_000000_000399.png
split,train
model,result_0386,0.984055461206233,0.5696139366281685,2,174
