background,dortmund_000000_000644.png
split,train
model,result_0542,0.7330657004526708,0.5096909200463754,3,101
model,result_0674,0.5792776091521712,0.6349131036450139,4,50
model,result_0146,0.8686864717054379,0.513031941499051,-3,313
