background,wurzburg_000000_000350.png
split,train
model,result_0805,0.528253499902257,0.7234396423947478,-3,131
