background,heidelberg_000000_000874.png
split,train
model,result_0784,0.8422513411843687,0.269756018232036,-4,59
model,result_0924,0.9006091777682882,0.6655331965222225,-4,105
model,result_0866,0.7027306564902538,0.9919104972380766,4,322
