background,oberhausen_000000_000515.png
split,train
model,result_0784,0.8848709898078775,0.773732898262298,1,81
model,result_0924,0.7943768134352275,0.856150899923982,-4,21
