background,muhlheim-ruhr_000000_000912.png
split,train
model,result_0061,0.339253414742421,0.47382621339828623,-4,115
model,result_0606,0.3163758439316332,0.6603674710403125,-2,75
