background,heidelberg_000000_000437.png
split,train
model,result_0154,0.13633434623292828,0.34597915520245426,-4,311
model,result_0562,0.20928722345549056,0.513396713121545,1,31
model,result_0215,0.5991393049292191,0.40851741206799497,3,213
