background,bayreuth_000000_000540.png
split,train
model,result_0164,0.18945946359235133,0.6826705561500032,1,45
model,result_0440,0.6886196915937042,0.6146442798633316,-4,359
