background,freiburg_000000_000374.png
split,train
model,result_0394,0.6131541438458259,0.7049702839522546,-3,107
model,result_0163,0.05943888967729538,0.9216455327393256,-4,337
model,result_0657,0.2584689131196579,0.3193316259832706,-2,288
