background,duisburg_000000_000751.png
split,train
model,result_0847,0.1655558396015474,0.6540897821384749,-3,103
model,result_0646,0.8087685476637912,0.8925483916463948,1,105
model,result_0586,0.6393273212175822,0.9891961630063207,1,28
