background,bremen_000000_000019.png
split,train
model,result_0039,0.8451877358807011,0.8304913865870966,1,44
model,result_0386,0.7047244674709403,0.5605392706123004,-4,253
model,result_0979,0.37867104583915145,0.6500570335935079,3,205
