background,mannheim_000000_000140.png
split,train
model,result_0060,0.3480019981230814,0.7194059105456566,1,340
model,result_0080,0.9219172529956295,0.31471701434652044,2,324
