background,nuremberg_000000_001084.png
split,train
model,result_0586,0.5766009784408629,0.6503663723213301,4,161
model,result_0989,0.6101146488891077,0.7299007049340511,4,360
model,result_0803,0.4356179660613435,0.5225719943817655,1,206
