background,bayreuth_000000_000055.png
split,train
model,result_0793,0.7220576967884953,0.6997066169157705,0,160
model,result_0686,0.899905495181508,0.4026133271992207,4,175
