background,heilbronn_000000_000085.png
split,train
model,result_0192,0.4175237890545326,0.9324292740745028,-4,303
model,result_0218,0.2373200200806076,0.7037186321191526,3,51
