background,duisburg_000000_000411.png
split,train
model,result_0051,0.7985178163415382,0.9724094790642135,-3,173
model,result_0739,0.12492555710953335,0.5123357678144218,3,92
model,result_0960,0.6944021531339395,0.35817999582627635,-2,52
