background,nuremberg_000000_001402.png
split,train
model,result_0199,0.2113983405386145,0.3750306930755435,-1,350
model,result_0060,0.4219798951131871,0.5987371759641744,-4,306
