background,nuremberg_000000_001045.png
split,train
model,result_0739,0.21278069478963713,0.7754852708628994,0,297
model,result_0960,0.23814636469637684,0.2808356999565497,-1,46
