background,nuremberg_000000_000034.png
split,train
model,result_0036,0.342418346885351,0.3249482828902547,4,282
model,result_1000,0.04222127778473628,0.4012801906218936,-3,284
