background,augsburg_000000_000756.png
split,train
model,result_0191,0.40375944454764057,0.5305660546329536,3,259
model,result_0775,0.7048483266455876,0.8008287009882591,3,21
