background,nuremberg_000000_001436.png
split,train
model,result_0394,0.6912016768644738,0.315766516854186,2,250
model,result_0163,0.1929602547665744,0.9910497952888908,0,8
model,result_0657,0.7714868855205804,0.5262069131785161,0,196
