background,duisburg_000000_000670.png
split,train
model,result_0266,0.7707777841087761,0.7683412578605985,1,112
