background,augsburg_000000_000665.png
split,train
model,result_0510,0.15741687664071746,0.9952053782387074,-2,189
