background,konstanz_000000_000198.png
split,train
model,result_0674,0.6843417119047163,0.865260117431596,0,341
