background,heilbronn_000000_000322.png
split,train
model,result_0686,0.4952245527434963,0.86028138372286,4,25
model,result_0805,0.642226720270112,0.658254906813912,-1,63
model,result_0039,0.13187491649882854,0.46056172018522834,-1,179
