background,augsburg_000000_000602.png
split,train
model,result_0995,0.1443436162642684,0.9183640979890544,-4,313
model,result_0969,0.5899866229321359,0.834790076405274,1,74
