background,augsburg_000000_000899.png
split,train
model,result_0288,0.9559154662203527,0.25778649077697413,2,83
model,result_0247,0.4667011612384776,0.628462375429267,2,339
model,result_0239,0.849948804794842,0.9130392569239254,3,262
