background,bayreuth_000000_000605.png
split,train
model,result_0332,0.08362129539851737,0.7277695275608081,2,316
