background,weimar_000122_000019.png
split,train
model,result_0388,0.9448447612799385,0.7596503781009626,2,156
model,result_0499,0.5445962537192269,0.5321223551953945,3,247
