background,erlangen_000000_000133.png
split,train
model,result_0882,0.1376687346733413,0.37469429517877095,4,353
