background,augsburg_000000_000392.png
split,train
model,result_0080,0.20449529206663786,0.2953136668378792,-2,118
