background,heidelberg_000000_000570.png
split,train
model,result_0847,0.8311710645904713,0.32758081311914755,-1,291
