background,muhlheim-ruhr_000000_000173.png
split,train
model,result_0039,0.39026025849626644,0.9635669452481466,1,274
model,result_0386,0.40587073810548846,0.5170826645865829,0,0
