background,muhlheim-ruhr_000000_000500.png
split,train
model,result_0991,0.06048010108732438,0.9390931303814256,-3,0
model,result_0373,0.1777659480990701,0.751533844390011,4,235
model,result_0191,0.8732927525814571,0.8837554464448227,1,59
