background,heidelberg_000000_000374.png
split,train
model,result_0805,0.822847576999407,0.2762434303148883,-1,194
model,result_0039,0.032902543241379534,0.8361397995252585,1,325
model,result_0386,0.8811185063609038,0.725705902065253,2,288
