background,freiburg_000000_000184.png
split,train
model,result_0879,0.780477857365016,0.913130126757749,1,99
model,result_0542,0.4622375704020969,0.9989008786885015,-2,15
