background,karlsruhe_000000_000903.png
split,train
model,result_0924,0.8819867190622188,0.44036702960401375,-1,302
