background,freiburg_000000_000628.png
split,train
model,result_0674,0.67926275001439,0.9763917904506281,3,153
