background,konstanz_000000_000899.png
split,train
model,result_0146,0.068441744892078,0.8731678885314809,4,257
model,result_0295,0.70996499417701,0.43090199331693374,3,58
model,result_0127,0.14893317382573446,0.5224669921262195,3,188
