background,wurzburg_000000_000519.png
split,train
model,result_0319,0.7556077408192101,0.9697267451900924,4,253
model,result_0477,0.7431221883094916,0.48794283027182606,3,344
