background,nuremberg_000000_001234.png
split,train
model,result_0319,0.5706189788841579,0.28696141645325024,4,242
model,result_0477,0.7819238452653693,0.9598082856701711,0,67
