background,dortmund_000000_000625.png
split,train
model,result_0024,0.08663601831627543,0.3726093123438331,-2,121
