background,wuppertal_000000_000020.png
split,train
model,result_0544,0.4327804001354393,0.6816789052635596,2,81
model,result_0999,0.8740583081670479,0.403804141549783,-1,45
model,result_0510,0.6793543412805623,0.5247339887765136,-3,11
