background,schweinfurt_000000_000010.png
split,train
model,result_0991,0.3776156685334292,0.6712722920403387,1,107
model,result_0373,0.63017347733031,0.554274548883613,1,128
