background,dortmund_000000_000199.png
split,train
model,result_0367,0.9513018664456586,0.4502588325751783,-2,180
model,result_0822,0.726242651495622,0.5551416042230388,2,37
