background,oberhausen_000000_000641.png
split,train
model,result_0472,0.3700871273114106,0.5793918777486057,3,120
model,result_0981,0.5590521186127709,0.8405102429753177,4,23
model,result_0527,0.8961378417214109,0.7832666880031514,3,323
