background,strasbourg_000001_043748.png
split,train
model,result_0324,0.32645492241705787,0.7848071390266038,-4,241
model,result_0173,0.5658059642587152,0.8777797364944784,1,100
model,result_0751,0.29761927611568884,0.8408695136059731,-4,244
