background,oberhausen_000000_000411.png
split,train
model,result_0247,0.5314698493290971,0.2806149807078564,3,242
model,result_0239,0.8544402681984608,0.7407260598768968,2,21
