background,wurzburg_000000_000533.png
split,train
model,result_0844,0.3902126408857899,0.4246350473138315,-3,143
model,result_0995,0.5897207493790514,0.9752742235400484,4,316
