background,dresden_000000_000186.png
split,train
model,result_0803,0.05657212642117493,0.7190775402787345,-2,69
model,result_0192,0.6427871182147081,0.3211856272988767,3,217
