background,bayreuth_000000_000296.png
split,train
model,result_0694,0.09241301737267893,0.9069987729735545,1,69
model,result_0319,0.4744620818049671,0.997436693559063,-3,239
