background,karlsruhe_000000_000851.png
split,train
model,result_0544,0.9402643847756302,0.40062397128725075,2,360
model,result_0999,0.06537735199479078,0.7573389272813321,3,192
