background,saarbrucken_000000_000436.png
split,train
model,result_1000,0.3928670928827531,0.7429625610215254,2,135
model,result_0367,0.38630562281409897,0.2767170634896604,4,128
