background,muhlheim-ruhr_000000_000772.png
split,train
model,result_0373,0.051494127130018996,0.9275875556419902,4,1
model,result_0191,0.9249612859154138,0.5907786692091327,3,272
