background,wurzburg_000000_001585.png
split,train
model,result_0328,0.3281644002537295,0.33682200264732404,0,190
