background,wurzburg_000000_001479.png
split,train
model,result_0612,0.23274570651489368,0.2880274123522292,1,91
model,result_0283,0.2941254731120728,0.8977931702650312,2,53
