background,konstanz_000000_001221.png
split,train
model,result_0367,0.7717001246939139,0.9742736573072602,-1,172
