background,muhlheim-ruhr_000000_000809.png
split,train
model,result_0822,0.21135405259275275,0.5546354251977739,-1,112
