background,oberhausen_000000_000117.png
split,train
model,result_0686,0.2779461135753013,0.6345388709137956,-4,336
