background,wurzburg_000000_000867.png
split,train
model,result_0389,0.11577421347800965,0.4807462111760603,2,187
