background,freiburg_000000_000771.png
split,train
model,result_0924,0.04001578100679082,0.4799831675877889,0,302
