background,augsburg_000000_001275.png
split,train
model,result_1000,0.44863619320352843,0.9593558720446695,4,119
model,result_0367,0.3876933726682995,0.5315724765758378,4,151
model,result_0822,0.5308406700728913,0.3216164912902095,-4,185
