background,darmstadt_000009_000019.png
split,train
model,result_0924,0.7080605642038529,0.6217627554252906,-3,131
