background,konstanz_000000_000640.png
split,train
model,result_0996,0.7343404578966503,0.7848869297417856,2,150
