background,augsburg_000000_000622.png
split,train
model,result_0191,0.4097995351212531,0.800018242682467,0,43
