background,mannheim_000000_001125.png
split,train
model,result_0283,0.3642955061843415,0.3663786375454273,1,230
