background,aachen_000037_000019.png
split,train
model,result_0247,0.4344334015731899,0.3781070297783127,4,43
model,result_0239,0.9638341816088417,0.6020406201661349,4,32
model,result_0051,0.5079200423759821,0.39119311717335925,3,208
