background,heidelberg_000000_001070.png
split,train
model,result_0061,0.47506086109415113,0.4597806591692068,4,277
