background,konstanz_000000_000774.png
split,train
model,result_0288,0.7555540481436314,0.38387887735150106,1,300
