background,bayreuth_000000_000092.png
split,train
model,result_0602,0.09200340624607006,0.6412309830463669,3,128
model,result_0024,0.47447872775277,0.9905730621889708,2,229
model,result_0288,0.6471883709819678,0.5809797173981035,2,214
