background,bochum_000000_024717.png
split,train
model,result_1000,0.5330146693063686,0.7222483834358487,0,256
model,result_0367,0.32535892887477047,0.9961765843864497,-4,317
model,result_0822,0.9315387030890709,0.4429975635907404,0,237
