background,nuremberg_000000_001258.png
split,train
model,result_0989,0.2441436460834363,0.5711439952977386,-4,174
model,result_0803,0.40562881485540137,0.45694819750038407,-1,303
