background,heilbronn_000000_000391.png
split,train
model,result_0931,0.48686432138843994,0.7945868378910368,-1,72
