background,nuremberg_000000_001153.png
split,train
model,result_0803,0.07896506916537605,0.3601069304955225,-4,125
model,result_0192,0.4974416269354608,0.3649078466548617,-4,331
