background,schweinfurt_000000_000069.png
split,train
model,result_0467,0.6711090285419865,0.7520647824223023,0,345
