background,karlsruhe_000000_000635.png
split,train
model,result_0632,0.3559672391744134,0.7399265733380344,2,348
model,result_0357,0.25889947460108964,0.46178022359184623,-4,103
model,result_0046,0.9188934032792538,0.7416617618155072,0,33
