background,nuremberg_000000_001070.png
split,train
model,result_0046,0.37920102517204357,0.46068573871568863,-4,48
model,result_0389,0.14852160847958895,0.9988919191495138,4,99
