background,heilbronn_000000_000721.png
split,train
model,result_0215,0.8699266098996067,0.5024288410489796,0,192
