background,lindau_000046_000019.png
split,train
model,result_0989,0.6085848199267396,0.26776658169703466,4,161
model,result_0803,0.46293693914478307,0.6958765130793234,-3,59
