background,oberhausen_000000_000826.png
split,train
model,result_0215,0.5712256290701182,0.47482908451864136,4,272
model,result_0332,0.8200527362079014,0.6857129593520113,-4,53
model,result_0385,0.5032920239312793,0.9907049861420394,0,268
