background,freiburg_000000_000023.png
split,train
model,result_0557,0.8410389545550648,0.9139000751039801,2,108
model,result_0544,0.10477592867574692,0.29440171811924665,-1,156
