background,wuppertal_000000_000005.png
split,train
model,result_0527,0.631521044349825,0.8593810558134019,-4,154
model,result_0602,0.13017488419929157,0.31835104946133896,3,0
model,result_0024,0.33058329313139023,0.990682167397839,2,305
