background,stuttgart_000144_000019.png
split,train
model,result_0945,0.7894936259952987,0.6563724674390751,2,179
model,result_0612,0.20152413175325345,0.9173025816811259,-1,180
model,result_0283,0.6637511027646659,0.26350488735071115,-1,284
