background,heidelberg_000000_000412.png
split,train
model,result_0080,0.6360664969466224,0.5872112359783577,0,8
model,result_0857,0.778929292741009,0.6524108166475658,2,239
model,result_0795,0.03128457330759571,0.9089023851650531,0,340
