background,wurzburg_000000_000970.png
split,train
model,result_0999,0.6894509795459126,0.2853498268830126,2,339
model,result_0510,0.35921386973810376,0.5185299546142283,-4,171
model,result_0328,0.876245686457575,0.7205713498146362,-3,278
