background,dortmund_000000_000374.png
split,train
model,result_0544,0.288454172690934,0.4425953961052055,-2,160
