background,bayreuth_000000_000757.png
split,train
model,result_0969,0.4293455475963672,0.40215951123164817,-4,15
