background,karlsruhe_000000_000051.png
split,train
model,result_0795,0.019196005614564693,0.4960063471429846,-1,204
model,result_0388,0.39193502915114,0.8762880820283544,-3,48
model,result_0499,0.8376395889978822,0.6855618627552169,2,178
