background,konstanz_000000_001095.png
split,train
model,result_0914,0.810718047117561,0.44516716886800833,-2,322
model,result_0193,0.33278071868917247,0.3618670584619578,3,217
