background,augsburg_000000_000351.png
split,train
model,result_0995,0.5450837394639964,0.8556584847970012,3,154
model,result_0969,0.26794413267448347,0.6339583420587394,4,112
