background,freiburg_000000_000576.png
split,train
model,result_0247,0.7390281509329846,0.552933072711322,-2,16
model,result_0239,0.9230216375498758,0.7090675437767215,-1,38
