background,karlsruhe_000000_001138.png
split,train
model,result_0979,0.6027458456595983,0.9773146515458793,-3,122
model,result_0871,0.3711522315652346,0.32062232352864806,2,295
