background,muhlheim-ruhr_000000_001158.png
split,train
model,result_0996,0.8962440341632089,0.5504396870665424,2,278
model,result_0266,0.4627996810003028,0.9350381990578727,-4,84
