background,wurzburg_000000_000360.png
split,train
model,result_0440,0.4554889899799205,0.9149207482734671,-1,147
model,result_0484,0.535184779329533,0.4356509075398636,-2,293
