background,duisburg_000000_000713.png
split,train
model,result_0989,0.20365852260601136,0.5849877927766496,-1,187
model,result_0803,0.7624115904750058,0.48657002395702276,1,99
