background,stuttgart_000000_000019.png
split,train
model,result_0557,0.06793114613214424,0.3188213478418114,-3,130
model,result_0544,0.32363216148758367,0.4894562646708476,-4,95
model,result_0999,0.5154972937357014,0.8595422882368655,1,134
