background,bayreuth_000000_000461.png
split,train
model,result_0544,0.19177870233053074,0.5243099528115136,-3,306
model,result_0999,0.5425150436663433,0.8735644266368632,2,318
model,result_0510,0.2911683440033256,0.5225950366001801,1,360
