background,wurzburg_000000_000708.png
split,train
model,result_0338,0.8139202374574193,0.9933997094370975,-4,318
model,result_0557,0.7282139566537597,0.5121826848841657,0,76
model,result_0544,0.41269806966216593,0.5214258116164179,3,154
