background,dresden_000000_000193.png
split,train
model,result_0542,0.2905885933117507,0.651659374557154,-2,162
