background,muhlheim-ruhr_000000_000609.png
split,train
model,result_0924,0.6784276213125876,0.39275353420242554,3,87
model,result_0866,0.8649577647326464,0.7591899481459027,-3,146
model,result_0983,0.8316901746141928,0.531928266200134,0,70
