background,schweinfurt_000000_000494.png
split,train
model,result_0338,0.924083956928139,0.46856491270318035,4,358
model,result_0557,0.5642370592925385,0.38358560657167856,3,314
model,result_0544,0.7374938621378965,0.6455262080475523,3,57
