background,nuremberg_000000_000113.png
split,train
model,result_0484,0.3442882061290542,0.6083155195183845,2,344
model,result_0861,0.055548196262840244,0.5224756996533995,4,281
