background,karlsruhe_000000_000935.png
split,train
model,result_0879,0.7201604737383008,0.4052226957626881,1,79
model,result_0542,0.4388832415365037,0.3217097293503287,-4,61
model,result_0674,0.41605644533039476,0.6029181929007743,4,222
