background,freiburg_000000_000787.png
split,train
model,result_0324,0.3294996684837499,0.8644312884805638,1,238
