background,mannheim_000000_000478.png
split,train
model,result_0844,0.6370465403906581,0.791235178556043,0,329
model,result_0995,0.4345025180494835,0.6295348805927969,2,241
model,result_0969,0.7193837081327308,0.4682885397862911,-1,253
