background,schweinfurt_000000_000486.png
split,train
model,result_0373,0.9545342064812463,0.44454955012147324,-1,161
model,result_0191,0.1262115229491565,0.6669561624840783,4,298
model,result_0775,0.8395866066665583,0.7632418319168623,3,3
