background,dortmund_000000_000998.png
split,train
model,result_0557,0.07263798755552742,0.48906590403771566,3,230
