background,dortmund_000000_000976.png
split,train
model,result_0338,0.20715920554821288,0.4547789999116074,-3,269
model,result_0557,0.9861991464462043,0.41249541309439963,1,202
