background,karlsruhe_000000_000531.png
split,train
model,result_0793,0.9588133576243105,0.30981157010376226,-4,84
model,result_0686,0.4965333091319636,0.4958964153375895,-1,68
model,result_0805,0.038613861674943295,0.26328753186388043,-2,283
