background,heidelberg_000000_000976.png
split,train
model,result_0510,0.6059278379610551,0.9479455418572973,-4,150
model,result_0328,0.03162398660215049,0.9273173653227129,4,325
