background,mannheim_000000_000748.png
split,train
model,result_0882,0.20461312535357312,0.5020083547614496,2,200
