background,muhlheim-ruhr_000000_001157.png
split,train
model,result_0674,0.03825496139484241,0.7165132067866518,4,298
