background,oberhausen_000000_000507.png
split,train
model,result_0164,0.1522656275673817,0.9670216292934434,0,6
