background,karlsruhe_000000_000406.png
split,train
model,result_0193,0.7149870863581503,0.2715851028742585,2,79
