background,schweinfurt_000000_000525.png
split,train
model,result_0440,0.9573045868039253,0.9281595328925902,4,218
