background,konstanz_000000_000384.png
split,train
model,result_0784,0.4775346126230493,0.5295265050557723,0,130
model,result_0924,0.9560681142453491,0.7443004220153737,0,176
model,result_0866,0.4209955665729216,0.31035514029609523,2,121
