background,muhlheim-ruhr_000000_001221.png
split,train
model,result_0394,0.6522298224430962,0.41521208705467744,-4,310
model,result_0163,0.8113277598069273,0.8662930535897068,-1,224
model,result_0657,0.4563166113920126,0.4001821396391525,-3,342
