background,augsburg_000000_001154.png
split,train
model,result_0784,0.011982694668759675,0.3956156948390868,-3,284
model,result_0924,0.8652465177954196,0.9405884577113021,2,305
model,result_0866,0.25215245074273307,0.9351389052808052,-4,174
