background,augsburg_000000_001291.png
split,train
model,result_0051,0.27749302321221203,0.836162252832225,4,342
