background,freiburg_000000_000206.png
split,train
model,result_0981,0.7636333231889355,0.40243063599513385,4,286
model,result_0527,0.2135573393196165,0.2788996186545714,3,83
