background,wuppertal_000000_001076.png
split,train
model,result_0266,0.44555866870817296,0.8965024318752882,3,65
