background,heilbronn_000000_000502.png
split,train
model,result_0862,0.3648824469653499,0.767700945367128,-2,312
