background,heidelberg_000000_000606.png
split,train
model,result_0173,0.9116342973997298,0.5628958979819532,-3,38
