background,schweinfurt_000000_000062.png
split,train
model,result_0440,0.08790915832176194,0.977419569982538,-2,359
model,result_0484,0.242042408755879,0.902539496537138,1,221
