background,mannheim_000000_000301.png
split,train
model,result_0562,0.4845845049783485,0.9206023312184022,-3,87
model,result_0215,0.8668997920985089,0.6567529357179447,-3,92
