background,dortmund_000000_000766.png
split,train
model,result_0266,0.5791763113069076,0.27766167119462887,-3,155
model,result_0862,0.2794550902398192,0.9818799655520276,3,15
model,result_0524,0.10571738321556579,0.40541485253195403,4,105
