background,augsburg_000000_000411.png
split,train
model,result_1000,0.7102376704971693,0.5359188879983761,-1,103
