background,karlsruhe_000000_000062.png
split,train
model,result_0646,0.5927434321302684,0.30958045311634175,3,151
model,result_0586,0.252848669656925,0.47590083173141073,-3,348
