background,schweinfurt_000000_000137.png
split,train
model,result_0440,0.8680698944059989,0.5625408048902444,2,213
model,result_0484,0.39575390465521587,0.4302800987326635,0,261
model,result_0861,0.8980486376978299,0.25970793097348577,3,159
