background,duisburg_000000_000734.png
split,train
model,result_0866,0.4063516993755081,0.6894991084789247,-2,288
model,result_0983,0.5986441269950911,0.25418876760554676,-3,245
