background,dortmund_000000_000553.png
split,train
model,result_0332,0.7919445174913857,0.6625336407857694,-3,200
model,result_0385,0.17565986797592015,0.8344802874233868,1,193
model,result_0991,0.7738443509410328,0.4257549561410084,-3,166
