background,duisburg_000000_000561.png
split,train
model,result_0386,0.15968976155066206,0.2886407998450127,3,9
