background,muhlheim-ruhr_000000_000634.png
split,train
model,result_0803,0.14098694127138622,0.32136980790668124,3,124
