background,duisburg_000000_000639.png
split,train
model,result_0082,0.041335731488481464,0.7913620391699168,-4,92
model,result_0945,0.8094621786757195,0.2620389556169767,-1,16
model,result_0612,0.5664759434958213,0.2668857253050201,1,137
