background,nuremberg_000000_001300.png
split,train
model,result_0247,0.4708799301954524,0.5498765046417201,0,192
model,result_0239,0.6583962815501321,0.843600169899571,1,325
model,result_0051,0.589578076282708,0.799144616759127,3,280
