background,wurzburg_000000_000146.png
split,train
model,result_0123,0.9504635583107236,0.7925173826776857,3,110
