background,nuremberg_000000_000467.png
split,train
model,result_0024,0.9826804462055347,0.5916170289004545,-2,91
model,result_0288,0.5174146821961642,0.7710343386252,3,68
model,result_0247,0.18970303004722933,0.5396480804214917,-1,136
