background,nuremberg_000000_001445.png
split,train
model,result_0992,0.5221080536288938,0.5300711425860877,4,248
model,result_0394,0.7953864671951684,0.3854143313642153,-3,360
