background,ulm_000035_000019.png
split,train
model,result_0678,0.010259109331683947,0.9650562026491706,-2,294
