background,muhlheim-ruhr_000000_001045.png
split,train
model,result_0562,0.10964578010600323,0.9318294531442208,-4,294
model,result_0215,0.5800254780117866,0.6806068791634106,-2,75
