background,nuremberg_000000_000977.png
split,train
model,result_0288,0.9079148159128406,0.853214230786056,1,292
model,result_0247,0.9494851658286587,0.31840113103739975,1,333
model,result_0239,0.9492769162873865,0.8204557052056554,2,47
