background,konstanz_000000_001179.png
split,train
model,result_0527,0.7210387770722884,0.7510564406988645,4,337
model,result_0602,0.5287633645163982,0.5283183567495879,-4,175
model,result_0024,0.8076186480901286,0.4098034428845243,-2,271
