background,muhlheim-ruhr_000000_000112.png
split,train
model,result_0039,0.7284310614934799,0.7537051674006054,1,71
model,result_0386,0.9434246331714234,0.6352638086775348,3,342
