background,wurzburg_000000_001223.png
split,train
model,result_0995,0.9353700753530912,0.7482471606744918,2,214
model,result_0969,0.8198876056385141,0.42409488978675136,2,60
