background,troisdorf_000000_000012.png
split,train
model,result_0484,0.982782638075228,0.5887200645323057,0,39
