background,konstanz_000000_000817.png
split,train
model,result_0163,0.8053008182582635,0.6597149487130656,-2,241
model,result_0657,0.35496073870394695,0.7972636190955353,-4,113
model,result_0914,0.9298579248137743,0.7296727026176012,-1,168
