background,heidelberg_000000_000709.png
split,train
model,result_0163,0.5725526701964322,0.5413506264465853,-3,98
model,result_0657,0.5845742432096672,0.3913124496648732,0,185
model,result_0914,0.8031875084414917,0.9599361697008902,-4,45
