background,bayreuth_000000_000033.png
split,train
model,result_0388,0.10267947384672049,0.5914460886319357,-3,50
model,result_0499,0.6268840743007975,0.5240563602978573,-4,169
model,result_0844,0.7389422227036746,0.6146843809737566,-2,70
