background,augsburg_000000_000438.png
split,train
model,result_0467,0.04933790631388979,0.4939979535349162,2,13
model,result_0154,0.7241161098133992,0.9406398013090039,3,231
