background,wurzburg_000000_000509.png
split,train
model,result_0367,0.9604228346610275,0.45573197452846026,-4,136
model,result_0822,0.47189931570680765,0.9970055255690359,3,303
