background,muhlheim-ruhr_000000_000551.png
split,train
model,result_0992,0.7154202435846104,0.9588415370584333,2,178
