background,konigswinter_000000_000012.png
split,train
model,result_0338,0.5954746644295276,0.7560074910359145,2,8
