background,oberhausen_000000_000707.png
split,train
model,result_0871,0.21876288035888825,0.5115827510652398,-1,9
model,result_0878,0.9721914085216535,0.7018943701260502,0,154
model,result_0004,0.9649850096513477,0.34259983832971047,-4,89
