background,konstanz_000000_001312.png
split,train
model,result_0983,0.6295460978286789,0.3471850607342445,1,21
model,result_0996,0.7669119520322024,0.5514773971873141,0,26
model,result_0266,0.8281558168563212,0.29323223987364877,-4,248
