background,dortmund_000000_000971.png
split,train
model,result_0477,0.9494129381956103,0.7073710552704455,-3,207
model,result_0949,0.03178534983392234,0.7322456108708187,1,16
model,result_0324,0.12270553307990506,0.37132140242688927,3,103
