background,schweinfurt_000000_000037.png
split,train
model,result_0154,0.5324303964197997,0.29672622225859924,2,246
