background,freiburg_000000_000702.png
split,train
model,result_0784,0.44016085228714197,0.6894313785888637,-2,79
