background,mannheim_000000_000448.png
split,train
model,result_0472,0.17066681146695895,0.41499256856884886,-1,205
model,result_0981,0.5259085998699342,0.5332302774636092,3,23
