background,bayreuth_000000_000451.png
split,train
model,result_0606,0.27675852967129466,0.432988716327228,-3,278
model,result_0082,0.27857980305948293,0.723395215567533,2,30
