background,konstanz_000000_000176.png
split,train
model,result_0328,0.8571620756935402,0.7904385230769413,-2,8
model,result_0879,0.6026036465350273,0.5191064297875004,3,222
