background,karlsruhe_000000_000356.png
split,train
model,result_0061,0.5564726332703862,0.9720320368759572,1,36
