background,wuppertal_000000_000744.png
split,train
model,result_0775,0.3389541517443728,0.44826235617990323,-1,38
model,result_0075,0.0017416088662064455,0.3896488583741446,3,299
