background,augsburg_000000_000478.png
split,train
model,result_0678,0.6650274789770584,0.7463074500770006,-3,0
