background,duisburg_000000_000062.png
split,train
model,result_0694,0.19107561019546548,0.9590896376873183,-3,52
model,result_0319,0.30642594694636627,0.5931112400946353,0,87
model,result_0477,0.06901120851368014,0.5035591368456452,2,236
