background,muhlheim-ruhr_000000_000921.png
split,train
model,result_0960,0.5786909702766281,0.7363466495060664,3,169
