background,heilbronn_000000_000620.png
split,train
model,result_0542,0.4984456680930325,0.9926518479099717,-1,332
model,result_0674,0.4662085537751165,0.4461205107422828,4,228
model,result_0146,0.790725888146949,0.9887029527714284,-4,357
