background,schweinfurt_000000_000562.png
split,train
model,result_0542,0.1850919557085885,0.4042990540659281,2,92
model,result_0674,0.07584934872515225,0.3449618088186319,4,256
