background,nuremberg_000000_001363.png
split,train
model,result_0127,0.3600536274332474,0.4484953618626355,4,216
model,result_0022,0.0374876071998691,0.6798705684549546,3,310
model,result_0061,0.5153835112696805,0.4436363348932396,4,65
