background,lindau_000046_000019.png
split,train
model,result_0036,0.15828648486225205,0.28848829392527897,4,274
model,result_1000,0.47659279966933765,0.8900487242377442,-4,276
