background,karlsruhe_000000_000852.png
split,train
model,result_0879,0.49964144073368644,0.9966288677986823,-2,307
model,result_0542,0.5684179490298381,0.6926807738646239,3,250
