background,oberhausen_000000_000306.png
split,train
model,result_0949,0.7534209469017056,0.39786711908854194,-4,355
model,result_0324,0.6127788076125412,0.38976893873240726,2,229
model,result_0173,0.5264243348041105,0.362930357498182,2,79
