background,dortmund_000000_000187.png
split,train
model,result_0524,0.8954567152151138,0.5519359007701592,-2,28
model,result_0199,0.7788017337128448,0.7453297900146311,0,114
