background,mannheim_000000_000684.png
split,train
model,result_0510,0.25641033847638417,0.7768045754445883,-2,208
model,result_0328,0.7880148849082894,0.9026490837508508,2,343
