background,mannheim_000000_000297.png
split,train
model,result_0632,0.7573600031490112,0.7417156015291851,3,229
