background,dortmund_000000_001092.png
split,train
model,result_0612,0.618165583380634,0.346544614293683,4,16
