background,muhlheim-ruhr_000000_000559.png
split,train
model,result_0989,0.5005282417302179,0.5253560818206462,1,311
model,result_0803,0.04283061272338984,0.968306302917033,4,170
