background,augsburg_000000_000083.png
split,train
model,result_0784,0.9003129983338884,0.6128814641009237,2,296
model,result_0924,0.5393029420896776,0.9678977396511019,4,184
