background,muhlheim-ruhr_000000_000476.png
split,train
model,result_0193,0.006577374509461054,0.6838155626555793,-2,244
model,result_0036,0.8615507242273386,0.5577387781343075,-2,316
