background,wurzburg_000000_001610.png
split,train
model,result_0949,0.1378362015941672,0.6064977409640916,0,21
model,result_0324,0.6602122595283766,0.9754005504397073,-1,92
