background,mannheim_000000_000448.png
split,train
model,result_0527,0.9192769009861383,0.8236482577176135,4,336
