background,schweinfurt_000000_000021.png
split,train
model,result_0373,0.4775248107549708,0.7702898324728963,4,257
model,result_0191,0.7480391745307537,0.9355862804656445,1,128
model,result_0775,0.8221631397518219,0.7419974909359581,3,336
