background,dortmund_000000_000553.png
split,train
model,result_0562,0.3729841458685563,0.30511962074998317,2,66
model,result_0215,0.9036836549121358,0.5950450173755143,4,72
