background,lindau_000049_000019.png
split,train
model,result_0324,0.25131124509230196,0.6869320595466484,-1,90
model,result_0173,0.4640694834250123,0.6616672790066587,0,138
model,result_0751,0.7406315889747006,0.6934699729852953,4,329
