background,schweinfurt_000000_000650.png
split,train
model,result_0510,0.757036231428523,0.6775535412933715,-3,209
model,result_0328,0.07761856612117979,0.40557047753863984,-1,325
