background,karlsruhe_000000_000002.png
split,train
model,result_0527,0.9908156217443884,0.529637403773711,0,328
