background,muhlheim-ruhr_000000_000688.png
split,train
model,result_0945,0.22532904142584953,0.5173001763185474,-4,172
model,result_0612,0.5723642708465069,0.8950285928441974,3,122
