background,karlsruhe_000000_000560.png
split,train
model,result_0924,0.1611016504003272,0.5047326194820173,4,277
model,result_0866,0.8745012985000119,0.9167975151857982,3,358
