background,saarbrucken_000000_000502.png
split,train
model,result_0992,0.5084179157596449,0.48617964158584265,-1,138
model,result_0394,0.47895427573091365,0.38739139588395455,1,121
model,result_0163,0.07349679281684773,0.3437693550551438,-1,208
