background,duisburg_000000_000770.png
split,train
model,result_0793,0.4975408243920515,0.8875024875004469,3,312
model,result_0686,0.7009433531663234,0.7720193460403303,-2,250
model,result_0805,0.31300892598889296,0.5364329148593537,1,60
