background,konstanz_000000_001372.png
split,train
model,result_0847,0.7186010147851262,0.6654678473581801,4,29
model,result_0646,0.4732684817295524,0.993592074012885,0,205
model,result_0586,0.5024030442947409,0.6592842766496784,0,255
