background,augsburg_000000_001344.png
split,train
model,result_0247,0.9455178083199665,0.5551324221758759,0,56
model,result_0239,0.08199679152748118,0.49535625225495855,-2,235
