background,muhlheim-ruhr_000000_000463.png
split,train
model,result_0542,0.7422914247416086,0.390996468421699,0,68
