background,heidelberg_000000_000589.png
split,train
model,result_0991,0.42429779359462516,0.7294395261375459,0,216
