background,schweinfurt_000000_000099.png
split,train
model,result_0949,0.7975348170749851,0.3426540821551925,-2,65
model,result_0324,0.30457199009603886,0.3710252379310445,-2,121
model,result_0173,0.6504876025786817,0.5371470430291378,1,73
