background,konigswinter_000000_000098.png
split,train
model,result_0319,0.4432170089265004,0.7924838470097512,-4,321
model,result_0477,0.8069914866587177,0.6603103119686881,-1,203
