background,freiburg_000000_000006.png
split,train
model,result_0477,0.996416306496815,0.497396555101144,-1,313
model,result_0949,0.7881323435674771,0.2848931641901345,3,340
