background,konstanz_000000_000409.png
split,train
model,result_1000,0.39161342583498826,0.413335596610788,-4,216
model,result_0367,0.13833262789202638,0.8085552065100543,4,60
