background,tubingen_000117_000019.png
split,train
model,result_0989,0.09024419437555586,0.28661348053100033,1,93
