background,strasbourg_000001_065572.png
split,train
model,result_0657,0.16147847272283544,0.36283373886903636,-2,76
model,result_0914,0.08253622822668671,0.4639853234427458,0,189
