background,muhlheim-ruhr_000000_001148.png
split,train
model,result_0931,0.6714080143040472,0.9405024229777382,-4,222
