background,muhlheim-ruhr_000000_000964.png
split,train
model,result_0646,0.9246164528777243,0.27374610460480464,-3,104
model,result_0586,0.909269807764937,0.9528137937320935,-4,293
model,result_0989,0.05891373329724903,0.33514472279158325,-2,35
