background,dusseldorf_000118_000019.png
split,train
model,result_0385,0.7400442504463486,0.8283543377547773,-4,251
model,result_0991,0.5063682267849181,0.6610553696062347,-4,143
model,result_0373,0.9368803070683576,0.42182563787245475,-2,6
