background,heilbronn_000000_000269.png
split,train
model,result_0527,0.5293989837425244,0.6717282351374098,4,38
model,result_0602,0.8988641185228498,0.7254829687636658,-4,22
model,result_0024,0.6555945850699209,0.6774829003474547,-2,61
