background,monchengladbach_000000_023052.png
split,train
model,result_0239,0.8296100160910527,0.8482341588032146,3,285
