background,oberhausen_000000_000496.png
split,train
model,result_0586,0.3065248564559889,0.2734747004974143,-3,292
