background,muhlheim-ruhr_000000_001143.png
split,train
model,result_0022,0.9058539820823744,0.6331523628577241,0,342
