background,nuremberg_000000_000993.png
split,train
model,result_0542,0.5840531922364636,0.31341950079605785,-3,109
model,result_0674,0.24730164022967982,0.5785802813595873,2,206
model,result_0146,0.7594459581240006,0.9205987656918032,2,19
