background,karlsruhe_000000_000699.png
split,train
model,result_0199,0.3203098101441938,0.43700874667318956,-4,133
model,result_0060,0.4430391153345068,0.9604352952044319,-1,104
model,result_0080,0.6921125958603264,0.2721085362556256,0,216
