background,wurzburg_000000_000967.png
split,train
model,result_0855,0.1804369832071857,0.4619669683806412,4,25
model,result_0338,0.7817398719407533,0.40372522694946744,1,150
model,result_0557,0.21958839963555166,0.49650104737504597,3,170
