background,troisdorf_000000_000115.png
split,train
model,result_0477,0.9590163142875648,0.2530755234892521,3,170
model,result_0949,0.35023408121899713,0.9217149051710561,1,88
