background,heidelberg_000000_000957.png
split,train
model,result_0319,0.574346156374745,0.45804398022712756,3,290
model,result_0477,0.10768546575533389,0.8758436421953062,2,63
model,result_0949,0.07729792670869473,0.4339804822662262,-1,46
