background,dresden_000000_000406.png
split,train
model,result_0822,0.32462929146939845,0.7374225222409578,1,261
