background,karlsruhe_000000_000536.png
split,train
model,result_0981,0.9019867341257993,0.9534214599513406,4,347
model,result_0527,0.4616892493174247,0.8646989478602194,-3,291
model,result_0602,0.9010307490481347,0.4358399727412242,0,146
