background,duisburg_000000_000411.png
split,train
model,result_0960,0.754565904045669,0.7044868528971295,-1,3
