background,wurzburg_000000_000167.png
split,train
model,result_0051,0.6243708690179083,0.627767890572986,1,46
model,result_0739,0.6147254212873485,0.5549264986650468,3,171
