background,bayreuth_000000_000177.png
split,train
model,result_0686,0.31371799467926054,0.28707272788538346,0,313
model,result_0805,0.6644945734593893,0.6648618135394595,4,346
model,result_0039,0.3081830064391077,0.6962164071238319,-3,13
