background,duisburg_000000_000638.png
split,train
model,result_0386,0.5699464523047534,0.9712059341098653,-3,308
model,result_0979,0.632205339074849,0.8763977213619542,-1,265
