background,wurzburg_000000_000018.png
split,train
model,result_0924,0.11197407992681163,0.38128095902915693,-1,87
model,result_0866,0.8254620764874603,0.8577523135977978,-4,143
