background,muhlheim-ruhr_000000_000396.png
split,train
model,result_0862,0.3927198693488724,0.3088999047194678,0,98
model,result_0524,0.21074818712848786,0.3781182406698944,-4,195
model,result_0199,0.3160792743863243,0.7605130422261526,-4,141
