background,karlsruhe_000000_000062.png
split,train
model,result_0995,0.3519422407521833,0.9159202353994971,4,199
model,result_0969,0.40722600366417605,0.5278169177275518,0,266
