background,duisburg_000000_000373.png
split,train
model,result_0586,0.2044172916341076,0.6062653329588539,0,358
model,result_0989,0.7274288317082307,0.45090820605155313,2,72
model,result_0803,0.3141845096878636,0.44456578624220333,4,169
