background,muhlheim-ruhr_000000_001109.png
split,train
model,result_0960,0.23451014712851614,0.49754200615100164,-3,70
model,result_0632,0.6518931732669645,0.3090843807426232,1,360
