background,wurzburg_000000_000210.png
split,train
model,result_0386,0.3877000809513995,0.4383571690815555,3,13
