background,konstanz_000000_001176.png
split,train
model,result_0855,0.673148100480297,0.5316831093344176,3,245
model,result_0338,0.04789027381406519,0.7452318993627739,2,95
