background,dortmund_000000_000760.png
split,train
model,result_0046,0.2562287446484173,0.3151125029125706,-1,66
model,result_0389,0.4944299528497764,0.38996816210714524,4,146
model,result_0164,0.7941182647011721,0.8769747056518348,2,208
