background,karlsruhe_000000_000657.png
split,train
model,result_0060,0.07857003324317346,0.9019596959495209,2,173
