background,dortmund_000000_001081.png
split,train
model,result_0739,0.6398017448681551,0.6383013196094627,0,69
