background,dusseldorf_000100_000019.png
split,train
model,result_0793,0.7094449970519968,0.8423624197734096,-4,214
model,result_0686,0.8198972476076426,0.384671748422898,-4,324
model,result_0805,0.9665061372500082,0.7022798686342763,4,269
