background,nuremberg_000000_000767.png
split,train
model,result_0878,0.9249104304509276,0.5987221406876341,1,256
model,result_0004,0.4433815427639143,0.913603768148423,2,243
