background,duisburg_000000_000264.png
split,train
model,result_0632,0.7881003831619923,0.46601522090335923,-1,156
model,result_0357,0.18647601089258647,0.8564692986368103,3,276
model,result_0046,0.12150421973433101,0.3291860545427655,0,346
