background,schweinfurt_000000_000032.png
split,train
model,result_0199,0.9643120301717981,0.5181363399455027,2,328
model,result_0060,0.29734593825799216,0.5055829130497047,-1,246
model,result_0080,0.5564995695741398,0.9969041012156894,4,250
