background,duisburg_000000_000697.png
split,train
model,result_0751,0.8658142459074027,0.9624565611464178,3,260
