background,muhlheim-ruhr_000000_000960.png
split,train
model,result_0847,0.8683386735400938,0.2593288931665313,-4,103
model,result_0646,0.03512530866491681,0.4272181766543296,3,234
