background,augsburg_000000_000920.png
split,train
model,result_0968,0.866239982062659,0.8769254477553293,2,347
model,result_0847,0.540983857468098,0.6819889083021584,-4,60
model,result_0646,0.3281272276681698,0.6829513643270398,1,112
