background,dortmund_000000_000589.png
split,train
model,result_0805,0.8028567809735332,0.6740592462365064,3,295
