background,nuremberg_000000_001416.png
split,train
model,result_0805,0.37734609381893336,0.35494847126148954,3,291
model,result_0039,0.36995671903444594,0.6575321159381022,0,118
model,result_0386,0.5177922849049801,0.8281127548749917,4,268
