background,muhlheim-ruhr_000000_000441.png
split,train
model,result_0822,0.0021014814569916274,0.6545863495361757,-2,227
model,result_0855,0.9910085412627682,0.3483203478988578,0,194
model,result_0338,0.98337494708671,0.7176389846617792,-1,179
