background,saarbrucken_000000_000125.png
split,train
model,result_0775,0.7382540646256872,0.8456548578429794,-4,220
model,result_0075,0.12521660299978332,0.7237562723165957,0,309
