background,heidelberg_000000_000749.png
split,train
model,result_0173,0.4798230384024291,0.5144828287154509,1,202
