background,augsburg_000000_000338.png
split,train
model,result_0871,0.2117992433358461,0.26151077307952486,4,315
