background,bayreuth_000000_000638.png
split,train
model,result_0164,0.5634023420812772,0.2887533809954728,-2,175
