background,karlsruhe_000000_000736.png
split,train
model,result_0914,0.7885917611571974,0.3041145252755004,0,300
model,result_0193,0.47770774595945076,0.33084224496996906,-3,342
