background,oberhausen_000000_000436.png
split,train
model,result_0945,0.25476442280447165,0.7544706071179166,4,162
model,result_0612,0.12255321332451274,0.45612253650174395,0,319
