background,aachen_000059_000019.png
split,train
model,result_0004,0.8945511082821158,0.7975011049185404,1,121
model,result_0931,0.41811844754545635,0.268505017502254,-4,167
