background,freiburg_000000_000067.png
split,train
model,result_0879,0.8974892099404386,0.8416960752344224,2,111
model,result_0542,0.31028177242841326,0.3137537518896788,4,149
model,result_0674,0.22229064925342756,0.697377571373395,3,340
