background,heidelberg_000000_000831.png
split,train
model,result_0847,0.8258469231180657,0.47618249066777313,3,37
