background,bayreuth_000000_000217.png
split,train
model,result_0805,0.5616928594021676,0.9717354303969853,2,65
model,result_0039,0.205963983701402,0.9922298083433888,4,51
