background,bayreuth_000000_000035.png
split,train
model,result_0606,0.9143446804785389,0.41086344120882556,-1,157
model,result_0082,0.16252132082891113,0.5694154173131486,-2,169
