background,wuppertal_000000_000378.png
split,train
model,result_0367,0.25901266275034096,0.918744808136021,0,65
model,result_0822,0.9848398294584235,0.3396141241215116,-4,240
model,result_0855,0.029885262443349325,0.8172609521786486,0,306
