background,duisburg_000000_000459.png
split,train
model,result_0847,0.3019475744925266,0.9369883084655758,4,204
