background,karlsruhe_000000_001142.png
split,train
model,result_0146,0.3557586038394954,0.6137870309349749,-1,315
model,result_0295,0.3674172136904441,0.3625588255271492,-1,291
