background,karlsruhe_000000_001040.png
split,train
model,result_0931,0.3207386949902007,0.9938386520547675,0,99
model,result_0123,0.3863047661917638,0.8800728048640231,-4,228
