background,heilbronn_000000_000218.png
split,train
model,result_0960,0.6069531646705033,0.9800415607450066,-2,355
model,result_0632,0.1553314525998042,0.37982437767918575,1,70
model,result_0357,0.6727065013466114,0.7905506322395982,4,302
