background,heidelberg_000000_000348.png
split,train
model,result_0989,0.16600015795085954,0.9152918386052215,4,359
model,result_0803,0.18282960461973097,0.6450732130939171,2,141
