background,wurzburg_000000_001498.png
split,train
model,result_0319,0.8539602251915769,0.2979763263358459,2,201
model,result_0477,0.7594497884742647,0.3463578394727489,-4,92
model,result_0949,0.15837881370320106,0.8948714967439515,-2,81
