background,erfurt_000009_000019.png
split,train
model,result_0328,0.625530303487767,0.9183463795374256,-1,190
model,result_0879,0.02500617260328175,0.6939725223984273,3,248
