background,wuppertal_000000_000297.png
split,train
model,result_0678,0.7383490806638126,0.8513392503997445,2,199
model,result_0784,0.712210097737358,0.936812476591157,-3,319
