background,augsburg_000000_000528.png
split,train
model,result_0992,0.21894205880422013,0.3354960465037832,-1,65
model,result_0394,0.4577168667811935,0.8518872815612363,4,341
