background,nuremberg_000000_000031.png
split,train
model,result_0855,0.6223715509553917,0.8471924757632967,2,280
model,result_0338,0.5322348940675856,0.7386780448053223,3,69
