background,konstanz_000000_000164.png
split,train
model,result_0612,0.8883478589119026,0.7444472799481896,3,331
model,result_0283,0.677502602388241,0.3943078777800417,3,43
