background,freiburg_000000_000704.png
split,train
model,result_0046,0.3425596747197551,0.2813948637173417,-2,320
