background,wurzburg_000000_000252.png
split,train
model,result_0527,0.3128022660635218,0.26547150133044684,-4,266
