background,freiburg_000000_000125.png
split,train
model,result_0983,0.4725287237836143,0.46479993491770427,1,221
model,result_0996,0.8606847594971431,0.664755679331983,2,164
