background,karlsruhe_000000_000615.png
split,train
model,result_0983,0.2884893849518967,0.8036775182664737,3,106
model,result_0996,0.5192510082877982,0.7160665980683849,-3,115
model,result_0266,0.15768655829028477,0.30247652389241114,-3,48
