background,karlsruhe_000000_000257.png
split,train
model,result_0127,0.7061553625402381,0.8775596351494982,2,16
model,result_0022,0.5800243649653244,0.3733628860212996,2,354
model,result_0061,0.7495352846113461,0.4823806755869494,0,36
