background,saarbrucken_000000_000156.png
split,train
model,result_0793,0.5370314395616861,0.8683388123743225,-1,327
model,result_0686,0.19402825320162664,0.9802773361503527,-3,293
