background,wuppertal_000000_000579.png
split,train
model,result_0606,0.35613287161232265,0.3947675202963223,1,277
