background,konstanz_000000_000269.png
split,train
model,result_0036,0.43176772545846365,0.37093539139898957,-4,175
model,result_1000,0.5322584056854108,0.3157370086206711,-4,307
