background,schweinfurt_000000_000085.png
split,train
model,result_0266,0.9142095062362924,0.5683694246484102,2,89
model,result_0862,0.4554199890089411,0.641127851515139,-4,334
model,result_0524,0.047457498534322684,0.43699628821830255,-2,220
