background,duisburg_000000_000263.png
split,train
model,result_0981,0.559689099640315,0.2576856859314006,-4,312
