background,bayreuth_000000_000740.png
split,train
model,result_0949,0.14314981517059033,0.8513175206886614,-1,320
model,result_0324,0.8591416194558601,0.500751063446957,-4,331
