background,nuremberg_000000_000973.png
split,train
model,result_0154,0.6745935162825147,0.30959040565283186,3,127
model,result_0562,0.10682131998608946,0.9667501245338741,4,201
model,result_0215,0.40079793430892985,0.6597282544222915,4,123
