background,mannheim_000000_000052.png
split,train
model,result_0472,0.36021137184442487,0.9575006937808991,0,215
model,result_0981,0.5051767844188976,0.7902720390619907,-3,154
model,result_0527,0.9247350617707333,0.28217750715828416,-4,38
