background,karlsruhe_000000_000559.png
split,train
model,result_0989,0.4088471146985603,0.6325852091797475,-4,85
model,result_0803,0.6776758487841599,0.8817591761602754,4,117
model,result_0192,0.05186361802325823,0.9743181733844717,0,274
