background,nuremberg_000000_000457.png
split,train
model,result_0983,0.6271226195386959,0.5125734094696168,2,212
model,result_0996,0.9265176334687409,0.7234456618574971,0,294
