background,heidelberg_000000_000130.png
split,train
model,result_0036,0.24607751481928863,0.523736102230664,1,146
model,result_1000,0.6664119928881924,0.8980297786392034,-2,0
