background,freiburg_000000_000033.png
split,train
model,result_0775,0.38324730591982237,0.573448256430559,0,256
model,result_0075,0.4879924747425941,0.7934859734826785,0,328
