background,dortmund_000000_000978.png
split,train
model,result_0036,0.6636547411371536,0.3681272630701866,0,248
model,result_1000,0.2220693558635124,0.7145958123159266,2,50
