background,freiburg_000000_000362.png
split,train
model,result_0123,0.4941263736511964,0.7151356175208508,4,354
