background,muhlheim-ruhr_000000_000102.png
split,train
model,result_0646,0.6177870597915773,0.7266781336095773,2,9
