background,karlsruhe_000000_001054.png
split,train
model,result_0995,0.12736831892635603,0.5181848074955082,-1,100
model,result_0969,0.87616521929949,0.9670832420806157,-3,65
model,result_0793,0.7867040821573648,0.7131117568864979,-2,118
