background,heilbronn_000000_000449.png
split,train
model,result_0989,0.06941893069239025,0.3547247748956773,-4,160
