background,schweinfurt_000000_000064.png
split,train
model,result_0338,0.501484141903164,0.3640140663417347,1,91
model,result_0557,0.31249976438313476,0.8112627648009643,-1,277
