background,konstanz_000000_000089.png
split,train
model,result_0288,0.2244815587514548,0.6187796479441429,-3,339
model,result_0247,0.8073648336855557,0.5653157175676361,-1,275
