background,freiburg_000000_000067.png
split,train
model,result_0686,0.7007670209891695,0.7192004031686676,4,317
