background,heidelberg_000000_000712.png
split,train
model,result_0472,0.10922001800064152,0.5887927626770415,4,76
model,result_0981,0.6763065954872012,0.5049980658316866,4,164
model,result_0527,0.9932874450802497,0.4552227654757546,4,18
