background,augsburg_000000_000515.png
split,train
model,result_0388,0.3415197999162074,0.7540619839138998,3,176
model,result_0499,0.24669166385512498,0.6700229237615816,-2,262
model,result_0844,0.5304973953820808,0.6579842635908495,-2,172
