background,bremen_000115_000019.png
split,train
model,result_0524,0.5386298048865167,0.8534132632162017,-1,302
model,result_0199,0.12363596240996877,0.8783212995038365,-4,151
