background,bamberg_000000_000191.png
split,train
model,result_0075,0.30703371739633234,0.8954301627658674,-3,129
model,result_0992,0.32159558189142157,0.8704571420074267,-4,206
