background,dusseldorf_000134_000019.png
split,train
model,result_0862,0.20660014377670843,0.9269930120726491,-1,189
