background,dusseldorf_000021_000019.png
split,train
model,result_0510,0.2938754701427839,0.341218973015248,3,6
model,result_0328,0.6962148089620613,0.511481092360277,0,135
