background,konigswinter_000000_000008.png
split,train
model,result_0914,0.33387035507574103,0.9052571890595003,4,103
