background,bayreuth_000000_000591.png
split,train
model,result_0981,0.4261505863905273,0.8951001885583367,2,198
