background,bayreuth_000000_000590.png
split,train
model,result_0239,0.0856452336253749,0.3677762699416933,2,185
model,result_0051,0.6492939362032906,0.8006057923450152,-4,85
model,result_0739,0.7917961652382717,0.2656586884670376,-4,103
