background,duisburg_000000_000108.png
split,train
model,result_0164,0.05625809908142321,0.8249502756631452,4,334
