background,nuremberg_000000_001345.png
split,train
model,result_0775,0.7365891405736964,0.6827122262630505,2,310
model,result_0075,0.8110864725482438,0.9789002545738741,-3,106
model,result_0992,0.46440502108308224,0.30626777382440407,3,154
