background,oberhausen_000000_000678.png
split,train
model,result_0866,0.658555528989267,0.4239868812652438,3,97
