background,mannheim_000000_000075.png
split,train
model,result_0199,0.0710511451610093,0.29831131549665185,3,187
