background,saarbrucken_000000_000392.png
split,train
model,result_0389,0.34072015608005357,0.9469505930429725,-3,19
model,result_0164,0.8865429517711636,0.7063629367943496,4,359
model,result_0440,0.7589415121724556,0.3967827653724145,-3,227
