background,dortmund_000000_000778.png
split,train
model,result_0674,0.06052376007207527,0.44917413729486366,3,233
model,result_0146,0.06504116566543916,0.9168686198812539,-1,299
