background,wurzburg_000000_001324.png
split,train
model,result_0218,0.4197227746314054,0.3520020277300405,2,212
