background,mannheim_000000_000123.png
split,train
model,result_0319,0.26889193342402884,0.5704522178389717,-1,262
model,result_0477,0.802020763273748,0.5250454735146295,-2,206
