background,weimar_000097_000019.png
split,train
model,result_0914,0.7641787969002308,0.3660842547332417,-1,168
model,result_0193,0.8865288869094682,0.9513364707397041,-3,70
