background,muhlheim-ruhr_000000_000988.png
split,train
model,result_0822,0.1409565966120757,0.8608400181072722,-2,57
model,result_0855,0.0016562786872502677,0.7589320363190565,4,283
