background,augsburg_000000_001435.png
split,train
model,result_0879,0.6042631362271207,0.47219459767969063,1,303
model,result_0542,0.7871473295173739,0.8707734930653072,-2,58
model,result_0674,0.5778391426803154,0.5321171085251826,4,177
