background,heilbronn_000000_000372.png
split,train
model,result_0739,0.3170705893860395,0.5022858082784891,-3,286
