background,karlsruhe_000000_000452.png
split,train
model,result_0979,0.18066065661132458,0.7232880398403924,-2,46
model,result_0871,0.04322346828939416,0.6404948202662866,4,239
