background,augsburg_000000_000877.png
split,train
model,result_0931,0.5405595642640864,0.555429339996037,-1,327
