background,schweinfurt_000000_000207.png
split,train
model,result_0173,0.03719466542085892,0.5710354328829325,3,262
model,result_0751,0.5650880623576713,0.6975126574245716,3,86
