background,duisburg_000000_000144.png
split,train
model,result_0394,0.5025291927920323,0.5991830087264723,-2,302
