background,wurzburg_000000_001399.png
split,train
model,result_0678,0.15053756408951868,0.6075785751302625,-2,147
model,result_0784,0.07173851722637137,0.7278890861028737,3,167
model,result_0924,0.4513623438931599,0.6845318085893362,0,349
