background,heidelberg_000000_000666.png
split,train
model,result_0586,0.8194168524669232,0.456708902868446,1,298
model,result_0989,0.4102348326637588,0.5240117811393253,-1,34
model,result_0803,0.057570191110588254,0.8678340059820162,-4,118
