background,muhlheim-ruhr_000000_000896.png
split,train
model,result_0924,0.36569233976427173,0.8732814561264083,-1,360
