background,konstanz_000000_001216.png
split,train
model,result_0075,0.24591582639964626,0.8116059465060644,1,240
