background,nuremberg_000000_000582.png
split,train
model,result_0871,0.50130274028732,0.6252984008583947,3,309
model,result_0878,0.119987078457089,0.5063025892844036,2,338
