background,erfurt_000021_000019.png
split,train
model,result_0367,0.26133534898983835,0.6728635759599233,4,116
