background,heilbronn_000000_000076.png
split,train
model,result_0357,0.2877417140513573,0.5093120416763972,-3,312
model,result_0046,0.5301235419741159,0.8447974680589768,4,69
model,result_0389,0.9098427199371513,0.8793373575618308,1,80
