background,bad-honnef_000000_000075.png
split,train
model,result_0949,0.21127277533097188,0.4173902225781346,2,1
