background,heidelberg_000000_000608.png
split,train
model,result_0389,0.05998959805725679,0.27343034679292066,2,99
model,result_0164,0.13120340620615167,0.5342468758702752,-3,41
model,result_0440,0.42401908359718266,0.5475879973273012,-2,79
