background,konstanz_000000_000790.png
split,train
model,result_0164,0.856128885800064,0.3076587656430959,4,342
model,result_0440,0.8340633098522061,0.8361901956775397,3,240
model,result_0484,0.7444446976841991,0.6580997849953256,2,144
