background,bayreuth_000000_000054.png
split,train
model,result_0173,0.04269648681486493,0.2893541778522769,0,25
