background,oberhausen_000000_000016.png
split,train
model,result_0606,0.038482572125512204,0.7241416056880886,4,333
model,result_0082,0.45125828548115543,0.8288404774668603,-4,43
