background,dusseldorf_000183_000019.png
split,train
model,result_1000,0.28387791165726206,0.7968337217232939,-4,303
