background,wurzburg_000000_001040.png
split,train
model,result_0793,0.5140743093814937,0.30461150043014007,4,189
model,result_0686,0.48484286591135073,0.32238610660566847,3,8
