background,duisburg_000000_000195.png
split,train
model,result_0822,0.28626104438615463,0.7158591785261239,4,273
