background,mannheim_000000_000273.png
split,train
model,result_0795,0.4089309953564606,0.8651783051937701,2,22
