background,duisburg_000000_000642.png
split,train
model,result_0499,0.2001326784005485,0.716709953986348,-2,339
model,result_0844,0.31679627564643953,0.9749200047004677,2,347
