background,augsburg_000000_000497.png
split,train
model,result_0968,0.4260095861997858,0.25610472569823195,3,63
