background,oberhausen_000000_000029.png
split,train
model,result_0388,0.25707941733612283,0.7333956411884539,-3,93
model,result_0499,0.7304795286164241,0.9600923464839444,-4,141
