background,saarbrucken_000000_000329.png
split,train
model,result_0004,0.6387856925010943,0.7180631548137589,-2,288
model,result_0931,0.06880572158883891,0.4598088903220063,1,117
model,result_0123,0.9719288768851773,0.36730866431928,1,93
