background,bamberg_000000_000296.png
split,train
model,result_0082,0.7415037084640723,0.6397396284301115,0,166
model,result_0945,0.3048025208077333,0.5504436602584242,-3,237
