background,dresden_000000_000405.png
split,train
model,result_0199,0.4292945402856936,0.48550438514213956,2,100
model,result_0060,0.8028412719788408,0.34948038240063717,-2,299
model,result_0080,0.06891257595482192,0.320009545158559,-2,80
