background,schweinfurt_000000_000108.png
split,train
model,result_0173,0.13972116939846413,0.6148200585534151,4,20
model,result_0751,0.47969003270309263,0.4899702842161594,2,118
