background,dusseldorf_000200_000019.png
split,train
model,result_0983,0.8811251301010037,0.4582258081341023,0,156
model,result_0996,0.890026189664025,0.7829832968265574,-3,111
model,result_0266,0.596582401213054,0.514052180452004,1,213
