background,nuremberg_000000_001053.png
split,train
model,result_0847,0.15349084867030105,0.6810719785595561,0,66
