background,wurzburg_000000_000978.png
split,train
model,result_0775,0.8950347420443995,0.6438560829367813,1,69
