background,bayreuth_000000_000669.png
split,train
model,result_0983,0.1442668909254855,0.5460081221829693,-2,43
model,result_0996,0.6303206294282117,0.8749548164292791,-2,197
