background,saarbrucken_000000_000050.png
split,train
model,result_0803,0.6117350023676678,0.8743031218620488,-2,255
