background,freiburg_000000_000654.png
split,train
model,result_0632,0.08906481329355198,0.44936050159156526,4,210
model,result_0357,0.6977986133987214,0.9649291149628709,-2,223
