background,bremen_000147_000019.png
split,train
model,result_0793,0.9820387823966237,0.3166767620916785,-1,133
