background,augsburg_000000_000717.png
split,train
model,result_0218,0.5940966576622557,0.9883086107537682,-4,165
