background,saarbrucken_000000_000158.png
split,train
model,result_0739,0.14367434630379305,0.3020741044112587,4,46
model,result_0960,0.8038508929132597,0.43930075772591404,0,300
model,result_0632,0.3881442440338666,0.6116799544319965,-2,98
