background,nuremberg_000000_001050.png
split,train
model,result_0646,0.3474272827645575,0.8428251936809816,3,201
