background,strasbourg_000000_018874.png
split,train
model,result_0914,0.7098912804075178,0.5006754243701582,2,158
model,result_0193,0.8327220833994142,0.6120834402374314,-1,202
model,result_0036,0.02125826429651556,0.4163026626327275,4,192
