background,heidelberg_000000_000119.png
split,train
model,result_0338,0.32493731341743337,0.5005390881799663,-1,340
model,result_0557,0.14372995685793366,0.9973188300227814,4,327
model,result_0544,0.6700589359966884,0.2683836791217513,-3,305
