background,karlsruhe_000000_000738.png
split,train
model,result_0557,0.21304646240881397,0.6912847451041418,-2,151
