background,wurzburg_000000_000979.png
split,train
model,result_0969,0.27893344304453405,0.6283735903030409,-1,351
model,result_0793,0.8315017406066777,0.4328929296531545,4,330
