background,heidelberg_000000_000639.png
split,train
model,result_0373,0.6749790762194491,0.78973746786151,0,336
model,result_0191,0.3279438936057,0.7806212151583276,-3,69
