background,muhlheim-ruhr_000000_000659.png
split,train
model,result_0544,0.11680413332273831,0.9598454708371548,-4,167
