background,saarbrucken_000000_000345.png
split,train
model,result_0999,0.2000805055677024,0.57777470495006,-4,59
