background,duisburg_000000_000785.png
split,train
model,result_0991,0.4758786733235931,0.4609296709159587,0,348
