background,augsburg_000000_000364.png
split,train
model,result_0127,0.5979396881761346,0.6994604804059512,3,0
model,result_0022,0.3180712644943914,0.6832073198653763,-1,80
model,result_0061,0.6160140726727239,0.3543448628307292,0,270
