background,duisburg_000000_000430.png
split,train
model,result_0022,0.4441264427628413,0.8765675035778249,2,244
