background,dresden_000000_000151.png
split,train
model,result_0960,0.7161296909792209,0.5090236227352236,1,297
model,result_0632,0.9154431750947734,0.9883200013880339,4,99
