background,darmstadt_000036_000019.png
split,train
model,result_0602,0.8964814869117596,0.3845536693609187,-4,222
model,result_0024,0.18741523489951206,0.4501088643909029,1,68
model,result_0288,0.6057523640406094,0.3634284068014301,4,165
