background,konstanz_000000_000463.png
split,train
model,result_0191,0.2768882290904833,0.849624809549168,3,268
