background,nuremberg_000000_001052.png
split,train
model,result_0989,0.31255500940966674,0.8673527010182429,-2,89
