background,karlsruhe_000000_000053.png
split,train
model,result_0657,0.8907169011118182,0.688892125282047,4,204
model,result_0914,0.14089830229309563,0.30235081513396544,4,70
