background,augsburg_000000_001062.png
split,train
model,result_0992,0.5277615090250719,0.42725695223311855,-1,238
model,result_0394,0.18950280087365468,0.7275957040678197,-1,255
