background,konstanz_000000_001115.png
split,train
model,result_0324,0.6596276868756149,0.49118879730194165,-2,269
