background,augsburg_000000_001083.png
split,train
model,result_0999,0.48745590316195,0.436969458623919,3,223
