background,aachen_000159_000019.png
split,train
model,result_0861,0.7862907685755182,0.76160231186575,1,321
model,result_0882,0.9286047433149325,0.8251287595245378,-2,70
