background,karlsruhe_000000_001021.png
split,train
model,result_1000,0.3052649151597223,0.5404386564789838,1,47
model,result_0367,0.8710178632748267,0.48541531055172926,4,110
