background,dortmund_000000_000728.png
split,train
model,result_0075,0.07989228222153644,0.7965965075632386,-1,270
model,result_0992,0.8496879965910151,0.4155203185240023,-2,254
