background,heilbronn_000000_000402.png
split,train
model,result_0674,0.7351872387349606,0.7113322590195996,2,226
model,result_0146,0.8110722859304148,0.8812444935887727,-3,352
