background,dortmund_000000_001014.png
split,train
model,result_0678,0.33809184815879234,0.2716806764141104,4,2
model,result_0784,0.3092502813915068,0.6316969584692298,4,274
