background,heidelberg_000000_000723.png
split,train
model,result_0945,0.11994787299229204,0.9039888569867349,2,326
