background,mannheim_000000_000285.png
split,train
model,result_0386,0.2197434085316322,0.33867679249001365,2,197
model,result_0979,0.15077954547904382,0.8141263419755456,2,274
