background,dortmund_000000_000450.png
split,train
model,result_0931,0.6946860157869846,0.9636780618405002,2,221
