background,karlsruhe_000000_001084.png
split,train
model,result_0288,0.516073957646639,0.4712805867569042,2,101
