background,weimar_000051_000019.png
split,train
model,result_0844,0.5125364997761038,0.35482677227604237,0,317
