background,dortmund_000000_000970.png
split,train
model,result_0524,0.5141809679635913,0.3064011499095862,-3,333
model,result_0199,0.13203262095964208,0.5777104797418003,-1,153
model,result_0060,0.2157775725559372,0.2543893185501699,4,43
