background,freiburg_000000_000485.png
split,train
model,result_0039,0.5302265578830525,0.7502416521869935,1,33
model,result_0386,0.11967339786214637,0.6044386202487302,4,314
model,result_0979,0.2619978797547047,0.46336171291517236,4,27
