background,wurzburg_000000_001348.png
split,train
model,result_0793,0.23226537832205296,0.4940936275715623,1,304
model,result_0686,0.6954974326321033,0.5364551451006402,-2,198
