background,konstanz_000000_000163.png
split,train
model,result_0862,0.06960733316241408,0.4269183914004978,3,107
model,result_0524,0.23195699168110695,0.5248804332602903,0,266
