background,schweinfurt_000000_000381.png
split,train
model,result_0844,0.7068463192233784,0.8031640305411714,-2,173
