background,muhlheim-ruhr_000000_000724.png
split,train
model,result_0367,0.6670043141669005,0.3719023635000518,2,178
