background,bayreuth_000000_000728.png
split,train
model,result_0051,0.5463718969980534,0.6018724409511084,-1,197
