background,karlsruhe_000000_000182.png
split,train
model,result_0239,0.47499253544363373,0.46150053653669265,-4,161
