background,karlsruhe_000000_000180.png
split,train
model,result_0606,0.5802372104506863,0.3667761180283562,2,178
model,result_0082,0.37988912427045285,0.691953767784622,-1,296
