background,bayreuth_000000_000227.png
split,train
model,result_0215,0.024675899470799845,0.6005517187958479,4,335
model,result_0332,0.49053291460512227,0.2741342611669666,1,323
model,result_0385,0.49357176010339565,0.43132098774904004,-3,148
