background,muhlheim-ruhr_000000_000040.png
split,train
model,result_0385,0.3093727915029115,0.7380363329549561,-1,229
model,result_0991,0.7053025371990621,0.5761690487380855,3,306
model,result_0373,0.5369436841656935,0.8753819575262695,2,166
