background,augsburg_000000_001000.png
split,train
model,result_0394,0.7105863421154797,0.5781445410693491,-1,109
model,result_0163,0.014660970127687523,0.9526128634780792,0,285
