background,bayreuth_000000_000763.png
split,train
model,result_0775,0.7460746865421003,0.640503084246635,1,74
model,result_0075,0.7805877388343319,0.8405445057416491,-4,178
