background,augsburg_000000_000392.png
split,train
model,result_0945,0.07142724558362035,0.4714443633708779,1,92
