background,konstanz_000000_000417.png
split,train
model,result_0319,0.011863209325993496,0.2718966211291308,3,186
model,result_0477,0.4397754356793895,0.29512983451635855,2,60
model,result_0949,0.644809710904021,0.9637008199591743,2,229
