background,muhlheim-ruhr_000000_000146.png
split,train
model,result_0542,0.16485929814367217,0.7075190707058596,3,273
model,result_0674,0.16260659534431832,0.4922868212200242,2,22
