background,augsburg_000000_001211.png
split,train
model,result_0338,0.5287746059785576,0.7010302421270606,0,87
