background,dusseldorf_000136_000019.png
split,train
model,result_0602,0.578873308973962,0.42517434273148225,-4,327
model,result_0024,0.464426659456167,0.25049096348161054,0,254
