background,karlsruhe_000000_000849.png
split,train
model,result_0612,0.20033405146836591,0.8537543713273125,-4,306
