background,heilbronn_000000_000606.png
split,train
model,result_0060,0.021179616519405253,0.9315062215958689,0,13
model,result_0080,0.2561188835149957,0.8642337402181562,1,198
