background,muhlheim-ruhr_000000_000265.png
split,train
model,result_0822,0.7874082704548918,0.6337747343183264,3,23
model,result_0855,0.3554219549643137,0.4144944715435284,-1,265
model,result_0338,0.6938410689414051,0.7611452803232002,4,194
