background,nuremberg_000000_000866.png
split,train
model,result_0632,0.6053191309246574,0.8295844495036485,2,99
