background,wurzburg_000000_000688.png
split,train
model,result_0218,0.04900431657736104,0.7993485424601661,1,18
model,result_0694,0.55898404155587,0.8365649552495131,0,172
