background,mannheim_000000_000945.png
split,train
model,result_0127,0.7517295018084017,0.9137250417794957,1,37
model,result_0022,0.28282337877545816,0.4307362172537346,-3,0
model,result_0061,0.6998795414318902,0.25862945605264787,-4,37
