background,augsburg_000000_001356.png
split,train
model,result_0960,0.6178637737783046,0.31090024135396066,1,67
model,result_0632,0.31039783309390634,0.6664230187518037,2,52
model,result_0357,0.9725354802308517,0.5622991322143965,4,144
