background,mannheim_000000_000639.png
split,train
model,result_0879,0.2046538334167548,0.40414954754344323,0,306
