background,konstanz_000000_000464.png
split,train
model,result_0247,0.6093669243546793,0.7552322033687311,4,27
