background,augsburg_000000_000510.png
split,train
model,result_0999,0.21347845962382317,0.9257971484864037,0,170
model,result_0510,0.8275186397732217,0.7558274035419177,3,117
model,result_0328,0.4232749891616123,0.9885886576531001,-4,160
