background,augsburg_000000_000289.png
split,train
model,result_0328,0.5377991678470194,0.9052318052940358,4,243
model,result_0879,0.8852198607871012,0.8288308693406286,3,136
model,result_0542,0.586791353770278,0.7317502230130118,-2,85
