background,heidelberg_000000_000229.png
split,train
model,result_0981,0.6699734303734268,0.8345155241209388,-1,74
model,result_0527,0.12069148368743154,0.8598262442459871,-2,31
model,result_0602,0.3795725505559855,0.6030253161196502,-1,311
