background,nuremberg_000000_000560.png
split,train
model,result_0586,0.22558814839778185,0.7977013535770965,3,115
model,result_0989,0.6711219907914505,0.7456357435861608,-4,31
