background,heilbronn_000000_000692.png
split,train
model,result_0247,0.6916846780735199,0.5749915526015578,-2,15
