background,karlsruhe_000000_000059.png
split,train
model,result_0678,0.042721667718282896,0.6312050098114828,-2,96
