background,duisburg_000000_000606.png
split,train
model,result_0328,0.8533753930208317,0.6624149268225192,-4,354
