background,wurzburg_000000_000094.png
split,train
model,result_0266,0.48079357921012766,0.5726164574814365,4,161
model,result_0862,0.65203112761234,0.9430110452924756,-3,122
