background,saarbrucken_000000_000370.png
split,train
model,result_0075,0.6737788577656197,0.5542093321603297,-3,309
model,result_0992,0.22284728407240428,0.8561135735369629,1,212
