background,wuppertal_000000_000856.png
split,train
model,result_0154,0.8747033603577611,0.618081318205116,1,279
model,result_0562,0.9895887618830678,0.6394688984243305,-4,61
model,result_0215,0.4828896015767883,0.4621665183260286,1,318
