background,oberhausen_000000_000221.png
split,train
model,result_0751,0.45859762817841443,0.7897607732915203,-1,253
model,result_0678,0.10147725182038947,0.4720263527997667,0,82
