background,heidelberg_000000_000218.png
split,train
model,result_0803,0.6060153513596963,0.6049277580686855,-3,262
