background,karlsruhe_000000_000845.png
split,train
model,result_0051,0.2587618846973688,0.5445538835777252,-3,278
model,result_0739,0.9360129376418335,0.8498749711549256,-1,201
model,result_0960,0.40477555781624264,0.9365249075893693,-3,248
