background,nuremberg_000000_000102.png
split,train
model,result_0319,0.938961376991952,0.8694462465121638,0,329
model,result_0477,0.05302323311296642,0.5203796681366868,-2,192
model,result_0949,0.4557344855643406,0.7683410019963997,-4,39
