background,heilbronn_000000_000115.png
split,train
model,result_0082,0.5007842208948284,0.5308675600041293,-2,254
model,result_0945,0.17013760637619435,0.8922540014634177,-1,217
