background,heidelberg_000000_000073.png
split,train
model,result_0847,0.16385758738827194,0.5106470790029392,-1,261
