background,freiburg_000000_000345.png
split,train
model,result_0051,0.40902756480665403,0.33492650482322933,-1,358
