background,dortmund_000000_000377.png
split,train
model,result_0192,0.03693061419935395,0.6971536361110066,1,100
model,result_0218,0.5993468019726604,0.28050344832412605,-2,128
