background,muhlheim-ruhr_000000_000259.png
split,train
model,result_0989,0.16122330480187874,0.42641523635145495,2,28
model,result_0803,0.4334143385736503,0.40229171910542394,-3,181
