background,konstanz_000000_000392.png
split,train
model,result_0996,0.9548504417569655,0.35271779219182436,4,12
