background,karlsruhe_000000_000027.png
split,train
model,result_0544,0.5689684184288546,0.4439065011326715,4,152
model,result_0999,0.1029293930612426,0.7966695340302806,-4,342
