background,muhlheim-ruhr_000000_000016.png
split,train
model,result_0295,0.9391914990544995,0.8867779477493953,-2,10
model,result_0127,0.2608729971459893,0.8891232465748815,4,324
