background,karlsruhe_000000_000366.png
split,train
model,result_0999,0.0072750669976683335,0.3040336048380845,-4,223
model,result_0510,0.20911558092188665,0.8203925375291887,-4,336
