background,heilbronn_000000_000522.png
split,train
model,result_0357,0.9622280826911177,0.6836292732036785,3,259
