background,bayreuth_000000_000261.png
split,train
model,result_0218,0.8834063161405215,0.4980138159595582,1,300
model,result_0694,0.2043183586495827,0.9274231569747368,-4,117
