background,strasbourg_000001_043080.png
split,train
model,result_0163,0.6272387047418169,0.8066043062773622,1,246
model,result_0657,0.6701745597653667,0.5720878267696693,-2,123
model,result_0914,0.34471018647888885,0.5188563419438891,3,152
