background,konstanz_000000_001274.png
split,train
model,result_0061,0.06497951230580823,0.34722915428339973,-2,305
model,result_0606,0.6854531370955355,0.6074197059141074,3,79
