background,bayreuth_000000_000553.png
split,train
model,result_0046,0.016960460893672313,0.9330495857113511,1,357
