background,bochum_000000_008162.png
split,train
model,result_0080,0.7617828075048869,0.5169616709445815,1,60
model,result_0857,0.6760130461164444,0.25125773089501213,4,350
