background,konstanz_000000_000978.png
split,train
model,result_0805,0.5559738035971087,0.8654655343131532,-3,141
model,result_0039,0.35081825272624745,0.2528734874193263,3,288
