background,dusseldorf_000053_000019.png
split,train
model,result_1000,0.7278899257607383,0.3811645543942179,4,237
model,result_0367,0.4628861068685426,0.4876943987635733,-3,116
model,result_0822,0.05588378508057734,0.43157915869102526,3,56
