background,frankfurt_000001_035864.png
split,train
model,result_0499,0.5779049738782954,0.9164716980077843,-1,284
