background,heidelberg_000000_000973.png
split,train
model,result_0632,0.22837323382637353,0.5591942907996542,1,102
model,result_0357,0.5514681451107646,0.5460555037994055,4,261
model,result_0046,0.5452328875114986,0.440134709072148,4,346
