background,wuppertal_000000_000847.png
split,train
model,result_0319,0.2892462744952382,0.7270621376035272,4,3
model,result_0477,0.2264831487498038,0.5776182600385831,1,309
