background,wurzburg_000000_000343.png
split,train
model,result_0542,0.5752422456887683,0.8566551826252453,4,38
model,result_0674,0.22183558959677363,0.8504885245567325,0,271
model,result_0146,0.8175294830459134,0.9506523216941362,4,335
