background,wurzburg_000000_000936.png
split,train
model,result_0024,0.4307235471627253,0.7182145756650533,3,28
