background,bayreuth_000000_000484.png
split,train
model,result_0931,0.7259435378762592,0.6900002430540898,0,102
model,result_0123,0.10912356380479515,0.5143033631998881,3,15
