background,heilbronn_000000_000461.png
split,train
model,result_0199,0.1029313932748267,0.29881892993837844,1,285
model,result_0060,0.8684686999153332,0.7751936732490451,4,148
