background,freiburg_000000_000633.png
split,train
model,result_0163,0.9697944303192573,0.41599061988783353,1,17
model,result_0657,0.8189317650204374,0.2898137201621738,1,64
model,result_0914,0.5022842247351612,0.5567673180018733,0,346
