background,wurzburg_000000_001044.png
split,train
model,result_0969,0.1389324588725307,0.996980098018713,-3,102
