background,erlangen_000000_000202.png
split,train
model,result_0283,0.2797530656837389,0.6181913778347568,0,260
