background,bayreuth_000000_000637.png
split,train
model,result_0467,0.3422449552301041,0.8460152468047981,-3,64
model,result_0154,0.605136205726509,0.8943182301827226,-3,31
