background,dortmund_000000_001104.png
split,train
model,result_0440,0.9787911085677478,0.9310596225133198,2,183
model,result_0484,0.7227674204314041,0.38765949713959724,-2,151
