background,nuremberg_000000_000986.png
split,train
model,result_0882,0.5550345720098767,0.7214462134359336,3,23
