background,konstanz_000000_000393.png
split,train
model,result_0989,0.5807369603050425,0.4717532856763096,-1,334
