background,karlsruhe_000000_001145.png
split,train
model,result_0199,0.6368709638602155,0.9673720917570778,1,94
model,result_0060,0.12506878796109988,0.563556267485441,1,268
model,result_0080,0.4145752671036962,0.8824597931486919,-1,40
