background,wuppertal_000000_001012.png
split,train
model,result_0127,0.7380311646701507,0.5577373777539909,-1,339
