background,troisdorf_000000_000069.png
split,train
model,result_0855,0.540617695109728,0.8202155841279222,-3,182
