background,stuttgart_000144_000019.png
split,train
model,result_0472,0.1423890664276225,0.89275958611452,-1,186
