background,karlsruhe_000000_000674.png
split,train
model,result_0822,0.2982036869504796,0.7514208815270773,-2,306
model,result_0855,0.9494835652098069,0.9406459890511439,4,227
