background,nuremberg_000000_001453.png
split,train
model,result_0602,0.35932588917747244,0.33996972269477543,4,96
model,result_0024,0.895138156274792,0.7098600220715943,-2,113
