background,wurzburg_000000_001595.png
split,train
model,result_0367,0.8187790913973426,0.25676092978167464,-3,256
