background,wuppertal_000000_000224.png
split,train
model,result_0082,0.7680062602544457,0.8698624098195409,0,244
model,result_0945,0.2450006080762257,0.37970254789526836,-2,267
model,result_0612,0.3149207213193592,0.8912486257163252,2,99
