background,dresden_000000_000149.png
split,train
model,result_0060,0.6218702200803178,0.99738152952737,4,138
