background,muhlheim-ruhr_000000_000198.png
split,train
model,result_0394,0.09980315954565333,0.7905424508783847,-3,261
