background,strasbourg_000001_007864.png
split,train
model,result_0992,0.25520084702788315,0.33359505955492763,3,206
model,result_0394,0.7122885029691721,0.5612301652305579,2,212
model,result_0163,0.45974118436460387,0.7691576902150428,3,88
