background,muhlheim-ruhr_000000_000545.png
split,train
model,result_0931,0.2762163195844888,0.9300190669860554,-1,61
model,result_0123,0.2879944546217348,0.751266704282763,0,238
