background,wurzburg_000000_000903.png
split,train
model,result_0805,0.005569510899500196,0.8619704978416783,1,218
