background,erlangen_000000_000140.png
split,train
model,result_0386,0.9828608989688596,0.912228946208173,3,48
model,result_0979,0.49332677894027666,0.6831459788843041,3,25
