background,bayreuth_000000_000740.png
split,train
model,result_0847,0.3059923762094051,0.3291124933851059,-2,132
model,result_0646,0.8565458141276195,0.9409639914855079,-2,252
