background,heidelberg_000000_000211.png
split,train
model,result_0678,0.5525361414456675,0.264845076019519,0,109
model,result_0784,0.39665341415467836,0.47356028659571225,4,211
model,result_0924,0.10226977842786356,0.9020251361622029,-4,249
