background,muhlheim-ruhr_000000_000970.png
split,train
model,result_0024,0.298144877647057,0.670731075387782,-4,261
model,result_0288,0.5725963945461783,0.6764138027593788,-1,297
model,result_0247,0.9026475105172753,0.6351579785072753,3,122
