background,augsburg_000000_000664.png
split,train
model,result_0542,0.5201520697884714,0.7431355640637248,1,61
model,result_0674,0.7724162013126799,0.6983159993553648,-1,319
model,result_0146,0.5112448229118849,0.6491570840650477,-1,326
