background,nuremberg_000000_000585.png
split,train
model,result_0527,0.32617868339706335,0.4130694357876544,0,309
model,result_0602,0.3540891168640574,0.8466039042046052,2,350
model,result_0024,0.35693235623030795,0.39663380829126127,-4,3
