background,konstanz_000000_000428.png
split,train
model,result_0324,0.30204769160214506,0.8009937364666377,-4,165
model,result_0173,0.7379916985480439,0.753496538481689,3,87
model,result_0751,0.6083285916156762,0.9982174023032341,-1,310
