background,mannheim_000000_000605.png
split,train
model,result_0857,0.019119189364687816,0.47619022906138353,-1,350
model,result_0795,0.7385744237839541,0.26460528536670314,2,235
