background,bayreuth_000000_000027.png
split,train
model,result_0855,0.25251636058996507,0.3273389668458305,2,255
