background,augsburg_000000_001364.png
split,train
model,result_0805,0.41096330923630775,0.756291629096807,4,123
