background,nuremberg_000000_000195.png
split,train
model,result_0193,0.8173832148885684,0.8557331917397368,1,141
model,result_0036,0.1495359569208946,0.7218505990183988,0,323
model,result_1000,0.9561177804214499,0.9733855564215252,-2,174
