background,nuremberg_000000_000178.png
split,train
model,result_0367,0.7026839609062535,0.37189216562937055,1,60
