background,karlsruhe_000000_001047.png
split,train
model,result_0373,0.2905093619103881,0.3603642805551497,2,59
model,result_0191,0.39581846166656964,0.8322740650283693,2,170
model,result_0775,0.21879641590872623,0.7263751937417203,-2,19
