background,augsburg_000000_000827.png
split,train
model,result_0931,0.32582908906256847,0.3060401619413271,-2,225
model,result_0123,0.5707727323064792,0.7014947406367985,3,325
model,result_0472,0.7763694843937652,0.8042835320918252,0,155
