background,muhlheim-ruhr_000000_000137.png
split,train
model,result_0793,0.6481578717111984,0.8166832509861693,2,245
model,result_0686,0.9371153279113712,0.7001424932312668,1,216
