background,heilbronn_000000_000475.png
split,train
model,result_0931,0.8219708908003021,0.49872542056380104,3,32
