background,dresden_000000_000286.png
split,train
model,result_0931,0.9755571932092839,0.8309904199671811,-3,308
model,result_0123,0.40587703427737387,0.9421434287222805,4,223
