background,bayreuth_000000_000409.png
split,train
model,result_0969,0.7438721788386139,0.4484538195955058,4,2
model,result_0793,0.6984496293789503,0.962274563442773,-2,14
