background,karlsruhe_000000_000765.png
split,train
model,result_0191,0.6133776655784546,0.3375641526604158,3,76
