background,wuppertal_000000_000766.png
split,train
model,result_0861,0.5880699040173258,0.4240318747442642,4,149
model,result_0882,0.03676965923321296,0.560007611970752,-4,92
