background,schweinfurt_000000_000593.png
split,train
model,result_0878,0.5517719803533991,0.5442556639918206,2,2
model,result_0004,0.5361644444853239,0.7433755884810038,-2,160
