background,karlsruhe_000000_000128.png
split,train
model,result_0924,0.7369539859254863,0.3156951421293358,0,333
model,result_0866,0.40752738471687966,0.31745945487428323,-4,52
model,result_0983,0.08099877427702484,0.9614112018517553,2,49
