background,hanover_000000_034141.png
split,train
model,result_0191,0.17277628921620314,0.7259506367617032,-4,240
