background,muhlheim-ruhr_000000_000218.png
split,train
model,result_0288,0.9936540386023963,0.6811482315088876,4,344
