background,konstanz_000000_000419.png
split,train
model,result_0046,0.9625969470406286,0.9769762182444373,-2,245
