background,wuppertal_000000_000694.png
split,train
model,result_0882,0.16026874234452715,0.7390035405298857,1,1
