background,konigswinter_000000_000012.png
split,train
model,result_0991,0.5474442127507637,0.9293951513613183,0,303
model,result_0373,0.09527567569230111,0.3275025980834032,3,257
