background,augsburg_000000_001501.png
split,train
model,result_0542,0.22462549968964296,0.9232335566803817,-3,318
model,result_0674,0.3573652899038571,0.5405270766739774,-4,86
