background,muhlheim-ruhr_000000_000179.png
split,train
model,result_0861,0.9738149953857097,0.6906257486325029,3,281
