background,heidelberg_000000_000364.png
split,train
model,result_0979,0.09961358582517421,0.30235502744449644,1,320
model,result_0871,0.7704944433366981,0.40743555761652583,-2,55
