background,dortmund_000000_000533.png
split,train
model,result_0686,0.34142952489121126,0.8018615281423646,-3,340
