background,muhlheim-ruhr_000000_001157.png
split,train
model,result_0844,0.17404359646654888,0.4313486560410164,-2,345
model,result_0995,0.19911322160476652,0.9719879379004787,3,171
