background,schweinfurt_000000_000551.png
split,train
model,result_0173,0.24284717963670088,0.9177060158344605,2,12
model,result_0751,0.26427328308632314,0.7642654966456757,2,123
