background,strasbourg_000001_043748.png
split,train
model,result_0991,0.06998031523709214,0.6235970013970118,-2,57
