background,dortmund_000000_000758.png
split,train
model,result_0484,0.6956882186967336,0.2932843982933548,-1,97
model,result_0861,0.9913385228133242,0.5719577767924902,-3,132
model,result_0882,0.08500498202372231,0.8907075213254527,0,182
