background,dortmund_000000_000447.png
split,train
model,result_0060,0.3414784003280952,0.3783809181967722,-1,180
model,result_0080,0.8668087305054397,0.6623237540032814,2,290
