background,karlsruhe_000000_000707.png
split,train
model,result_0784,0.11529153340740306,0.9865259530056536,4,107
model,result_0924,0.23038494483685945,0.34101242625591344,3,339
model,result_0866,0.2252115821324514,0.2859377250754983,-4,177
