background,oberhausen_000000_000313.png
split,train
model,result_0060,0.25076590772854046,0.33046727145858934,-3,204
model,result_0080,0.266656638840983,0.5507397232718597,2,117
model,result_0857,0.0062685690798492955,0.6864911824287969,-4,145
