background,heidelberg_000000_000984.png
split,train
model,result_0075,0.18714403236620658,0.42458446365734404,4,110
