background,konstanz_000000_000180.png
split,train
model,result_0154,0.28526414336663763,0.6797272496835969,4,187
model,result_0562,0.7147526795674845,0.9739207253866812,4,236
model,result_0215,0.10207081775703009,0.5193224668098406,2,329
