background,karlsruhe_000000_000947.png
split,train
model,result_0146,0.29397725857230494,0.29999333211967544,-4,185
model,result_0295,0.7574777680645105,0.4110950478314114,-2,12
model,result_0127,0.7043908239466139,0.9737276635385446,-2,47
