background,bayreuth_000000_000771.png
split,train
model,result_0945,0.24807231664701246,0.6593592480350678,-2,264
model,result_0612,0.9262156887358071,0.6374667211726626,1,325
