background,wuppertal_000000_000539.png
split,train
model,result_0989,0.9800847303950526,0.7119412637180355,2,127
