background,wurzburg_000000_000303.png
split,train
model,result_0544,0.5073644684745166,0.8627579436453192,-4,150
model,result_0999,0.6520776962280269,0.765632189140278,3,350
model,result_0510,0.6621553551831645,0.2709887003972742,4,42
