background,dortmund_000000_000197.png
split,train
model,result_0562,0.5723799659660237,0.49757611657271295,0,232
