background,wurzburg_000000_000071.png
split,train
model,result_0173,0.7957220036262345,0.6863485032136115,-1,280
