background,heidelberg_000000_001147.png
split,train
model,result_0544,0.9829500685278962,0.8241649453443987,4,118
model,result_0999,0.9320370218275904,0.4540643158342664,2,340
