background,munster_000125_000019.png
split,train
model,result_0173,0.5512996051537726,0.6956362287821781,2,102
model,result_0751,0.680125574637768,0.6640269010754667,-2,0
