background,wuppertal_000000_000362.png
split,train
model,result_0060,0.5880701593726069,0.966874037199258,-3,335
model,result_0080,0.010876298104379178,0.8081580586815054,2,244
