background,frankfurt_000000_010351.png
split,train
model,result_0123,0.7340673484041371,0.6162715608230634,3,315
model,result_0472,0.6635080711865421,0.8453391185490475,2,19
model,result_0981,0.8812056134653717,0.9344429674522906,-1,316
