background,mannheim_000000_000166.png
split,train
model,result_0602,0.4481012158919262,0.8814527855452206,-3,178
