background,muhlheim-ruhr_000000_000630.png
split,train
model,result_0995,0.6012470019105732,0.761780211416584,-2,254
