background,heidelberg_000000_001026.png
split,train
model,result_0288,0.47511516633856976,0.36901483641928123,-2,26
