background,ulm_000035_000019.png
split,train
model,result_0855,0.44475159045323165,0.2511418960422056,-3,0
model,result_0338,0.793997344871875,0.7566633695039763,-3,32
model,result_0557,0.5217852107494418,0.803089244864557,3,135
