background,dortmund_000000_000306.png
split,train
model,result_0004,0.02503977064623142,0.7366456916598976,2,319
