background,mannheim_000000_000525.png
split,train
model,result_0882,0.3186249570852795,0.7069867704743557,4,175
