background,schweinfurt_000000_000318.png
split,train
model,result_0218,0.03931450134498593,0.3410813649041038,1,5
model,result_0694,0.3621218923153745,0.8818872220231553,2,157
model,result_0319,0.7293075379647145,0.8889775777542842,2,11
