background,augsburg_000000_001048.png
split,train
model,result_0386,0.8986452446950696,0.9837258734187819,3,359
model,result_0979,0.26119490374449905,0.6937211191721324,-1,260
model,result_0871,0.7318571206083845,0.6187419634900696,-3,158
