background,heidelberg_000000_000391.png
split,train
model,result_0332,0.9546636277360987,0.7486687163636732,-4,97
