background,munster_000157_000019.png
split,train
model,result_0467,0.669993040832862,0.6930227462822528,-1,286
