background,karlsruhe_000000_000557.png
split,train
model,result_0123,0.06025857454848749,0.4634237903766668,-1,259
model,result_0472,0.6592605791066153,0.8004820303179284,-1,89
model,result_0981,0.5590577413584837,0.4058693246660705,-3,206
