background,duisburg_000000_000083.png
split,train
model,result_0060,0.3455567319543149,0.5575628212641158,-2,130
model,result_0080,0.786000515899828,0.9948334189816684,1,339
model,result_0857,0.2419279940382606,0.6824690514708212,-2,142
