background,wurzburg_000000_001597.png
split,train
model,result_0193,0.5402449441881715,0.3498872279131317,-3,353
model,result_0036,0.11350469101079219,0.8838915324576224,-4,155
model,result_1000,0.08121809148987924,0.9359442959569421,-2,305
