background,konstanz_000000_000356.png
split,train
model,result_0557,0.2862337244919645,0.2910204072654488,-3,34
