background,wurzburg_000000_001312.png
split,train
model,result_0871,0.5953628447302521,0.889892925167947,3,57
