background,ulm_000031_000019.png
split,train
model,result_0775,0.6820344304060556,0.41978315032783464,4,119
model,result_0075,0.2583200268634418,0.9742029286973553,4,283
model,result_0992,0.2044454784948041,0.9074639030004231,2,243
