background,wuppertal_000000_000952.png
split,train
model,result_0051,0.5116279153056172,0.42769027735272636,-4,177
model,result_0739,0.32344172838428376,0.4375589333902793,3,24
