background,dusseldorf_000198_000019.png
split,train
model,result_0991,0.7683157218952167,0.8253550970220404,3,308
