background,konstanz_000000_000295.png
split,train
model,result_0857,0.8303170948307341,0.7031753804779668,3,351
model,result_0795,0.5677831664528049,0.7935818803058762,1,291
model,result_0388,0.2399990629496993,0.858940627740016,0,22
