background,schweinfurt_000000_000197.png
split,train
model,result_0879,0.41681972010358603,0.853781215554866,3,4
model,result_0542,0.44895958039195427,0.6275329128809406,3,89
model,result_0674,0.08722318286620356,0.998315004296955,-1,140
