background,hanover_000000_031856.png
split,train
model,result_0192,0.7642375931451844,0.810339948748053,-4,21
model,result_0218,0.04376725561628414,0.7588094863353566,0,213
