background,nuremberg_000000_000017.png
split,train
model,result_0949,0.7671706802580324,0.9513340467223044,0,164
model,result_0324,0.6853376603876591,0.5543030866837698,-4,215
