background,karlsruhe_000000_000763.png
split,train
model,result_0022,0.14988084719435757,0.6402016418098607,3,31
model,result_0061,0.4473638427079798,0.31881147343469357,4,165
