background,schweinfurt_000000_000164.png
split,train
model,result_0036,0.28865371923823224,0.49835606510544384,-1,343
