background,wurzburg_000000_001337.png
split,train
model,result_0602,0.6556748713757111,0.6183997287818884,-3,166
