background,oberhausen_000000_000550.png
split,train
model,result_0389,0.12340512173200413,0.9192166035153353,-3,342
