background,weimar_000134_000019.png
split,train
model,result_0283,0.25308768550804817,0.36744143250680783,0,341
model,result_0968,0.9277944421158293,0.5506197241540884,3,324
model,result_0847,0.44394503573633604,0.7681443935942939,3,214
