background,oberhausen_000000_000729.png
split,train
model,result_0931,0.5037973800192295,0.2509143413179694,3,1
model,result_0123,0.6926239662006438,0.7878023889553925,1,242
model,result_0472,0.3681943447465138,0.38238592992850934,0,13
