background,duisburg_000000_000352.png
split,train
model,result_0218,0.5794948278570332,0.40971067544257184,-3,325
model,result_0694,0.4947040238049535,0.5032515754178919,2,101
