background,heidelberg_000000_001030.png
split,train
model,result_0527,0.26218849297608293,0.31220603374913897,-3,238
