background,augsburg_000000_001313.png
split,train
model,result_0385,0.9633718405308979,0.8097431534172754,2,93
