background,schweinfurt_000000_000382.png
split,train
model,result_0367,0.030456085375582198,0.5490099541829839,3,253
model,result_0822,0.18697698319719847,0.5104505926502352,1,269
