background,oberhausen_000000_000645.png
split,train
model,result_0862,0.24126214142258484,0.8177048218265152,2,58
model,result_0524,0.029528941566808187,0.38956550873931994,1,17
