background,schweinfurt_000000_000580.png
split,train
model,result_0822,0.11040484561158337,0.6877327841527967,-4,237
model,result_0855,0.22777198664566545,0.6704614595432494,1,307
