background,heidelberg_000000_000346.png
split,train
model,result_0862,0.12070468890766417,0.7594680172053692,4,123
