background,aachen_000142_000019.png
split,train
model,result_0969,0.7677712883418558,0.2858670689946979,1,14
model,result_0793,0.24755769172189868,0.5943673754062637,-3,26
model,result_0686,0.6375449489452174,0.42355792048688334,4,266
