background,bayreuth_000000_000505.png
split,train
model,result_0367,0.47218697240503893,0.6088512508671082,-2,22
model,result_0822,0.35543044213169794,0.30502021201919544,3,87
model,result_0855,0.2619804162666013,0.8755171459407052,4,205
