background,karlsruhe_000000_001036.png
split,train
model,result_0164,0.28515590900002785,0.8078680101999894,2,351
model,result_0440,0.5323995048176412,0.42870691307136566,-4,350
