background,oberhausen_000000_000553.png
split,train
model,result_0924,0.9685626194259478,0.46389565356493545,4,75
model,result_0866,0.5115921040476975,0.7388759821277019,-2,152
model,result_0983,0.33654541849246467,0.4403778141053942,-3,179
