background,erlangen_000000_000171.png
split,train
model,result_0288,0.2580737107639335,0.9494655007741991,0,89
model,result_0247,0.04491720093376095,0.9172877020105938,2,121
model,result_0239,0.4408809734678403,0.8716576784222568,4,277
