background,heidelberg_000000_000538.png
split,train
model,result_0022,0.6995513042543735,0.5768840177799917,1,13
model,result_0061,0.5861634593533483,0.4243274304626954,4,32
model,result_0606,0.6005154154233199,0.7512955986169939,2,103
