background,heilbronn_000000_000218.png
split,train
model,result_0542,0.20923346010336674,0.662293811777285,0,20
model,result_0674,0.8180880869588072,0.6787510390583207,-3,155
model,result_0146,0.5881894573685649,0.35354191928857137,-3,337
