background,dortmund_000000_000680.png
split,train
model,result_0440,0.8862416557710275,0.5074961241464295,3,181
model,result_0484,0.09745109983019828,0.4400458932039102,1,10
