background,nuremberg_000000_001218.png
split,train
model,result_0146,0.44822978830862126,0.6856158587279921,3,300
