background,muhlheim-ruhr_000000_000688.png
split,train
model,result_0247,0.1712254010584724,0.6008573860904265,-2,183
