background,wurzburg_000000_000158.png
split,train
model,result_0775,0.7502347458688838,0.689219161190832,4,207
model,result_0075,0.8203484582938895,0.4927695405040894,-3,46
