background,schweinfurt_000000_000217.png
split,train
model,result_0686,0.7278025575906353,0.8259171324254432,-3,233
model,result_0805,0.4391017121762717,0.6524512188128677,-3,96
model,result_0039,0.8866862024204115,0.2592033712825176,-3,255
