background,konstanz_000000_000193.png
split,train
model,result_0612,0.3530536801375814,0.5036157148891844,0,98
