background,freiburg_000000_000073.png
split,train
model,result_0389,0.022470859157091794,0.7901568538469859,1,105
model,result_0164,0.4575618493972631,0.307846906908406,1,271
