background,konstanz_000000_000057.png
split,train
model,result_0844,0.6340219519843688,0.32788621005706553,3,68
