background,karlsruhe_000000_000291.png
split,train
model,result_0004,0.5024133012537961,0.6333673078412683,4,102
