background,schweinfurt_000000_000334.png
split,train
model,result_0999,0.4821959613314494,0.4647953168305019,-1,204
model,result_0510,0.8409224868754461,0.8985077705251665,2,73
