background,wurzburg_000000_000903.png
split,train
model,result_0499,0.47419438282596515,0.5401740464975868,-4,283
