background,oberhausen_000000_000091.png
split,train
model,result_0484,0.0860789938771167,0.47552140917107655,1,242
