background,schweinfurt_000000_000013.png
split,train
model,result_0542,0.41882902695046376,0.4046320654102209,2,58
model,result_0674,0.6773839031941258,0.706700172310601,2,124
model,result_0146,0.5339981211997304,0.593087652535143,-3,186
