background,konstanz_000000_000289.png
split,train
model,result_0388,0.7814678163192321,0.4238254111162223,4,255
model,result_0499,0.8771614134417637,0.8407848714977435,-1,99
