background,dortmund_000000_000543.png
split,train
model,result_0394,0.2051905238272832,0.5619448413270653,4,316
