background,augsburg_000000_001415.png
split,train
model,result_0388,0.7356870921461613,0.6810272543617026,1,346
