background,augsburg_000000_001227.png
split,train
model,result_0472,0.5559713942420411,0.5332750808220051,-2,31
