background,bayreuth_000000_000537.png
split,train
model,result_0862,0.9423960808756148,0.41267572622494286,-2,55
