background,karlsruhe_000000_000078.png
split,train
model,result_0046,0.4021810521227257,0.44038363325846097,3,174
model,result_0389,0.8793097737684051,0.2844306412090055,2,181
