background,aachen_000135_000019.png
split,train
model,result_0844,0.42718788191455315,0.9387732923741662,-1,81
model,result_0995,0.863016637690234,0.6561731797341565,3,178
