background,duisburg_000000_000366.png
split,train
model,result_0075,0.8442983559837446,0.37449709267853937,2,354
