background,dusseldorf_000024_000019.png
split,train
model,result_0193,0.1789978305238804,0.850422593736228,-2,218
