background,nuremberg_000000_000563.png
split,train
model,result_0646,0.046178565899291035,0.5036945551362798,-2,212
model,result_0586,0.47500602798787595,0.5335683280698316,1,117
model,result_0989,0.7375181492203929,0.39854725473789215,-2,281
