background,wurzburg_000000_000775.png
split,train
model,result_0981,0.7568627500609992,0.7818629938570385,-4,348
model,result_0527,0.21518660744826001,0.7365363327094252,0,228
