background,oberhausen_000000_000691.png
split,train
model,result_0945,0.7966661045044487,0.609261983240977,-4,261
model,result_0612,0.8772309435879199,0.9606225067781804,2,43
