background,dortmund_000000_000633.png
split,train
model,result_0163,0.2130590379752283,0.5119988627600552,-2,59
model,result_0657,0.8733533998475348,0.717521581194815,2,205
