background,saarbrucken_000000_000487.png
split,train
model,result_0004,0.7475605875348081,0.4141052588865336,4,357
