background,freiburg_000000_000041.png
split,train
model,result_0510,0.5845431250393304,0.34071671917332924,-2,134
