background,konstanz_000000_001378.png
split,train
model,result_0075,0.8784386595867338,0.7273191575220016,-2,17
model,result_0992,0.12159027884356344,0.8492560665614464,0,70
