background,bayreuth_000000_000601.png
split,train
model,result_0775,0.5370873009964032,0.6919736394930756,4,207
model,result_0075,0.969706104222905,0.8864805909843139,3,287
model,result_0992,0.0886064064164892,0.6426938712205987,-4,45
