background,augsburg_000000_001293.png
split,train
model,result_0949,0.7353568209663948,0.9391101734565885,-2,230
