background,wurzburg_000000_001477.png
split,train
model,result_0527,0.6407668718604659,0.42922709101948897,3,283
