background,dortmund_000000_001075.png
split,train
model,result_0632,0.3719383750733767,0.30911061062311485,0,12
model,result_0357,0.9318365407425623,0.8241225280272887,-1,209
model,result_0046,0.8450430598485642,0.26334425152636554,2,256
