background,freiburg_000000_000234.png
split,train
model,result_0385,0.3520611000956333,0.9203878991739654,3,89
