background,heidelberg_000000_000949.png
split,train
model,result_0657,0.09592595934749559,0.825579473024278,3,276
model,result_0914,0.5172572100959437,0.6113351625361705,1,336
model,result_0193,0.8879475555544197,0.7281622235489862,1,234
