background,wurzburg_000000_001122.png
split,train
model,result_0803,0.12459443472458187,0.2928880802641085,0,228
model,result_0192,0.32831910312247614,0.7964006623050042,-1,17
