background,bamberg_000000_000432.png
split,train
model,result_0606,0.12422311220448123,0.7869431136627741,-1,208
model,result_0082,0.7407121702834458,0.9717724362177863,-2,23
