background,muhlheim-ruhr_000000_000142.png
split,train
model,result_0192,0.3769796408683328,0.3886805733701928,2,44
model,result_0218,0.9339503768540204,0.5336329184009139,0,304
