background,muhlheim-ruhr_000000_000507.png
split,train
model,result_0394,0.04503349412599433,0.3332350379250837,-4,91
