background,oberhausen_000000_000131.png
split,train
model,result_0373,0.1256982406248316,0.7259950073940851,-1,185
model,result_0191,0.7095401774941444,0.4184934992071575,-1,151
