background,freiburg_000000_000033.png
split,train
model,result_0602,0.35331786510470287,0.594967397597791,4,164
