background,schweinfurt_000000_000707.png
split,train
model,result_0996,0.0856678350124187,0.7396009627020518,-1,323
