background,nuremberg_000000_000460.png
split,train
model,result_0674,0.2977945947887076,0.8510245803996641,-3,260
model,result_0146,0.3567162594784048,0.5793796220243959,-4,89
model,result_0295,0.7506502015145652,0.36199165918122533,3,248
