background,bayreuth_000000_000429.png
split,train
model,result_0146,0.16054985709436165,0.7897500790965317,-4,340
model,result_0295,0.40958669363933076,0.43100174117428197,1,2
