background,bayreuth_000000_000676.png
split,train
model,result_0388,0.4940323436679501,0.8153661917583694,-4,342
