background,konstanz_000000_000128.png
split,train
model,result_0674,0.8057994926564853,0.4579998624375492,0,203
model,result_0146,0.910709260547178,0.8447486226446668,1,330
