background,augsburg_000000_000380.png
split,train
model,result_0524,0.23590676548425427,0.39884305372484563,0,292
model,result_0199,0.7155883071470646,0.9160395151128647,1,207
model,result_0060,0.6577333289346792,0.9448825802405256,-1,86
