background,karlsruhe_000000_000314.png
split,train
model,result_0992,0.12569396259075782,0.8214463718576983,3,205
model,result_0394,0.8860594790016013,0.9406031550537992,-4,100
