background,heidelberg_000000_000715.png
split,train
model,result_0199,0.5057270089825832,0.6140839409464671,-4,315
model,result_0060,0.8660152069709468,0.756006518248252,1,114
