background,troisdorf_000000_000061.png
split,train
model,result_0288,0.6037869882518284,0.325644344453163,-3,77
