background,muhlheim-ruhr_000000_000194.png
split,train
model,result_0288,0.9104715779328076,0.5085469487660689,4,335
model,result_0247,0.3947162585278665,0.27876279916634905,-4,333
model,result_0239,0.08012652643805718,0.45700960961882653,-2,76
