background,schweinfurt_000000_000472.png
split,train
model,result_0632,0.33980441342967327,0.8953281293476874,-2,327
