background,bayreuth_000000_000627.png
split,train
model,result_0989,0.10413532089952904,0.7025484131894835,4,325
