background,zurich_000058_000019.png
split,train
model,result_0338,0.4518626729326337,0.4979698307527264,4,125
model,result_0557,0.4367840169175804,0.5807375972725787,-3,110
model,result_0544,0.7174911280075559,0.5212496977939571,0,299
