background,konstanz_000000_000041.png
split,train
model,result_0995,0.43546936942096903,0.891382386377606,-4,8
