background,konstanz_000000_001288.png
split,train
model,result_0983,0.05053573880524098,0.626951056255089,-4,317
model,result_0996,0.7274075914642575,0.6095664651608349,-4,89
model,result_0266,0.8137474970434352,0.4610630048783443,4,121
