background,augsburg_000000_000093.png
split,train
model,result_0193,0.28997851124760576,0.5937138716634021,2,145
model,result_0036,0.5347415753887403,0.7651141650880156,0,108
model,result_1000,0.23445623737834986,0.45329515286585603,-2,295
