background,mannheim_000000_000959.png
split,train
model,result_0127,0.3540774748622466,0.8330948752123453,3,75
model,result_0022,0.74926724703781,0.8120910086976181,-2,274
