background,bochum_000000_024717.png
split,train
model,result_0394,0.4249643869688611,0.6361500613505382,4,175
model,result_0163,0.30883076872335513,0.46879431861991283,2,359
model,result_0657,0.5537812242753222,0.6552701057799689,-3,264
