background,schweinfurt_000000_000632.png
split,train
model,result_0527,0.18251467368215246,0.47515150419201035,4,63
model,result_0602,0.04466056753183756,0.5247503728034945,-1,204
model,result_0024,0.7278570011157738,0.3168520233291124,2,153
