background,konstanz_000000_000322.png
split,train
model,result_0472,0.44653483443848174,0.950859119553401,-3,95
model,result_0981,0.3662499055146936,0.33396768570450314,2,138
model,result_0527,0.17459320013808854,0.3163585624646291,-2,40
