background,freiburg_000000_000768.png
split,train
model,result_0878,0.4612087455942072,0.9030073453849254,-2,79
model,result_0004,0.7978618853108934,0.5929987319676039,3,183
