background,saarbrucken_000000_000107.png
split,train
model,result_0739,0.852652406137272,0.7036397636384342,-2,86
