background,heidelberg_000000_000096.png
split,train
model,result_0524,0.19456068167469376,0.890039348466543,-1,101
