background,freiburg_000000_000407.png
split,train
model,result_0989,0.43262187510532246,0.776808192754239,2,159
