background,bayreuth_000000_000339.png
split,train
model,result_0557,0.12430140380085619,0.9536668125595191,3,194
