background,karlsruhe_000000_000474.png
split,train
model,result_0562,0.48464380390613815,0.8066424596711868,0,13
model,result_0215,0.8877463706551508,0.9057272193242618,-4,61
