background,heidelberg_000000_000572.png
split,train
model,result_0036,0.4469520001519678,0.759950378627243,2,229
model,result_1000,0.055347242826557674,0.690969923745248,4,96
