background,dortmund_000000_000941.png
split,train
model,result_0146,0.05707832443280203,0.6111043775156866,2,49
model,result_0295,0.9301773710004813,0.4276346600232249,0,70
model,result_0127,0.8787647604877158,0.7332855714619162,0,110
