background,muhlheim-ruhr_000000_000759.png
split,train
model,result_0082,0.644262577480572,0.7492831494520383,1,294
model,result_0945,0.6840026586284812,0.6813622155719277,4,219
model,result_0612,0.682892929591902,0.7066545764402914,4,5
