background,augsburg_000000_000932.png
split,train
model,result_0949,0.8354801986059993,0.71211471151311,-1,124
