background,oberhausen_000000_000742.png
split,train
model,result_0367,0.8260873237144749,0.7901019349843387,-4,167
model,result_0822,0.4176797377179092,0.7966454538948337,-2,97
