background,muhlheim-ruhr_000000_001223.png
split,train
model,result_0793,0.46807556352619506,0.7972646373351765,1,106
model,result_0686,0.20780194445156974,0.6342688008927455,-3,227
model,result_0805,0.6967821203748437,0.31097115532423614,2,56
