background,karlsruhe_000000_001060.png
split,train
model,result_0394,0.299634360588068,0.49785388071883674,0,202
model,result_0163,0.21136635409424465,0.29980866079036583,1,276
