background,mannheim_000000_000832.png
split,train
model,result_0499,0.32375202592060137,0.8584273732306607,0,79
