background,mannheim_000000_000676.png
split,train
model,result_0989,0.0798261686594035,0.2618330971807063,4,112
