background,freiburg_000000_000833.png
split,train
model,result_0562,0.10455986592084854,0.638963806949194,-3,164
