background,mannheim_000000_000831.png
split,train
model,result_0191,0.9849584372808621,0.5850955774838809,2,313
