background,wuppertal_000000_000784.png
split,train
model,result_0674,0.10407418145975356,0.4316223930133726,-4,41
