background,schweinfurt_000000_000015.png
split,train
model,result_0039,0.834190855051894,0.7284170039882516,-2,111
model,result_0386,0.5969095082209821,0.9422519101989588,2,342
