background,augsburg_000000_000694.png
split,train
model,result_0472,0.877309203618215,0.2706505712053143,2,1
