background,karlsruhe_000000_001028.png
split,train
model,result_0266,0.5376379384935741,0.3907630732699998,4,339
model,result_0862,0.1749411284052691,0.9505298551096893,-1,149
model,result_0524,0.17830590993930595,0.5041238696593376,3,303
