background,wuppertal_000000_000875.png
split,train
model,result_0338,0.3361045349212459,0.7633185385363379,-3,32
model,result_0557,0.7752964218629498,0.396939472229446,-3,137
model,result_0544,0.1404602886912305,0.711297795192472,4,133
