background,augsburg_000000_001202.png
split,train
model,result_0996,0.8715858604766592,0.762374691158436,-1,317
