background,aachen_000123_000019.png
split,train
model,result_0979,0.22863841469937607,0.28476009358236226,1,114
