background,muhlheim-ruhr_000000_000816.png
split,train
model,result_0367,0.9390065209792895,0.4746401050974704,-2,217
model,result_0822,0.5354307487937623,0.28117779512762875,4,193
