background,konstanz_000000_001215.png
split,train
model,result_0557,0.5556405820758598,0.4922563101613656,-3,226
