background,konstanz_000000_000641.png
split,train
model,result_0969,0.47373846309025835,0.9721165977901457,2,222
model,result_0793,0.5338282831017375,0.7320974301699631,1,290
