background,konstanz_000000_000757.png
split,train
model,result_0192,0.6426718044734135,0.9709051274224009,-4,265
model,result_0218,0.1402074804882567,0.5827763227798186,0,315
