background,augsburg_000000_000933.png
split,train
model,result_0389,0.18004308391990387,0.5314852542858821,-3,0
