background,bamberg_000000_000180.png
split,train
model,result_0024,0.2525131752280996,0.7989401902759451,-1,315
