background,bayreuth_000000_000012.png
split,train
model,result_0775,0.2671126940373376,0.9197578454462068,-1,115
model,result_0075,0.20565543681558474,0.9042380639519728,-2,350
model,result_0992,0.9092734337670466,0.8317532098395081,3,333
