background,heidelberg_000000_000045.png
split,train
model,result_0004,0.5286352602713283,0.7121891660626346,-2,129
