background,heilbronn_000000_000253.png
split,train
model,result_0193,0.20269848373944066,0.42507433632946867,-4,344
model,result_0036,0.37277832176319925,0.6696566388120427,3,331
