background,nuremberg_000000_000974.png
split,train
model,result_0866,0.5513755480086775,0.43446030135619296,4,260
model,result_0983,0.22726338280310487,0.43604056299509,2,278
