background,nuremberg_000000_000183.png
split,train
model,result_0879,0.4913651636258354,0.9555378164939383,0,47
