background,freiburg_000000_000153.png
split,train
model,result_0674,0.230830204822702,0.6370379422528787,2,194
model,result_0146,0.7655842970180258,0.8800748494251014,-1,312
model,result_0295,0.7627428370582726,0.9175779097856357,1,281
