background,wurzburg_000000_000930.png
split,train
model,result_0646,0.9790467942390503,0.4345274648181649,2,294
model,result_0586,0.028563995193261693,0.7007768199799392,1,331
model,result_0989,0.8717681378040296,0.7029412376393441,1,147
