background,wuppertal_000000_000611.png
split,train
model,result_0602,0.810123185855626,0.35536040632492033,1,193
