background,erfurt_000021_000019.png
split,train
model,result_0388,0.1993541961979175,0.7811988295659122,-3,276
model,result_0499,0.10504677378063676,0.6279773083728675,-4,235
