background,strasbourg_000000_000295.png
split,train
model,result_0146,0.3660698138709356,0.9350318568569784,4,181
model,result_0295,0.6471198239018037,0.3386263680286009,2,246
