background,dusseldorf_000166_000019.png
split,train
model,result_0871,0.6101730233577284,0.4300058547502231,-3,308
model,result_0878,0.078141052812152,0.8779463922831131,-3,312
model,result_0004,0.06120240855490244,0.5017418081294737,0,39
