background,saarbrucken_000000_000214.png
split,train
model,result_0386,0.23089041831648527,0.960653350936793,0,142
