background,schweinfurt_000000_000351.png
split,train
model,result_0991,0.13455836524551545,0.605278271870457,-2,215
