background,bayreuth_000000_000112.png
split,train
model,result_0357,0.9631652376597798,0.461634105408667,-2,247
model,result_0046,0.7986638568981538,0.3946525518652708,2,86
