background,duisburg_000000_000380.png
split,train
model,result_0805,0.21494312398147264,0.9208292756495057,4,238
model,result_0039,0.5910620837307562,0.8254176837822362,-2,134
