background,bayreuth_000000_000634.png
split,train
model,result_0215,0.5739574606618353,0.27250821836217265,0,61
model,result_0332,0.6408352509181022,0.5717974765537601,2,322
