background,konstanz_000000_001390.png
split,train
model,result_0385,0.33731079700756417,0.7860149125328555,4,72
model,result_0991,0.9588505348151052,0.546267542203575,-3,177
model,result_0373,0.3848552317132584,0.2567312340442598,-3,301
