background,dortmund_000000_000988.png
split,train
model,result_0328,0.2463694351395267,0.8740348248546436,-4,237
model,result_0879,0.5932862459705589,0.8416621917684598,-3,255
model,result_0542,0.48757740354811685,0.35585498285979267,1,66
