background,muhlheim-ruhr_000000_000893.png
split,train
model,result_0051,0.4734169389988777,0.7569060099433177,4,83
model,result_0739,0.2563083314458009,0.32480786115178395,0,48
