background,bamberg_000000_000268.png
split,train
model,result_0646,0.550679583878398,0.9851544488605437,2,350
