background,bayreuth_000000_000625.png
split,train
model,result_0467,0.6219238459459524,0.31440158774596183,1,117
