background,wurzburg_000000_000173.png
split,train
model,result_0657,0.1545381731650759,0.9178185287185625,-2,108
model,result_0914,0.740325165349287,0.6224326856654983,-2,293
