background,schweinfurt_000000_000043.png
split,train
model,result_0542,0.6944964118898179,0.536243933619404,3,101
model,result_0674,0.9220702752955563,0.8715682925151074,1,171
model,result_0146,0.800596643254181,0.8508390745682956,1,19
