background,schweinfurt_000000_000612.png
split,train
model,result_0847,0.8540111678824185,0.7528842529784239,2,63
