background,karlsruhe_000000_000401.png
split,train
model,result_0061,0.5744854357244373,0.49016385373639215,3,129
model,result_0606,0.05458391800011153,0.6735362838931632,1,237
model,result_0082,0.3346276359360352,0.33806018639787105,-2,110
