background,muhlheim-ruhr_000000_001120.png
split,train
model,result_0751,0.7309395631060539,0.8644680955827334,2,47
