background,nuremberg_000000_000844.png
split,train
model,result_0386,0.44869252143935845,0.2618043519575767,2,212
