background,dortmund_000000_000499.png
split,train
model,result_0739,0.8557741777809095,0.30833746840879384,0,343
model,result_0960,0.5343530844658847,0.6536692255053633,4,108
model,result_0632,0.7028025604664496,0.7764191128899292,3,139
