background,muhlheim-ruhr_000000_000277.png
split,train
model,result_0266,0.2538459749710752,0.6880017645754513,-2,69
model,result_0862,0.4932477181203243,0.9902939204366634,2,144
model,result_0524,0.9323257544716972,0.9397554820340744,-2,284
