background,freiburg_000000_000500.png
split,train
model,result_0046,0.5599086928548335,0.4583595006307638,-2,181
model,result_0389,0.8480366002812406,0.35367108071411923,-2,90
model,result_0164,0.584122710513685,0.34203786574690953,0,115
