background,konstanz_000000_000307.png
split,train
model,result_0373,0.4149587215988998,0.9375026286900717,4,149
model,result_0191,0.057167212644704035,0.6485652616013395,4,39
