background,duisburg_000000_000801.png
split,train
model,result_0046,0.7530872623083567,0.5437057544643846,3,255
model,result_0389,0.5634504034260147,0.8837896045173094,1,116
