background,wuppertal_000000_001032.png
split,train
model,result_0981,0.37001672929621476,0.47167828735561856,-2,32
