background,bayreuth_000000_000451.png
split,train
model,result_0472,0.43497209521262736,0.5508299188049435,4,243
