background,konstanz_000000_001243.png
split,train
model,result_0288,0.7063445669302362,0.9558348881037682,1,102
model,result_0247,0.1585203943369886,0.8521796546668503,3,297
model,result_0239,0.4806533821931085,0.7572385609054798,2,354
