background,oberhausen_000000_000851.png
split,train
model,result_0357,0.40103481815395614,0.7591283629852591,-1,339
