background,heilbronn_000000_000174.png
split,train
model,result_0199,0.4773705926898306,0.6346971435636478,-3,316
model,result_0060,0.2727790566941646,0.7228446912132935,4,293
model,result_0080,0.5789238211814662,0.8963590262387564,-3,42
