background,augsburg_000000_000565.png
split,train
model,result_0247,0.6123327258149441,0.7471898404471723,-1,161
model,result_0239,0.05656893352525194,0.9341017648507602,3,146
