background,darmstadt_000011_000019.png
split,train
model,result_0061,0.05625176365786333,0.6904792083554568,-2,314
