background,duisburg_000000_000131.png
split,train
model,result_0995,0.30942855032117567,0.2886518283963786,4,69
model,result_0969,0.13691393541184826,0.4854790394805816,4,257
model,result_0793,0.7775666049124094,0.46798198068016683,3,20
