background,bamberg_000000_000132.png
split,train
model,result_0544,0.7086963570609133,0.42602066087592416,-1,246
model,result_0999,0.14170233909814278,0.7847628219953399,2,165
model,result_0510,0.7273130073077472,0.8870036529445654,2,345
