background,wuppertal_000000_000785.png
split,train
model,result_0674,0.7584539104456366,0.4616955435401048,0,176
