background,muhlheim-ruhr_000000_000221.png
split,train
model,result_0914,0.33099431613553587,0.6943048899349229,-4,269
model,result_0193,0.47174929869525717,0.5909293442949781,2,80
