background,wurzburg_000000_000861.png
split,train
model,result_0775,0.9571823729255247,0.3804623360462956,-2,88
model,result_0075,0.9645943692657365,0.6284223697224188,-4,126
