background,augsburg_000000_001356.png
split,train
model,result_0192,0.05317698670741222,0.34142568198764356,1,165
model,result_0218,0.45722438818604416,0.44161717469041956,-2,70
model,result_0694,0.5301443712510421,0.9814593869354977,-3,9
