background,mannheim_000000_000566.png
split,train
model,result_0385,0.8674770903876162,0.8519427868659718,-2,31
model,result_0991,0.6714110390943772,0.6236045913614063,1,207
