background,schweinfurt_000000_000102.png
split,train
model,result_0992,0.878709151206201,0.7664245707615139,-2,37
