background,konstanz_000000_000666.png
split,train
model,result_0060,0.5012086590416114,0.5811183369062528,3,267
model,result_0080,0.23818021976143433,0.9874399940876293,-4,177
