background,duisburg_000000_000426.png
split,train
model,result_0803,0.9474727320426739,0.6455716634585622,-1,314
model,result_0192,0.08505682292225081,0.3422845504391403,2,186
model,result_0218,0.43619283883870374,0.2780106776601928,-4,21
