background,heidelberg_000000_000160.png
split,train
model,result_0146,0.6091527665906078,0.38317777014577176,4,116
