background,heidelberg_000000_001177.png
split,train
model,result_0524,0.9236526461878366,0.9378358786681272,-2,327
model,result_0199,0.10710042072401782,0.3858961467187876,4,245
