background,heilbronn_000000_000572.png
split,train
model,result_0239,0.23928654162980456,0.8346628136404605,3,349
model,result_0051,0.8692890436086532,0.678498586663621,-2,139
