background,dortmund_000000_000447.png
split,train
model,result_0879,0.14461198223904626,0.6089401429725586,-1,230
model,result_0542,0.9800021500227732,0.8761293234496484,-1,106
model,result_0674,0.7773106610797785,0.6221387442358547,0,353
