background,wurzburg_000000_000665.png
split,train
model,result_0061,0.6875530663063101,0.4861890508330403,4,246
model,result_0606,0.16339047416272212,0.5401133404372155,-1,81
