background,nuremberg_000000_000359.png
split,train
model,result_0004,0.2925993924221806,0.7613208368656652,1,38
model,result_0931,0.626845184288752,0.8501655567059532,0,171
model,result_0123,0.7933035021599047,0.6376919203432069,1,248
