background,hanover_000000_014537.png
split,train
model,result_0173,0.6023447722994968,0.2675489962266075,4,126
model,result_0751,0.9484870728295225,0.5106065655030696,3,146
