background,nuremberg_000000_001325.png
split,train
model,result_0751,0.2725273948757999,0.3428433339329223,4,267
