background,heilbronn_000000_000512.png
split,train
model,result_0328,0.17290298931740966,0.6389564260533767,1,154
model,result_0879,0.503326887589508,0.39523987456504495,-2,237
model,result_0542,0.8535953774981768,0.29136870844214013,4,300
