background,freiburg_000000_000291.png
split,train
model,result_0793,0.987093331311249,0.47519417019895877,-1,303
