background,karlsruhe_000000_000852.png
split,train
model,result_0646,0.24796667114103443,0.6702774652013134,1,116
model,result_0586,0.05225371470348694,0.923600840419782,3,22
