background,monchengladbach_000000_006169.png
split,train
model,result_0914,0.4899388702163887,0.25943598225858344,-1,29
