background,duisburg_000000_000030.png
split,train
model,result_0191,0.8948898291756269,0.5897117376698155,-2,206
model,result_0775,0.3039085049693463,0.6128444996332361,-1,165
