background,wuppertal_000000_000661.png
split,train
model,result_0338,0.1821831768412887,0.594895544550469,1,285
