background,duisburg_000000_000084.png
split,train
model,result_0544,0.511220024683644,0.36679998864479046,-3,294
model,result_0999,0.1585085214731674,0.905292401773442,0,14
model,result_0510,0.4565663497308743,0.5564140999139523,0,3
