background,aachen_000030_000019.png
split,train
model,result_1000,0.10427671995633003,0.34388535379123275,4,69
model,result_0367,0.9407456074393731,0.7770493605938664,0,205
