background,weimar_000134_000019.png
split,train
model,result_1000,0.6807762674354548,0.387563990854234,-3,55
model,result_0367,0.4285953263294985,0.3171897965318341,2,286
