background,troisdorf_000000_000053.png
split,train
model,result_0992,0.4666772506725283,0.9538911764303724,4,39
