background,dortmund_000000_000857.png
split,train
model,result_0612,0.5480292603465977,0.8639868715151786,1,319
model,result_0283,0.5528866655816522,0.629558729978063,1,66
model,result_0968,0.9830888502118186,0.4951554114251138,0,323
