background,bamberg_000000_000438.png
split,train
model,result_0127,0.3710087365110194,0.6515087909552013,3,132
