background,strasbourg_000001_022560.png
split,train
model,result_0844,0.9342328424041163,0.8697152354399817,4,165
