background,wuppertal_000000_000862.png
split,train
model,result_0239,0.05784132075325976,0.5323838795419372,1,116
