background,augsburg_000000_000312.png
split,train
model,result_0914,0.6225145436323009,0.4614362526703907,2,334
model,result_0193,0.4135991817834188,0.3235682435049807,-2,326
model,result_0036,0.21756195219944696,0.8442724436415957,2,95
