background,wuppertal_000000_000860.png
split,train
model,result_0562,0.5416821399029952,0.3156333711257153,1,16
