background,augsburg_000000_000378.png
split,train
model,result_0328,0.1432781402690021,0.4345989223954776,-4,326
model,result_0879,0.5960336433091262,0.25126720119627866,-1,286
