background,duisburg_000000_000616.png
split,train
model,result_0080,0.23762594511806723,0.9130595671366339,0,15
model,result_0857,0.8624404864116907,0.28411893666869836,1,285
model,result_0795,0.647474759602169,0.5567842865400586,4,174
