background,mannheim_000000_000602.png
split,train
model,result_0154,0.8951577080935431,0.8753726924676655,2,312
model,result_0562,0.9475585079066643,0.9181356796802966,-1,158
model,result_0215,0.001238857417852346,0.9858511910609135,3,134
