background,konstanz_000000_001213.png
split,train
model,result_0060,0.3359236591642727,0.5081583707589437,2,263
model,result_0080,0.38801999646730945,0.5383469430442149,-3,330
model,result_0857,0.4307738034985401,0.8081259730934283,4,28
