background,karlsruhe_000000_000572.png
split,train
model,result_0389,0.12660014292648936,0.5342906667346591,-3,212
model,result_0164,0.6009564415294341,0.7904421026652328,-2,277
