background,duisburg_000000_000107.png
split,train
model,result_0861,0.31417352944280985,0.6626840360609844,1,71
model,result_0882,0.58157092869183,0.2774105162014441,3,204
model,result_0467,0.3173988414860668,0.9795840467879098,0,245
