background,wuppertal_000000_000358.png
split,train
model,result_0004,0.41588287211724884,0.7837304441598545,-4,80
model,result_0931,0.7445512500227588,0.8022089256399423,0,207
model,result_0123,0.46444141506308845,0.947792843374723,1,104
