background,schweinfurt_000000_000139.png
split,train
model,result_0527,0.6218174520444859,0.598057321864805,4,15
model,result_0602,0.6921199028716267,0.703971376636511,3,323
