background,bayreuth_000000_000587.png
split,train
model,result_0857,0.7359766539970034,0.7404754072928963,-4,226
model,result_0795,0.7695213221836247,0.38736477943968095,1,16
model,result_0388,0.13993855527034926,0.34984692597516615,2,210
