background,karlsruhe_000000_001124.png
split,train
model,result_0879,0.5479823288715565,0.8824108803161428,0,28
model,result_0542,0.9921065993462111,0.594713950576705,2,251
model,result_0674,0.1956872425795786,0.36759910819682723,-4,114
