background,bayreuth_000000_000107.png
split,train
model,result_0440,0.8878647512831772,0.7705781310458506,1,242
