background,saarbrucken_000000_000344.png
split,train
model,result_0036,0.8770878345686739,0.7865863914142209,-2,105
model,result_1000,0.43056254711569286,0.5878748923190509,-3,95
model,result_0367,0.8348031980339895,0.9994027143094081,4,193
