background,konstanz_000000_000016.png
split,train
model,result_0999,0.552526712637373,0.4208077388219486,4,240
