background,heidelberg_000000_000840.png
split,train
model,result_0046,0.8106991892039422,0.7391032329515496,-2,221
