background,bayreuth_000000_000247.png
split,train
model,result_0981,0.3171388907298083,0.2518522146645611,1,355
model,result_0527,0.8189801465349453,0.457824617554631,3,156
model,result_0602,0.6739628912890716,0.7324209502791045,-1,185
