background,konigswinter_000000_000056.png
split,train
model,result_0082,0.6735563120866573,0.8494917908372195,4,347
model,result_0945,0.37905612486337026,0.5152908905685878,3,8
