background,muhlheim-ruhr_000000_001211.png
split,train
model,result_0022,0.7598523946740113,0.30679015536849275,3,266
model,result_0061,0.5446539436035609,0.36507691913545837,3,139
