background,muhlheim-ruhr_000000_000149.png
split,train
model,result_0612,0.09333136894977623,0.4310191697365077,-1,54
