background,schweinfurt_000000_000424.png
split,train
model,result_0046,0.5986439643084894,0.9424913329712872,-3,196
