background,konstanz_000000_000172.png
split,train
model,result_0557,0.059754650960422095,0.5619802526548605,-4,241
