background,muhlheim-ruhr_000000_000465.png
split,train
model,result_0606,0.32179308954435104,0.7268139021865517,0,63
