background,oberhausen_000000_000622.png
split,train
model,result_0844,0.8679048396114302,0.9839740094163929,-1,10
model,result_0995,0.1707265412416148,0.6087883951402132,4,177
