background,krefeld_000000_024921.png
split,train
model,result_0857,0.7278621924153579,0.6020285984964071,4,341
model,result_0795,0.7557348996653037,0.31603300839394005,3,121
model,result_0388,0.4129926724091234,0.3359812778223379,-4,89
