background,schweinfurt_000000_000452.png
split,train
model,result_0983,0.8586610871068154,0.32619758737907867,4,259
model,result_0996,0.1439730174920134,0.9940451060618005,2,233
