background,karlsruhe_000000_000267.png
split,train
model,result_0857,0.1737746943452625,0.6354829052900068,0,129
model,result_0795,0.739326424607472,0.888883406985307,-2,303
