background,dusseldorf_000099_000019.png
split,train
model,result_0338,0.37608133556185175,0.9311039479542992,4,290
model,result_0557,0.4469566280714379,0.902401941949055,-1,245
