background,bayreuth_000000_000399.png
split,train
model,result_0484,0.5525637153960578,0.5035763582962026,-2,194
model,result_0861,0.28549522833615937,0.41381137802637186,-4,103
model,result_0882,0.7052071963886067,0.920587716762272,1,311
