background,dresden_000000_000161.png
split,train
model,result_0979,0.12188405320481899,0.4376194982516569,-1,218
