background,duisburg_000000_000055.png
split,train
model,result_0996,0.13932673525031958,0.5064979370799116,-2,212
model,result_0266,0.4896506844825105,0.9466661542482266,-4,106
