background,bayreuth_000000_000779.png
split,train
model,result_0060,0.09077175800037873,0.9108387348025462,3,310
model,result_0080,0.47893661404287036,0.5382605964666691,-4,281
