background,schweinfurt_000000_000450.png
split,train
model,result_0968,0.640180438167239,0.46635744815129776,3,151
