background,mannheim_000000_001024.png
split,train
model,result_0080,0.7086304443773398,0.654078838949655,-2,246
model,result_0857,0.3039987420252438,0.6365095355349348,-1,47
