background,heidelberg_000000_000724.png
split,train
model,result_0602,0.39340683663314413,0.8225642056092196,-4,73
model,result_0024,0.3263428810378487,0.34631147713866095,1,248
