background,erfurt_000029_000019.png
split,train
model,result_0394,0.16646209179661864,0.7680108952217902,-3,92
model,result_0163,0.10685022755655693,0.39301730839542715,1,273
