background,bayreuth_000000_000669.png
split,train
model,result_0123,0.8456779111992697,0.7939390398959338,0,8
model,result_0472,0.24544551078342103,0.3013086794184294,2,315
