background,duisburg_000000_000809.png
split,train
model,result_0266,0.5485194099046571,0.8350293802015782,-2,22
model,result_0862,0.11588976639774273,0.47834509706800793,2,298
model,result_0524,0.8493806865993359,0.33060961061456395,4,9
