background,karlsruhe_000000_001015.png
split,train
model,result_0394,0.5548206131520897,0.9885549363880881,-3,22
model,result_0163,0.039721190521583516,0.6911844427516762,3,123
