background,konstanz_000000_000796.png
split,train
model,result_0193,0.797161214481546,0.2836109710724416,4,144
model,result_0036,0.13333112414460935,0.5914831424174737,-4,86
model,result_1000,0.9176985972432203,0.9890115816594757,4,189
