background,wurzburg_000000_001145.png
split,train
model,result_0945,0.36139069437494065,0.592925793498932,1,210
model,result_0612,0.2970081374025306,0.8636719469512155,-2,73
