background,muhlheim-ruhr_000000_000819.png
split,train
model,result_0914,0.2685007300251039,0.28067430845705044,1,49
model,result_0193,0.33219944283347747,0.7947147934595163,1,229
