background,dortmund_000000_000907.png
split,train
model,result_0527,0.16984677285987715,0.764653728278411,-4,29
model,result_0602,0.7315065233927626,0.3381210980862419,-2,105
model,result_0024,0.5456080647413613,0.4827030227328606,-4,9
