background,freiburg_000000_000587.png
split,train
model,result_0440,0.48453709843456694,0.8336106301614468,-2,226
