background,muhlheim-ruhr_000000_000824.png
split,train
model,result_0866,0.30406592378271047,0.9497167516076461,4,121
model,result_0983,0.29795321809281283,0.6409374239511265,2,84
