background,karlsruhe_000000_000906.png
split,train
model,result_0795,0.9642893624229896,0.30472571504218415,2,13
model,result_0388,0.7975180888143635,0.5073649328989254,0,200
