background,muhlheim-ruhr_000000_000812.png
split,train
model,result_0931,0.5679430495341437,0.3358946858374665,-4,196
