background,heilbronn_000000_000218.png
split,train
model,result_0931,0.5753777258548011,0.8422083328079574,-3,164
model,result_0123,0.8728921015429247,0.8571244519523331,-2,271
model,result_0472,0.6858618947632135,0.6737063213757227,-1,111
