background,konstanz_000000_000136.png
split,train
model,result_0295,0.3200681295858482,0.6705336777744673,3,100
