background,wuppertal_000000_000495.png
split,train
model,result_0075,0.3281476558567221,0.4199418486148542,3,209
