background,heilbronn_000000_000322.png
split,train
model,result_0499,0.8012978672573416,0.8030617213030385,4,16
model,result_0844,0.9577343441062873,0.8029311429706725,1,326
