background,bamberg_000000_000105.png
split,train
model,result_0878,0.8828271696767739,0.9221820225922512,-4,194
model,result_0004,0.2519093229490851,0.5439379696138422,3,307
