background,muhlheim-ruhr_000000_001021.png
split,train
model,result_0739,0.8943260461539166,0.9433117543866089,3,197
