background,ulm_000078_000019.png
split,train
model,result_0477,0.7033112062316523,0.3956984949229761,-1,292
model,result_0949,0.8030275725798753,0.8557499843919663,0,10
