background,karlsruhe_000000_000849.png
split,train
model,result_0862,0.7186176483838315,0.9950482456126514,-2,250
