background,wurzburg_000000_000088.png
split,train
model,result_0394,0.9712839490172451,0.9024398693305778,0,188
model,result_0163,0.2663324094612829,0.5482591588098983,4,270
