background,strasbourg_000001_022363.png
split,train
model,result_0357,0.8689036553043171,0.2684908057821621,-3,282
model,result_0046,0.3827043086272477,0.6514648231406901,-3,324
model,result_0389,0.9109547904405625,0.3669759970940272,-3,81
