background,augsburg_000000_000656.png
split,train
model,result_0657,0.7641068880838132,0.8272033441538844,-3,64
