background,muhlheim-ruhr_000000_000915.png
split,train
model,result_0247,0.36746954422248435,0.43597076566901166,0,20
model,result_0239,0.01875709274460846,0.8308806420554838,-4,268
model,result_0051,0.06472914151548215,0.2874737993454168,-3,329
