background,karlsruhe_000000_000178.png
split,train
model,result_0992,0.05933296608105265,0.9737752908962632,3,204
