background,karlsruhe_000000_000490.png
split,train
model,result_0924,0.9888529371986612,0.8398445472655255,2,78
model,result_0866,0.9628413638946715,0.2589972690554936,4,309
model,result_0983,0.7415164600789511,0.3193630992208011,-1,245
