background,mannheim_000000_001014.png
split,train
model,result_0440,0.10548032100478444,0.9660497396284395,0,73
model,result_0484,0.19989240536961372,0.28527176433833185,-1,85
