background,konstanz_000000_000459.png
split,train
model,result_0173,0.6079013318593727,0.73433400782393,-4,141
