background,bayreuth_000000_000051.png
split,train
model,result_0367,0.7774394496555134,0.6362149740877794,0,99
