background,muhlheim-ruhr_000000_000386.png
split,train
model,result_0657,0.5226467906063947,0.8524357510635217,-2,24
