background,oberhausen_000000_000087.png
split,train
model,result_0775,0.46760953788659354,0.31016745266283197,3,99
model,result_0075,0.6781797931393303,0.42339601971279095,0,135
model,result_0992,0.41615350740062773,0.5282419184930827,2,111
