background,heilbronn_000000_000038.png
split,train
model,result_0646,0.24865378759351486,0.7538022498880241,-1,129
model,result_0586,0.5696786977361521,0.5614673760371658,2,3
model,result_0989,0.010962335179374061,0.9948553370256425,-4,295
