background,schweinfurt_000000_000043.png
split,train
model,result_0173,0.5836660002770138,0.4592459929991518,0,195
