background,bamberg_000000_000185.png
split,train
model,result_1000,0.9170197257052686,0.6408100276955132,-4,32
model,result_0367,0.8202479618172953,0.6139794476712346,-3,127
