background,erfurt_000019_000019.png
split,train
model,result_0793,0.604660189216431,0.8601953796700204,0,94
model,result_0686,0.9482369376824301,0.7149856710920851,-3,147
model,result_0805,0.49676302724195054,0.48764201659309847,-4,270
