background,wurzburg_000000_000020.png
split,train
model,result_0080,0.9211361127413265,0.6170024541678351,-4,338
