background,bayreuth_000000_000397.png
split,train
model,result_0385,0.9066804558507897,0.5311161424241704,0,11
model,result_0991,0.2916171302277071,0.5613298829089612,-3,114
