background,konstanz_000000_000858.png
split,train
model,result_0996,0.2617180433706303,0.6919507810557735,-4,194
model,result_0266,0.4620939357029432,0.7477446541997997,-3,356
