background,erlangen_000000_000141.png
split,train
model,result_0499,0.7859033879896168,0.7033117784349299,-4,13
model,result_0844,0.14215173856597452,0.5603294657751172,3,35
model,result_0995,0.7194633599167195,0.5548783856433741,-2,174
