background,karlsruhe_000000_001053.png
split,train
model,result_0477,0.20828327995666973,0.4287685724043011,2,8
model,result_0949,0.3098546555343519,0.7081822737139565,2,27
model,result_0324,0.8497153733808808,0.5518271260111832,-4,112
