background,muhlheim-ruhr_000000_000210.png
split,train
model,result_0805,0.8644417103004066,0.6174951292444504,-1,180
