background,hanover_000000_032681.png
split,train
model,result_0822,0.04194682956608797,0.8610587286458016,2,276
model,result_0855,0.09701500574583577,0.9557591587138417,4,311
