background,augsburg_000000_000057.png
split,train
model,result_0163,0.3381343893329468,0.45238744105777695,-3,42
