background,dortmund_000000_000144.png
split,train
model,result_0542,0.27484529987436557,0.934864175039044,4,347
