background,augsburg_000000_000081.png
split,train
model,result_0989,0.17762615722853403,0.8077237942778368,3,301
model,result_0803,0.6505205480038937,0.5431963940404685,-2,102
model,result_0192,0.836989903139022,0.7775915744222605,-3,298
