background,muhlheim-ruhr_000000_001045.png
split,train
model,result_0562,0.40180903014928226,0.7460088653108938,-2,165
model,result_0215,0.8343265063469097,0.5452432969024406,0,284
