background,weimar_000024_000019.png
split,train
model,result_0989,0.2928900360952801,0.5245006625541064,2,191
model,result_0803,0.7559165324507089,0.7503882847197778,-2,220
