background,dusseldorf_000046_000019.png
split,train
model,result_0283,0.7189760166058201,0.4479238706931047,4,357
model,result_0968,0.043799813995908043,0.6285665917203295,0,89
model,result_0847,0.8278614513660397,0.6585856276784754,3,44
