background,nuremberg_000000_001414.png
split,train
model,result_0751,0.4328801335235726,0.2950019218139761,1,246
model,result_0678,0.4146094178947526,0.7175238991093855,-3,247
