background,konstanz_000000_000209.png
split,train
model,result_0218,0.43257436924066406,0.32351681348674033,1,162
