background,bremen_000086_000019.png
split,train
model,result_0784,0.2531294484603672,0.8978559977579749,1,164
