background,erlangen_000000_000102.png
split,train
model,result_0996,0.774098597124408,0.3455531135565195,-3,245
