background,jena_000017_000019.png
split,train
model,result_0283,0.45941331925999884,0.4306805359357717,-4,227
model,result_0968,0.4853805768592835,0.3791764248041901,-1,346
model,result_0847,0.9206435205998533,0.45922816390984833,-3,203
