background,saarbrucken_000000_000475.png
split,train
model,result_0367,0.15090717474838833,0.2726206431562018,1,137
model,result_0822,0.5071519357122749,0.3629353833406319,-1,335
