background,heilbronn_000000_000222.png
split,train
model,result_0075,0.9028254549273586,0.724525255852444,-4,21
