background,karlsruhe_000000_000273.png
split,train
model,result_0562,0.5107766684778655,0.8314352788736866,3,208
