background,oberhausen_000000_000216.png
split,train
model,result_0775,0.9533703467933996,0.499380156071066,2,13
