background,wurzburg_000000_000728.png
split,train
model,result_0046,0.00793844774615815,0.8924899005024478,-1,280
model,result_0389,0.7442968792299046,0.5744482167219285,1,156
model,result_0164,0.038096062291678834,0.983693546097271,4,237
