background,heilbronn_000000_000541.png
split,train
model,result_0686,0.08999939992631323,0.45593387834595234,3,150
