background,karlsruhe_000000_000731.png
split,train
model,result_0146,0.059056448087175695,0.5221707675881785,0,89
