background,muhlheim-ruhr_000000_000034.png
split,train
model,result_0357,0.22199213807437546,0.603561170396019,-1,191
model,result_0046,0.6123693451354916,0.9323501616747882,2,212
model,result_0389,0.9127567527304256,0.6577620253760514,1,340
