background,heidelberg_000000_000469.png
split,train
model,result_0775,0.3274095687076818,0.7232464540335483,-3,48
model,result_0075,0.999967850302624,0.5365913306667176,-3,55
