background,wurzburg_000000_000696.png
split,train
model,result_0510,0.17941398663240127,0.2816754690109063,-3,104
