background,heidelberg_000000_000386.png
split,train
model,result_0945,0.33399326727828005,0.7533146691480682,-4,144
model,result_0612,0.9699793422342765,0.7430021933542953,1,200
model,result_0283,0.31697343063057437,0.6640614047465099,1,29
