background,karlsruhe_000000_000366.png
split,train
model,result_0389,0.8583150913855618,0.2703889189374151,1,126
