background,nuremberg_000000_000525.png
split,train
model,result_0193,0.5289195912863619,0.8600923807059527,-1,257
