background,konstanz_000000_000754.png
split,train
model,result_0751,0.867850151857845,0.6772573888792619,-4,206
model,result_0678,0.9136711444791182,0.4781006964219293,4,232
model,result_0784,0.31213867290457,0.4897268193111628,2,138
