background,heidelberg_000000_000082.png
split,train
model,result_0822,0.1865142817396892,0.8833626012571484,3,294
model,result_0855,0.9905617500735578,0.5945695538891833,-1,242
