background,freiburg_000000_000263.png
split,train
model,result_0510,0.9502804829356553,0.8953500983382026,4,104
model,result_0328,0.6417367312392259,0.9113074188105613,4,41
