background,duisburg_000000_000640.png
split,train
model,result_0795,0.25896815949178764,0.5280397618510253,3,311
