background,wuppertal_000000_001008.png
split,train
model,result_0805,0.7051334041009187,0.293579726393288,-1,283
model,result_0039,0.5165327161719223,0.8097672933184501,-4,15
model,result_0386,0.6462459906322869,0.6520558442210662,-4,5
