background,dortmund_000000_001088.png
split,train
model,result_0164,0.1318098793144592,0.706551198415798,2,166
model,result_0440,0.7873161546496513,0.8656327955690271,4,198
