background,wurzburg_000000_000157.png
split,train
model,result_0822,0.43050835100692353,0.5146651304930544,1,128
model,result_0855,0.5914157564029663,0.7516918012742572,-2,198
