background,schweinfurt_000000_000555.png
split,train
model,result_0484,0.44650774849000985,0.6035414969174788,3,176
model,result_0861,0.20187796716148987,0.998453360598608,-2,231
model,result_0882,0.5175308568585583,0.665824036228077,3,226
