background,dortmund_000000_000615.png
split,train
model,result_0367,0.8595404487596283,0.8115615436117118,-3,286
model,result_0822,0.13799921114519031,0.482855773671792,-4,89
model,result_0855,0.16618387373835664,0.7024443138204615,0,244
