background,bamberg_000000_000251.png
split,train
model,result_0991,0.15936789956955277,0.8756746102221254,-3,130
