background,dortmund_000000_000749.png
split,train
model,result_0127,0.23600942445602258,0.7349631337001815,3,3
model,result_0022,0.7203561131193388,0.9342311734210538,-3,148
