background,konstanz_000000_001316.png
split,train
model,result_0612,0.5505637935321607,0.5963772964226588,-4,119
model,result_0283,0.8777617467919665,0.4509561847125341,-1,343
model,result_0968,0.5024507241672689,0.9661141274301277,-2,213
