background,konstanz_000000_000390.png
split,train
model,result_0328,0.13425474672032445,0.8103847418603353,-4,187
