background,nuremberg_000000_000894.png
split,train
model,result_0686,0.8803621713429578,0.7959745990433973,-3,355
model,result_0805,0.015996984577876017,0.3436301943699062,1,223
model,result_0039,0.3820879477729422,0.33810595460556475,-4,20
