background,oberhausen_000000_000599.png
split,train
model,result_0822,0.1668693705393799,0.3521150458337055,3,211
model,result_0855,0.08731075968793045,0.8233166001319763,4,360
model,result_0338,0.2164762538889825,0.3094185438631918,0,209
