background,freiburg_000000_000703.png
split,train
model,result_0061,0.9018045843874885,0.3493432280941372,0,216
