background,augsburg_000000_001340.png
split,train
model,result_0945,0.1551587616173199,0.789750903278857,-3,68
