background,stuttgart_000147_000019.png
split,train
model,result_0039,0.03042521054755365,0.470280532892711,-1,62
