background,oberhausen_000000_000715.png
split,train
model,result_0542,0.2843986829920422,0.8589510014556421,-1,270
