background,nuremberg_000000_000125.png
split,train
model,result_0367,0.792344160065703,0.8018024710686931,3,329
model,result_0822,0.34339076255351975,0.7463843392355388,4,127
model,result_0855,0.651147466196425,0.7178100271879093,-4,173
