background,konstanz_000000_000449.png
split,train
model,result_0991,0.16713159747943362,0.43645255023798846,0,259
model,result_0373,0.9416111676406258,0.32593447320412644,-1,184
model,result_0191,0.8952735922864836,0.8474183129233998,3,355
