background,dortmund_000000_001024.png
split,train
model,result_0472,0.9633750351514114,0.5037830173375151,-4,214
model,result_0981,0.9034395274367057,0.8732006018256053,-2,196
model,result_0527,0.778790817575689,0.7387491449512678,0,234
