background,heidelberg_000000_000292.png
split,train
model,result_0686,0.7570557940370531,0.4257917130553265,0,83
model,result_0805,0.9328104063551209,0.542183017045182,-4,287
model,result_0039,0.41032797605530535,0.9044940557481234,-2,144
