background,duisburg_000000_000592.png
split,train
model,result_0878,0.10447234283402873,0.6234465689976725,4,111
model,result_0004,0.3821772196212234,0.3228210058238504,-4,296
model,result_0931,0.9463287655279057,0.4750130078851973,-3,32
