background,heidelberg_000000_001148.png
split,train
model,result_0004,0.784806844553333,0.3513487135023676,0,15
