background,bamberg_000000_000013.png
split,train
model,result_0191,0.4669531173818612,0.5869482323137057,-4,156
model,result_0775,0.09544847926226296,0.3509298927658445,-2,95
model,result_0075,0.095321889134941,0.9057395340706059,1,227
