background,stuttgart_000053_000019.png
split,train
model,result_0385,0.06558302281403461,0.835240178018105,-3,91
model,result_0991,0.2613855049374496,0.8068512742918582,0,254
model,result_0373,0.21246006875704204,0.9251730039520879,3,352
