background,nuremberg_000000_001219.png
split,train
model,result_0046,0.3778225860585207,0.9342116826274578,-2,88
model,result_0389,0.7110584891024464,0.8033399372248369,-3,88
model,result_0164,0.9946634111807715,0.9516236381688868,1,345
