background,konstanz_000000_001230.png
split,train
model,result_0995,0.4400281121359434,0.9040107705353921,3,252
