background,oberhausen_000000_000829.png
split,train
model,result_0862,0.6337215792327379,0.7773536872193706,3,192
model,result_0524,0.33570269113440143,0.2863606299821393,-1,7
model,result_0199,0.23905902650405442,0.6847474483970664,-2,225
