background,oberhausen_000000_000553.png
split,train
model,result_0239,0.4681837239900317,0.7120372111366887,-1,117
model,result_0051,0.11936672545777627,0.8969939681085028,-1,142
model,result_0739,0.7319074385972003,0.825332952751643,3,194
