background,konstanz_000000_000846.png
split,train
model,result_0882,0.546596814847426,0.4885263664518127,-1,41
model,result_0467,0.28281158531443573,0.7336048783766955,1,195
model,result_0154,0.8349208287154029,0.7471789315135993,3,247
