background,schweinfurt_000000_000194.png
split,train
model,result_0367,0.23338585401888712,0.35361470684174356,-3,256
model,result_0822,0.5290392171979298,0.7653690190014228,0,144
