background,karlsruhe_000000_000498.png
split,train
model,result_0822,0.5405503036625604,0.31646386011438404,-2,46
