background,heidelberg_000000_000094.png
split,train
model,result_0061,0.19879385696858898,0.5406639620046862,4,305
model,result_0606,0.46965656460752725,0.6003547523107139,-3,169
