background,nuremberg_000000_000715.png
split,train
model,result_0288,0.0915532724567405,0.9051490438839229,-4,177
model,result_0247,0.03457729322055625,0.9586365011621684,-2,291
model,result_0239,0.5148626192293887,0.3351658793347564,-4,204
