background,konigswinter_000000_000093.png
split,train
model,result_0163,0.30888186212379753,0.46554239996437374,3,265
model,result_0657,0.5603012915328328,0.7642576491681463,4,11
model,result_0914,0.3847995218638208,0.9350122008423047,0,51
