background,mannheim_000000_000043.png
split,train
model,result_0544,0.1653230603980953,0.47509776032353923,-3,266
model,result_0999,0.796107659995889,0.5143826617567252,2,64
model,result_0510,0.7493268336952452,0.47440010784025943,0,268
