background,wurzburg_000000_001353.png
split,train
model,result_0163,0.12240457991374776,0.7405990771865181,0,323
