background,heidelberg_000000_000935.png
split,train
model,result_0075,0.046361166435257006,0.6992204217053738,-2,262
model,result_0992,0.26587810361407826,0.5616994098186999,-2,305
model,result_0394,0.5020456798075954,0.5232860855550948,-4,322
