background,jena_000005_000019.png
split,train
model,result_0855,0.7807730846647316,0.2871459112703916,-3,213
model,result_0338,0.10289077590560092,0.6054342950171171,-4,72
model,result_0557,0.3273063140068754,0.36234310306805606,3,76
