background,heidelberg_000000_001184.png
split,train
model,result_0127,0.34727096595598883,0.7491064872869203,1,149
model,result_0022,0.6529507385848282,0.3190427196620947,-3,283
