background,wuppertal_000000_000491.png
split,train
model,result_0931,0.41279247247160067,0.3179197393328279,1,162
model,result_0123,0.6139616017790664,0.6353651433684387,1,81
