background,karlsruhe_000000_000078.png
split,train
model,result_0784,0.9553755937378887,0.6529000171369906,0,244
model,result_0924,0.8171458086377008,0.40956617991090033,-4,180
model,result_0866,0.9331388514364853,0.45854069923673835,4,351
