background,mannheim_000000_001142.png
split,train
model,result_0288,0.991874942768878,0.885617133585946,2,208
model,result_0247,0.26675057080995634,0.4011251706432849,1,259
model,result_0239,0.30539873826149067,0.984067692592464,1,73
