background,dusseldorf_000120_000019.png
split,train
model,result_0154,0.9644843789845902,0.4693223440127975,-1,22
model,result_0562,0.2552101939758691,0.9074275146631203,-1,141
model,result_0215,0.8517957729738592,0.510104951368452,0,185
