background,augsburg_000000_000828.png
split,train
model,result_0389,0.4599599141449012,0.9980488316982539,-2,321
model,result_0164,0.9896934774646174,0.4709474998987436,3,27
