background,karlsruhe_000000_001020.png
split,train
model,result_0154,0.23187841180975188,0.37548444044130747,4,307
