background,mannheim_000000_000043.png
split,train
model,result_0061,0.5721643737884498,0.4845710426909462,0,250
model,result_0606,0.3421128597271079,0.6442317964418899,4,98
