background,augsburg_000000_000335.png
split,train
model,result_0989,0.9286057792802201,0.9438534512869874,-3,16
model,result_0803,0.5838795161033878,0.7268883211744639,0,124
