background,wurzburg_000000_000518.png
split,train
model,result_0844,0.6885213540259679,0.8123678479509688,4,132
model,result_0995,0.6569728031256877,0.8790827109532485,1,258
