background,karlsruhe_000000_000032.png
split,train
model,result_0127,0.9585333321869359,0.9185454549227956,1,111
