background,freiburg_000000_000259.png
split,train
model,result_0945,0.6412916722251026,0.8487972484436178,3,149
model,result_0612,0.3381766244392377,0.3889744708279968,2,321
