background,augsburg_000000_000030.png
split,train
model,result_0862,0.4612537700759862,0.8033734844624902,-1,26
model,result_0524,0.35041213255588977,0.6399884222080727,-1,202
model,result_0199,0.4002363784683247,0.9580388541422509,1,77
