background,dortmund_000000_000470.png
split,train
model,result_0686,0.8671803713115194,0.28999383599709194,2,311
