background,bamberg_000000_000301.png
split,train
model,result_0686,0.18822388135406065,0.846124566677174,-1,94
