background,mannheim_000000_000032.png
split,train
model,result_0979,0.9372935653763833,0.4984650385760381,2,62
model,result_0871,0.28994586085973006,0.9857771022510274,-2,332
model,result_0878,0.7086551894201504,0.4092335760640782,-3,85
