background,karlsruhe_000000_001047.png
split,train
model,result_0544,0.6382024006243427,0.4492739512859656,-2,95
