background,heidelberg_000000_000474.png
split,train
model,result_0602,0.1982192102495377,0.5959062638033873,-2,66
model,result_0024,0.18598621805067028,0.3593251566151777,-3,314
model,result_0288,0.4465440510462596,0.6401009686072615,-1,150
