background,karlsruhe_000000_000940.png
split,train
model,result_0678,0.07618261495343404,0.40246774158435167,1,29
model,result_0784,0.491480961278025,0.7767960485386691,3,136
model,result_0924,0.9314955299036328,0.6090561068852793,3,241
