background,jena_000116_000019.png
split,train
model,result_0388,0.8587664178835792,0.5218642053397287,1,333
