background,dortmund_000000_000006.png
split,train
model,result_0739,0.033420808523025425,0.40643439274334325,-1,85
model,result_0960,0.9628177846536067,0.3846088879595425,-3,324
model,result_0632,0.48124125863150824,0.460318317373541,-4,67
