background,duisburg_000000_000194.png
split,train
model,result_0319,0.5242637719354521,0.28756879518448863,3,155
model,result_0477,0.7298553104711556,0.6040732612656173,-3,61
