background,ulm_000035_000019.png
split,train
model,result_0871,0.0789543619201678,0.5154438670891268,3,314
model,result_0878,0.08987634206017137,0.9712571199454771,-4,63
model,result_0004,0.14337678419472333,0.5946397914740219,0,168
