background,augsburg_000000_000469.png
split,train
model,result_0847,0.623712073879786,0.4612295404464272,-3,354
model,result_0646,0.9535081879659387,0.28200928660856206,2,126
model,result_0586,0.24507500986791964,0.9357620207100115,-1,290
