background,freiburg_000000_000149.png
split,train
model,result_0527,0.11739138819075934,0.8160715988356303,-2,314
