background,wuppertal_000000_000650.png
split,train
model,result_0082,0.282740135795046,0.5229648772498765,-4,145
model,result_0945,0.9576636364304323,0.7856590822449188,0,221
