background,duisburg_000000_000514.png
split,train
model,result_0983,0.2154939777295125,0.43841289001444406,-1,39
model,result_0996,0.43584066748196737,0.4285927541452508,-1,108
model,result_0266,0.3856673902720188,0.9811395510226659,-4,3
