background,konstanz_000000_000173.png
split,train
model,result_0218,0.4191840800728739,0.9727664306255008,2,298
model,result_0694,0.2144918958778782,0.5836295840969711,0,58
