background,saarbrucken_000000_000333.png
split,train
model,result_0674,0.9479473487626162,0.758552248117423,-2,8
model,result_0146,0.6317147801480059,0.5614780643334722,-4,277
