background,heidelberg_000000_000182.png
split,train
model,result_0199,0.3089273192324262,0.5909281068670874,-2,186
model,result_0060,0.4124636564981933,0.6218064510229919,-3,12
