background,wurzburg_000000_001355.png
split,train
model,result_0060,0.8297597357055531,0.9952433869092008,-1,324
