background,karlsruhe_000000_001045.png
split,train
model,result_0527,0.8213751993287106,0.913519537183896,2,16
model,result_0602,0.9691697564195084,0.7826903251821545,3,234
model,result_0024,0.8933085175076222,0.7982898262881256,-3,146
