background,muhlheim-ruhr_000000_001068.png
split,train
model,result_0803,0.4360926232768213,0.4278773255899757,3,62
