background,krefeld_000000_030111.png
split,train
model,result_0793,0.3956360799120866,0.42105752054314016,-3,225
model,result_0686,0.3835184444682106,0.47604194852425963,-4,85
model,result_0805,0.12076572331285096,0.6070445582657635,-2,36
