background,stuttgart_000010_000019.png
split,train
model,result_0295,0.5523827087515225,0.9093109662104404,-4,120
model,result_0127,0.25065678568114536,0.6730195608016682,-3,30
model,result_0022,0.10854700399973705,0.32131048287016606,-3,247
