background,wurzburg_000000_001228.png
split,train
model,result_0288,0.3264322062612587,0.5002871707498501,2,130
