background,wuppertal_000000_000725.png
split,train
model,result_0822,0.3112771935772919,0.8586368189969733,4,97
model,result_0855,0.45863988009887546,0.603082448451591,0,318
model,result_0338,0.5544069853154616,0.37463194633568964,0,90
