background,augsburg_000000_001455.png
split,train
model,result_0288,0.5269375270420524,0.43444800308109055,-4,95
model,result_0247,0.27405066952806845,0.8756108173829193,4,183
model,result_0239,0.8527849682900939,0.748084973344963,-3,25
