background,erlangen_000000_000175.png
split,train
model,result_0283,0.7054634137174818,0.98185037277145,2,125
model,result_0968,0.19520198241148012,0.7646891856425981,2,331
model,result_0847,0.6898755511062159,0.30740249051860613,0,215
