background,duisburg_000000_000094.png
split,train
model,result_0527,0.4247741419890806,0.3931019946228429,0,188
model,result_0602,0.27645128965662513,0.3632942386758759,-4,185
model,result_0024,0.6718223008218562,0.4116166900414382,2,55
