background,karlsruhe_000000_000378.png
split,train
model,result_0527,0.10802937722124872,0.5713772791795639,-4,312
model,result_0602,0.8751372517002792,0.4740206093749578,-4,105
