background,karlsruhe_000000_001081.png
split,train
model,result_0060,0.7542344087815891,0.7433639510083107,-4,220
model,result_0080,0.5618181880885447,0.5593917468971737,-2,12
