background,duisburg_000000_000224.png
split,train
model,result_0024,0.7447778811342803,0.6163116591875843,2,21
model,result_0288,0.9531887762217524,0.32613118665549345,-4,317
model,result_0247,0.6519475267551307,0.9982038934797108,1,148
