background,schweinfurt_000000_000472.png
split,train
model,result_0154,0.13409759151246903,0.588377277038288,-2,356
model,result_0562,0.8112132215151474,0.6817332087216242,0,25
