background,oberhausen_000000_000834.png
split,train
model,result_0931,0.07984240943306709,0.8331641189347516,-1,319
model,result_0123,0.16189823202500098,0.3535812441356425,-4,40
model,result_0472,0.2680429643634147,0.3700264538521657,-3,334
