background,duisburg_000000_000436.png
split,train
model,result_0739,0.22911190143180327,0.6292711551408885,2,323
model,result_0960,0.031299117940797094,0.6842313546533334,-4,193
model,result_0632,0.29331173075073846,0.8613935200374991,1,90
