background,freiburg_000000_000142.png
split,train
model,result_0803,0.493388352269565,0.41923241569846664,4,235
