background,wuppertal_000000_000279.png
split,train
model,result_0542,0.1491315230906326,0.3774242764573046,1,240
