background,augsburg_000000_000190.png
split,train
model,result_0154,0.49377356866119915,0.6335836742660512,-4,60
model,result_0562,0.8275726739130307,0.5185006325608262,3,210
model,result_0215,0.6091371746880011,0.26067727309311156,-2,59
