background,heilbronn_000000_000070.png
split,train
model,result_0127,0.21353347700266312,0.6396389475209785,1,188
model,result_0022,0.3491462680137125,0.4290468786788664,2,218
model,result_0061,0.7347061367194524,0.40757234594029057,3,153
