background,muhlheim-ruhr_000000_001090.png
split,train
model,result_0472,0.782367701194859,0.315111940792635,1,195
