background,heidelberg_000000_000028.png
split,train
model,result_0866,0.862703444786928,0.7784416914571852,-2,344
model,result_0983,0.09522963100204707,0.4035681851021234,-3,237
model,result_0996,0.36158628094818046,0.8066319141993964,3,282
