background,schweinfurt_000000_000675.png
split,train
model,result_0060,0.022575507799776684,0.4163405779714784,1,180
model,result_0080,0.487506029247334,0.3494202454911234,3,238
model,result_0857,0.7897464669264561,0.731299714243179,3,318
