background,konstanz_000000_000488.png
split,train
model,result_0123,0.4756425430018527,0.47636100420537386,1,270
