background,mannheim_000000_000605.png
split,train
model,result_0373,0.512059312981666,0.6681838819360824,-1,97
model,result_0191,0.006064248292337204,0.4296351943449772,-2,58
