background,stuttgart_000028_000019.png
split,train
model,result_0857,0.9040127857131449,0.5496715593785244,2,170
model,result_0795,0.627505284507556,0.6347317103870546,1,58
