background,hanover_000000_034720.png
split,train
model,result_0871,0.9907205795977445,0.8549067486307191,2,98
model,result_0878,0.5287999240779304,0.4225798126552035,1,209
