background,konigswinter_000000_000094.png
split,train
model,result_0338,0.3039568085782285,0.39036080197335,-2,128
