background,heidelberg_000000_000569.png
split,train
model,result_0394,0.8075688914327592,0.4396792962850514,1,75
model,result_0163,0.17582759642447487,0.986275179502986,-3,228
