background,karlsruhe_000000_000220.png
split,train
model,result_0861,0.8298200433456221,0.37136270619985906,3,117
model,result_0882,0.9232134758568128,0.46328813760140897,0,107
