background,augsburg_000000_000321.png
split,train
model,result_0328,0.6109173209458604,0.5799822755997379,-4,246
model,result_0879,0.060065711397159216,0.8665765920047913,-1,100
model,result_0542,0.4247075944785663,0.7401840225708425,-3,142
