background,bamberg_000000_000377.png
split,train
model,result_0163,0.7187066589658836,0.3096352242111504,-2,317
