background,heidelberg_000000_000894.png
split,train
model,result_0945,0.10133967939403421,0.6587393858969879,2,174
model,result_0612,0.32592295820622397,0.26073053636700805,3,207
model,result_0283,0.26569820636770347,0.6332204896518767,-2,68
