background,freiburg_000000_000172.png
split,train
model,result_0192,0.5140700709429052,0.2696449819438099,0,89
model,result_0218,0.4288389323882069,0.4108345909348619,-2,54
model,result_0694,0.7782707345343932,0.6446145625880835,1,200
