background,heilbronn_000000_000362.png
split,train
model,result_0024,0.4674418576967351,0.6412970422605065,-3,343
model,result_0288,0.8772510864428635,0.5901964632170531,-4,146
model,result_0247,0.2674225343552378,0.8072476150874612,-2,232
