background,wurzburg_000000_000893.png
split,train
model,result_0472,0.5409332370653384,0.863562946696949,0,145
model,result_0981,0.9549152807125177,0.5898360739144402,1,160
