background,oberhausen_000000_000081.png
split,train
model,result_0855,0.9676667275786323,0.9954181502195756,-4,196
model,result_0338,0.5864918827638635,0.787263558306841,0,328
model,result_0557,0.6363555297606028,0.6796140193680353,-4,49
