background,nuremberg_000000_001243.png
split,train
model,result_0123,0.38175870656628264,0.4389765698103273,-1,291
