background,bayreuth_000000_000482.png
split,train
model,result_0949,0.577759548509406,0.28119031272874884,2,9
model,result_0324,0.005631352433607684,0.7269580593090265,4,237
model,result_0173,0.4808969544041076,0.540546601449358,-2,15
