background,bayreuth_000000_000250.png
split,train
model,result_0686,0.8071527911049489,0.48613443377490817,-2,70
