background,schweinfurt_000000_000324.png
split,train
model,result_0191,0.7640132687288254,0.4269262664298169,-1,132
model,result_0775,0.7065032450041191,0.6589472914962018,-2,309
model,result_0075,0.9687224796796233,0.48688168772674356,1,81
