background,wuppertal_000000_000404.png
split,train
model,result_0388,0.20954090486310628,0.47738674172841983,1,77
