background,nuremberg_000000_000147.png
split,train
model,result_0060,0.22539047081863084,0.5771516784095791,-2,260
model,result_0080,0.10535190133024463,0.30957586437010826,3,356
