background,mannheim_000000_000448.png
split,train
model,result_0805,0.810559242506429,0.7479174275921373,0,284
model,result_0039,0.1615044333541641,0.4868142090725057,4,179
