background,erlangen_000000_000156.png
split,train
model,result_0857,0.044835461620515105,0.5819396951292648,1,256
model,result_0795,0.38608629433061925,0.8551053428774907,0,223
