background,wuppertal_000000_000544.png
split,train
model,result_0080,0.4005865942896607,0.6835086302061212,-3,198
model,result_0857,0.16582075946748076,0.4459543971608853,-3,69
model,result_0795,0.6710449617522376,0.9687504546821257,-1,97
