background,duisburg_000000_000436.png
split,train
model,result_0657,0.8959130222235546,0.565376851766576,3,146
