background,oberhausen_000000_000220.png
split,train
model,result_0164,0.640269141727149,0.8934112787645201,2,115
model,result_0440,0.8236747029930972,0.7205521354115705,1,329
