background,schweinfurt_000000_000706.png
split,train
model,result_0266,0.657605582168898,0.9761837739174951,4,322
model,result_0862,0.04026250100134421,0.384019789227821,-4,330
