background,freiburg_000000_000108.png
split,train
model,result_0989,0.16612441541448486,0.8649181299846561,0,267
model,result_0803,0.20186516615841488,0.6317844960986888,0,315
model,result_0192,0.2667966310670017,0.7687906363412393,1,210
