background,dortmund_000000_000794.png
split,train
model,result_0373,0.28778598316961024,0.5691920996228058,0,290
model,result_0191,0.3155547465285783,0.8128767477749994,2,357
model,result_0775,0.7984535019590443,0.44151538615558195,-2,1
