background,nuremberg_000000_000534.png
split,train
model,result_0989,0.15528762981808242,0.623043404780137,0,284
model,result_0803,0.9413706801647599,0.5365053819737654,-1,55
model,result_0192,0.2505766741531108,0.8066455844849791,-4,68
