background,bayreuth_000000_000551.png
split,train
model,result_0477,0.42933654492207185,0.6119375822207084,-3,221
