background,karlsruhe_000000_000660.png
split,train
model,result_0191,0.3458105279587841,0.7930596697067858,3,256
model,result_0775,0.7501382853917137,0.9980555792921056,3,205
