background,konstanz_000000_000780.png
split,train
model,result_0686,0.19889501927533904,0.5852234809793861,-1,275
