background,heilbronn_000000_000255.png
split,train
model,result_0319,0.6163840507541045,0.36307821555819286,-1,310
model,result_0477,0.8032506612028331,0.655552450971191,0,109
