background,stuttgart_000079_000019.png
split,train
model,result_0324,0.9318783747327927,0.9697789831287776,3,133
