background,augsburg_000000_000564.png
split,train
model,result_0080,0.10675962667456307,0.43890683069780667,3,185
