background,schweinfurt_000000_000292.png
split,train
model,result_0332,0.10012032776369761,0.9296161613564303,2,92
