background,heilbronn_000000_000501.png
split,train
model,result_0527,0.5733230496643231,0.4153902808108761,1,180
model,result_0602,0.5773769413823465,0.6719738175823661,-2,249
model,result_0024,0.8791823417379138,0.5527843512857363,0,48
