background,nuremberg_000000_000821.png
split,train
model,result_0386,0.9448283308888583,0.4681910142043578,4,330
