background,wuppertal_000000_000909.png
split,train
model,result_0295,0.011436215858417031,0.638467605219942,-1,117
model,result_0127,0.3368473867266927,0.5337284383088208,-3,122
model,result_0022,0.21605304635530953,0.6142871252016449,-2,74
