background,weimar_000069_000019.png
split,train
model,result_0022,0.3930059433633797,0.454058700629525,-1,205
model,result_0061,0.8185625208361827,0.9886523613739431,4,18
model,result_0606,0.765743862607877,0.2702356131467317,2,84
