background,augsburg_000000_001126.png
split,train
model,result_0914,0.30674662221110904,0.8286206130901618,2,127
