background,hanover_000000_018213.png
split,train
model,result_0389,0.4605138209442525,0.30663453523970596,2,260
model,result_0164,0.9249660668666824,0.6763485862032736,0,282
model,result_0440,0.37863809499833356,0.27154827455356223,-4,275
