background,dortmund_000000_000307.png
split,train
model,result_0061,0.5225317573884389,0.7593923200865542,-1,304
