background,wurzburg_000000_000351.png
split,train
model,result_0793,0.021585927295953766,0.7697667434841166,-2,342
model,result_0686,0.6955388032314057,0.7226016624839826,3,227
