background,wurzburg_000000_001404.png
split,train
model,result_0440,0.6173470564254775,0.4395610261323115,-4,331
