background,bayreuth_000000_000585.png
split,train
model,result_0328,0.6212674661897473,0.6654069502801815,-4,332
