background,dresden_000000_000246.png
split,train
model,result_0499,0.9590650804619272,0.664979494373941,4,16
