background,karlsruhe_000000_000799.png
split,train
model,result_0199,0.2935575626593093,0.7986365274084684,-2,344
model,result_0060,0.0036936263190368024,0.9712993013521063,3,284
model,result_0080,0.1789756437511656,0.5485913191287348,-1,120
