background,konstanz_000000_000666.png
split,train
model,result_0882,0.9789377152298543,0.6372805421126038,1,51
model,result_0467,0.5756875435903195,0.5551031877846755,1,102
