background,augsburg_000000_000071.png
split,train
model,result_0803,0.7399164378007984,0.9443987319512261,1,124
model,result_0192,0.34283518028423654,0.8881605412271278,-2,223
model,result_0218,0.9583063440216046,0.9653675207591096,1,226
