background,muhlheim-ruhr_000000_000983.png
split,train
model,result_0678,0.8560070297983852,0.815834709889321,-4,57
