background,muhlheim-ruhr_000000_001206.png
split,train
model,result_0163,0.6970307061827623,0.645762757451604,2,341
model,result_0657,0.6260960078795068,0.2933872039790436,1,194
