background,dresden_000000_000032.png
split,train
model,result_0544,0.05806216723646174,0.5986419113578779,4,84
