background,bochum_000000_033531.png
split,train
model,result_0612,0.7621999188529838,0.9687963266049099,-3,160
model,result_0283,0.5014001517055129,0.5516825465391619,0,173
