background,konstanz_000000_001142.png
split,train
model,result_0283,0.4651096147442655,0.5811122001314436,-4,48
model,result_0968,0.37898238649881577,0.4669303079220092,4,243
