background,oberhausen_000000_000227.png
split,train
model,result_0173,0.5159432507822019,0.6637244512960352,1,37
model,result_0751,0.6880806381679265,0.6233458440797148,4,331
