background,freiburg_000000_000764.png
split,train
model,result_0324,0.12288393466589753,0.6266880146051386,0,94
model,result_0173,0.9073133477779209,0.84404307362757,-2,102
model,result_0751,0.8137235354908964,0.6086126583736357,-2,262
