background,wuppertal_000000_000960.png
split,train
model,result_0606,0.4877737786083256,0.7610627597655968,4,198
model,result_0082,0.08142889652511975,0.5860178759839731,-2,294
model,result_0945,0.5427106834660292,0.5244041448039434,1,146
