background,dortmund_000000_000921.png
split,train
model,result_0544,0.7576816448681922,0.3551470003974192,-3,278
