background,wurzburg_000000_001119.png
split,train
model,result_0606,0.20002904202024951,0.9598791707125722,-2,313
