background,muhlheim-ruhr_000000_000665.png
split,train
model,result_0995,0.632215548350362,0.6273063392686012,3,200
