background,wurzburg_000000_001556.png
split,train
model,result_0499,0.5420494493262348,0.49820609951014777,-1,173
