background,schweinfurt_000000_000443.png
split,train
model,result_0646,0.3296934540787213,0.8467126829140266,-2,222
model,result_0586,0.22333838600472944,0.9963675100278713,3,147
model,result_0989,0.10700329767170302,0.8362331930273448,2,254
