background,oberhausen_000000_000169.png
split,train
model,result_0039,0.9779840173635784,0.9001002150769871,2,258
model,result_0386,0.6866093326845982,0.41457959884611995,3,184
model,result_0979,0.7975107189587037,0.7275443976637266,1,239
