background,heidelberg_000000_000552.png
split,train
model,result_0191,0.7617724457836308,0.7958521190311239,-2,124
