background,dresden_000000_000017.png
split,train
model,result_0510,0.4851148378400396,0.6035730010726037,-1,316
model,result_0328,0.17030937410887115,0.8252951150473267,-2,207
