background,krefeld_000000_013139.png
split,train
model,result_0324,0.5825745548429553,0.949923098590293,3,319
model,result_0173,0.22585409038258464,0.32529189846050655,-4,37
