background,darmstadt_000049_000019.png
split,train
model,result_0544,0.271980479047517,0.6815631255761067,-2,162
