background,schweinfurt_000000_000572.png
split,train
model,result_0524,0.9830805653294189,0.7562977212642137,-3,166
model,result_0199,0.014300465444950228,0.2662067561106344,-1,170
