background,mannheim_000000_000249.png
split,train
model,result_0981,0.7066604209944767,0.822031996467398,-4,41
model,result_0527,0.7713927849055172,0.4006271162976848,0,245
