background,konstanz_000000_000368.png
split,train
model,result_0440,0.5945744078975415,0.7026601483363728,3,177
