background,augsburg_000000_000103.png
split,train
model,result_0266,0.4407110157408155,0.6957427018829623,-2,154
model,result_0862,0.8339870710892011,0.7660519909860509,2,338
model,result_0524,0.2243378158344319,0.32750208453608276,3,289
