background,bayreuth_000000_000588.png
split,train
model,result_0949,0.05891495728799068,0.6796979557720398,-1,259
model,result_0324,0.13637985067540304,0.3576709916528889,2,30
model,result_0173,0.37305906434302116,0.7202900160997634,-4,275
