background,schweinfurt_000000_000010.png
split,train
model,result_0793,0.4353670160649099,0.5013084177507854,-4,32
model,result_0686,0.11360092986139492,0.6569268742883556,2,40
model,result_0805,0.6324709262141264,0.883228440623166,0,186
