background,konstanz_000000_000586.png
split,train
model,result_0793,0.02609557991935252,0.718521533363681,-2,199
model,result_0686,0.18611013769533613,0.8740170527143958,1,350
