background,schweinfurt_000000_000078.png
split,train
model,result_0945,0.46595519247437645,0.6886561439431966,-4,207
