background,schweinfurt_000000_000091.png
split,train
model,result_0945,0.8928466198154358,0.8924983048465194,1,51
model,result_0612,0.6017276996351592,0.7194089713901788,4,54
model,result_0283,0.08814915592713157,0.6157333139078269,1,290
