background,karlsruhe_000000_000313.png
split,train
model,result_0983,0.05325413887361552,0.4834973349523475,0,277
model,result_0996,0.9649643355880122,0.8175922048118178,-3,316
model,result_0266,0.03131214525518866,0.7434932079354154,4,209
