background,schweinfurt_000000_000250.png
split,train
model,result_0795,0.3216141111684907,0.32142770978975654,1,255
model,result_0388,0.5953419871263568,0.9817265628765266,0,110
model,result_0499,0.6193399704942746,0.9524191457658313,3,161
