background,muhlheim-ruhr_000000_001005.png
split,train
model,result_1000,0.7001270099626146,0.969359069527749,-4,251
model,result_0367,0.7365775978112559,0.30863874629659993,2,232
