background,oberhausen_000000_000556.png
split,train
model,result_0524,0.877395069356251,0.9287311339918333,-1,201
model,result_0199,0.6598655888253565,0.3509308651658499,-3,342
model,result_0060,0.8735487866427885,0.6234698289996657,-1,354
