background,wurzburg_000000_000039.png
split,train
model,result_0022,0.3261275882947403,0.3020629976272384,0,48
model,result_0061,0.7873268458790872,0.6749225302066799,3,122
