background,bayreuth_000000_000342.png
split,train
model,result_0557,0.05961921118616198,0.6396915924511227,2,84
model,result_0544,0.25258901757672414,0.49546996323218173,2,87
model,result_0999,0.2569746430787023,0.5861652130535473,-4,211
