background,schweinfurt_000000_000199.png
split,train
model,result_0440,0.3442382335683659,0.8454394672531532,2,112
model,result_0484,0.3803531513474063,0.3200583714163835,-3,57
