background,weimar_000001_000019.png
split,train
model,result_0784,0.8120065802863562,0.5796579601908786,3,67
