background,wuppertal_000000_000920.png
split,train
model,result_0295,0.4880578561732054,0.5970056443919471,-4,226
model,result_0127,0.37215504841842284,0.6928888301209274,-1,76
