background,freiburg_000000_000291.png
split,train
model,result_0857,0.3393758309825533,0.6744350892726155,-1,249
model,result_0795,0.015933463334107056,0.9254019963664679,2,350
