background,muhlheim-ruhr_000000_000460.png
split,train
model,result_0191,0.8265354416775753,0.5468759584281484,-3,183
model,result_0775,0.15582530737290046,0.4880935164776613,-2,214
model,result_0075,0.25490692644545276,0.7524682762789899,-4,114
