background,wurzburg_000000_001614.png
split,train
model,result_0385,0.3388564394277376,0.45784121188867466,2,139
