background,mannheim_000000_000282.png
split,train
model,result_0385,0.1531803377011759,0.5374401819564646,2,259
