background,ulm_000037_000019.png
split,train
model,result_0385,0.946520325893828,0.6435234896418817,3,53
model,result_0991,0.11354510567438547,0.5660541110100272,4,67
