background,konstanz_000000_001270.png
split,train
model,result_0173,0.6101789158628409,0.5144441994661132,2,12
model,result_0751,0.6611371690321781,0.31606140973381625,4,129
