background,dortmund_000000_000395.png
split,train
model,result_0968,0.41493607785614006,0.9414986626668601,0,181
model,result_0847,0.8621246076716325,0.5216729919807431,-4,127
model,result_0646,0.15002873307252496,0.6202118928509769,0,295
