background,mannheim_000000_000199.png
split,train
model,result_0385,0.9822931817320214,0.9646766715216514,1,205
