background,konstanz_000000_000623.png
split,train
model,result_0386,0.0017476222450653056,0.46928339390047036,0,274
model,result_0979,0.7162354929351987,0.9732259687171121,0,144
model,result_0871,0.0575408717193292,0.7173439063674942,4,55
