background,troisdorf_000000_000121.png
split,train
model,result_0192,0.9127279922187347,0.30506626526840097,-1,288
model,result_0218,0.4189650396297464,0.6901009003883264,0,13
model,result_0694,0.1094835054758384,0.3064822753431214,1,192
