background,heidelberg_000000_001199.png
split,train
model,result_0861,0.10511319637194882,0.5316822825247405,-1,319
model,result_0882,0.4429242469363759,0.2530871352321873,1,312
model,result_0467,0.11328777217305297,0.4070546077612609,-3,159
