background,augsburg_000000_000565.png
split,train
model,result_0847,0.46717346510775415,0.32119751041858335,-1,260
model,result_0646,0.1890863874720745,0.26394267603637145,-2,356
model,result_0586,0.8598804928877487,0.9700803055836779,-1,250
