background,augsburg_000000_000743.png
split,train
model,result_0855,0.10704098133751705,0.47405067385726907,1,207
model,result_0338,0.7438618235191188,0.6591118357027299,2,334
model,result_0557,0.7893202489535545,0.3457387106416095,4,159
