background,dortmund_000000_000855.png
split,train
model,result_0283,0.22766519559474807,0.601855989621183,1,132
model,result_0968,0.5491058045063386,0.4733122031334882,1,51
model,result_0847,0.5250023395255994,0.9649430468085205,-4,170
