background,schweinfurt_000000_000324.png
split,train
model,result_0969,0.874549209051604,0.8161437698304105,-2,154
model,result_0793,0.33255595098192925,0.6625648753016224,1,164
model,result_0686,0.40008308708988805,0.7061421720911576,0,151
