background,karlsruhe_000000_000371.png
split,train
model,result_0739,0.838304695343187,0.3741546414761848,-3,108
model,result_0960,0.14498771221287943,0.8391154204603608,0,124
model,result_0632,0.17126243945489272,0.4943651642323903,3,318
