background,bayreuth_000000_000617.png
split,train
model,result_0751,0.6489444716733687,0.6466200709443995,2,31
model,result_0678,0.5106942912128998,0.8529415321218047,-4,2
