background,lindau_000008_000019.png
split,train
model,result_0173,0.8500942197590748,0.43276936801313,0,342
model,result_0751,0.8422249432583508,0.4336713616514858,4,345
