background,saarbrucken_000000_000495.png
split,train
model,result_0295,0.575250795944516,0.9579905333861325,-3,247
model,result_0127,0.6281510326717518,0.563225717764161,3,325
model,result_0022,0.7490870301671955,0.6390652807650652,-4,28
