background,konigswinter_000000_000105.png
split,train
model,result_0080,0.6604150394234597,0.9080028755863184,0,99
model,result_0857,0.4596864578974549,0.7512330230338042,0,96
