background,oberhausen_000000_000499.png
split,train
model,result_0173,0.3605993829404297,0.6131975297069902,2,329
model,result_0751,0.9155084415577035,0.9197437330857889,4,210
