background,augsburg_000000_000870.png
split,train
model,result_0394,0.4090569682346902,0.4869562724746349,-4,322
model,result_0163,0.8374116905750979,0.543344511155746,2,267
model,result_0657,0.7728529047306425,0.6405392408073354,2,289
