background,weimar_000001_000019.png
split,train
model,result_0338,0.9920361545962799,0.8656416879104594,4,115
