background,oberhausen_000000_000308.png
split,train
model,result_0357,0.9929349369587467,0.7844467739271378,2,236
model,result_0046,0.2547249776728898,0.8618189011230626,-4,274
