background,karlsruhe_000000_000913.png
split,train
model,result_0871,0.14570836363057615,0.46269665878704935,4,80
