background,bayreuth_000000_000470.png
split,train
model,result_0075,0.04850278753491055,0.7565503066218889,0,3
model,result_0992,0.43925745436515684,0.8905819654111843,4,299
