background,konstanz_000000_000302.png
split,train
model,result_0164,0.3600135749187754,0.7600846778125301,0,101
model,result_0440,0.5329863151839539,0.8513613843220997,2,115
model,result_0484,0.09980544656250157,0.48573897760680895,2,39
