background,heilbronn_000000_000074.png
split,train
model,result_0999,0.6261224515308976,0.9855204681275642,4,2
