background,augsburg_000000_000201.png
split,train
model,result_0192,0.7709113862423881,0.5255693684157428,3,252
