background,nuremberg_000000_001153.png
split,train
model,result_0510,0.14024177433460483,0.47584684543025185,-2,320
