background,schweinfurt_000000_000593.png
split,train
model,result_0784,0.487071613374914,0.49315994506145433,-2,66
model,result_0924,0.3718895929708147,0.5597520572713978,-3,90
