background,augsburg_000000_000223.png
split,train
model,result_0385,0.6279190768140371,0.7928018749479403,2,65
model,result_0991,0.3968295795880581,0.6621266767480016,1,162
