background,karlsruhe_000000_000713.png
split,train
model,result_0154,0.19953335376556036,0.26581841685592333,1,70
model,result_0562,0.946202296405211,0.5233139724054094,-2,127
