background,bayreuth_000000_000452.png
split,train
model,result_0847,0.5497957679700709,0.8285025931131045,-1,234
model,result_0646,0.5495156165835866,0.25139157139450713,-4,251
