background,schweinfurt_000000_000299.png
split,train
model,result_0394,0.15779781845511465,0.46269758668978644,-2,341
model,result_0163,0.6728498451289144,0.4996330833565156,3,14
model,result_0657,0.024165981227454836,0.3247529528048807,-3,354
