background,dortmund_000000_000647.png
split,train
model,result_0544,0.684493654451992,0.9164931724728986,-1,352
