background,saarbrucken_000000_000447.png
split,train
model,result_0218,0.7159498089142422,0.8231704543917503,4,331
