background,heidelberg_000000_000343.png
split,train
model,result_0989,0.8252019459296336,0.31915410083154455,-3,132
model,result_0803,0.9756851695615232,0.8771519519787004,-2,341
