background,wurzburg_000000_001326.png
split,train
model,result_0678,0.9932373541389945,0.4989993606471763,0,2
model,result_0784,0.9888438510224116,0.32682780017631474,1,281
