background,freiburg_000000_000629.png
split,train
model,result_0266,0.9105614118263605,0.9779823377279283,-4,24
model,result_0862,0.48779277168514046,0.33433082231475253,2,77
model,result_0524,0.37874314125501884,0.31969607347863543,0,29
