background,wuppertal_000000_000949.png
split,train
model,result_0215,0.10483997584941529,0.7796152070560864,-4,300
