background,nuremberg_000000_001345.png
split,train
model,result_0686,0.8777262692504121,0.8147984190553756,-1,68
model,result_0805,0.5008056986444527,0.294672259378963,-3,12
model,result_0039,0.00731167239557684,0.8645305918550579,-2,150
