background,augsburg_000000_000411.png
split,train
model,result_0751,0.1009561280033977,0.38661466342983086,2,254
model,result_0678,0.22543643538549396,0.7562580787585386,4,127
model,result_0784,0.5050681792638074,0.8436297303642892,-2,357
