background,saarbrucken_000000_000548.png
split,train
model,result_0295,0.16940002540443866,0.9616752415314498,-1,16
model,result_0127,0.5324741948854516,0.6977960621525687,0,79
