background,konstanz_000000_000077.png
split,train
model,result_0992,0.1969383379760522,0.3509227925996551,-3,50
model,result_0394,0.13039954156073508,0.9578230445477274,1,33
