background,nuremberg_000000_000368.png
split,train
model,result_0319,0.7370755439718347,0.4455424995761373,-3,80
