background,nuremberg_000000_000190.png
split,train
model,result_0239,0.8730143884820684,0.270301087686053,-1,127
model,result_0051,0.28101342289845643,0.6782507897755536,-3,225
