background,karlsruhe_000000_000623.png
split,train
model,result_0154,0.9148255419006713,0.5932947330101251,1,21
model,result_0562,0.1424351718518735,0.3765259808170498,1,318
