background,dresden_000000_000223.png
split,train
model,result_0674,0.1335041794743288,0.5948026173877623,-3,309
model,result_0146,0.1681814028045685,0.8387125213197283,-1,356
model,result_0295,0.9404612652165428,0.5175825784469501,1,210
