background,wurzburg_000000_001383.png
split,train
model,result_0193,0.26325814183216023,0.7790434698526483,3,108
model,result_0036,0.0675959004388006,0.5210082229789388,-4,332
