background,muhlheim-ruhr_000000_000696.png
split,train
model,result_0991,0.9190179403922307,0.35716581063336206,0,210
