background,bad-honnef_000000_000060.png
split,train
model,result_0931,0.06696845216314773,0.2794893127015964,-4,206
model,result_0123,0.33259891875678516,0.6596815884701777,2,290
