background,wuppertal_000000_000407.png
split,train
model,result_0983,0.7366768945061086,0.70566031841093,4,172
