background,nuremberg_000000_000811.png
split,train
model,result_0524,0.8603118577736637,0.6266075794139203,2,96
