background,dortmund_000000_000694.png
split,train
model,result_0338,0.21128214871451123,0.36268839831465083,2,235
