background,nuremberg_000000_000541.png
split,train
model,result_0996,0.4566939915900028,0.7991413644198544,-2,290
