background,weimar_000009_000019.png
split,train
model,result_1000,0.7879849506202385,0.41504946345678984,1,322
model,result_0367,0.7325806770526027,0.8763537595752371,-1,121
