background,freiburg_000000_000094.png
split,train
model,result_0215,0.4175232210829182,0.8710595930639919,4,144
model,result_0332,0.8446798290349152,0.6769012687833018,-3,174
model,result_0385,0.9320095614125067,0.364054347111514,4,25
