background,karlsruhe_000000_000164.png
split,train
model,result_1000,0.16039203390155488,0.6871067187571762,-1,179
model,result_0367,0.06522899643012448,0.34400114215489613,4,329
model,result_0822,0.41007034279470866,0.9993864738301181,0,6
