background,strasbourg_000001_064224.png
split,train
model,result_0914,0.6321736537874715,0.5336485724588049,-2,96
