background,strasbourg_000001_031683.png
split,train
model,result_0472,0.09763816865932162,0.7823425279604974,-2,85
model,result_0981,0.7228634281222441,0.8085725048381943,0,228
model,result_0527,0.780556455977403,0.8618506784739741,1,16
