background,augsburg_000000_000801.png
split,train
model,result_0996,0.3656778312657587,0.5090938650363153,-4,334
model,result_0266,0.3570008833279972,0.6963607355262686,3,274
