background,muhlheim-ruhr_000000_000692.png
split,train
model,result_0739,0.578844893339773,0.3739699248495811,-3,64
model,result_0960,0.7397163573458159,0.8942964899109465,2,299
model,result_0632,0.5073255247198265,0.7941959967203096,4,20
