background,wuppertal_000000_000978.png
split,train
model,result_0215,0.13328212941529605,0.44988202295700075,4,180
