background,augsburg_000000_000221.png
split,train
model,result_0602,0.009623977118057403,0.5016796184953461,-3,42
model,result_0024,0.6814071496186898,0.7341389507065503,-4,220
