background,muhlheim-ruhr_000000_001169.png
split,train
model,result_0686,0.3747634767619952,0.5080436097377317,-3,221
model,result_0805,0.5682944663958996,0.63343351073951,-2,144
