background,karlsruhe_000000_000906.png
split,train
model,result_0373,0.2783126054389953,0.46777115316935963,-1,28
model,result_0191,0.42988243191057984,0.7788109710242719,-3,240
model,result_0775,0.27242520623875444,0.7714584305102524,4,83
