background,saarbrucken_000000_000525.png
split,train
model,result_0803,0.8472278611460594,0.28108022428645685,-4,220
model,result_0192,0.2712058948981839,0.6614868019454563,1,150
model,result_0218,0.37792795008534963,0.60922743755414,0,68
