background,konstanz_000000_000739.png
split,train
model,result_0989,0.5118056695024487,0.2747533412214973,-1,13
model,result_0803,0.7274457012034792,0.5580847127408343,4,170
model,result_0192,0.6190695777804067,0.5013376159095426,-4,296
