background,konstanz_000000_000012.png
split,train
model,result_0499,0.7421424708706548,0.5585816071992542,-4,126
