background,muhlheim-ruhr_000000_000314.png
split,train
model,result_0803,0.6747197589785972,0.38048745761154446,-4,290
