background,heidelberg_000000_000128.png
split,train
model,result_0472,0.5633804137615208,0.9353399628832817,-2,305
model,result_0981,0.1767883683073549,0.532300635148738,1,253
model,result_0527,0.46416723714816954,0.3085152136259206,0,186
