background,konstanz_000000_000007.png
split,train
model,result_0632,0.2416520567274989,0.9736761016918948,4,300
model,result_0357,0.164033269493428,0.7226836135613416,1,65
model,result_0046,0.10513366070480556,0.5912823254046354,-1,181
