background,schweinfurt_000000_000527.png
split,train
model,result_0266,0.2792233833339437,0.748162876475316,-4,174
model,result_0862,0.534150163998389,0.7723034233346027,2,347
model,result_0524,0.8156312705480694,0.8558461501166985,0,266
