background,wurzburg_000000_000347.png
split,train
model,result_0602,0.5206560482307397,0.9709118305101194,-1,36
