background,schweinfurt_000000_000101.png
split,train
model,result_0739,0.49589522297564115,0.9239825074771644,-1,84
