background,konstanz_000000_000861.png
split,train
model,result_0784,0.2719133678390243,0.34406715321324544,-4,157
