background,dortmund_000000_000766.png
split,train
model,result_0784,0.15851533475694213,0.2617235154009875,2,98
model,result_0924,0.24358653287787324,0.5266915485771314,4,95
model,result_0866,0.9410711807957928,0.4601897006876904,0,285
