background,dortmund_000000_000000.png
split,train
model,result_0871,0.7404764858132352,0.5308368383518464,-1,16
model,result_0878,0.008959159590913424,0.3971991429168235,-4,158
