background,muhlheim-ruhr_000000_000717.png
split,train
model,result_0784,0.8778136941205673,0.5537728127907089,1,253
model,result_0924,0.9513647191419461,0.861819833761796,3,230
