background,oberhausen_000000_000446.png
split,train
model,result_0266,0.32291915903082136,0.8036384240593865,2,240
