background,nuremberg_000000_001456.png
split,train
model,result_0060,0.7940421156951399,0.6147224296814748,-3,265
model,result_0080,0.3817244477377607,0.8012955931641699,-2,168
