background,freiburg_000000_000782.png
split,train
model,result_0871,0.2760082062009561,0.8255441865520613,4,127
model,result_0878,0.5359696437749719,0.27069879339937464,-1,213
model,result_0004,0.23146582652715253,0.2623786696585796,3,192
