background,schweinfurt_000000_000148.png
split,train
model,result_0484,0.3491435382920127,0.8249970266997407,-2,172
model,result_0861,0.9391748001042551,0.8283618112120315,0,279
model,result_0882,0.14875273742527328,0.7695968852881089,-3,196
