background,bayreuth_000000_000580.png
split,train
model,result_0861,0.3200728214564339,0.6314518374256615,0,116
model,result_0882,0.6429212217209407,0.26105032945720374,-2,343
model,result_0467,0.6172892504197096,0.610150445942075,2,269
