background,duisburg_000000_000596.png
split,train
model,result_0524,0.7944131683910194,0.6215291951073687,-2,218
model,result_0199,0.8639576029691742,0.8792973762562797,0,135
model,result_0060,0.7635703048990764,0.9329296975838279,-4,198
