background,augsburg_000000_001398.png
split,train
model,result_0878,0.6512929962630961,0.29430769471320584,-4,262
