background,saarbrucken_000000_000111.png
split,train
model,result_0793,0.551241543329377,0.3148098690209248,0,110
