background,wurzburg_000000_000947.png
split,train
model,result_0218,0.9990974598086548,0.29112913084715886,0,224
model,result_0694,0.9700268709545031,0.8754792297420827,3,172
