background,bamberg_000000_000092.png
split,train
model,result_0678,0.61637576894222,0.7879838932903402,3,343
model,result_0784,0.07543036350817056,0.9579239582802805,-4,339
