background,konstanz_000000_000178.png
split,train
model,result_0981,0.4814906816070439,0.6243907960912136,4,18
