background,bayreuth_000000_000277.png
split,train
model,result_0036,0.32486362588274964,0.38545150662634287,4,316
