background,stuttgart_000121_000019.png
split,train
model,result_0164,0.06869093984021979,0.9134985562045788,-4,349
model,result_0440,0.6651162844874959,0.9167131922645461,3,37
