background,mannheim_000000_000133.png
split,train
model,result_0075,0.043501760158279335,0.9466260598463835,-3,138
model,result_0992,0.14506244595624596,0.49790402465416445,-3,258
model,result_0394,0.9415165405068876,0.8029584147460627,-4,342
