background,muhlheim-ruhr_000000_000814.png
split,train
model,result_0061,0.4320174592268543,0.7623608253475656,1,196
