background,augsburg_000000_000610.png
split,train
model,result_0154,0.9727355704093715,0.7427988750102869,2,37
model,result_0562,0.3973128337262337,0.809864481170825,-4,180
