background,nuremberg_000000_000967.png
split,train
model,result_0163,0.49991953415770995,0.4902027562955612,2,50
model,result_0657,0.7684980032173677,0.9463087338415832,-4,5
