background,augsburg_000000_001112.png
split,train
model,result_0981,0.5493370722653705,0.8594099697231989,-2,84
