background,bayreuth_000000_000220.png
split,train
model,result_0866,0.17449935111346848,0.9180806511088926,-1,251
model,result_0983,0.7663539616091161,0.6720312471531888,1,130
model,result_0996,0.6813516679384042,0.8907937992749846,4,309
