background,dresden_000000_000407.png
split,train
model,result_0394,0.5177394690289483,0.9727891547750105,1,95
