background,heilbronn_000000_000706.png
split,train
model,result_0991,0.21131231483944835,0.9211904011666959,4,198
model,result_0373,0.9762957004655799,0.39191171972903227,4,169
model,result_0191,0.7779446402408665,0.9400095765940573,-4,359
