background,zurich_000036_000019.png
split,train
model,result_0882,0.4151211601816521,0.9100009815775489,-2,251
model,result_0467,0.8461263827201746,0.6143611061144081,3,283
model,result_0154,0.6494537829681247,0.8374947673053349,2,138
