background,dortmund_000000_000818.png
split,train
model,result_0739,0.5736062668259612,0.9951328843690456,1,175
