background,bremen_000234_000019.png
split,train
model,result_0164,0.07625181925817581,0.4941294541286758,3,194
model,result_0440,0.7846039190502742,0.5323165513040011,-4,33
model,result_0484,0.5179923944897814,0.48314644409993146,-4,167
