background,heilbronn_000000_000035.png
split,train
model,result_0191,0.7691461804735986,0.46736177395114264,1,58
model,result_0775,0.22186342474966336,0.5914793141761827,1,283
model,result_0075,0.49992168258357905,0.9046800714206659,-1,193
