background,nuremberg_000000_001018.png
split,train
model,result_0283,0.03267194789185668,0.336832571678079,3,169
model,result_0968,0.1498531278061459,0.7964447251353517,2,298
model,result_0847,0.556020672756318,0.6342054719330207,1,149
