background,nuremberg_000000_001022.png
split,train
model,result_0646,0.5875388153093979,0.7630437924629728,0,302
model,result_0586,0.3855860219079922,0.35410040402306064,-3,303
model,result_0989,0.99529555274626,0.5296148978563934,3,181
