background,oberhausen_000000_000578.png
split,train
model,result_0847,0.1519659699578697,0.6458169016702233,-4,220
