background,strasbourg_000001_036697.png
split,train
model,result_0046,0.6809394748064479,0.6170515783690452,1,227
