background,nuremberg_000000_000040.png
split,train
model,result_0871,0.4982141658680067,0.26236204711898514,3,306
model,result_0878,0.8663762929853953,0.6753931955036887,3,45
model,result_0004,0.7600097654337953,0.6617297996020644,-1,272
