background,mannheim_000000_000011.png
split,train
model,result_0586,0.6905927759700312,0.396976431888301,-2,115
