background,heidelberg_000000_000358.png
split,train
model,result_0979,0.16906159199415394,0.4173495572168955,-3,78
model,result_0871,0.8234729020076349,0.5099935974080142,1,295
