background,konstanz_000000_000469.png
split,train
model,result_0844,0.50046779430638,0.9790132864343363,-3,207
