background,heilbronn_000000_000194.png
split,train
model,result_0324,0.6219150153739089,0.7935854485849885,0,190
model,result_0173,0.23539396397980206,0.9195353249048587,1,199
