background,darmstadt_000043_000019.png
split,train
model,result_0036,0.002257245708965905,0.6175780481959221,-1,161
