background,karlsruhe_000000_000918.png
split,train
model,result_0061,0.20778984946422174,0.9132504522622447,-4,266
