background,monchengladbach_000000_023489.png
split,train
model,result_0338,0.32939533727922266,0.9617059513811566,-3,186
