background,heidelberg_000000_000530.png
split,train
model,result_0632,0.40619740877288624,0.39137400807643885,4,116
model,result_0357,0.16357833054128978,0.9242556593098606,0,299
