background,karlsruhe_000000_001052.png
split,train
model,result_0991,0.807711309864558,0.7472135053450284,0,182
model,result_0373,0.027464307311527048,0.38389591884197516,0,121
