background,troisdorf_000000_000052.png
split,train
model,result_0999,0.491916503110281,0.6538948081491857,1,44
