background,mannheim_000000_000218.png
split,train
model,result_0646,0.04791188870458396,0.8802296610675175,2,130
model,result_0586,0.8057541812313773,0.8848795053583689,4,196
model,result_0989,0.0784800092017216,0.45752435873191977,0,130
