background,konstanz_000000_000478.png
split,train
model,result_0805,0.3618537415430212,0.489981646945183,-3,254
model,result_0039,0.005609776703882852,0.4971966572573815,3,295
