background,dortmund_000000_000699.png
split,train
model,result_0328,0.09231694302695359,0.6594238749631212,-2,316
model,result_0879,0.5728330503699287,0.8618066490740445,-3,203
model,result_0542,0.20799795479083039,0.7623535530274996,1,134
