background,hanover_000000_051059.png
split,train
model,result_0878,0.37906420676556873,0.5368180478221991,-2,220
model,result_0004,0.2671671989466199,0.5626111892513876,2,317
model,result_0931,0.3642880659570804,0.5414043179009558,1,82
