background,wurzburg_000000_001230.png
split,train
model,result_0855,0.7053086077028591,0.35277113354044465,-2,217
model,result_0338,0.9266954038007873,0.8217504030969001,-4,15
