background,freiburg_000000_000566.png
split,train
model,result_0866,0.9244502099553561,0.5515746534772832,0,90
model,result_0983,0.5551607569192054,0.6753348087669808,3,256
