background,erfurt_000044_000019.png
split,train
model,result_0847,0.1266724697557654,0.5371850051825078,0,23
model,result_0646,0.14788081577789713,0.32556952437758746,-2,201
