background,wuppertal_000000_000121.png
split,train
model,result_0283,0.6447338511350014,0.5160413497592882,0,41
model,result_0968,0.2467068914604652,0.8984397431701843,-1,139
model,result_0847,0.44017727675083895,0.8688220162383717,3,249
