background,nuremberg_000000_001010.png
split,train
model,result_0060,0.32653704343033096,0.3975788117280982,-1,196
model,result_0080,0.6070878867469176,0.6347613045241255,4,344
model,result_0857,0.7927626067077485,0.4077676761202016,-3,334
