background,heilbronn_000000_000694.png
split,train
model,result_0878,0.8182668190842383,0.7758070501271679,3,276
model,result_0004,0.4077632205568067,0.5130996033390253,-4,237
model,result_0931,0.26553190314447306,0.8385109004648968,2,326
