background,darmstadt_000020_000019.png
split,train
model,result_0924,0.06397586572071556,0.9083455601853798,1,344
model,result_0866,0.8533818892488348,0.3617132485465987,-1,179
