background,karlsruhe_000000_000688.png
split,train
model,result_0215,0.6680375035870939,0.7120042716417252,-4,120
model,result_0332,0.27168480075169554,0.29134682136799495,0,186
