background,augsburg_000000_000878.png
split,train
model,result_0606,0.38789576329821407,0.7352496216286606,0,202
model,result_0082,0.8021168521257531,0.8045637306870401,-1,191
