background,nuremberg_000000_001274.png
split,train
model,result_0882,0.9579794263988163,0.7813347276419544,-3,300
model,result_0467,0.22805872563883745,0.34184996839695503,-2,186
model,result_0154,0.7158714111266803,0.694417795296907,2,64
