background,konigswinter_000000_000116.png
split,train
model,result_0193,0.3527848844489454,0.6996377875972668,1,29
model,result_0036,0.9963239372169913,0.2836978234596258,-4,80
