background,erlangen_000000_000130.png
split,train
model,result_0632,0.22045820587673226,0.8722698545463161,3,160
