background,karlsruhe_000000_000945.png
split,train
model,result_0562,0.5591123937775474,0.632028335694854,3,347
