background,nuremberg_000000_000903.png
split,train
model,result_0154,0.26864656616076854,0.9340856052189365,4,349
model,result_0562,0.035944234331413805,0.2661071791002021,4,284
