background,augsburg_000000_000238.png
split,train
model,result_0861,0.8219112280375181,0.5183256137080772,3,260
