background,wurzburg_000000_001380.png
split,train
model,result_0996,0.9211522284108519,0.8975143831853034,4,144
