background,wurzburg_000000_000229.png
split,train
model,result_0394,0.3633055528827318,0.9979094206961745,2,173
