background,heidelberg_000000_000076.png
split,train
model,result_0775,0.3634178855150546,0.41893815366880593,4,312
