background,bayreuth_000000_000545.png
split,train
model,result_0795,0.7541640674693487,0.9391165673185232,2,309
model,result_0388,0.21982784153219392,0.40334151350993225,-3,126
model,result_0499,0.5665099601092672,0.9273098852143857,-2,134
