background,muhlheim-ruhr_000000_000051.png
split,train
model,result_0199,0.6794225817808905,0.6999043724419656,-3,258
model,result_0060,0.015154607430941547,0.7580091143482575,2,244
model,result_0080,0.32076046183600915,0.685771643630404,0,257
