background,augsburg_000000_001446.png
split,train
model,result_0775,0.13371119446427293,0.9891628514563691,-2,239
