background,wurzburg_000000_001123.png
split,train
model,result_0477,0.9291318448184045,0.6191053035756939,-3,208
model,result_0949,0.17105506646604374,0.6293216884557467,3,148
model,result_0324,0.6590173958233414,0.574578646970868,2,148
