background,konstanz_000000_001120.png
split,train
model,result_0862,0.4537193066664853,0.9799048062884443,-2,107
model,result_0524,0.29754065007404973,0.8877760623348903,4,343
