background,duisburg_000000_000736.png
split,train
model,result_0857,0.5684011728824225,0.34304102161765593,4,281
