background,dresden_000000_000212.png
split,train
model,result_0992,0.11313179252806971,0.34128245234343435,3,134
