background,bamberg_000000_000287.png
split,train
model,result_0283,0.2489163260980749,0.6203828282333698,0,54
