background,dortmund_000000_000757.png
split,train
model,result_0199,0.5503000067576824,0.7432301472674475,-2,115
model,result_0060,0.8642240631169403,0.7460963472928548,-1,18
model,result_0080,0.8730317244300219,0.32166657002749355,-1,356
