background,muhlheim-ruhr_000000_000905.png
split,train
model,result_0739,0.5336573801719305,0.9727325418163921,-2,301
