background,muhlheim-ruhr_000000_000480.png
split,train
model,result_0527,0.48718295455647587,0.5503163006693463,3,87
