background,lindau_000043_000019.png
split,train
model,result_0288,0.7328415875805423,0.3853518533040944,-4,160
model,result_0247,0.6192751502191647,0.8953692691559116,4,275
