background,mannheim_000000_000121.png
split,train
model,result_0046,0.1814356760193505,0.4651263651485145,0,316
model,result_0389,0.7842107552287021,0.43503875873863035,-3,320
model,result_0164,0.19662295657431772,0.5037940449329785,3,347
