background,dusseldorf_000138_000019.png
split,train
model,result_0795,0.6434550122041452,0.5292006050209799,0,59
