background,duisburg_000000_000474.png
split,train
model,result_0861,0.5881325952898241,0.9469508126576706,1,309
model,result_0882,0.6236389239055802,0.28009391746008644,3,238
model,result_0467,0.0825991983024309,0.9960349997462771,-1,182
