background,schweinfurt_000000_000095.png
split,train
model,result_0862,0.8705581146583742,0.650376509103741,0,237
model,result_0524,0.28743593759570774,0.6749547395393991,-1,112
