background,wuppertal_000000_000912.png
split,train
model,result_0969,0.05425470803796717,0.36605997857305794,-1,326
