background,mannheim_000000_000135.png
split,train
model,result_0324,0.6900007937316378,0.5241484852600687,2,42
model,result_0173,0.8845428850176904,0.48066157556064726,1,60
