background,dusseldorf_000187_000019.png
split,train
model,result_0981,0.8610688694733319,0.4975483895493439,-2,150
model,result_0527,0.620498490170642,0.754435154131727,2,79
model,result_0602,0.45534213422031433,0.45716284342948244,-4,25
