background,heilbronn_000000_000275.png
split,train
model,result_0999,0.2912324832188422,0.8262810922607587,4,253
