background,duisburg_000000_000677.png
split,train
model,result_0822,0.04338050398551008,0.8976539648862745,-4,179
model,result_0855,0.19145779723981726,0.7173595128285596,-3,236
