background,wurzburg_000000_000375.png
split,train
model,result_0389,0.09789741653029282,0.9195760187813817,-1,131
model,result_0164,0.27991187003926066,0.3775512322307572,-4,105
