background,oberhausen_000000_000727.png
split,train
model,result_0871,0.7630782998041465,0.5390554978834713,4,131
model,result_0878,0.9946064609654172,0.27445715826322065,-3,124
