background,tubingen_000111_000019.png
split,train
model,result_0146,0.40626418554536303,0.717059276031898,-4,340
