background,dortmund_000000_000673.png
split,train
model,result_0544,0.6530565126727518,0.9695180721919208,2,81
model,result_0999,0.6887537131955013,0.93442300149022,-3,160
model,result_0510,0.055923544864402985,0.2542199547707412,4,234
