background,dusseldorf_000043_000019.png
split,train
model,result_0173,0.655746177928344,0.8073499963228169,-4,38
