background,konstanz_000000_000445.png
split,train
model,result_0602,0.33155948619577347,0.4828315335250083,4,223
model,result_0024,0.2979809656127882,0.7162576985446252,-2,110
model,result_0288,0.9796171817248852,0.9124890761520104,-2,295
