background,bayreuth_000000_000759.png
split,train
model,result_0146,0.8802903088244115,0.7833721864872428,-2,163
model,result_0295,0.5341900309045504,0.6976909678904688,3,58
model,result_0127,0.5960379964980884,0.892352248727529,1,357
