background,augsburg_000000_001456.png
split,train
model,result_0945,0.12108741593842454,0.553877282393495,-3,215
model,result_0612,0.7373405058086384,0.4882135954733081,-2,301
