background,schweinfurt_000000_000157.png
split,train
model,result_0882,0.5578878540243825,0.4028959585584592,-1,30
