background,bayreuth_000000_000265.png
split,train
model,result_0931,0.9472957447032039,0.6681597879505894,-1,22
