background,krefeld_000000_003707.png
split,train
model,result_0051,0.9864080337236506,0.6177645380787238,1,312
