background,karlsruhe_000000_000677.png
split,train
model,result_0328,0.959717119219285,0.7941480663470087,0,144
model,result_0879,0.21269332209119363,0.577265350805201,1,22
model,result_0542,0.6664032253680114,0.6024818075736084,1,71
