background,oberhausen_000000_000240.png
split,train
model,result_0472,0.6616245983430485,0.9325383613495242,-2,278
model,result_0981,0.2361838966714308,0.6391244112439551,-4,75
model,result_0527,0.5190513532535133,0.519614467346282,2,205
