background,dusseldorf_000059_000019.png
split,train
model,result_0805,0.39436599288165886,0.8830804111906021,1,213
model,result_0039,0.826352605332139,0.2626031513447612,-2,354
