background,muhlheim-ruhr_000000_000904.png
split,train
model,result_0266,0.6496110113219127,0.3888437261664044,-3,82
