background,karlsruhe_000000_000609.png
split,train
model,result_0606,0.257427528577689,0.498116268807834,3,338
