background,schweinfurt_000000_000097.png
split,train
model,result_0477,0.748167780439899,0.7184562727099033,0,182
model,result_0949,0.20701129304066102,0.9155873693970646,1,133
