background,bayreuth_000000_000277.png
split,train
model,result_0793,0.47929660357954773,0.8045288866342486,-3,243
model,result_0686,0.309160588981792,0.49138778298740204,0,4
model,result_0805,0.6881039231487467,0.7348564148655993,3,229
