background,konstanz_000000_000859.png
split,train
model,result_0795,0.5593967616244153,0.5993402560231245,1,95
model,result_0388,0.5180845014287992,0.35941492102427874,4,32
