background,karlsruhe_000000_000681.png
split,train
model,result_0991,0.16395952828479343,0.5595274100855008,-3,117
model,result_0373,0.4572163215478089,0.2861679317698419,-4,101
