background,saarbrucken_000000_000271.png
split,train
model,result_0332,0.5403302989275036,0.8032740280859122,1,225
