background,stuttgart_000069_000019.png
split,train
model,result_0857,0.6879385396727984,0.7370782326134252,2,107
model,result_0795,0.5470782541016446,0.9569609306061813,4,217
