background,freiburg_000000_000708.png
split,train
model,result_0385,0.018981846939226554,0.8514412964117227,2,136
