background,wurzburg_000000_000823.png
split,train
model,result_0367,0.3937796781720575,0.4907527476072623,3,9
