background,nuremberg_000000_000969.png
split,train
model,result_0562,0.3297450580714517,0.9362339346624877,1,102
