background,mannheim_000000_001153.png
split,train
model,result_0924,0.012741174570991665,0.5130679840773987,-4,294
model,result_0866,0.20452364892100416,0.39720480411589587,1,149
