background,schweinfurt_000000_000696.png
split,train
model,result_0979,0.7122581892940537,0.25251486731885564,0,328
model,result_0871,0.24473292537044,0.939943330290901,3,128
