background,bayreuth_000000_000656.png
split,train
model,result_0969,0.924456519063677,0.5025472733169439,-2,115
model,result_0793,0.943641332167198,0.7303319219574269,-4,351
model,result_0686,0.9618450313349155,0.9640713899225308,1,135
