background,heidelberg_000000_000714.png
split,train
model,result_0949,0.6224952286992728,0.31392999342218586,2,253
