background,bayreuth_000000_000009.png
split,train
model,result_0386,0.7217211543735663,0.45451661445789293,-4,330
