background,dortmund_000000_000856.png
split,train
model,result_0739,0.808172427483633,0.691735423504386,4,171
model,result_0960,0.062117648102863354,0.6147726675900341,-1,242
