background,saarbrucken_000000_000161.png
split,train
model,result_0061,0.6474878649845888,0.42126653437219297,-3,249
model,result_0606,0.578440947960479,0.6076380311355247,-4,357
