background,freiburg_000000_000026.png
split,train
model,result_0612,0.07534723963826695,0.8042806528757007,1,67
