background,lindau_000008_000019.png
split,train
model,result_0996,0.12983286176835573,0.39432102308624883,-3,278
model,result_0266,0.964489401978685,0.5394354231996611,-4,320
model,result_0862,0.45190680454432186,0.3622511193462743,-3,82
