background,heilbronn_000000_000688.png
split,train
model,result_0996,0.17029198524415157,0.5560828327613434,3,252
model,result_0266,0.46905135460552816,0.9596236764965564,3,310
