background,konstanz_000000_000374.png
split,train
model,result_0388,0.8952789086560772,0.2534783506782483,2,195
model,result_0499,0.7749716831596404,0.8863506502417617,0,287
model,result_0844,0.5662985445399292,0.5751195534000472,-2,326
