background,augsburg_000000_000885.png
split,train
model,result_0678,0.6270147068975154,0.35410614123562373,-4,262
model,result_0784,0.19394041539834916,0.4815937181993881,-1,326
model,result_0924,0.30348166157313183,0.9518505983292861,2,313
