background,bamberg_000000_000113.png
split,train
model,result_0154,0.40496185492030257,0.7671647175988701,-4,329
model,result_0562,0.5089920334029943,0.8965794310133306,0,224
model,result_0215,0.2966363118928118,0.48089842623665,1,206
