background,heidelberg_000000_000268.png
split,train
model,result_0266,0.33165510833999645,0.37896368290396043,0,257
