background,duisburg_000000_000604.png
split,train
model,result_0855,0.6529135987315074,0.9056992041203628,-4,27
