background,bayreuth_000000_000837.png
split,train
model,result_0499,0.870871122713946,0.5484696777446144,2,62
