background,freiburg_000000_000579.png
split,train
model,result_0510,0.3556554665206958,0.618607194885331,2,64
model,result_0328,0.47168427705196514,0.8427120052766855,3,296
