background,heidelberg_000000_000675.png
split,train
model,result_0739,0.7456800077918254,0.6225906341355224,3,161
