background,karlsruhe_000000_000077.png
split,train
model,result_0924,0.6835409360904133,0.5777363797080837,-3,192
model,result_0866,0.6919721802879174,0.3937370127822526,-3,68
model,result_0983,0.03989103540561878,0.45765791128992284,-1,349
