background,mannheim_000000_000750.png
split,train
model,result_0542,0.06639146383236749,0.5888890168345007,-3,54
model,result_0674,0.20972744546382927,0.3799347654352535,0,269
model,result_0146,0.48598996055871724,0.2737834424524056,-3,10
