background,duisburg_000000_000273.png
split,train
model,result_0968,0.8402047137092323,0.7498683211643227,3,63
model,result_0847,0.39469747792326515,0.49301470669896186,4,226
