background,konigswinter_000000_000027.png
split,train
model,result_0295,0.020957519259674706,0.8708930473840537,-4,278
