background,wurzburg_000000_000015.png
split,train
model,result_0871,0.03633369011498877,0.5882214429941456,1,133
model,result_0878,0.008868519408803621,0.9331565438556708,-3,50
model,result_0004,0.41285947292619307,0.7262832408289353,0,194
