background,stuttgart_000122_000019.png
split,train
model,result_0193,0.22094194519354138,0.953714093325115,-4,298
model,result_0036,0.37700875575853576,0.5634707121090688,1,239
model,result_1000,0.6980705585494066,0.3432338028086386,4,248
