background,heilbronn_000000_000674.png
split,train
model,result_0981,0.8239174394959415,0.5088146201361045,-4,337
model,result_0527,0.5715249295034507,0.5611110276488573,2,249
model,result_0602,0.5567986610530323,0.967206848057314,-3,137
