background,muhlheim-ruhr_000000_000628.png
split,train
model,result_0051,0.7736768155290255,0.9388562402945803,-1,297
model,result_0739,0.7499491885893684,0.5833399408031839,3,139
