background,freiburg_000000_000027.png
split,train
model,result_0191,0.6551332906301379,0.9762737483736953,3,271
model,result_0775,0.855506033258402,0.9468519381055904,2,213
