background,karlsruhe_000000_000031.png
split,train
model,result_0602,0.3000359886270476,0.39129964637075254,-1,323
model,result_0024,0.8667347351326848,0.5799486377373825,3,190
model,result_0288,0.1271364519142748,0.8571809976358797,3,77
