background,karlsruhe_000000_000003.png
split,train
model,result_0949,0.636920385085531,0.6869414112519572,-3,42
