background,wurzburg_000000_000204.png
split,train
model,result_0979,0.5818316792911321,0.40629389474793653,1,348
model,result_0871,0.7545416561888273,0.8828227168220438,4,293
model,result_0878,0.11060219462360477,0.8830648627343287,-1,145
