background,heidelberg_000000_001193.png
split,train
model,result_0004,0.5400503713849297,0.2966151581475912,4,32
model,result_0931,0.07485330986474303,0.6670076956184273,4,186
model,result_0123,0.43956100575747525,0.8258572846208095,-3,63
