background,bamberg_000000_000318.png
split,train
model,result_0822,0.43071565727783634,0.28102618201310126,-2,10
model,result_0855,0.12448381481939597,0.267478471746625,2,36
model,result_0338,0.48935502854723545,0.4158863949093338,0,101
