background,stuttgart_000059_000019.png
split,train
model,result_0389,0.8823442950983736,0.7095180303224198,0,137
