background,augsburg_000000_000100.png
split,train
model,result_0989,0.6387549720060742,0.5906525228204065,-1,169
