background,heidelberg_000000_000374.png
split,train
model,result_0857,0.1473221272393891,0.4867599055548508,0,261
model,result_0795,0.6635300860201991,0.801724200242762,4,122
model,result_0388,0.8367267336679475,0.7657328621950448,-2,171
