background,dusseldorf_000086_000019.png
split,train
model,result_0295,0.2599977200914281,0.4578018209562945,-3,56
model,result_0127,0.3217559083838717,0.49877333662359563,4,345
