background,heilbronn_000000_000618.png
split,train
model,result_0949,0.659851102075019,0.5986442381709065,-1,48
model,result_0324,0.08836724177870414,0.6266555625268111,2,190
