background,muhlheim-ruhr_000000_000482.png
split,train
model,result_0751,0.3688776303782503,0.6930904626998423,2,167
model,result_0678,0.6895257068874523,0.2758713154784712,4,273
