background,wurzburg_000000_001019.png
split,train
model,result_0612,0.790751282903982,0.4276308696252181,-2,150
model,result_0283,0.059734991557794825,0.5087373009809597,0,290
model,result_0968,0.41890255504857377,0.6345767738943612,-3,111
