background,saarbrucken_000000_000500.png
split,train
model,result_0051,0.8584104063972064,0.9611325611670644,-2,142
model,result_0739,0.1380300788477291,0.5071603471597138,-1,167
