background,wuppertal_000000_000653.png
split,train
model,result_0332,0.5260751553075288,0.8777722312666445,-2,148
