background,wurzburg_000000_000599.png
split,train
model,result_0357,0.6154118065199424,0.9974515179830926,4,357
