background,wurzburg_000000_000993.png
split,train
model,result_0283,0.9947711694850889,0.3940781494291189,-1,346
model,result_0968,0.628506427645721,0.4689651260680894,1,33
