background,nuremberg_000000_001038.png
split,train
model,result_0678,0.7684466158301514,0.7816560806075742,-2,272
