background,augsburg_000000_000867.png
split,train
model,result_0996,0.13365038998178913,0.7605498787378988,1,174
