background,bayreuth_000000_000091.png
split,train
model,result_0324,0.890286088145,0.3686303399013787,4,69
model,result_0173,0.3546296370533488,0.3646387699953052,-3,58
model,result_0751,0.5087793960307266,0.318057217960928,0,85
