background,saarbrucken_000000_000135.png
split,train
model,result_0855,0.2936212863762724,0.9800449587532394,3,289
