background,saarbrucken_000000_000109.png
split,train
model,result_0981,0.611776796928212,0.598083743804696,-2,308
