background,heidelberg_000000_000348.png
split,train
model,result_0527,0.022838779429741662,0.30356589191505656,-1,225
model,result_0602,0.6952846658948226,0.994953554527453,2,123
