background,muhlheim-ruhr_000000_000076.png
split,train
model,result_0866,0.6736152586160445,0.44055158052479804,-4,75
