background,muhlheim-ruhr_000000_000680.png
split,train
model,result_0968,0.35059320012420814,0.8992929177841835,4,179
model,result_0847,0.4364763830167263,0.949540896725227,-2,65
model,result_0646,0.9536659411285419,0.6228560092395133,2,201
