background,karlsruhe_000000_000096.png
split,train
model,result_0751,0.9595941754708199,0.41648153604007776,-1,328
model,result_0678,0.30216188570971203,0.35524108037430685,4,73
