background,karlsruhe_000000_000179.png
split,train
model,result_0857,0.712426370683594,0.29269772539853056,4,309
model,result_0795,0.753099011689869,0.5213264784735999,3,338
