background,augsburg_000000_001501.png
split,train
model,result_0751,0.06294753747389037,0.3260601609179761,1,40
