background,troisdorf_000000_000096.png
split,train
model,result_0847,0.3204800968040018,0.5071306165653974,-2,10
model,result_0646,0.1017749158443958,0.8858113770693689,3,287
model,result_0586,0.33252532594987927,0.25778580964196035,2,326
