background,nuremberg_000000_001216.png
split,train
model,result_0388,0.934626094916989,0.9781879419689157,-2,94
model,result_0499,0.04686146686170467,0.949046641770483,3,115
model,result_0844,0.37692339085844495,0.8088578123504617,1,326
