background,muhlheim-ruhr_000000_000375.png
split,train
model,result_0844,0.23464417016757055,0.7883069605244433,1,48
model,result_0995,0.38533007782057493,0.7276954378303008,3,75
model,result_0969,0.1251169573446983,0.7389027024657103,4,302
