background,mannheim_000000_000006.png
split,train
model,result_0602,0.20252622896949646,0.3415303503852277,3,52
model,result_0024,0.4102214548504266,0.8088190517417783,-2,39
model,result_0288,0.6685000449025219,0.9559898631632445,2,334
