background,muhlheim-ruhr_000000_000169.png
split,train
model,result_0855,0.9243510756419846,0.6941895856839784,-1,85
