background,nuremberg_000000_000490.png
split,train
model,result_0542,0.6956672464177454,0.6432407863886425,1,23
model,result_0674,0.43131991124530666,0.30317840138011587,-1,96
