background,krefeld_000000_009404.png
split,train
model,result_0154,0.10373529487879962,0.6761452367370411,3,69
model,result_0562,0.4511799817826254,0.392144047494667,-3,175
model,result_0215,0.5098446803694435,0.898426706927745,1,130
