background,heilbronn_000000_000162.png
split,train
model,result_0969,0.12230606984332604,0.8357632517029965,4,182
model,result_0793,0.4142329082643885,0.723151173972989,4,131
