background,heilbronn_000000_000459.png
split,train
model,result_0191,0.5196448462955893,0.8621580057711543,-3,347
model,result_0775,0.5347560445337118,0.5180173762892774,0,114
