background,duisburg_000000_000217.png
split,train
model,result_0871,0.9632435162706663,0.8738445137313506,0,267
model,result_0878,0.24879456501249497,0.796274296872078,-4,205
