background,heilbronn_000000_000185.png
split,train
model,result_0193,0.8727604389192192,0.8220364151626282,-3,52
model,result_0036,0.3534611268245872,0.793619741608398,-4,190
