background,karlsruhe_000000_001044.png
split,train
model,result_0510,0.9484372420387648,0.674694245788994,1,162
model,result_0328,0.20557627841217718,0.7910437170068585,-4,89
