background,wurzburg_000000_001551.png
split,train
model,result_0795,0.5821390666441209,0.7013623490366447,4,118
model,result_0388,0.7952955594264844,0.4389396888663313,2,324
