background,oberhausen_000000_000397.png
split,train
model,result_0606,0.43171774770970284,0.46008133650791627,-3,217
model,result_0082,0.6471374794496351,0.44911055542840395,0,28
