background,wuppertal_000000_000580.png
split,train
model,result_0694,0.8370254878866223,0.4599027648945613,-3,17
