background,nuremberg_000000_000500.png
split,train
model,result_0199,0.721883724815835,0.32368302137417926,4,318
model,result_0060,0.45485275697527394,0.26413984120166234,-2,234
