background,freiburg_000000_000486.png
split,train
model,result_0164,0.43265633276081783,0.991155253148849,0,258
model,result_0440,0.28142506489620933,0.5482592841232201,3,190
model,result_0484,0.06453576860000221,0.352806449457128,3,70
