background,wurzburg_000000_000207.png
split,train
model,result_0999,0.8579783593574681,0.9690955962822844,4,109
model,result_0510,0.9225334025682649,0.4480875158417552,-4,262
model,result_0328,0.3516256327679441,0.9858125978441252,4,261
