background,oberhausen_000000_000696.png
split,train
model,result_0440,0.3614591437781467,0.341726334897594,2,272
model,result_0484,0.3933540068450253,0.8685563198555035,-2,130
