background,duisburg_000000_000168.png
split,train
model,result_0871,0.027216912204856114,0.49303725252178904,2,355
model,result_0878,0.8772102944882713,0.36566562509505757,3,70
