background,hamburg_000000_035568.png
split,train
model,result_0847,0.39895037114574716,0.9291345012449603,1,164
model,result_0646,0.546353871784435,0.3371640270932508,0,290
