background,wurzburg_000000_001224.png
split,train
model,result_0127,0.45449759721157934,0.6361105926095572,-4,309
model,result_0022,0.8680592332959078,0.6006817356480298,-2,221
model,result_0061,0.7200505665771512,0.6773036640320034,3,125
