background,heidelberg_000000_000867.png
split,train
model,result_0686,0.7015309974601746,0.4889922455795639,-4,266
model,result_0805,0.17177266857325924,0.8109221592241974,-4,308
