background,heidelberg_000000_000427.png
split,train
model,result_0319,0.3441818967716185,0.9119639300437995,-1,219
