background,konstanz_000000_000146.png
split,train
model,result_0295,0.9488776847237198,0.7741332129981779,1,235
model,result_0127,0.4597858254030499,0.41574646565936635,2,63
model,result_0022,0.03682865557289339,0.928006741164435,-2,257
