background,freiburg_000000_000031.png
split,train
model,result_0373,0.7711842115194584,0.375543233785799,-1,271
