background,heidelberg_000000_000326.png
split,train
model,result_0472,0.32332933281483967,0.8259595219419071,4,244
model,result_0981,0.28851791893450307,0.39685813136874815,-1,288
