background,augsburg_000000_001349.png
split,train
model,result_0544,0.5016136194798922,0.8189029842194936,0,66
model,result_0999,0.10625671877191323,0.5736224373335417,-1,306
