background,muhlheim-ruhr_000000_001214.png
split,train
model,result_0979,0.4708049899083514,0.9065598650432278,-1,2
model,result_0871,0.4839254863050694,0.7055343283597937,2,36
model,result_0878,0.4885937217639873,0.7294566156671032,-1,65
