background,karlsruhe_000000_000692.png
split,train
model,result_0357,0.456730402117167,0.8830728600616959,-2,101
model,result_0046,0.842908798955044,0.9568355856684316,-3,179
model,result_0389,0.8357093990320621,0.40074511533582124,-4,4
