background,konstanz_000000_001097.png
split,train
model,result_0215,0.6883595840898538,0.6588994358812987,1,203
