background,konstanz_000000_000428.png
split,train
model,result_0694,0.3106653949086101,0.4380036826656818,0,322
