background,oberhausen_000000_000709.png
split,train
model,result_0373,0.13511641603425528,0.594483412392335,2,204
