background,stuttgart_000082_000019.png
split,train
model,result_0266,0.8566225618222475,0.3234043636706917,-4,77
model,result_0862,0.7210096911857818,0.40812417479351143,-3,270
model,result_0524,0.4740848457002781,0.7294085774691244,2,239
