background,konstanz_000000_001240.png
split,train
model,result_0192,0.061874790605397245,0.7196432424949668,-2,62
model,result_0218,0.46466105624883136,0.2758663160534667,3,1
model,result_0694,0.10505777839165364,0.8439097227655327,-2,354
