background,wurzburg_000000_001468.png
split,train
model,result_0389,0.5051428637886126,0.3085831268465046,-4,263
model,result_0164,0.6870892088455758,0.4861509166773249,3,88
model,result_0440,0.2903137126178452,0.8106970840301935,-1,149
