background,karlsruhe_000000_001016.png
split,train
model,result_0983,0.8762329311064253,0.8780376953982765,-4,7
