background,wurzburg_000000_000913.png
split,train
model,result_0989,0.2528041767141399,0.8177803670691381,0,339
