background,schweinfurt_000000_000211.png
split,train
model,result_0871,0.16361732646930205,0.27089983259028927,-2,35
