background,augsburg_000000_000656.png
split,train
model,result_0931,0.5322455914895672,0.7674119556164395,-1,289
