background,mannheim_000000_001166.png
split,train
model,result_0866,0.1271545909062587,0.4386924707784986,-1,203
model,result_0983,0.6373868788820113,0.6191938766324898,3,158
