background,konstanz_000000_000498.png
split,train
model,result_0805,0.3753937356976397,0.8491297604288667,4,306
model,result_0039,0.6935756136617297,0.7249880137102351,1,291
