background,wuppertal_000000_000521.png
split,train
model,result_0945,0.35487178138224285,0.4066147259472578,-2,237
