background,muhlheim-ruhr_000000_000398.png
split,train
model,result_0632,0.2774907026721093,0.7274125930446609,0,327
model,result_0357,0.06450800840382032,0.825002040424936,1,181
model,result_0046,0.9547510662510823,0.7805664791945233,-1,345
