background,duisburg_000000_000619.png
split,train
model,result_0046,0.9590197299318824,0.6889720532763974,-2,339
model,result_0389,0.5949112829224951,0.4604088914634059,2,95
