background,nuremberg_000000_001367.png
split,train
model,result_0822,0.28710281140156513,0.45655014101863733,1,82
model,result_0855,0.6817021938642416,0.9947999161470223,-1,39
model,result_0338,0.5901110015558279,0.3337036071696083,4,171
