background,karlsruhe_000000_000318.png
split,train
model,result_0612,0.6985496633057594,0.7811917845501257,-2,56
model,result_0283,0.35400421614832367,0.9020425122125466,3,137
