background,konstanz_000000_000772.png
split,train
model,result_0324,0.7509190655745843,0.991216166063979,3,32
model,result_0173,0.5349060826595922,0.8075216028048272,-2,316
model,result_0751,0.4325578577327165,0.25679670121776543,0,341
