background,bayreuth_000000_000636.png
split,train
model,result_0061,0.034657521414146686,0.47015218283939686,0,244
model,result_0606,0.5348101941563628,0.5741664804672558,4,311
model,result_0082,0.60078967899592,0.9805843087213466,4,152
