background,bad-honnef_000000_000013.png
split,train
model,result_0995,0.4956543659196998,0.465283588877226,-3,167
model,result_0969,0.0619135667747972,0.7715761959712536,-2,255
model,result_0793,0.3375862443022061,0.4431038850619857,-2,47
