background,aachen_000124_000019.png
split,train
model,result_0022,0.4406536712719491,0.2807984678443225,3,73
model,result_0061,0.30971568381566295,0.9366436481618151,2,353
