background,oberhausen_000000_000747.png
split,train
model,result_0855,0.8972031381444036,0.419044282589266,3,109
