background,wuppertal_000000_000429.png
split,train
model,result_0795,0.7865180292163252,0.8020345045974696,-4,104
model,result_0388,0.6626637870985866,0.9903491488812606,-3,250
model,result_0499,0.3264983197788508,0.6496804877737092,4,38
