background,muhlheim-ruhr_000000_000002.png
split,train
model,result_0983,0.5071097814141668,0.42881711152680413,-4,331
model,result_0996,0.4602460959106335,0.8248850159058168,0,59
