background,konstanz_000000_000854.png
split,train
model,result_0123,0.4922092086716304,0.26949724351122406,4,246
model,result_0472,0.682239635989615,0.8520317116838753,-2,155
