background,konstanz_000000_000409.png
split,train
model,result_0678,0.04786578757295634,0.485066410805279,3,312
model,result_0784,0.6751557767370624,0.49559631037538826,-2,28
model,result_0924,0.7591507378998735,0.7566145270398293,0,96
