background,muhlheim-ruhr_000000_000594.png
split,train
model,result_0283,0.32316154291239785,0.8423709258232086,-2,283
