background,nuremberg_000000_001316.png
split,train
model,result_0295,0.40656018609828704,0.9124838525532482,3,253
