background,krefeld_000000_032845.png
split,train
model,result_0394,0.5061161968777604,0.7046546899791766,1,252
model,result_0163,0.6724185582450066,0.7069292703421053,-1,130
