background,augsburg_000000_000664.png
split,train
model,result_1000,0.9595355927030635,0.7317706962717333,-3,117
