background,dortmund_000000_000532.png
split,train
model,result_0328,0.8762248376519716,0.8871138118997612,0,152
model,result_0879,0.4152748773486564,0.4612004334866673,2,336
