background,bayreuth_000000_000636.png
split,train
model,result_0192,0.8693852636848937,0.7485721126817914,2,267
