background,nuremberg_000000_000499.png
split,train
model,result_0061,0.7167697485285263,0.8951885693988064,-3,209
