background,karlsruhe_000000_000677.png
split,train
model,result_0989,0.9437705473681604,0.30476658362792136,3,171
