background,freiburg_000000_000045.png
split,train
model,result_0388,0.9448608345127624,0.7578172402712784,0,230
