background,dortmund_000000_000733.png
split,train
model,result_0123,0.4544946389515646,0.762022768606564,4,315
