background,heilbronn_000000_000219.png
split,train
model,result_0499,0.7804767602363443,0.6521867754228942,3,245
model,result_0844,0.6125103872210025,0.928470628874138,-4,6
