background,muhlheim-ruhr_000000_001200.png
split,train
model,result_0751,0.33050672851077745,0.9707983155232892,4,199
