background,dortmund_000000_000135.png
split,train
model,result_0266,0.4379867168099687,0.30046117246293647,-4,55
