background,wurzburg_000000_000160.png
split,train
model,result_0004,0.8656284193122143,0.28275353389262936,0,345
model,result_0931,0.6497896255293272,0.5889148660224407,-3,186
model,result_0123,0.5511219826588826,0.9874882177918252,4,87
