background,dortmund_000000_000304.png
split,train
model,result_0784,0.6543063139635,0.5891911112021551,4,8
model,result_0924,0.6631911956740265,0.5410596228121103,2,348
