background,troisdorf_000000_000093.png
split,train
model,result_0989,0.3094083891906194,0.29672740317789154,3,295
model,result_0803,0.8660378989357496,0.7862169579108287,-1,227
