background,oberhausen_000000_000814.png
split,train
model,result_0855,0.6297442556168653,0.7453031078492517,-3,253
model,result_0338,0.3202101636298943,0.3215935060250984,3,151
model,result_0557,0.9324588219824643,0.5006503189637712,4,169
