background,bayreuth_000000_000255.png
split,train
model,result_0878,0.984145538942126,0.3378426294461675,-1,283
