background,heilbronn_000000_000541.png
split,train
model,result_0324,0.054597359988704075,0.9381594253146026,-2,166
model,result_0173,0.37039856533430093,0.6131934060021158,-4,185
