background,monchengladbach_000000_035364.png
split,train
model,result_0646,0.3585701980455126,0.6656012436558928,3,36
