background,konstanz_000000_001287.png
split,train
model,result_0527,0.3916063494453228,0.9314626888620241,-4,167
model,result_0602,0.8045179292277466,0.6920856624304728,4,300
model,result_0024,0.8806900554494201,0.7575722412330071,4,329
