background,augsburg_000000_000217.png
split,train
model,result_0805,0.3553424221650706,0.432780281668994,1,201
model,result_0039,0.7746074703120693,0.8577501885430926,4,281
model,result_0386,0.05144980708392555,0.5925309933815603,0,97
