background,nuremberg_000000_000101.png
split,train
model,result_0803,0.43957099783701137,0.41283769411914206,-4,320
model,result_0192,0.31695556956573234,0.5313798973273351,2,164
