background,troisdorf_000000_000125.png
split,train
model,result_0328,0.39563439040270254,0.9610667475070989,4,261
model,result_0879,0.9580200797206216,0.5363094321835462,-3,256
