background,karlsruhe_000000_000318.png
split,train
model,result_0338,0.8285791727330132,0.5509571892936661,3,332
