background,wuppertal_000000_000988.png
split,train
model,result_0239,0.8965524920162766,0.7333048891025047,1,267
model,result_0051,0.23849362701108467,0.7507700349540961,-2,103
