background,wuppertal_000000_000984.png
split,train
model,result_0266,0.7401448965474733,0.949428098413978,2,252
model,result_0862,0.7587160971000959,0.8188999077594005,-4,10
