background,cologne_000040_000019.png
split,train
model,result_0924,0.4621873892135775,0.8754851700099242,-2,28
