background,freiburg_000000_000155.png
split,train
model,result_0440,0.7525267310656727,0.8646840255228411,1,92
