background,augsburg_000000_000075.png
split,train
model,result_0784,0.8043201247382038,0.4120469484281607,-1,152
model,result_0924,0.2792074895301945,0.38588433465594524,0,12
model,result_0866,0.6579772803057136,0.5890416143765017,1,31
