background,heidelberg_000000_001071.png
split,train
model,result_0075,0.9159321704795431,0.5646503034322892,1,238
