background,augsburg_000000_000989.png
split,train
model,result_0338,0.9219285343085253,0.5064971166717017,1,47
model,result_0557,0.4129335173852937,0.5056240755890167,-4,223
