background,wuppertal_000000_000929.png
split,train
model,result_0996,0.2945329137862913,0.3847143476333158,3,207
