background,bamberg_000000_000134.png
split,train
model,result_0127,0.3462966582169583,0.7660875160771539,4,24
model,result_0022,0.5878132043813044,0.9310281939245315,2,53
