background,stuttgart_000003_000019.png
split,train
model,result_0678,0.07818346811551036,0.2934211582041516,-3,121
model,result_0784,0.2337805124598894,0.4449464556259084,2,104
