background,konstanz_000000_000251.png
split,train
model,result_0467,0.02890914929818933,0.4944667411440949,-4,92
model,result_0154,0.23294682292622815,0.3232467467212111,4,93
