background,muhlheim-ruhr_000000_000762.png
split,train
model,result_0542,0.8219324632164695,0.9643270995671027,-4,307
model,result_0674,0.4541274655975538,0.25878221375421184,0,112
