background,duisburg_000000_000084.png
split,train
model,result_0945,0.7610689426259655,0.5058658303402463,0,67
model,result_0612,0.41687387259760444,0.8123094085691354,-1,224
model,result_0283,0.6581655036280091,0.746508237582204,1,49
