background,augsburg_000000_000227.png
split,train
model,result_0949,0.28335569278605877,0.8293513213580889,-2,284
