background,dortmund_000000_000474.png
split,train
model,result_0657,0.2844776726421063,0.9619767908568524,-3,83
