background,konstanz_000000_001029.png
split,train
model,result_0394,0.9863826112289464,0.519799119018168,-2,211
model,result_0163,0.9544704472421909,0.6785114911226915,-3,329
