background,karlsruhe_000000_000203.png
split,train
model,result_0557,0.2324401834576003,0.778764160695121,-4,229
model,result_0544,0.11152519409592743,0.9804797074881538,1,161
