background,aachen_000030_000019.png
split,train
model,result_0784,0.9885001000910104,0.9922579568276141,3,228
model,result_0924,0.5948252604249686,0.39579503075634836,-4,59
model,result_0866,0.49576227124983874,0.9965563890606177,1,9
