background,muhlheim-ruhr_000000_001194.png
split,train
model,result_0338,0.35476184317737836,0.8912441869530636,-4,75
