background,bremen_000268_000019.png
split,train
model,result_0646,0.6001362903616412,0.6188376540923991,4,13
model,result_0586,0.3719616346772311,0.6074197766151449,-3,29
model,result_0989,0.27561165682382915,0.5681689970439072,0,218
