background,freiburg_000000_000582.png
split,train
model,result_0979,0.689645447559458,0.5664153713270534,-3,32
