background,duisburg_000000_000788.png
split,train
model,result_0388,0.8362371860516254,0.8087574221263915,-1,83
