background,freiburg_000000_000087.png
split,train
model,result_0805,0.42890536703218385,0.718755547360302,-4,273
