background,jena_000016_000019.png
split,train
model,result_0793,0.8343317116774084,0.9166268807495316,2,190
model,result_0686,0.26804529063016225,0.32244726484913755,3,188
model,result_0805,0.6623560018994316,0.5323995386509857,4,296
