background,wurzburg_000000_000018.png
split,train
model,result_0678,0.804667988871525,0.9662822860828078,0,335
