background,muhlheim-ruhr_000000_000651.png
split,train
model,result_0979,0.2567877142873739,0.3877396129499636,2,254
