background,dresden_000000_000140.png
split,train
model,result_0385,0.8922387336633657,0.41976114862859204,3,248
model,result_0991,0.9385577892424986,0.8464479210161515,2,167
model,result_0373,0.498058072349847,0.7456328173871686,-3,193
