background,bamberg_000000_000426.png
split,train
model,result_0878,0.7575212968299051,0.2875219679012358,-2,100
model,result_0004,0.6404015750249443,0.4025231012233076,0,264
