background,saarbrucken_000000_000324.png
split,train
model,result_0173,0.6923871073593706,0.7051151880258447,0,7
