background,muhlheim-ruhr_000000_000213.png
split,train
model,result_0499,0.017814092487115407,0.2865944836310709,0,107
