background,heilbronn_000000_000399.png
split,train
model,result_0127,0.9747688422373078,0.5884698271601858,4,296
model,result_0022,0.2907177011745946,0.4959298655149885,-4,206
model,result_0061,0.3024039373129017,0.6371180266039785,2,7
