background,nuremberg_000000_000493.png
split,train
model,result_0861,0.8342030434198868,0.3994984694614562,-2,228
model,result_0882,0.44213576678580113,0.8385391478095421,-4,360
model,result_0467,0.4768547665063875,0.8092809783895393,-3,318
