background,duisburg_000000_000787.png
split,train
model,result_0775,0.42098198273466525,0.41156667095689836,2,285
model,result_0075,0.8940433356820366,0.6313146985223295,-1,43
