background,freiburg_000000_000085.png
split,train
model,result_0844,0.7065053491355461,0.5119624708263876,-3,228
model,result_0995,0.8116491744106041,0.4271118738098447,-2,296
model,result_0969,0.08720871077911274,0.6543563233473211,-4,222
