background,heidelberg_000000_000099.png
split,train
model,result_0924,0.8511066525275557,0.3291538257946096,-2,66
