background,duisburg_000000_000503.png
split,train
model,result_0992,0.9830810198925358,0.7134441538089514,-4,250
model,result_0394,0.004209094178626471,0.3254360793948522,0,317
model,result_0163,0.4182946020618542,0.5890496152626806,1,132
