background,duisburg_000000_000786.png
split,train
model,result_0524,0.3407062457886415,0.3967467721414892,2,178
model,result_0199,0.6294881092066585,0.7806263871643923,3,236
