background,mannheim_000000_000606.png
split,train
model,result_0878,0.7068199681791975,0.7991234228447938,-1,338
model,result_0004,0.7307499289161246,0.437851504050907,1,95
