background,dortmund_000000_000190.png
split,train
model,result_0394,0.024601735629045662,0.41557511513172785,4,263
model,result_0163,0.10637726254059987,0.6716589528609671,4,122
