background,nuremberg_000000_001259.png
split,train
model,result_0499,0.8026266091632224,0.8548657089376455,1,160
model,result_0844,0.19682112241938599,0.8987493690597166,1,342
