background,dortmund_000000_000092.png
split,train
model,result_0992,0.2930418280252398,0.7287232239812101,-4,189
model,result_0394,0.577216041035316,0.2679453468841464,-4,57
model,result_0163,0.22336896293539488,0.7541078480690596,-4,340
