background,wuppertal_000000_000406.png
split,train
model,result_0247,0.13120327397990383,0.8218347784420298,-3,279
