background,schweinfurt_000000_000188.png
split,train
model,result_0394,0.33420612639751224,0.34979119792152014,-3,139
model,result_0163,0.2340454523104033,0.7221281239410229,4,106
