background,heilbronn_000000_000667.png
split,train
model,result_0338,0.3259642593177241,0.8776463501687666,-1,115
