background,heidelberg_000000_000728.png
split,train
model,result_0557,0.5245923881148303,0.6655746616608071,-4,50
model,result_0544,0.9782413104607264,0.8988678547405178,1,211
model,result_0999,0.15701392783583368,0.9071474900868461,2,234
