background,dortmund_000000_000701.png
split,train
model,result_0866,0.7582758620686775,0.526952267521827,2,277
model,result_0983,0.9244545858800348,0.8977036703214858,2,52
model,result_0996,0.9500955532474059,0.8960332672737383,-1,271
