background,oberhausen_000000_000614.png
split,train
model,result_0803,0.09481995256126585,0.2830368142603402,-3,171
model,result_0192,0.16290955113460215,0.42733023777001655,0,91
model,result_0218,0.7247920042302604,0.44841307517371987,3,331
