background,wuppertal_000000_000563.png
split,train
model,result_0784,0.3052826194545244,0.7424335114277342,0,11
model,result_0924,0.8847525976076314,0.8586783826651433,4,60
