background,freiburg_000000_000646.png
split,train
model,result_0060,0.8897750239979542,0.45337115882940415,4,151
model,result_0080,0.8828931239063188,0.7056403756069014,4,193
model,result_0857,0.5134300598795445,0.8273500843938895,-1,77
