background,heidelberg_000000_000332.png
split,train
model,result_0004,0.14840331795942352,0.4014887499868741,1,348
