background,bamberg_000000_000109.png
split,train
model,result_0999,0.48258393027100654,0.25690721852502046,4,232
model,result_0510,0.18440758342781483,0.2947470314184986,4,59
