background,wurzburg_000000_001295.png
split,train
model,result_0024,0.16503650925374003,0.7594351570408941,3,212
model,result_0288,0.6914859491587687,0.932500100423348,2,116
model,result_0247,0.5862214695033139,0.9846672471067878,0,131
