background,heidelberg_000000_000602.png
split,train
model,result_0154,0.43872354523196955,0.6548425332062067,2,248
model,result_0562,0.09889608062225308,0.8165466887235359,-3,52
