background,nuremberg_000000_000044.png
split,train
model,result_0822,0.6667468790370056,0.4713864379114614,-2,256
