background,wuppertal_000000_000846.png
split,train
model,result_0646,0.2489512405451909,0.4682328891640013,4,210
model,result_0586,0.8314430914009944,0.5715702274667098,-4,76
model,result_0989,0.7461446130525717,0.8913904359974355,-4,65
