background,bremen_000213_000019.png
split,train
model,result_0678,0.46060042138407875,0.40764611487193225,0,61
