background,muhlheim-ruhr_000000_000963.png
split,train
model,result_0793,0.5191222082577028,0.5703367918523323,4,189
