background,karlsruhe_000000_000010.png
split,train
model,result_0524,0.6564205334107819,0.3331829754464228,-3,301
model,result_0199,0.8852263111735356,0.5029221038848741,-4,145
