background,nuremberg_000000_000941.png
split,train
model,result_0036,0.43466669040033834,0.9527300396452162,-3,20
model,result_1000,0.4261392200931874,0.34349827695520974,3,4
model,result_0367,0.7337766651864368,0.426071525664021,1,155
