background,wurzburg_000000_001041.png
split,train
model,result_0075,0.6942229675498116,0.8886665699951031,-3,110
model,result_0992,0.1258033550428196,0.44466893622708675,4,300
