background,wurzburg_000000_000174.png
split,train
model,result_0805,0.22313520380449736,0.7081783505135331,-4,53
model,result_0039,0.1335847252674185,0.3610244152665341,0,43
