background,karlsruhe_000000_000930.png
split,train
model,result_0191,0.9959440347081453,0.53180551483112,0,179
model,result_0775,0.9725603469918568,0.6994620400813799,2,199
