background,saarbrucken_000000_000337.png
split,train
model,result_0004,0.9212953949939098,0.2876515682763901,-2,213
model,result_0931,0.4903335524044403,0.26347928635706513,-2,263
model,result_0123,0.49701569988467653,0.619429093819444,-3,253
