background,wuppertal_000000_001039.png
split,train
model,result_0945,0.9313453431093967,0.993074570911088,4,33
model,result_0612,0.4648653567515493,0.6941203757142056,4,165
model,result_0283,0.7019932149171185,0.7851388992799089,-3,298
