background,augsburg_000000_000021.png
split,train
model,result_0878,0.24673946519265988,0.8504434003987831,-2,71
model,result_0004,0.3045015692462236,0.9218711008329221,-1,251
