background,heilbronn_000000_000306.png
split,train
model,result_0036,0.5497760020455734,0.9319872078456439,-4,224
