background,bayreuth_000000_000624.png
split,train
model,result_0499,0.7424649170713011,0.3800145510849788,3,302
