background,dortmund_000000_000042.png
split,train
model,result_0855,0.38719824948575876,0.9454616153591503,-2,288
model,result_0338,0.9224275441363323,0.36452248150031896,2,5
model,result_0557,0.049917973360267265,0.36737650660153476,-1,276
