background,dortmund_000000_000024.png
split,train
model,result_0239,0.9933309356150914,0.33162696444214934,-2,52
