background,bayreuth_000000_000635.png
split,train
model,result_0472,0.38525679722922357,0.7009883490157488,-1,351
model,result_0981,0.7896633268151417,0.6807073545798864,-4,172
