background,freiburg_000000_000536.png
split,train
model,result_0586,0.469996184650615,0.4350512084783209,4,198
model,result_0989,0.3186003524445358,0.9410190026335105,-2,342
model,result_0803,0.43801453848857796,0.7051866848715115,-3,152
