background,konigswinter_000000_000098.png
split,train
model,result_0878,0.2904867304394273,0.7284507237251868,-1,186
model,result_0004,0.9919797104519047,0.7999446644257997,1,66
