background,oberhausen_000000_000395.png
split,train
model,result_0542,0.8217098046127552,0.507009356834631,-4,116
model,result_0674,0.00993975597046548,0.9663204009269746,4,226
model,result_0146,0.8233897299828652,0.40767871321126403,0,9
