background,nuremberg_000000_001274.png
split,train
model,result_0878,0.05008067603982869,0.6741148975513258,-4,27
model,result_0004,0.7708407487099742,0.7907162339783202,0,224
