background,schweinfurt_000000_000669.png
split,train
model,result_0193,0.34248121722269453,0.6883546704556431,1,16
model,result_0036,0.4162631197741784,0.5086511213849412,-2,11
model,result_1000,0.027201253111716506,0.8092097119030102,1,182
