background,bayreuth_000000_000093.png
split,train
model,result_0319,0.6104370033476659,0.5379823584286935,1,146
model,result_0477,0.768270951304973,0.666558049342201,1,107
model,result_0949,0.23693624242757572,0.9689111963217794,0,64
