background,nuremberg_000000_000374.png
split,train
model,result_0357,0.8003064841716058,0.3780983555897861,-2,188
model,result_0046,0.8286417391480723,0.6214946210382364,-1,256
model,result_0389,0.6494228888405559,0.5319628631476027,3,349
