background,oberhausen_000000_000234.png
split,train
model,result_0847,0.4812635134590859,0.6445970875922414,1,304
model,result_0646,0.9617638863858086,0.8383655322145803,4,18
