background,bayreuth_000000_000489.png
split,train
model,result_0324,0.332520301796409,0.6975385023490346,-4,91
