background,heidelberg_000000_000841.png
split,train
model,result_0191,0.22236373002092158,0.6532759893211423,2,281
model,result_0775,0.3922305733487298,0.8553661951093379,-4,41
