background,augsburg_000000_001219.png
split,train
model,result_0146,0.1545659511627605,0.46759559144250895,4,279
