background,wurzburg_000000_001599.png
split,train
model,result_0981,0.34313866205057886,0.991661108017245,0,237
model,result_0527,0.26359909227880496,0.36216396250455235,3,311
