background,augsburg_000000_001317.png
split,train
model,result_0082,0.19199501831413668,0.9365890653583653,1,77
