background,augsburg_000000_000106.png
split,train
model,result_0945,0.4370383717267877,0.5647258297747981,3,109
model,result_0612,0.16636297030042735,0.415664496278629,-2,131
