background,dortmund_000000_000090.png
split,train
model,result_0914,0.5443628588620277,0.6648458227391719,0,113
