background,freiburg_000000_000258.png
split,train
model,result_1000,0.45614993354819444,0.8139995626964409,4,45
model,result_0367,0.33066691739528575,0.388848234564648,1,13
model,result_0822,0.8301748583956469,0.9899172696662359,-3,326
