background,konstanz_000000_001198.png
split,train
model,result_0739,0.12362244087978325,0.9576584905249566,-4,109
