background,wurzburg_000000_000137.png
split,train
model,result_0051,0.0767241972108017,0.5097988202058813,-3,204
model,result_0739,0.2723526261274243,0.6396424942326169,1,136
model,result_0960,0.622105026986631,0.3572418017935366,-3,35
