background,bad-honnef_000000_000027.png
split,train
model,result_0968,0.9962257643987896,0.4966336919615413,2,108
model,result_0847,0.4619264346181504,0.8798168434180039,0,224
