background,dortmund_000000_000393.png
split,train
model,result_0394,0.4547400651400624,0.9871343917518504,3,261
model,result_0163,0.37307282258331476,0.9150039719976683,0,223
