background,freiburg_000000_000312.png
split,train
model,result_0388,0.2580597719970895,0.7596642690304409,-4,286
