background,karlsruhe_000000_000532.png
split,train
model,result_0338,0.4552422265084545,0.3494808896963225,-2,0
model,result_0557,0.06088835244089874,0.9812718676203572,-3,171
