background,wuppertal_000000_000298.png
split,train
model,result_0784,0.8704638340075096,0.5709117838402845,3,160
model,result_0924,0.3705273117707467,0.35955450388245574,-2,136
model,result_0866,0.9021071512837407,0.9447261413790736,1,59
