background,cologne_000153_000019.png
split,train
model,result_0612,0.8233288533417563,0.709735045251675,-4,282
model,result_0283,0.36206658227843014,0.5524196403070182,2,156
model,result_0968,0.029624538616834895,0.696705888597742,1,66
