background,heilbronn_000000_000568.png
split,train
model,result_0686,0.9772518895590988,0.7666426834512206,0,259
model,result_0805,0.7643327702654946,0.9358728138594833,0,288
