background,heilbronn_000000_000316.png
split,train
model,result_0945,0.2572542255986682,0.9074976103105813,1,100
