background,mannheim_000000_000106.png
split,train
model,result_0803,0.5082136708843367,0.592962932918405,-4,8
model,result_0192,0.03865578007388837,0.9117393469957942,3,11
model,result_0218,0.02522742415698398,0.8646361707395801,1,56
