background,mannheim_000000_000103.png
split,train
model,result_0544,0.5935306654303703,0.9102879706685281,4,230
model,result_0999,0.7795105578744388,0.8800720314491893,-1,318
