background,mannheim_000000_000829.png
split,train
model,result_0949,0.5486655338488021,0.34324372475207954,4,359
model,result_0324,0.9859133942195883,0.2549679768006302,-3,239
