background,bayreuth_000000_000338.png
split,train
model,result_0051,0.12825195778144793,0.7802667658802682,-4,32
model,result_0739,0.01949560577298881,0.5555101633701363,3,204
