background,duisburg_000000_000443.png
split,train
model,result_0215,0.40974446872439196,0.43691955078605565,1,147
