background,mannheim_000000_000845.png
split,train
model,result_0992,0.5658244673082639,0.48555075703946193,1,47
model,result_0394,0.6883154544425241,0.8493558664958805,-4,101
model,result_0163,0.8309658465810089,0.7320285601389218,-3,197
