background,konstanz_000000_000316.png
split,train
model,result_0861,0.5093829799397941,0.25428606755289435,0,149
