background,heilbronn_000000_000325.png
split,train
model,result_0173,0.7345973368576436,0.47123342906584254,1,263
model,result_0751,0.03538818123309517,0.348026740074996,2,54
model,result_0678,0.10164172627348411,0.5912177895301854,-2,212
