background,wuppertal_000000_000000.png
split,train
model,result_0960,0.12481550195054114,0.48562837809113985,0,134
model,result_0632,0.005333491860602058,0.8049835200783668,-4,106
model,result_0357,0.5938056206177977,0.48719361881777173,-3,45
