background,mannheim_000000_001014.png
split,train
model,result_0283,0.38318702422391915,0.5773979090190386,3,152
model,result_0968,0.15425556383994388,0.5447709444028093,2,116
