background,augsburg_000000_000662.png
split,train
model,result_0646,0.5238109621137141,0.6963090745417088,4,39
