background,schweinfurt_000000_000198.png
split,train
model,result_0945,0.13445954112776504,0.37697990806698356,2,72
model,result_0612,0.17434902865761248,0.9698363950403326,0,274
