background,saarbrucken_000000_000216.png
split,train
model,result_0524,0.9918572033999475,0.4837776857635847,4,207
model,result_0199,0.6727225449636666,0.44325111521967864,-1,312
