background,saarbrucken_000000_000193.png
split,train
model,result_0983,0.6176639315338887,0.5874891590807924,2,99
model,result_0996,0.6886597557849885,0.4323938194872634,-3,252
model,result_0266,0.30422524136736584,0.7775520061966456,-2,212
