background,schweinfurt_000000_000282.png
split,train
model,result_0862,0.32663186618357876,0.34437931599093907,3,28
model,result_0524,0.37264650310216363,0.6699581726009346,-4,312
