background,wurzburg_000000_000405.png
split,train
model,result_0472,0.8431745508523313,0.40904470600615883,0,231
model,result_0981,0.5867876988375768,0.9199983756847063,-3,11
