background,schweinfurt_000000_000172.png
split,train
model,result_0127,0.5191121464418599,0.6993658354947635,0,198
model,result_0022,0.6597800302850896,0.41466685776923107,-2,290
model,result_0061,0.6961415092127922,0.5051404984827781,2,88
