background,saarbrucken_000000_000460.png
split,train
model,result_0164,0.06525340170705185,0.5536796013427971,2,334
model,result_0440,0.10523805967892264,0.7447578029539004,4,253
