background,mannheim_000000_001125.png
split,train
model,result_0960,0.436691965289133,0.8254850885918162,4,217
