background,wurzburg_000000_000912.png
split,train
model,result_0389,0.6199935613709736,0.7495695498425009,1,258
