background,wurzburg_000000_000737.png
split,train
model,result_0477,0.5249552740892509,0.8965449773772197,4,60
