background,duisburg_000000_000738.png
split,train
model,result_0386,0.07355341650964276,0.7694369177250296,0,313
model,result_0979,0.7833652965799838,0.6186548804736867,4,130
model,result_0871,0.7686301770223334,0.7931361790253767,3,6
