background,freiburg_000000_000021.png
split,train
model,result_0657,0.5192295100752254,0.5689704688283124,-2,357
model,result_0914,0.3190273242490249,0.7733473026804114,-3,113
