background,augsburg_000000_000472.png
split,train
model,result_0803,0.9365513188379149,0.7841000367403024,3,90
model,result_0192,0.018633357823868546,0.8093979040071347,2,131
