background,konstanz_000000_000495.png
split,train
model,result_0805,0.2685637460139696,0.5096319808775189,0,126
model,result_0039,0.2596932152746181,0.3297634950016408,-4,336
model,result_0386,0.8678065534670943,0.2931004166355816,2,145
