background,augsburg_000000_000868.png
split,train
model,result_0467,0.6190390378919441,0.9922185114804206,-1,360
model,result_0154,0.8525524829775043,0.9682062025834519,0,121
model,result_0562,0.7270647141459293,0.6367752385958234,-1,80
