background,oberhausen_000000_000295.png
split,train
model,result_0467,0.7490716647751289,0.4941329005820777,-4,355
model,result_0154,0.7003307699036164,0.9435647384866941,-1,162
model,result_0562,0.9127333162817299,0.6813954353035152,0,60
