background,augsburg_000000_000331.png
split,train
model,result_0386,0.7777844845645199,0.5895673134380333,0,288
