background,konstanz_000000_000163.png
split,train
model,result_0931,0.916927171358789,0.4772920715203254,-3,111
model,result_0123,0.1336354152266359,0.7238659405322001,-4,33
model,result_0472,0.48446852426499154,0.8451490015760308,-3,123
