background,augsburg_000000_000428.png
split,train
model,result_0051,0.32721621577224325,0.47764683741636926,-4,240
