background,oberhausen_000000_000565.png
split,train
model,result_0995,0.8787836815714662,0.8743839314321822,2,258
model,result_0969,0.8852466504903692,0.5958840620118917,1,281
