background,dortmund_000000_000751.png
split,train
model,result_1000,0.8377130545242473,0.8450749571425731,-4,56
