background,saarbrucken_000000_000483.png
split,train
model,result_0061,0.24958987239642927,0.9578213949316582,-1,328
