background,erfurt_000005_000019.png
split,train
model,result_0914,0.9611410995947993,0.7624397870683011,0,317
