background,oberhausen_000000_000599.png
split,train
model,result_0288,0.7905058409327186,0.4535661368506525,-2,317
