background,oberhausen_000000_000814.png
split,train
model,result_0324,0.4235184773690165,0.4026805764781576,-2,196
