background,duisburg_000000_000738.png
split,train
model,result_0247,0.2988117384103255,0.6502750356263807,0,278
model,result_0239,0.5238495340837278,0.9758162333891185,-3,248
model,result_0051,0.039429033139491754,0.33341609662268756,-3,357
