background,nuremberg_000000_001234.png
split,train
model,result_0080,0.9040081404807184,0.9123087803262395,-1,271
model,result_0857,0.6015473471357243,0.3413823177822738,-1,13
model,result_0795,0.016347386166545186,0.3793217555224072,4,75
