background,mannheim_000000_000080.png
split,train
model,result_1000,0.05523123946206576,0.9953511855286878,-4,8
model,result_0367,0.4663827664624367,0.42272793759590666,4,215
