background,muhlheim-ruhr_000000_000506.png
split,train
model,result_0127,0.6121168255719881,0.9057669346652284,1,153
model,result_0022,0.057972159574521176,0.6584296393951834,2,133
model,result_0061,0.9268903033972157,0.7566819639667824,4,219
