background,heidelberg_000000_001179.png
split,train
model,result_0847,0.47241137495852314,0.6672913624535215,3,54
model,result_0646,0.4270700671419523,0.25023435586150344,0,251
model,result_0586,0.2600909968176678,0.6117347904302743,-2,67
