background,wurzburg_000000_001598.png
split,train
model,result_0847,0.5235765549009258,0.9737738211539877,2,289
