background,konstanz_000000_000383.png
split,train
model,result_0004,0.7980813526695606,0.44406594102928865,2,137
model,result_0931,0.006563773927330541,0.7805691612495238,1,103
model,result_0123,0.0751835965134724,0.48736537069224106,-1,275
