background,strasbourg_000001_000113.png
split,train
model,result_0968,0.07081059522155597,0.26094641995352386,-2,277
model,result_0847,0.6607776018114355,0.9880025882720612,-1,185
