background,mannheim_000000_000001.png
split,train
model,result_0163,0.797053449985618,0.7402074348087089,-4,331
model,result_0657,0.015473026153176583,0.8244717107753483,-3,163
model,result_0914,0.9114836250079059,0.6273654447625162,4,3
