background,konstanz_000000_001184.png
split,train
model,result_0046,0.4476367764618684,0.6715313100383127,-3,105
model,result_0389,0.53178690111743,0.5512474078937177,3,12
