background,tubingen_000000_000019.png
split,train
model,result_0861,0.2297080093103432,0.255628341877045,-4,185
