background,wuppertal_000000_000041.png
split,train
model,result_0949,0.2056682198243347,0.4617711741175259,4,267
model,result_0324,0.8614645697684143,0.5645441181844891,-3,272
