background,konstanz_000000_001235.png
split,train
model,result_0039,0.5489021947728643,0.6280358523141067,-1,3
