background,wurzburg_000000_001145.png
split,train
model,result_0805,0.6839422745247408,0.9067516853692223,0,305
model,result_0039,0.6189734521856897,0.6376946397877343,-2,93
model,result_0386,0.8050765912108313,0.27218806243300686,-3,239
