background,muhlheim-ruhr_000000_000289.png
split,train
model,result_0602,0.006127578174782822,0.6129785775267675,2,145
model,result_0024,0.5893572169307766,0.3847990111092827,-4,72
