background,nuremberg_000000_001362.png
split,train
model,result_0557,0.32220008948507073,0.6058040133374499,1,105
model,result_0544,0.5408561213616402,0.7561731989122489,-3,144
