background,oberhausen_000000_000401.png
split,train
model,result_0239,0.8638909343331104,0.8796638599498656,1,309
