background,oberhausen_000000_000664.png
split,train
model,result_0878,0.513530231505717,0.6225425360575043,2,256
