background,konstanz_000000_001469.png
split,train
model,result_0127,0.7664350814821165,0.855166247625192,-3,285
