background,bayreuth_000000_000640.png
split,train
model,result_0795,0.8703065087081825,0.5868552300397836,-4,136
model,result_0388,0.6456669407911575,0.8737572169801339,0,298
model,result_0499,0.8291833639687395,0.5922365999304783,0,279
