background,heilbronn_000000_000360.png
split,train
model,result_0510,0.7980785916578241,0.7056366168028844,1,199
model,result_0328,0.3441674281039421,0.6950311050343829,-3,281
model,result_0879,0.17237925337120708,0.5237508815153573,2,281
