background,augsburg_000000_000019.png
split,train
model,result_0924,0.8627814097903974,0.6218617907234962,-1,112
model,result_0866,0.8882869625977469,0.4686397406969881,4,309
model,result_0983,0.4481305317691131,0.997463489015461,3,11
