background,wuppertal_000000_000358.png
split,train
model,result_0751,0.322407440243657,0.9051452537122298,1,360
model,result_0678,0.8254301338669536,0.7110627468557712,3,328
