background,augsburg_000000_000214.png
split,train
model,result_0295,0.8571123397649341,0.8033979745670414,0,28
model,result_0127,0.8105332226682276,0.567101886135388,1,48
model,result_0022,0.28301053850601665,0.8577142184118387,-2,239
