background,dusseldorf_000030_000019.png
split,train
model,result_0557,0.8055438680609422,0.31792042279563804,4,40
model,result_0544,0.09845605344127273,0.7552621412109584,-2,296
model,result_0999,0.9950751392474828,0.8044827473741143,0,209
