background,muhlheim-ruhr_000000_000657.png
split,train
model,result_0949,0.7778588525789177,0.9944389848204775,2,119
model,result_0324,0.15755194562108754,0.33550900166064235,-1,74
model,result_0173,0.21597187473991253,0.8971657438350183,2,218
