background,ulm_000089_000019.png
split,train
model,result_0357,0.6611345842743216,0.39882894014052694,2,289
model,result_0046,0.01894766488740529,0.472885088911733,-3,63
model,result_0389,0.2575639878135172,0.7403890921372674,-4,13
