background,augsburg_000000_000070.png
split,train
model,result_0046,0.7493018963820546,0.4577148418206649,-3,59
