background,zurich_000048_000019.png
split,train
model,result_0602,0.03708649522531371,0.6022105441812884,-4,73
model,result_0024,0.08778576317693143,0.6672650681065786,-4,132
model,result_0288,0.8021272928423269,0.5513691263387217,0,208
