background,augsburg_000000_000405.png
split,train
model,result_0288,0.3011016216470488,0.6323446929332763,3,113
