background,augsburg_000000_000679.png
split,train
model,result_0524,0.7389019939510718,0.45333094771367277,1,172
