background,augsburg_000000_001445.png
split,train
model,result_0004,0.24731633002243691,0.5717302488565852,2,213
model,result_0931,0.7814315425855293,0.8330241127138991,1,340
