background,konstanz_000000_000177.png
split,train
model,result_0871,0.09383498880791352,0.810507643426551,-2,179
model,result_0878,0.7153208576191898,0.44589249795611463,-1,260
model,result_0004,0.6459240017532509,0.9948160829490362,-3,230
