background,nuremberg_000000_000583.png
split,train
model,result_0586,0.29316683925547216,0.3614705157482771,4,227
model,result_0989,0.3881836883687899,0.6611125983254963,-3,244
