background,konstanz_000000_000379.png
split,train
model,result_0739,0.657098047052253,0.9048866428005564,-2,85
model,result_0960,0.287878408871429,0.34131918672833306,4,109
