background,konstanz_000000_000382.png
split,train
model,result_0477,0.9250941902134128,0.3071487456880483,4,308
