background,mannheim_000000_001064.png
split,train
model,result_0193,0.9563748951197464,0.5740177035347882,2,178
model,result_0036,0.7298496425977289,0.4547483375878505,1,333
