background,heidelberg_000000_000530.png
split,train
model,result_0981,0.04683131129292473,0.2736943245872648,2,142
model,result_0527,0.6348644451406604,0.2535167140537398,3,135
model,result_0602,0.3479011685193979,0.5156559587752647,0,145
