background,dortmund_000000_000906.png
split,train
model,result_0557,0.9724710812772434,0.6710302715894708,-4,250
