background,freiburg_000000_000047.png
split,train
model,result_0924,0.07924342271136098,0.4706734876637131,-3,116
model,result_0866,0.26997314846347686,0.6557237389337852,3,243
model,result_0983,0.316625815516835,0.6701270561395589,4,131
