background,mannheim_000000_000844.png
split,train
model,result_0960,0.8735732147229793,0.8953562301957246,4,252
