background,wuppertal_000000_000718.png
split,train
model,result_0499,0.712496105646938,0.7435533066071098,4,320
model,result_0844,0.24063445229658909,0.6847453294953343,2,215
model,result_0995,0.9256431032202709,0.8310005593477876,-4,28
