background,duisburg_000000_000081.png
split,train
model,result_0751,0.7886024981341376,0.8966850142546443,4,38
model,result_0678,0.4259980495095781,0.9008349393225603,2,271
model,result_0784,0.05435206862276298,0.2825504334666873,1,254
