background,strasbourg_000001_034375.png
split,train
model,result_0995,0.16060837650366866,0.4500050372647345,4,51
model,result_0969,0.2009256029477452,0.30069118143243406,-1,265
