background,mannheim_000000_001165.png
split,train
model,result_0247,0.46673269408435003,0.6825351665237778,1,194
model,result_0239,0.8886774677529617,0.7247108724205518,1,246
model,result_0051,0.8740700826329293,0.3886781110370615,-1,26
