background,augsburg_000000_000485.png
split,train
model,result_0239,0.4051982159127655,0.6495503332068895,2,182
