background,augsburg_000000_000873.png
split,train
model,result_0646,0.948559983201444,0.4684453212578977,0,327
model,result_0586,0.2679312113207014,0.7911634089566527,3,221
model,result_0989,0.24406757407312896,0.2570770767599972,-1,123
