background,heidelberg_000000_000314.png
split,train
model,result_0844,0.1768356012596235,0.7382014656632042,4,152
model,result_0995,0.1864173707679463,0.3925801706242763,4,330
model,result_0969,0.36042061268176695,0.5949277579953866,-4,129
