background,wurzburg_000000_000099.png
split,train
model,result_0288,0.6292822226270506,0.45829145089409773,-4,277
model,result_0247,0.5926023042490177,0.6358402107872541,1,281
