background,heilbronn_000000_000550.png
split,train
model,result_0803,0.11932902799335932,0.863570958622697,1,81
model,result_0192,0.38848903223328923,0.5687311101715261,1,164
