background,tubingen_000098_000019.png
split,train
model,result_0847,0.43481423789120044,0.3233681244113235,3,360
model,result_0646,0.7970426820193574,0.9803406812215867,0,310
model,result_0586,0.06361222449852544,0.7989728850597169,-1,187
