background,karlsruhe_000000_000881.png
split,train
model,result_0061,0.018396011678894153,0.667456069216681,-1,30
model,result_0606,0.8221205880069514,0.9183549600184722,2,104
