background,wurzburg_000000_001323.png
split,train
model,result_0646,0.5033257388352375,0.27048399670463197,4,159
model,result_0586,0.2284698824073682,0.6987656610369849,1,243
model,result_0989,0.31997962688312886,0.9213589340785772,4,138
