background,konstanz_000000_000447.png
split,train
model,result_0080,0.6839986648373438,0.4503562337250251,-3,311
model,result_0857,0.633633653326842,0.3192430503541688,4,82
model,result_0795,0.1768012240571063,0.4127925446641345,2,195
