background,oberhausen_000000_000484.png
split,train
model,result_0686,0.08198737905236209,0.5037747875807644,-1,30
