background,muhlheim-ruhr_000000_000381.png
split,train
model,result_0678,0.7328746043812333,0.672945990594235,-2,254
