background,aachen_000155_000019.png
split,train
model,result_0995,0.7674742428820291,0.37775263276031745,1,55
model,result_0969,0.5514695365972166,0.7428532864274798,2,299
