background,heidelberg_000000_000428.png
split,train
model,result_0992,0.7018434798883268,0.9698598707827281,0,295
model,result_0394,0.6978670269478598,0.7130498882185662,2,310
