background,troisdorf_000000_000048.png
split,train
model,result_0146,0.233019801764193,0.5610910141815368,-4,286
