background,bremen_000188_000019.png
split,train
model,result_0793,0.04295703139314888,0.9722284637794543,-3,232
model,result_0686,0.7005298548995553,0.6695203266833909,-3,345
model,result_0805,0.3134033571597554,0.5613599651902872,2,155
