background,bremen_000211_000019.png
split,train
model,result_0751,0.7149013227965871,0.7949907327774454,-2,344
model,result_0678,0.8914513867868913,0.680959939016566,1,263
