background,duisburg_000000_000641.png
split,train
model,result_0822,0.3012923118398356,0.7540788808495995,3,217
model,result_0855,0.3583280968476167,0.8964634487499776,-1,225
