background,wurzburg_000000_000988.png
split,train
model,result_0878,0.9128510579252753,0.6294360295876227,-2,81
model,result_0004,0.35906683147258356,0.6920728022267862,1,92
