background,schweinfurt_000000_000118.png
split,train
model,result_0914,0.38462046515115655,0.5157700021666928,3,271
model,result_0193,0.7526189980999184,0.5433881863908703,-3,224
