background,konstanz_000000_000900.png
split,train
model,result_0557,0.4202865593576679,0.3620898305303375,-2,28
