background,konstanz_000000_000301.png
split,train
model,result_0283,0.6515260054626139,0.36546631275479075,4,76
model,result_0968,0.15087428807155767,0.5281688322258952,1,126
model,result_0847,0.015114559984752085,0.36459827750903295,-3,148
