background,wuppertal_000000_000721.png
split,train
model,result_0805,0.7549301381580172,0.3564921068460197,4,57
model,result_0039,0.20779167653846464,0.7168052402677508,-4,165
model,result_0386,0.6239537568502869,0.43462917182875116,0,325
