background,nuremberg_000000_000207.png
split,train
model,result_0527,0.6747110348204963,0.43248949969707223,1,104
model,result_0602,0.9502737173771584,0.9592174704048265,0,9
