background,mannheim_000000_001159.png
split,train
model,result_0215,0.3575823287212584,0.5820840222555075,-2,289
model,result_0332,0.6688633911782895,0.9220812038283319,-1,291
