background,mannheim_000000_000589.png
split,train
model,result_0562,0.19071324044685256,0.3306476011921684,0,255
model,result_0215,0.8990521475325756,0.4101660736465823,1,189
