background,mannheim_000000_000109.png
split,train
model,result_0914,0.8756290627594143,0.6766826440578064,-1,155
model,result_0193,0.8626373746326983,0.5342552696015299,-1,299
