background,wurzburg_000000_000017.png
split,train
model,result_0632,0.5360901206756219,0.6484689868181595,0,97
model,result_0357,0.3574880062775747,0.7409459845281083,0,176
