background,heidelberg_000000_000077.png
split,train
model,result_0266,0.5708587707473949,0.6154296493299825,4,80
model,result_0862,0.05846136719724215,0.4444374437815599,-2,90
