background,wurzburg_000000_001083.png
split,train
model,result_0999,0.27939514614320327,0.4057436225919407,1,76
