background,heilbronn_000000_000336.png
split,train
model,result_0199,0.4695178498843553,0.9869110687742423,-2,142
