background,muhlheim-ruhr_000000_000683.png
split,train
model,result_0191,0.5382596780027662,0.462429447121479,3,197
