background,bochum_000000_021606.png
split,train
model,result_0394,0.9509100505702461,0.6461121925002107,1,25
model,result_0163,0.04355851019189827,0.3535278101133116,-2,345
