background,nuremberg_000000_001019.png
split,train
model,result_0060,0.38872754196062576,0.8724511238440423,-3,127
model,result_0080,0.5668685335441649,0.42346502851005313,2,59
