background,mannheim_000000_000136.png
split,train
model,result_0878,0.5922543475743859,0.5444962860943288,1,11
