background,bayreuth_000000_000116.png
split,train
model,result_0499,0.551707041192781,0.8507875944282735,1,278
model,result_0844,0.7476795390634035,0.2830111403425836,3,200
model,result_0995,0.16315025501280622,0.4999071062567011,3,329
