background,bayreuth_000000_000705.png
split,train
model,result_0879,0.8511263870631459,0.3872728608745306,-3,343
model,result_0542,0.49887468442416416,0.9956318881275394,0,330
