background,wuppertal_000000_000731.png
split,train
model,result_0646,0.8288753702878516,0.2933796159767061,-3,19
model,result_0586,0.4530539661881293,0.6636454757619754,4,318
model,result_0989,0.1250436526433233,0.7143054782251598,4,252
