background,bremen_000239_000019.png
split,train
model,result_0239,0.8493021274969041,0.28719041149053803,2,262
model,result_0051,0.44526044140523124,0.5176296140979576,3,354
