background,wurzburg_000000_000478.png
split,train
model,result_0862,0.5935402276877374,0.4898817803635305,1,67
model,result_0524,0.6661100442776743,0.4623051382610204,-2,11
