background,mannheim_000000_000000.png
split,train
model,result_0602,0.051611248912415086,0.6811551888188903,-2,360
model,result_0024,0.7047540772963782,0.4445183159157797,-3,153
model,result_0288,0.3342624119694716,0.39425405568634353,-2,331
