background,troisdorf_000000_000056.png
split,train
model,result_0146,0.09057621547251071,0.9995394040500559,2,317
model,result_0295,0.287307057690948,0.5305403416270129,2,213
model,result_0127,0.19348235733671093,0.8503345813507419,2,75
