background,nuremberg_000000_000485.png
split,train
model,result_0879,0.5872638176213868,0.3885842634120227,-3,24
