background,heilbronn_000000_000268.png
split,train
model,result_0004,0.3165304172070216,0.4466020683870878,0,98
model,result_0931,0.5868803508766318,0.6033208739229035,0,297
model,result_0123,0.3756056412465908,0.8254804596387194,0,347
