background,muhlheim-ruhr_000000_001022.png
split,train
model,result_0499,0.837704925251517,0.683804870217672,2,214
