background,oberhausen_000000_000471.png
split,train
model,result_0879,0.6450406380783282,0.70939046088687,-4,346
model,result_0542,0.7870188789260916,0.7101937696923091,-2,299
