background,augsburg_000000_000361.png
split,train
model,result_0871,0.5724638916781924,0.9466496391061423,-3,104
model,result_0878,0.7990772232613141,0.7615760152000358,-2,64
