background,konstanz_000000_000106.png
split,train
model,result_0914,0.8142718654864515,0.27827381706823406,-3,232
model,result_0193,0.0663264825044666,0.9433725685366118,4,163
model,result_0036,0.22543496524382545,0.748273576665954,-2,60
