background,konstanz_000000_000468.png
split,train
model,result_0004,0.8632754341721344,0.41874956436160554,-1,154
model,result_0931,0.2165148818759719,0.6198811780405746,2,321
model,result_0123,0.5158142310272794,0.8065641042358562,0,264
