background,augsburg_000000_000650.png
split,train
model,result_0394,0.3525328928712115,0.5893229456723295,-2,333
model,result_0163,0.7174839030673728,0.8237759532131619,3,110
