background,saarbrucken_000000_000553.png
split,train
model,result_0602,0.8529058968053154,0.6603203734910426,-3,68
model,result_0024,0.2807974011068689,0.9953506612214861,4,21
model,result_0288,0.5976528150742619,0.6078464825034152,2,150
