background,bamberg_000000_000120.png
split,train
model,result_0440,0.5313144884143506,0.9119547424572103,4,163
