background,duisburg_000000_000809.png
split,train
model,result_0036,0.017986991367037963,0.2862737118600603,4,73
