background,heidelberg_000000_000262.png
split,train
model,result_0981,0.27826316521757255,0.8108971390135187,3,48
model,result_0527,0.8672530035244561,0.3654152697673616,2,113
model,result_0602,0.901395187020249,0.515038847845075,-1,273
