background,augsburg_000000_000647.png
split,train
model,result_0484,0.7034606007545626,0.48338157926335457,-4,97
