background,oberhausen_000000_000397.png
split,train
model,result_0981,0.7320617156587236,0.8370702251858726,-3,332
model,result_0527,0.5058751959420212,0.5744864454121963,1,317
