background,dortmund_000000_000891.png
split,train
model,result_0332,0.9816530319752023,0.8967108023791115,-3,120
model,result_0385,0.8208060285581773,0.7659847678483608,0,154
