background,frankfurt_000001_035864.png
split,train
model,result_0127,0.4444814705848349,0.4580265923433108,-4,213
model,result_0022,0.6814942820206169,0.6060111427945474,1,29
model,result_0061,0.5939672597976758,0.8769536705300635,4,264
