background,duisburg_000000_000255.png
split,train
model,result_0991,0.49527630341434326,0.9942272844916904,4,179
model,result_0373,0.3726682515785402,0.7675412339823471,4,182
