background,mannheim_000000_000332.png
split,train
model,result_0385,0.06349531920316731,0.5783850154272048,-2,109
model,result_0991,0.2177477895117974,0.8721650239950095,-1,164
model,result_0373,0.8887279954840164,0.7569237479217727,4,94
