background,wuppertal_000000_000498.png
split,train
model,result_0036,0.05886466492990905,0.33233947137060804,-3,314
model,result_1000,0.235867345383594,0.44496624216682723,-4,165
model,result_0367,0.46544839707385754,0.5700061091828572,-4,195
