background,duisburg_000000_000107.png
split,train
model,result_0288,0.8139364227111451,0.6674362323299412,-2,322
model,result_0247,0.3230844848832274,0.5440187248813102,-4,95
model,result_0239,0.7232163879444468,0.8022658264648193,4,334
