background,heidelberg_000000_000598.png
split,train
model,result_0266,0.21939561155007337,0.49237587510472913,-2,350
model,result_0862,0.9515391709860251,0.25504027502770865,0,148
model,result_0524,0.6538969536475253,0.4333610570729732,0,88
