background,nuremberg_000000_000867.png
split,train
model,result_0215,0.7219265744913342,0.6276847072339671,-2,28
model,result_0332,0.20810948340692093,0.6206123760005606,4,354
model,result_0385,0.7543102859079718,0.6974966921889123,-3,291
