background,wuppertal_000000_001059.png
split,train
model,result_0154,0.8171593520529515,0.5923201902062167,2,203
