background,wurzburg_000000_000560.png
split,train
model,result_0191,0.38832653973213527,0.7047299005665957,-4,90
