background,karlsruhe_000000_000076.png
split,train
model,result_0215,0.0055186180162198895,0.8932224309825034,1,61
model,result_0332,0.8872587651497971,0.5199593172001093,4,42
