background,freiburg_000000_000058.png
split,train
model,result_0562,0.3805275099647353,0.4558996415044311,2,20
model,result_0215,0.08525957938918627,0.3777577923316109,-4,6
