background,augsburg_000000_000112.png
split,train
model,result_0075,0.013388378700695758,0.5674240629844436,4,184
