background,mannheim_000000_000526.png
split,train
model,result_1000,0.707171329923284,0.603376226900934,-2,54
model,result_0367,0.11560688156548704,0.3582944047392691,4,302
