background,mannheim_000000_001164.png
split,train
model,result_0036,0.21943018215557042,0.7286361431501063,4,22
model,result_1000,0.8055223458691781,0.2568839849908696,4,24
