background,wuppertal_000000_000820.png
split,train
model,result_0694,0.2986384578816337,0.8593821102106746,-1,261
