background,karlsruhe_000000_000084.png
split,train
model,result_0060,0.34196873038772135,0.2742192051261636,-1,267
model,result_0080,0.4654991680555153,0.6759299334180396,1,233
