background,muhlheim-ruhr_000000_001013.png
split,train
model,result_0527,0.41921108135163165,0.46437056032996343,-2,157
model,result_0602,0.16504100144225964,0.3561774833480068,-3,194
