background,freiburg_000000_000560.png
split,train
model,result_0332,0.7093908894878346,0.9770050501431513,2,146
model,result_0385,0.1309839227198636,0.29625122881344745,0,29
