background,konstanz_000000_000245.png
split,train
model,result_0999,0.7182388527754408,0.46823167600579213,-1,286
model,result_0510,0.8070973151198652,0.7437092936405192,2,122
model,result_0328,0.6041253189792284,0.7418032883335378,-1,76
