background,zurich_000117_000019.png
split,train
model,result_0674,0.7988681326353072,0.6830768972469794,2,91
model,result_0146,0.20311982699076814,0.9433162231619832,-4,199
