background,nuremberg_000000_000047.png
split,train
model,result_0924,0.9537461090374779,0.7438867152811578,-3,191
