background,augsburg_000000_001137.png
split,train
model,result_0914,0.008888623513935268,0.6939100742695322,-4,186
