background,hanover_000000_033457.png
split,train
model,result_0612,0.20730820205714418,0.5309193729057363,-1,357
model,result_0283,0.47258581737723093,0.675807390224449,4,61
model,result_0968,0.38401721091434493,0.5345434481403991,1,38
