background,konstanz_000000_000004.png
split,train
model,result_0775,0.9474424604301065,0.49231771982018796,-3,354
model,result_0075,0.7221189400036213,0.9975142354275407,4,302
