background,freiburg_000000_000124.png
split,train
model,result_0861,0.6310116593656667,0.4574548976502719,2,145
model,result_0882,0.20075556342284584,0.7230868530881299,-1,90
model,result_0467,0.44934795035092545,0.7304434486278635,-1,239
