background,karlsruhe_000000_000888.png
split,train
model,result_0386,0.4495625597264048,0.4816764560616228,4,136
