background,wurzburg_000000_001274.png
split,train
model,result_0992,0.5059931447619199,0.4394216293136361,0,215
