background,konstanz_000000_000948.png
split,train
model,result_0803,0.3432746483515847,0.3176413233179326,4,57
model,result_0192,0.10423506474787625,0.6087123818895563,3,359
model,result_0218,0.5794090333956372,0.5326572435469333,3,47
