background,muhlheim-ruhr_000000_000310.png
split,train
model,result_0879,0.14279508292318877,0.5309447334950175,-2,213
