background,nuremberg_000000_000361.png
split,train
model,result_0999,0.595213590390719,0.9629132504315632,1,32
model,result_0510,0.8658475640665092,0.6120869873119884,3,76
