background,tubingen_000102_000019.png
split,train
model,result_0123,0.2789545623865176,0.7576326386990749,-1,358
model,result_0472,0.9225978313950879,0.36447594866400407,-4,308
model,result_0981,0.8095301509091275,0.6596202079898548,0,33
