background,wurzburg_000000_000993.png
split,train
model,result_0127,0.2813762098583059,0.7271708851219093,4,117
