background,freiburg_000000_000107.png
split,train
model,result_0218,0.5691330225734831,0.8753478494286474,0,14
model,result_0694,0.9997193376449464,0.7368407875038133,-1,215
model,result_0319,0.3977905212112527,0.3419702774899791,-1,244
