background,muhlheim-ruhr_000000_000198.png
split,train
model,result_0467,0.39172751444553433,0.9654957694312021,-1,159
model,result_0154,0.41078246331683754,0.3286360416484091,-4,40
