background,duisburg_000000_000301.png
split,train
model,result_0524,0.7269784949931857,0.3801377241373066,4,227
