background,augsburg_000000_000950.png
split,train
model,result_0999,0.4724109112344863,0.5623789156596783,0,39
