background,oberhausen_000000_000224.png
split,train
model,result_0288,0.7298079666946539,0.6911044571373205,-4,84
model,result_0247,0.292044460118264,0.3046709825180618,3,185
