background,augsburg_000000_000689.png
split,train
model,result_0527,0.5739587494000135,0.30641416951874834,1,83
