background,muhlheim-ruhr_000000_001022.png
split,train
model,result_0795,0.7094384217267355,0.30994604656613634,-4,38
