background,troisdorf_000000_000063.png
split,train
model,result_0805,0.3122570506865914,0.5960532634380364,-2,191
model,result_0039,0.06457010506071104,0.34750632574535234,4,312
model,result_0386,0.18612954111573543,0.6949023898166119,-3,143
