background,schweinfurt_000000_000045.png
split,train
model,result_0394,0.9338805097700925,0.8557671886957228,2,296
