background,wurzburg_000000_001335.png
split,train
model,result_0394,0.47160446231080466,0.6037030515659287,-2,121
model,result_0163,0.39280967695161406,0.93941182037606,0,145
