background,augsburg_000000_000064.png
split,train
model,result_0822,0.9105906512383201,0.36913160996589783,-2,70
model,result_0855,0.9967917545004262,0.8301267665668874,-2,70
model,result_0338,0.475548114407475,0.5872335305165465,1,100
