background,oberhausen_000000_000411.png
split,train
model,result_0082,0.08834616627357439,0.6185723155484331,-2,224
model,result_0945,0.23424505944023488,0.668435096975164,-2,32
model,result_0612,0.3892365886270098,0.30116587642623555,4,300
