background,heilbronn_000000_000604.png
split,train
model,result_0694,0.91961374305523,0.970118338053172,4,293
model,result_0319,0.6691018628611685,0.675939264872353,-2,106
