background,wurzburg_000000_001204.png
split,train
model,result_0879,0.5680780749744101,0.4672072585880538,-4,301
