background,saarbrucken_000000_000282.png
split,train
model,result_0239,0.1257673946938075,0.6541465786430932,3,85
