background,muhlheim-ruhr_000000_000982.png
split,train
model,result_0612,0.7687634886623573,0.9647284696142349,0,305
model,result_0283,0.6368795044399252,0.7962341813364663,4,356
model,result_0968,0.06784264210018087,0.450219448308101,-1,236
