background,bayreuth_000000_000014.png
split,train
model,result_0992,0.2815070127253061,0.36782259484067964,3,267
model,result_0394,0.08864965561792293,0.3012520727937012,2,13
model,result_0163,0.678087193807225,0.6540442978015841,1,104
