background,augsburg_000000_000262.png
split,train
model,result_0795,0.0789318560870712,0.6459582258425899,-2,63
