background,saarbrucken_000000_000111.png
split,train
model,result_0805,0.1594548110725138,0.34812526395507226,0,234
model,result_0039,0.9537005111078637,0.41734684902896924,1,192
