background,dortmund_000000_000905.png
split,train
model,result_0173,0.4023332678175672,0.7310273535265454,3,314
model,result_0751,0.37431016904367864,0.26813230521803666,4,72
