background,augsburg_000000_000224.png
split,train
model,result_0328,0.3702042934811053,0.29728973107087525,-3,135
model,result_0879,0.772875680153092,0.3010247587236268,3,147
model,result_0542,0.26407774560564357,0.7022283200027828,-1,143
