background,muhlheim-ruhr_000000_000961.png
split,train
model,result_0192,0.07721182558896278,0.961466309705987,-4,54
model,result_0218,0.8121633722903724,0.6739081214041138,-2,301
model,result_0694,0.7347116511984791,0.7242126539554927,1,125
