background,wuppertal_000000_000529.png
split,train
model,result_0199,0.9790591909509956,0.6100921885055132,1,148
