background,duisburg_000000_000743.png
split,train
model,result_0163,0.8845542067707823,0.5272616258005898,4,162
model,result_0657,0.7781317830530095,0.9412715583376621,-3,336
