background,dortmund_000000_000626.png
split,train
model,result_0367,0.39860129860300375,0.5730849001149334,1,229
model,result_0822,0.17144204750151093,0.9530783096711083,3,299
