background,augsburg_000000_000263.png
split,train
model,result_0871,0.9199531998105963,0.7857646826511997,0,134
