background,lindau_000001_000019.png
split,train
model,result_0969,0.789934596916506,0.7736446595828792,4,186
model,result_0793,0.4427287670188722,0.7707685616418962,3,38
