background,muhlheim-ruhr_000000_000426.png
split,train
model,result_0606,0.12031217715146358,0.6708044661650615,-1,205
