background,karlsruhe_000000_000106.png
split,train
model,result_0385,0.21293323945840992,0.6728017895578412,0,135
model,result_0991,0.6271650068893032,0.8969734165421646,0,221
model,result_0373,0.7618440385337577,0.8183930831751238,-3,163
