background,karlsruhe_000000_000905.png
split,train
model,result_0524,0.17967068323609392,0.38725117186259317,0,344
