background,augsburg_000000_000620.png
split,train
model,result_0295,0.73858909765706,0.8862483135875502,1,94
