background,heilbronn_000000_000043.png
split,train
model,result_0969,0.3693897803446513,0.5362716582571465,-3,251
model,result_0793,0.7069616803912883,0.6583616076271566,2,207
model,result_0686,0.17646291795668234,0.43617578026417825,-3,271
