background,bayreuth_000000_000203.png
split,train
model,result_0051,0.8178690372854969,0.7751216884420054,-2,102
