background,oberhausen_000000_000653.png
split,train
model,result_0991,0.46375520762046196,0.2625981385349113,-1,340
model,result_0373,0.04869501697853329,0.40194106814028663,-1,242
