background,duisburg_000000_000682.png
split,train
model,result_0385,0.7163160154478626,0.577334647538468,-2,345
