background,karlsruhe_000000_001123.png
split,train
model,result_0751,0.5242798280369677,0.6049192697003853,2,113
model,result_0678,0.6510348314510358,0.4775172774932803,-3,85
model,result_0784,0.31553028974578656,0.3561642169648883,0,162
