background,bayreuth_000000_000359.png
split,train
model,result_0440,0.41858664503416143,0.43556666410578015,-1,258
