background,nuremberg_000000_001407.png
split,train
model,result_0803,0.08394188021962556,0.5688955446108435,3,343
model,result_0192,0.5890922315362989,0.8891919131988134,-3,314
model,result_0218,0.34255412211891434,0.7449351613355493,0,149
