background,konstanz_000000_000561.png
split,train
model,result_0192,0.4377819542961958,0.7299576985265659,-2,317
model,result_0218,0.38994456259642307,0.3206746021933511,4,157
model,result_0694,0.24406282206114827,0.6597583040107597,2,24
