background,karlsruhe_000000_000674.png
split,train
model,result_0324,0.2663706045527162,0.5783001657133688,3,11
model,result_0173,0.4174770570173728,0.9181382083057903,-2,251
