background,wurzburg_000000_001391.png
split,train
model,result_0218,0.7897957816548081,0.7965647193288706,-1,179
model,result_0694,0.9960966297811659,0.6386395473870734,3,164
model,result_0319,0.8931627852295979,0.7512621095969225,-1,6
