background,konstanz_000000_000195.png
split,train
model,result_0295,0.8433096879442646,0.79920905038476,0,33
model,result_0127,0.749043361493034,0.40361053693908,3,99
model,result_0022,0.40041184599447366,0.6849778828526185,1,92
