background,dortmund_000000_000767.png
split,train
model,result_0024,0.5479857138657904,0.6999743601937205,-4,159
