background,wurzburg_000000_000841.png
split,train
model,result_0996,0.9478457774040483,0.712404807256724,-3,8
