background,muhlheim-ruhr_000000_000945.png
split,train
model,result_0510,0.613418393538123,0.3454429392313069,1,263
model,result_0328,0.24069636727527144,0.5288028595513863,-4,20
