background,dortmund_000000_000047.png
split,train
model,result_0857,0.21897624170722418,0.6288771462957753,-3,161
model,result_0795,0.3474665218066464,0.33204855066061423,2,142
