background,freiburg_000000_000111.png
split,train
model,result_0878,0.4637367505110077,0.32065037264137713,-4,65
