background,troisdorf_000000_000051.png
split,train
model,result_0328,0.9699885816891128,0.6224605381641327,4,80
model,result_0879,0.9531520456990901,0.3283964110335551,0,141
model,result_0542,0.5450569050010764,0.8473251712406572,0,216
