background,heilbronn_000000_000214.png
split,train
model,result_0060,0.4809153795540484,0.9047649071663814,4,68
