background,karlsruhe_000000_000019.png
split,train
model,result_0295,0.7579106479412818,0.41380185063962793,0,349
