background,freiburg_000000_000759.png
split,train
model,result_0051,0.19266661521749062,0.46381076599901916,-4,128
