background,augsburg_000000_001134.png
split,train
model,result_0332,0.7933257087890272,0.9684560397291708,0,281
model,result_0385,0.1399986963732479,0.9191493100771443,2,80
