background,duisburg_000000_000680.png
split,train
model,result_0163,0.3188831193756385,0.7754536812733107,-3,10
