background,strasbourg_000000_000065.png
split,train
model,result_0694,0.9440029237870357,0.8387782995145341,-1,208
model,result_0319,0.22283322553532492,0.8182238728339638,2,123
model,result_0477,0.6557757266381133,0.42073849776488326,-4,106
