background,stuttgart_000040_000019.png
split,train
model,result_0367,0.39303329316516056,0.5538936939824741,4,35
model,result_0822,0.8644030951708596,0.3077736485940311,4,259
model,result_0855,0.5770322226094677,0.8699132438641468,-3,106
