background,strasbourg_000000_023854.png
split,train
model,result_0472,0.6261114068086024,0.42313183380340447,1,181
