background,heilbronn_000000_000649.png
split,train
model,result_0914,0.37273976562003,0.3692985464348998,-4,244
model,result_0193,0.6521454059869624,0.5643076085332939,-3,347
model,result_0036,0.1850952052304079,0.7755759671293005,-2,15
