background,heidelberg_000000_001079.png
split,train
model,result_0389,0.18288026395616652,0.3583798827200594,1,313
model,result_0164,0.7829741160369962,0.42407175937923425,2,133
model,result_0440,0.6504535486826842,0.735048667059011,2,54
