background,bamberg_000000_000303.png
split,train
model,result_0844,0.3099111592737822,0.7262439158185408,2,7
model,result_0995,0.28525053535296274,0.8797369445581895,1,19
model,result_0969,0.3233425335331632,0.9247959520961048,0,138
