background,augsburg_000000_000704.png
split,train
model,result_0004,0.18873348866196216,0.7444773003304174,4,111
model,result_0931,0.35806196934604806,0.8904325893956211,-3,14
model,result_0123,0.6761187801888142,0.5063945189651302,4,79
