background,nuremberg_000000_001156.png
split,train
model,result_0855,0.6049503854398797,0.7027980548189866,0,169
