background,mannheim_000000_000013.png
split,train
model,result_0266,0.5745817373304298,0.3303336047658877,-3,33
