background,wurzburg_000000_000981.png
split,train
model,result_0995,0.15516261583770796,0.3878660241251324,-2,233
