background,heidelberg_000000_000988.png
split,train
model,result_0981,0.08917199069388326,0.7634840322117983,-1,197
model,result_0527,0.8504851727282832,0.42796572686217077,1,189
