background,bayreuth_000000_000373.png
split,train
model,result_0805,0.9973041001029945,0.5311217545856648,-3,154
