background,karlsruhe_000000_000440.png
split,train
model,result_0024,0.8926173356152506,0.3822946093170332,1,187
model,result_0288,0.20023576112516195,0.3034623715134166,-3,343
