background,muhlheim-ruhr_000000_000586.png
split,train
model,result_0477,0.6006342495495706,0.31964249197780986,2,297
