background,wurzburg_000000_001228.png
split,train
model,result_0004,0.06376887868850012,0.2718630692462304,1,198
model,result_0931,0.4411989701653911,0.6777099145123364,-2,294
