background,saarbrucken_000000_000500.png
split,train
model,result_0127,0.977988054677736,0.6149643199368189,-1,54
