background,saarbrucken_000000_000341.png
split,train
model,result_0199,0.4761568137045793,0.6645117610167627,-3,131
model,result_0060,0.19708801471018467,0.4732099573120049,4,36
model,result_0080,0.13504011850067466,0.2640231846631792,3,141
