background,heidelberg_000000_000689.png
split,train
model,result_0678,0.4543006200873644,0.7597706678390291,0,174
model,result_0784,0.513924516053725,0.4385318805398677,-3,51
model,result_0924,0.23578094446942377,0.6901601805665646,-3,144
