background,stuttgart_000039_000019.png
split,train
model,result_0606,0.1826274258884163,0.3507912760988472,-1,0
