background,heilbronn_000000_000502.png
split,train
model,result_0484,0.15983881666630828,0.9343977473742641,0,20
model,result_0861,0.7712859242457892,0.25269351724705114,-4,295
model,result_0882,0.7018487647413946,0.5105165565516169,3,186
