background,konstanz_000000_001074.png
split,train
model,result_0945,0.30564989683785593,0.40548791268915213,0,2
