background,mannheim_000000_000786.png
split,train
model,result_0328,0.9762136819331806,0.7690421847214127,2,166
