background,wurzburg_000000_000404.png
split,train
model,result_0945,0.7436571123493289,0.8490454474103383,0,50
model,result_0612,0.46430469142510833,0.7248521224096398,-2,9
