background,muhlheim-ruhr_000000_000665.png
split,train
model,result_0862,0.5552093318463964,0.3590938737287491,-3,296
model,result_0524,0.29327115779807855,0.5470062461575304,-4,158
