background,wurzburg_000000_001249.png
split,train
model,result_0686,0.6997164970632545,0.7413280548495056,-3,331
model,result_0805,0.2933392251329092,0.5997408036721336,0,295
