background,nuremberg_000000_001316.png
split,train
model,result_0822,0.9132781154806952,0.3977041491521287,-1,324
model,result_0855,0.2490425287628607,0.6428291853596716,2,35
model,result_0338,0.6614927848220801,0.7850964716185584,-4,35
