background,freiburg_000000_000692.png
split,train
model,result_0803,0.8832254454898916,0.9996412454069437,-2,97
model,result_0192,0.5759426453727965,0.7854785757873459,-2,274
