background,karlsruhe_000000_000108.png
split,train
model,result_0288,0.6427331153110052,0.6745071652418444,-1,275
model,result_0247,0.4438388119064489,0.7991647342539132,-2,142
