background,bamberg_000000_000318.png
split,train
model,result_0295,0.4051023287935239,0.6149699537990094,4,158
model,result_0127,0.33955208081877475,0.893748842309471,1,0
model,result_0022,0.04305721702417653,0.5712762099463438,3,275
