background,bochum_000000_027057.png
split,train
model,result_0218,0.007505469677902443,0.6204422079351299,-2,265
model,result_0694,0.4716931086245656,0.5228917883965335,-3,23
model,result_0319,0.6593283410648633,0.6601523002457779,-4,187
