background,dortmund_000000_000718.png
split,train
model,result_0386,0.01718631724351105,0.8759000588530097,2,102
model,result_0979,0.2734595043614505,0.39129347589418234,-1,167
