background,karlsruhe_000000_000684.png
split,train
model,result_0319,0.9382394620970512,0.7734774271849374,4,83
