background,nuremberg_000000_000422.png
split,train
model,result_0332,0.19012911941835076,0.613692456932679,4,271
model,result_0385,0.7475365842077537,0.9217748089361704,-2,5
model,result_0991,0.4536079473641128,0.3730032758519124,-1,354
