background,nuremberg_000000_000986.png
split,train
model,result_0388,0.20766211424331316,0.26449456851744424,2,319
model,result_0499,0.9965311722485594,0.5265701345765836,-1,293
