background,karlsruhe_000000_000106.png
split,train
model,result_0678,0.8027109718287673,0.433578328570073,-4,117
model,result_0784,0.4369583663226384,0.5068858191011326,1,264
model,result_0924,0.6212650651129467,0.5812465900871315,4,163
