background,konstanz_000000_000210.png
split,train
model,result_0805,0.3793581465705196,0.30562047701704054,-3,150
