background,wurzburg_000000_001044.png
split,train
model,result_0173,0.6911946108561386,0.8554706960110536,3,92
model,result_0751,0.34042582415291467,0.4168261313407505,4,172
model,result_0678,0.5203815326714613,0.644180591824047,-2,268
