background,nuremberg_000000_000719.png
split,train
model,result_0992,0.6088950992185785,0.5274652072331043,-3,116
model,result_0394,0.18913884733987385,0.6327417297680253,-3,10
model,result_0163,0.16524378639521442,0.7989741657033422,-1,108
