background,wurzburg_000000_000898.png
split,train
model,result_0602,0.23063037265666653,0.4545211529745644,3,242
model,result_0024,0.14940195279476642,0.7062264343869222,0,199
model,result_0288,0.6540807888488085,0.9375321458741911,4,57
