background,nuremberg_000000_000811.png
split,train
model,result_0914,0.7557562821713,0.3097125648255273,0,172
