background,augsburg_000000_000220.png
split,train
model,result_0612,0.47625120894034145,0.9182939633403655,2,158
