background,heidelberg_000000_000387.png
split,train
model,result_0562,0.27808112151783826,0.34698332031036494,4,83
model,result_0215,0.46162260287535295,0.5564308170164142,0,172
