background,wurzburg_000000_001349.png
split,train
model,result_0173,0.9122986009511639,0.25301508481446644,-4,74
model,result_0751,0.7960626732144661,0.6923885232989677,-1,8
