background,bochum_000000_019188.png
split,train
model,result_0914,0.5392796202035585,0.37788700329916614,-4,88
