background,hanover_000000_017041.png
split,train
model,result_0283,0.30683807146942566,0.25610844633838115,-2,351
