background,heidelberg_000000_000635.png
split,train
model,result_0373,0.3961532131607467,0.9081986011837111,2,313
