background,mannheim_000000_000903.png
split,train
model,result_0871,0.7672284369214262,0.9590193975455166,-3,81
