background,wurzburg_000000_000541.png
split,train
model,result_0328,0.1604602474403113,0.4894702608187355,4,190
model,result_0879,0.25163787711819285,0.8743009730554983,-3,274
