background,wuppertal_000000_000440.png
split,train
model,result_0739,0.4443599657734122,0.26296365195322213,-2,318
model,result_0960,0.8793254271583687,0.556264546172353,2,112
model,result_0632,0.5942812501590501,0.7727771174381437,0,358
