background,karlsruhe_000000_000054.png
split,train
model,result_0319,0.3481121298039954,0.4433918392572466,-4,127
model,result_0477,0.9277672350967631,0.5816053703785729,-3,357
