background,nuremberg_000000_001182.png
split,train
model,result_0795,0.612815016646259,0.3192009990859748,-1,281
model,result_0388,0.4656923703719561,0.6814856495918914,-3,311
model,result_0499,0.08468930643248662,0.8125737421296886,0,103
