background,konstanz_000000_001170.png
split,train
model,result_0751,0.8174908072993043,0.7348769094802273,0,167
model,result_0678,0.3297184054251695,0.9858270761138019,0,285
