background,duisburg_000000_000405.png
split,train
model,result_0046,0.5806162759987364,0.9253153539359411,3,340
model,result_0389,0.6211433326628588,0.37513178428123367,0,20
