background,oberhausen_000000_000513.png
split,train
model,result_0036,0.49459927245489,0.4139141540983453,-2,228
model,result_1000,0.16348663710428413,0.6161035099795507,-2,301
