background,heilbronn_000000_000640.png
split,train
model,result_0857,0.3532177274863194,0.7567020227408805,-4,323
