background,freiburg_000000_000289.png
split,train
model,result_0191,0.08850752728888911,0.44974817018240454,-2,267
model,result_0775,0.08105923371958224,0.5659664792665868,1,316
model,result_0075,0.9046349516315632,0.2564437909846008,0,342
