background,oberhausen_000000_000512.png
split,train
model,result_0239,0.18778918734141237,0.846405598939137,-4,299
model,result_0051,0.5166198518990431,0.5111107819061903,2,100
