background,wurzburg_000000_001003.png
split,train
model,result_0784,0.9516862308504992,0.27268157725816344,-4,196
