background,bamberg_000000_000113.png
split,train
model,result_0218,0.7143374784061494,0.39083857580818226,1,39
model,result_0694,0.4132573248532535,0.3283306633261191,0,93
