background,oberhausen_000000_000506.png
split,train
model,result_0127,0.6838799205634736,0.6236605389066073,3,275
model,result_0022,0.2968945411235214,0.5286048862323491,2,283
model,result_0061,0.619733501917367,0.607406765347092,1,317
