background,nuremberg_000000_001036.png
split,train
model,result_0524,0.12193419557684504,0.40699918761753023,-4,319
