background,wurzburg_000000_000854.png
split,train
model,result_0803,0.5935669584507738,0.42797858903394803,4,154
