background,augsburg_000000_001413.png
split,train
model,result_0586,0.034495032833578576,0.5290908310632814,1,15
model,result_0989,0.7141285549780931,0.8688890827989763,3,128
