background,schweinfurt_000000_000354.png
split,train
model,result_0871,0.41105663383528424,0.4799359404341726,3,123
model,result_0878,0.9262099278350308,0.622612390547408,-4,162
