background,muhlheim-ruhr_000000_000506.png
split,train
model,result_0288,0.8442452591599684,0.6511034341022945,0,53
model,result_0247,0.5853077120694613,0.5360286122137331,1,309
model,result_0239,0.6425487170780116,0.44540417415096883,2,302
