background,heidelberg_000000_000267.png
split,train
model,result_0061,0.505766543919902,0.6594461052885395,-2,292
model,result_0606,0.12141363597306798,0.8141769097566459,4,267
model,result_0082,0.5692046808984713,0.999334121400241,0,292
