background,heilbronn_000000_000319.png
split,train
model,result_0283,0.8479026253916366,0.6628604780072334,3,172
model,result_0968,0.0924137526157417,0.9261321790470873,2,133
