background,heidelberg_000000_000117.png
split,train
model,result_0968,0.5185034757222342,0.7185566038520265,-2,330
