background,muhlheim-ruhr_000000_001084.png
split,train
model,result_0036,0.9673028122708651,0.950019762950214,2,336
