background,schweinfurt_000000_000649.png
split,train
model,result_0602,0.8968139070553363,0.5903986421104246,0,341
