background,konstanz_000000_000113.png
split,train
model,result_0022,0.855577816782098,0.9427204965564021,4,244
model,result_0061,0.6571260816002326,0.38945903576182955,2,153
