background,heidelberg_000000_000444.png
split,train
model,result_0981,0.65801354119995,0.5939318661394732,-4,246
model,result_0527,0.46356347423817634,0.9365071228201556,2,313
