background,muhlheim-ruhr_000000_000562.png
split,train
model,result_0022,0.10008965725646601,0.48858370639266846,-4,320
model,result_0061,0.22072523590477988,0.8771860750941879,2,121
