background,konstanz_000000_000862.png
split,train
model,result_0991,0.3970025819592593,0.6207444995560563,4,241
model,result_0373,0.35678547981313435,0.9939598037022613,-4,108
