background,schweinfurt_000000_000565.png
split,train
model,result_0751,0.8652274915852993,0.7618252752188935,-3,61
