background,muhlheim-ruhr_000000_000657.png
split,train
model,result_0039,0.3298372977792521,0.5339913479899185,-1,3
