background,heilbronn_000000_000073.png
split,train
model,result_0192,0.6452811124573236,0.47045115424167816,2,175
model,result_0218,0.6424077992513306,0.7814360592184835,-1,146
model,result_0694,0.6773196202122423,0.6131180751871211,2,36
