background,konstanz_000000_000435.png
split,train
model,result_0192,0.47876745820863564,0.3284765463001854,3,293
model,result_0218,0.2811393295115363,0.3853861403690725,4,314
model,result_0694,0.7838882607779676,0.5730994655765028,4,149
