background,schweinfurt_000000_000292.png
split,train
model,result_0357,0.11929766108297102,0.6771406782085542,4,167
