background,wurzburg_000000_000386.png
split,train
model,result_0793,0.15306866802266716,0.2612559396914556,1,97
model,result_0686,0.006588573271590126,0.3154438665402435,-4,304
