background,munster_000072_000019.png
split,train
model,result_0739,0.46746039992858957,0.8205327807211827,-3,81
model,result_0960,0.4651383264806015,0.9604586741822587,3,323
