background,oberhausen_000000_000630.png
split,train
model,result_0646,0.9930495139678328,0.8958350859901762,0,152
