background,bad-honnef_000000_000013.png
split,train
model,result_0989,0.23473379988274112,0.5410467327017853,-1,96
model,result_0803,0.18100039956972291,0.41581751399820244,4,33
