background,mannheim_000000_000613.png
split,train
model,result_0995,0.610087560636073,0.6570941467928543,4,36
