background,augsburg_000000_000083.png
split,train
model,result_0931,0.8024819308696365,0.7462994190811731,1,183
model,result_0123,0.7656857882666256,0.9203308611253221,-3,53
model,result_0472,0.6557593034844509,0.9498165694700418,1,148
