background,muhlheim-ruhr_000000_000650.png
split,train
model,result_0173,0.09852881377147904,0.6757382881767606,-1,63
model,result_0751,0.17374605530594966,0.6369130988234649,4,156
