background,dusseldorf_000183_000019.png
split,train
model,result_0844,0.43910806469793506,0.9862082750122932,4,222
model,result_0995,0.13200319360580082,0.47086157030336295,-1,324
model,result_0969,0.4572417006746101,0.3427381690645819,-2,127
