background,heilbronn_000000_000416.png
split,train
model,result_0440,0.17824778288674448,0.6700788590744624,-2,30
model,result_0484,0.6401471262251438,0.8196800388629162,-1,311
model,result_0861,0.7124957442867426,0.7971952006258278,1,56
