background,nuremberg_000000_000995.png
split,train
model,result_0527,0.6107635508225893,0.41017490844936555,0,138
model,result_0602,0.5791379188291932,0.3419342260507156,-3,82
model,result_0024,0.052863947715373505,0.8507797625659175,1,266
