background,duisburg_000000_000144.png
split,train
model,result_0914,0.029500350029381006,0.7639148916152386,0,41
model,result_0193,0.639802495869767,0.8572669757667543,1,101
model,result_0036,0.08625436855348412,0.6758640063580926,-3,293
