background,konstanz_000000_001312.png
split,train
model,result_0979,0.2081819689633574,0.9257251688133284,4,151
model,result_0871,0.962458456645909,0.6175570318136588,0,89
