background,schweinfurt_000000_000412.png
split,train
model,result_0075,0.3455803815810333,0.9646754685085406,-1,108
model,result_0992,0.776606907220045,0.47103253166930653,0,330
