background,augsburg_000000_001317.png
split,train
model,result_0039,0.2519376633126972,0.5324458530732468,2,88
model,result_0386,0.3743827815172921,0.5394378226381177,4,254
model,result_0979,0.3466846802982436,0.8504896510990012,1,330
