background,augsburg_000000_001252.png
split,train
model,result_0991,0.6871057058300669,0.738475823347172,-1,351
model,result_0373,0.40094616551431916,0.3039589897110538,-1,286
