background,konstanz_000000_000002.png
split,train
model,result_0389,0.7085534130017673,0.862758267910921,1,344
model,result_0164,0.05465686728394692,0.8093857953311567,1,163
model,result_0440,0.6492680079792019,0.7240914599570138,-1,219
