background,karlsruhe_000000_000536.png
split,train
model,result_0979,0.24504516592050196,0.8064568714116556,1,194
model,result_0871,0.3017087747520574,0.6011111391558501,0,123
model,result_0878,0.889035718537225,0.9001350774883754,-1,126
