background,konstanz_000000_000750.png
split,train
model,result_0367,0.6774062287504985,0.30458966339414606,0,200
model,result_0822,0.9984529467178566,0.9827035439398597,-2,358
model,result_0855,0.17562480087839472,0.6087491522065825,-2,128
