background,duisburg_000000_000652.png
split,train
model,result_0004,0.2977647286127785,0.5924115758679172,-3,180
model,result_0931,0.26021561415864014,0.43189558111095383,1,105
model,result_0123,0.6499673690057852,0.5742551514015447,1,191
