background,oberhausen_000000_000177.png
split,train
model,result_0389,0.8231442817077441,0.5458029956497885,0,110
model,result_0164,0.4929411986450867,0.7645881904004759,-4,190
model,result_0440,0.9796124240219194,0.7030837340465317,2,185
