background,bamberg_000000_000150.png
split,train
model,result_0557,0.5092062036292219,0.684661514443029,-1,74
