background,mannheim_000000_001170.png
split,train
model,result_0857,0.848525585098774,0.6156217208552092,1,122
model,result_0795,0.044585980320165586,0.49258269069954674,-1,151
model,result_0388,0.8319437913988321,0.40746639525879175,3,100
