background,mannheim_000000_000277.png
split,train
model,result_0386,0.03998311294668555,0.7363516006796578,2,118
model,result_0979,0.7470008938253349,0.5112725436779202,3,6
model,result_0871,0.0057326845794231085,0.9976565493233709,-4,186
