background,heidelberg_000000_000412.png
split,train
model,result_0123,0.6208195481827464,0.29658683975141764,3,231
model,result_0472,0.8032819064777841,0.9861135267632795,4,92
