background,oberhausen_000000_000369.png
split,train
model,result_0127,0.046015956954969295,0.5048914424602582,0,332
model,result_0022,0.40819952251983327,0.5287606526224107,0,261
model,result_0061,0.2584073081942436,0.6703337085708199,3,305
