background,bayreuth_000000_000561.png
split,train
model,result_0328,0.638549103261827,0.44256679037048025,2,130
