background,erlangen_000000_000127.png
split,train
model,result_0164,0.2932929820132921,0.5741064971386798,-4,195
model,result_0440,0.0026958616557869464,0.6192470766953597,-1,312
