background,konstanz_000000_000490.png
split,train
model,result_0784,0.24731341394433792,0.3160472279945026,-4,217
model,result_0924,0.7538955696016496,0.29408255138566525,-1,56
model,result_0866,0.6608388246435803,0.3012250287001396,3,230
