background,erlangen_000000_000232.png
split,train
model,result_0146,0.5698570690840251,0.7768826346683247,-4,52
model,result_0295,0.4878481504631059,0.4771851531272723,-2,93
model,result_0127,0.35360808730842475,0.4398604517698082,2,328
