background,dusseldorf_000063_000019.png
split,train
model,result_0060,0.41586290931958536,0.9405864880154697,2,17
model,result_0080,0.7877130867042804,0.9754386745397169,3,322
model,result_0857,0.11123701404593422,0.8841468703980627,-4,197
