background,wurzburg_000000_000972.png
split,train
model,result_0357,0.857602150152093,0.9640331806240474,-1,296
model,result_0046,0.1784176836395578,0.5642527636893528,1,164
model,result_0389,0.7019186636830419,0.6688169344909523,-4,106
