background,nuremberg_000000_000192.png
split,train
model,result_0999,0.6306649186899221,0.425015291330129,4,276
model,result_0510,0.6108212890012018,0.8604463095911514,1,191
model,result_0328,0.9578254606470717,0.3238610495374291,-2,110
