background,wuppertal_000000_000038.png
split,train
model,result_0991,0.8684930825492784,0.7627847761878199,1,55
model,result_0373,0.3150068191992348,0.4318860804306333,4,339
model,result_0191,0.6459681647534954,0.43129359063972583,0,159
