background,wuppertal_000000_000702.png
split,train
model,result_0324,0.72642948360665,0.3853068416416977,-1,108
model,result_0173,0.0775935250672104,0.8941362497635549,-2,28
model,result_0751,0.8981922360795519,0.47078647760769887,-1,344
