background,konstanz_000000_001112.png
split,train
model,result_0324,0.05172186332072082,0.9117778497250402,4,300
