background,schweinfurt_000000_000423.png
split,train
model,result_0969,0.33887389368254894,0.9526172094562144,4,235
model,result_0793,0.10942737110446221,0.8407295977385321,-1,237
