background,wuppertal_000000_000740.png
split,train
model,result_0163,0.2571710477334882,0.9890104937868585,0,312
model,result_0657,0.7247674770340596,0.8534133975940275,3,4
