background,mannheim_000000_000063.png
split,train
model,result_0606,0.0833962428421593,0.7779120075880959,-2,73
model,result_0082,0.6078684810151128,0.8505496426824279,2,17
