background,karlsruhe_000000_000087.png
split,train
model,result_0075,0.7891745768553619,0.515894349464865,3,122
model,result_0992,0.011425521795574212,0.25741547108970353,1,11
