background,oberhausen_000000_000875.png
split,train
model,result_0995,0.5156648110917147,0.6690619146090524,0,192
model,result_0969,0.7167954485791768,0.717372598441038,-3,169
model,result_0793,0.4009931751527557,0.4563050207641238,4,345
