background,dresden_000000_000031.png
split,train
model,result_0193,0.2584587902820803,0.25645162477446776,1,206
model,result_0036,0.3152819480892832,0.9163924687268149,-1,37
model,result_1000,0.8713018002671786,0.4550858800233184,4,307
