background,wurzburg_000000_000720.png
split,train
model,result_0324,0.6060860000268816,0.7228040462206016,1,233
model,result_0173,0.7740078289115123,0.96179375123316,1,136
model,result_0751,0.9446157158121078,0.36292410175754597,3,77
