background,oberhausen_000000_000818.png
split,train
model,result_0039,0.021508519619200972,0.9801958971456004,-1,182
model,result_0386,0.5997756763108717,0.9723832823862258,-2,157
