background,dusseldorf_000167_000019.png
split,train
model,result_0557,0.7028203444148728,0.4465771974928382,1,253
model,result_0544,0.8219395297739647,0.49668013548991247,-2,204
model,result_0999,0.7949704512544865,0.4432402148793445,-4,89
