background,augsburg_000000_000415.png
split,train
model,result_0499,0.4155437795645579,0.5050832526906526,1,66
model,result_0844,0.029123801782230507,0.5851926574567983,4,356
model,result_0995,0.6353372162889204,0.8337878465362025,3,302
