background,bochum_000000_015321.png
split,train
model,result_0855,0.7616595375023908,0.5896355137473104,-1,328
model,result_0338,0.7781863699496522,0.9249249581414959,1,46
model,result_0557,0.3873484744674619,0.7131892305113908,-2,93
