background,dortmund_000000_000797.png
split,train
model,result_0882,0.2977210984162003,0.622477537622419,-3,328
