background,mannheim_000000_000331.png
split,train
model,result_0499,0.14812905526307574,0.5230998212396571,-3,46
