background,schweinfurt_000000_000014.png
split,train
model,result_0968,0.3457541619320622,0.31720009496742674,1,132
