background,bochum_000000_007651.png
split,train
model,result_0960,0.1539723808752792,0.7085814588549773,-4,155
