background,stuttgart_000054_000019.png
split,train
model,result_0557,0.9342273774753579,0.600591362213562,-4,345
model,result_0544,0.28785437979973605,0.3824415244968067,1,15
