background,freiburg_000000_000833.png
split,train
model,result_0602,0.593198264642898,0.5666850252317712,1,241
model,result_0024,0.35740249701262505,0.3953951418651933,-1,39
