background,bayreuth_000000_000462.png
split,train
model,result_0602,0.4029006870257754,0.5950397074658397,0,269
