background,augsburg_000000_000130.png
split,train
model,result_0861,0.44525168608498855,0.6374153638963573,0,326
