background,schweinfurt_000000_000252.png
split,train
model,result_0822,0.17019076924502974,0.42114936476087733,0,4
