background,nuremberg_000000_000537.png
split,train
model,result_0544,0.6758444344305806,0.4016616836877597,-3,108
model,result_0999,0.598047946137883,0.952595994503981,-2,181
