background,duisburg_000000_000223.png
split,train
model,result_0739,0.6329492572179002,0.814798802204665,0,73
model,result_0960,0.5127111021189179,0.6434611292477139,3,272
model,result_0632,0.7934725923997235,0.6408447788282782,-4,58
