background,darmstadt_000073_000019.png
split,train
model,result_0082,0.6074176736450402,0.952552535362168,-2,1
model,result_0945,0.1012534014605122,0.7953251467732918,-1,109
model,result_0612,0.33530533023983433,0.39444024738119704,2,235
