background,nuremberg_000000_000860.png
split,train
model,result_0999,0.36587341586181665,0.6437902491066025,4,161
model,result_0510,0.2591433005238505,0.9683822247538766,-1,11
model,result_0328,0.9907131464429876,0.301328198501311,-3,311
