background,karlsruhe_000000_000176.png
split,train
model,result_0080,0.10655401231415373,0.5178202733880249,4,351
model,result_0857,0.6206274310962636,0.5907272295086048,-2,241
model,result_0795,0.06950201457650595,0.9269981026684919,-1,18
