background,konstanz_000000_000140.png
split,train
model,result_0995,0.1475474210925103,0.3297340187400723,0,157
model,result_0969,0.05846773939959371,0.820991584166108,-1,131
model,result_0793,0.9693549214897486,0.9415372700850558,2,39
