background,karlsruhe_000000_000803.png
split,train
model,result_0467,0.9093097166167674,0.47407030585165755,2,341
