background,schweinfurt_000000_000173.png
split,train
model,result_0127,0.8915021357615805,0.550605505796192,0,123
