background,bochum_000000_033056.png
split,train
model,result_0882,0.22452323022497622,0.39779997011328483,1,248
