background,freiburg_000000_000515.png
split,train
model,result_0247,0.5340356629263012,0.5692077661958183,1,92
model,result_0239,0.9471399663435124,0.5422138617376941,1,210
