background,wurzburg_000000_000028.png
split,train
model,result_0557,0.42139962558050803,0.7658592573950409,-4,251
model,result_0544,0.5018558985058985,0.893618481438629,-3,37
model,result_0999,0.6815917612002099,0.45697247012019737,1,241
