background,monchengladbach_000000_022361.png
split,train
model,result_0866,0.845395501424306,0.34369790122756233,1,98
