background,erlangen_000000_000155.png
split,train
model,result_0803,0.6306482567836079,0.69847529670725,0,201
model,result_0192,0.49081346793200953,0.8411951836705874,-2,254
