background,schweinfurt_000000_000044.png
split,train
model,result_0388,0.0379724212830288,0.9993325146445746,-4,50
model,result_0499,0.2008029142783031,0.4136846690604764,-4,284
model,result_0844,0.9544701968322467,0.5022996472674213,1,82
