background,oberhausen_000000_000409.png
split,train
model,result_0996,0.949523521598124,0.3551659244015529,-2,213
