background,heidelberg_000000_000809.png
split,train
model,result_0218,0.20535907767484585,0.7205842549317535,-2,170
model,result_0694,0.3105257115965706,0.303896152255658,4,353
model,result_0319,0.6962955152526903,0.8979549847164381,-1,71
