background,wurzburg_000000_000433.png
split,train
model,result_0960,0.49758610936982817,0.8932559625993701,2,292
