background,wuppertal_000000_000145.png
split,train
model,result_0164,0.5010534416842914,0.6994190647227271,2,123
model,result_0440,0.6439505242227687,0.6285478721498581,0,320
