background,konstanz_000000_000637.png
split,train
model,result_0388,0.27507055566538663,0.5222767673758112,1,280
model,result_0499,0.7927650261067402,0.6984865713007888,0,344
