background,saarbrucken_000000_000524.png
split,train
model,result_0385,0.675062546739426,0.44447196583330534,-2,0
model,result_0991,0.74041704605364,0.6892778236726336,1,295
model,result_0373,0.6410646255972215,0.3071465678538386,-3,234
