background,augsburg_000000_001207.png
split,train
model,result_0332,0.06373611187149086,0.9771199438995947,3,294
model,result_0385,0.8654849925749555,0.8996035787122291,-2,191
