background,dusseldorf_000029_000019.png
split,train
model,result_0989,0.47347715084717645,0.5073310852855911,3,155
model,result_0803,0.9203439884820506,0.4212263211370294,-4,77
model,result_0192,0.4579849892215011,0.9994604316762414,2,264
