background,muhlheim-ruhr_000000_000648.png
split,train
model,result_0991,0.24471282374332604,0.5684870414327453,-3,81
