background,oberhausen_000000_000043.png
split,train
model,result_0803,0.759622564714658,0.839185386100234,2,84
