background,augsburg_000000_000939.png
split,train
model,result_0367,0.4121943653866815,0.2907990509962075,-2,312
