background,muhlheim-ruhr_000000_000099.png
split,train
model,result_0960,0.8003552461520583,0.280817689188957,3,213
