background,bayreuth_000000_000391.png
split,train
model,result_0004,0.13060592599933085,0.5149389858160394,-2,249
model,result_0931,0.29609883096617395,0.5085253092479721,-4,225
model,result_0123,0.6022009809206659,0.6572301364169267,-3,274
