background,dortmund_000000_000789.png
split,train
model,result_0061,0.47435131888810467,0.3003992149198219,-4,7
