background,freiburg_000000_000138.png
split,train
model,result_0051,0.7119985266041806,0.6512637994608841,-3,290
