background,mannheim_000000_001168.png
split,train
model,result_0173,0.05911727386710819,0.7008385270997457,-3,39
model,result_0751,0.7230603074833802,0.8845124607217436,2,194
