background,dortmund_000000_000053.png
split,train
model,result_0996,0.5739391497879913,0.9783223707675907,0,223
model,result_0266,0.9107817704516492,0.7858965508597542,-4,4
model,result_0862,0.8015708249297795,0.7030047248184231,0,139
