background,augsburg_000000_000834.png
split,train
model,result_0004,0.5121893495148432,0.36734865584865084,2,184
model,result_0931,0.7724745742521619,0.4135676521202386,-2,126
model,result_0123,0.1588897809205515,0.9743515342788744,-1,229
