background,duisburg_000000_000467.png
split,train
model,result_0332,0.146122777792004,0.383691085887425,-1,147
model,result_0385,0.20687063028258978,0.9509861830912791,2,236
model,result_0991,0.2850656874959565,0.3170230671314811,0,63
