background,strasbourg_000000_014743.png
split,train
model,result_0678,0.2306579559734523,0.3878582035672332,-4,307
model,result_0784,0.3159732127738296,0.45283117927633987,1,254
model,result_0924,0.3747085762347391,0.8658821433099602,2,125
