background,karlsruhe_000000_000375.png
split,train
model,result_0657,0.8228900852424338,0.9006096856092998,-2,113
model,result_0914,0.030152781950512186,0.744482172532962,3,347
model,result_0193,0.3140725330539653,0.47527974042963794,-3,212
