background,dortmund_000000_000620.png
split,train
model,result_0981,0.4230257903239577,0.26185863253320846,-1,85
