background,dortmund_000000_000817.png
split,train
model,result_0389,0.6212311442551064,0.5481245385174124,-4,322
