background,oberhausen_000000_000726.png
split,train
model,result_0995,0.6448384405781395,0.9908108503448246,-1,128
