background,heidelberg_000000_000882.png
split,train
model,result_0822,0.9431429556836314,0.6377256163038532,-3,256
model,result_0855,0.9396365164099751,0.9202679567651334,-2,152
