background,nuremberg_000000_000175.png
split,train
model,result_0288,0.9395694840593787,0.44975825184275664,2,302
model,result_0247,0.47694561992593654,0.32087944441830024,0,259
