background,wurzburg_000000_001034.png
split,train
model,result_0373,0.24017828292591137,0.8857912399785066,4,207
