background,heidelberg_000000_000541.png
split,train
model,result_0338,0.6938609633270558,0.9380939962835217,-4,73
model,result_0557,0.2916926960608872,0.5262485531056413,-2,296
