background,troisdorf_000000_000136.png
split,train
model,result_0510,0.48486168065308755,0.8177203690602306,0,177
model,result_0328,0.695917073452285,0.7357325449822762,-1,262
model,result_0879,0.4839062213598987,0.554021846226033,0,329
