background,mannheim_000000_001081.png
split,train
model,result_0324,0.08932864537417606,0.7152430697153476,3,355
model,result_0173,0.09359343005004417,0.9932496177900505,-2,208
