background,duisburg_000000_000811.png
split,train
model,result_0123,0.9193955258108154,0.5125209240765112,4,144
model,result_0472,0.5826170014024252,0.6334640021738316,1,8
