background,wurzburg_000000_001086.png
split,train
model,result_0686,0.9436240052936118,0.5372575492839682,4,289
