background,mannheim_000000_000267.png
split,train
model,result_0193,0.48101047549550324,0.7083353851328176,-1,45
