background,karlsruhe_000000_000942.png
split,train
model,result_0472,0.9395114213450777,0.7338085846131778,0,354
model,result_0981,0.6063935323993558,0.9752025149259866,2,346
