background,freiburg_000000_000462.png
split,train
model,result_0499,0.5685689929592423,0.47163879236350714,-3,3
model,result_0844,0.16380548283279184,0.923147194773513,-4,28
model,result_0995,0.21735341687901433,0.351362906479247,1,354
