background,mannheim_000000_000247.png
split,train
model,result_0051,0.04253529988746263,0.2698202502456649,4,141
model,result_0739,0.8180001845801104,0.8439445327328349,1,116
