background,mannheim_000000_000825.png
split,train
model,result_0949,0.3780166518535911,0.6505494451426765,3,163
model,result_0324,0.15558829400405627,0.48635605425052536,2,85
model,result_0173,0.6876782637938628,0.6412641650229551,-1,358
