background,bayreuth_000000_000696.png
split,train
model,result_0992,0.0033152481292361147,0.8437273012466691,3,255
