background,dusseldorf_000001_000019.png
split,train
model,result_0803,0.041805338672176284,0.8098066145613624,4,224
model,result_0192,0.9873107521635359,0.972010558864545,-2,321
