background,konstanz_000000_001118.png
split,train
model,result_1000,0.16784084730212323,0.6257168452018158,2,319
model,result_0367,0.885042124640185,0.3080840712776706,-2,24
