background,heidelberg_000000_000358.png
split,train
model,result_0960,0.9663393370286912,0.8040583540844036,-2,204
model,result_0632,0.12648570246527158,0.6801402745178191,4,51
