background,heilbronn_000000_000640.png
split,train
model,result_0388,0.45793340434252117,0.3881499797028433,0,232
model,result_0499,0.011748188220115918,0.3580761616607081,-4,72
