background,heidelberg_000000_000437.png
split,train
model,result_0173,0.9333284867207664,0.4129760171543887,0,168
