background,heidelberg_000000_000216.png
split,train
model,result_0882,0.7214719771972374,0.8705156117339409,-3,338
model,result_0467,0.33440321999987577,0.6636513793618566,1,237
