background,wuppertal_000000_000794.png
split,train
model,result_0440,0.25344768584374,0.6074481512226155,4,313
model,result_0484,0.2529614080066872,0.8301539686128814,1,69
