background,augsburg_000000_001030.png
split,train
model,result_0646,0.8916228894467767,0.8307634645075858,2,190
