background,konstanz_000000_000802.png
split,train
model,result_0394,0.3666353449062518,0.7390964175821674,-2,308
