background,bochum_000000_031922.png
split,train
model,result_0562,0.9338558072887109,0.4743095764587487,-3,85
model,result_0215,0.5001246254847002,0.5873020444683462,3,269
model,result_0332,0.03536035249303382,0.4214904255100037,-3,109
