background,aachen_000057_000019.png
split,train
model,result_0931,0.14806480710267544,0.30274385497345635,-3,27
