background,schweinfurt_000000_000636.png
split,train
model,result_0602,0.5550890819507736,0.42412662736629586,-2,272
