background,muhlheim-ruhr_000000_000099.png
split,train
model,result_0991,0.601198024865236,0.2515584594100926,1,46
model,result_0373,0.5940010120438297,0.9170770801749222,-3,275
model,result_0191,0.17026764563186525,0.8192080191779634,-1,11
