background,dusseldorf_000157_000019.png
split,train
model,result_0784,0.20010054623900797,0.8275176411687785,-4,279
