background,schweinfurt_000000_000682.png
split,train
model,result_0999,0.694624910287363,0.9171520457548497,-2,307
model,result_0510,0.476756116323919,0.3126467208142225,3,301
