background,erlangen_000000_000229.png
split,train
model,result_0332,0.09653525048245948,0.5690904771485972,3,323
