background,wurzburg_000000_001573.png
split,train
model,result_0039,0.3886519587809488,0.5330563903928305,0,344
