background,nuremberg_000000_000987.png
split,train
model,result_0862,0.6395237138387231,0.8412612382175246,-2,8
model,result_0524,0.7808610734909878,0.43543184328824835,4,58
