background,dortmund_000000_000972.png
split,train
model,result_0981,0.7069628409732547,0.9513481628370262,1,206
