background,heidelberg_000000_000901.png
split,train
model,result_0266,0.5680221900032679,0.9725841067288301,4,177
model,result_0862,0.06667960392793604,0.5299460679264889,-4,284
