background,karlsruhe_000000_001084.png
split,train
model,result_0989,0.9215388951330097,0.848927266406742,1,208
model,result_0803,0.8825743215750259,0.5785974730994101,-2,59
