background,augsburg_000000_000194.png
split,train
model,result_0199,0.4597755402986917,0.46195466996463114,-3,130
model,result_0060,0.5335287806325939,0.720455267875274,-2,223
model,result_0080,0.20748730905599133,0.870131786486365,4,182
