background,duisburg_000000_000654.png
split,train
model,result_0385,0.9359929005579498,0.504552687853703,0,292
