background,cologne_000149_000019.png
split,train
model,result_0822,0.4265992171788262,0.9011745203062544,-2,197
