background,augsburg_000000_000489.png
split,train
model,result_0527,0.7638841254629646,0.7566544189374885,3,88
model,result_0602,0.44021528862211956,0.3257385056937455,-3,180
