background,bayreuth_000000_000226.png
split,train
model,result_0472,0.9515732841844066,0.5010382966102571,-4,121
model,result_0981,0.43150770488289025,0.9307832937543685,4,301
model,result_0527,0.6368684059701071,0.6594713640206782,4,88
