background,wurzburg_000000_000343.png
split,train
model,result_0914,0.6963360303815161,0.9473167003446964,-3,253
model,result_0193,0.5150217061145916,0.31924396924980497,-3,337
