background,konstanz_000000_000462.png
split,train
model,result_0154,0.2953479222984281,0.4541240456697127,-4,122
