background,nuremberg_000000_001051.png
split,train
model,result_0510,0.7342813021373432,0.5149951899977152,4,294
