background,muhlheim-ruhr_000000_000523.png
split,train
model,result_0004,0.9026062660964119,0.9874283146235258,-4,236
model,result_0931,0.1399371169697876,0.6092564126120941,-1,334
