background,heidelberg_000000_000171.png
split,train
model,result_0036,0.41668956477682917,0.5274350975413002,0,241
