background,freiburg_000000_000025.png
split,train
model,result_0332,0.2091005507790734,0.26894707793288697,-4,137
model,result_0385,0.06191966064938326,0.39234740326222334,-1,126
model,result_0991,0.4408348383595201,0.6097329374702818,-4,295
