background,bayreuth_000000_000245.png
split,train
model,result_0164,0.2794911964854142,0.9408496470578,-2,259
model,result_0440,0.8993941947589417,0.9679541170579313,-2,246
model,result_0484,0.7110369461357574,0.41657614744047194,2,306
