background,saarbrucken_000000_000301.png
split,train
model,result_0154,0.88296840186866,0.858659191232044,2,234
model,result_0562,0.8473976369080161,0.606666579670831,-1,60
model,result_0215,0.8182699208520062,0.9020574242180279,2,218
