background,bremen_000123_000019.png
split,train
model,result_0557,0.5476375046133986,0.9489099550651163,2,360
model,result_0544,0.06575330573492266,0.6245598957842406,-4,6
model,result_0999,0.2946153666738779,0.5377005936678869,2,341
