background,oberhausen_000000_000859.png
split,train
model,result_0775,0.8773435128648326,0.9290502400864011,4,242
model,result_0075,0.05044222692222344,0.7975507621894173,-2,22
