background,mannheim_000000_000035.png
split,train
model,result_0123,0.05270696606694025,0.3752039696509897,0,12
model,result_0472,0.10605026271564144,0.9440423542180801,3,217
