background,karlsruhe_000000_000307.png
split,train
model,result_0562,0.5585293640492405,0.9565947407770118,-4,25
model,result_0215,0.23407900040651042,0.8094503159750202,2,123
model,result_0332,0.779226593513481,0.9808384533292532,0,155
