background,heidelberg_000000_000819.png
split,train
model,result_0266,0.505898903113286,0.9803467554938302,3,149
