background,konstanz_000000_001260.png
split,train
model,result_0319,0.3455307049726072,0.6573521050602256,2,215
