background,heidelberg_000000_000595.png
split,train
model,result_0123,0.3075709937132387,0.48036825204334854,-1,257
