background,hamburg_000000_005639.png
split,train
model,result_0191,0.6967598629401188,0.4856018943939722,2,149
model,result_0775,0.6190243317090119,0.8832324323823312,-4,91
model,result_0075,0.8681615769419664,0.8476180043282772,4,145
