background,heidelberg_000000_000889.png
split,train
model,result_0646,0.12397449773482971,0.7908765949120538,-3,53
model,result_0586,0.6376380722206244,0.7914116994227918,-4,71
