background,bayreuth_000000_000455.png
split,train
model,result_0123,0.4236676720271543,0.3814110003604777,4,135
