background,konstanz_000000_000148.png
split,train
model,result_0036,0.7815401359857612,0.839881446117577,-1,154
model,result_1000,0.27851320872057006,0.2500806213405091,-2,26
model,result_0367,0.588736865952351,0.7313723377230263,3,153
