background,oberhausen_000000_000665.png
split,train
model,result_0657,0.8419395095794792,0.3482338923578552,2,323
model,result_0914,0.9201031289137983,0.35971284818705207,-3,239
model,result_0193,0.6488770507476251,0.3765327094776913,1,319
