background,dortmund_000000_000857.png
split,train
model,result_0646,0.9909400823327565,0.9214695486424528,1,341
