background,bochum_000000_011711.png
split,train
model,result_0793,0.014570525637580545,0.3424230019223914,-4,104
model,result_0686,0.10608296375417603,0.2753753016685222,-2,315
model,result_0805,0.4812839016655104,0.6915627177898427,-3,44
