background,konstanz_000000_000943.png
split,train
model,result_0983,0.17297548885928204,0.9885442536194846,-2,127
