background,dortmund_000000_000198.png
split,train
model,result_0075,0.2564217006453411,0.8380114061943129,4,107
