background,schweinfurt_000000_000032.png
split,train
model,result_0193,0.6555312688167418,0.3945047209869856,1,220
