background,schweinfurt_000000_000431.png
split,train
model,result_0288,0.57409902456362,0.8387297698073968,1,46
model,result_0247,0.09273746480537726,0.2724696221101056,-4,340
model,result_0239,0.22644125158573347,0.6794883939118977,1,193
