background,bayreuth_000000_000217.png
split,train
model,result_0995,0.9940663360202386,0.6591427005600612,-4,287
model,result_0969,0.7426811026060015,0.9504434506750524,1,269
