background,karlsruhe_000000_000906.png
split,train
model,result_1000,0.5841864949000195,0.8170944981359434,2,248
model,result_0367,0.6548816881530143,0.3516288320648679,1,257
model,result_0822,0.13302788845675106,0.2596877849131435,-2,248
