background,wuppertal_000000_000905.png
split,train
model,result_0499,0.59716708128228,0.5259830211975022,-3,150
model,result_0844,0.9694910817255833,0.44980394891641234,1,293
