background,heilbronn_000000_000275.png
split,train
model,result_0739,0.47880923510214557,0.9184644892138716,-2,251
model,result_0960,0.36934541903825135,0.585599339825961,1,89
