background,duisburg_000000_000216.png
split,train
model,result_0989,0.1817823876990018,0.7111931100284561,-4,302
model,result_0803,0.7715886946451121,0.48676229266285087,1,316
