background,bayreuth_000000_000014.png
split,train
model,result_0527,0.2653201145189309,0.5001468569749905,2,165
model,result_0602,0.7910466979094042,0.47832681241376723,-4,204
model,result_0024,0.44668841356045996,0.9433711708121052,2,250
