background,schweinfurt_000000_000199.png
split,train
model,result_0866,0.41663734055333224,0.9273092762558902,1,285
