background,bayreuth_000000_000644.png
split,train
model,result_0871,0.5860834830824703,0.39640763562610504,3,21
model,result_0878,0.4277968531528282,0.30509483809977317,1,251
model,result_0004,0.05838457010280851,0.976315075257734,2,151
