background,nuremberg_000000_000221.png
split,train
model,result_0004,0.701348826347323,0.8085815492269319,0,173
