background,konstanz_000000_000341.png
split,train
model,result_0024,0.7596331048211856,0.7060403816954403,-4,295
