background,duisburg_000000_000643.png
split,train
model,result_0871,0.7669367869646961,0.3892766347411015,-1,199
