background,saarbrucken_000000_000373.png
split,train
model,result_0193,0.750862694849602,0.8209475599094632,-4,101
model,result_0036,0.034086798528188744,0.7796946027228214,4,355
