background,duisburg_000000_000524.png
split,train
model,result_0510,0.4038871037107976,0.6142342297598168,0,177
