background,heidelberg_000000_000749.png
split,train
model,result_0960,0.3232536462549115,0.5628785899397599,-4,338
model,result_0632,0.07242983075707654,0.59659979448736,-4,14
