background,mannheim_000000_001025.png
split,train
model,result_0328,0.1613964969196282,0.2971765858346807,3,218
model,result_0879,0.3582394684489083,0.7719995356702718,0,17
model,result_0542,0.41802825649064845,0.3601890165255527,-3,260
