background,wurzburg_000000_000952.png
split,train
model,result_0328,0.9942591924860037,0.6879643134917095,-4,358
model,result_0879,0.6230404242503385,0.6666335198998433,-2,178
model,result_0542,0.14890012299337463,0.3313793455976479,-2,289
