background,mannheim_000000_000683.png
split,train
model,result_0524,0.6726075228828631,0.3289298837547794,-1,16
model,result_0199,0.3875245127228417,0.47760047595279626,-1,283
