background,strasbourg_000000_018616.png
split,train
model,result_0061,0.028102375927854695,0.36852373557053253,-3,88
model,result_0606,0.48094391231619615,0.9116514660042951,-1,284
model,result_0082,0.14635654277630583,0.8616759054650621,-4,289
