background,augsburg_000000_001037.png
split,train
model,result_0862,0.24008213811385481,0.9107336159012624,1,203
model,result_0524,0.9487342010403369,0.7065732468169562,-1,277
model,result_0199,0.8394618977752757,0.9342260429374822,-4,227
