background,schweinfurt_000000_000510.png
split,train
model,result_0154,0.7384616998080552,0.6518127419485962,-4,325
model,result_0562,0.9986357505231674,0.6561444852567292,-2,161
model,result_0215,0.22573294070375916,0.8571087550408254,4,164
