background,oberhausen_000000_000503.png
split,train
model,result_0046,0.9802261663861523,0.32721915954907255,0,94
