background,mannheim_000000_000179.png
split,train
model,result_0878,0.9455144050922936,0.47010709370868503,-3,23
model,result_0004,0.5670786973908722,0.6984458162794502,3,114
