background,konstanz_000000_001288.png
split,train
model,result_0999,0.8339480889106231,0.30258499095628655,2,114
model,result_0510,0.341850555058395,0.3805673299513784,1,43
