background,weimar_000079_000019.png
split,train
model,result_0983,0.9606337855159087,0.6093055277298182,2,49
