background,munster_000118_000019.png
split,train
model,result_0612,0.2381434134874384,0.42158664509614785,1,149
model,result_0283,0.7183593061917832,0.28255245658432115,4,182
model,result_0968,0.5068277156444649,0.7205159333816185,4,335
