background,nuremberg_000000_000039.png
split,train
model,result_0969,0.04825070653415342,0.7464443635320638,4,79
model,result_0793,0.586479843416281,0.7999180527838564,1,115
model,result_0686,0.21813215245199757,0.3670641177397028,1,174
