background,duisburg_000000_000163.png
split,train
model,result_0338,0.38498960577181196,0.9817733892404655,-3,37
model,result_0557,0.3157410893034637,0.7449992003379157,-3,126
model,result_0544,0.6965173514491173,0.5597617509201388,0,16
