background,karlsruhe_000000_000423.png
split,train
model,result_0945,0.32952566594061705,0.3929348314356895,1,281
model,result_0612,0.042355754591040684,0.7687661478727527,0,174
model,result_0283,0.2279616342568508,0.8957999840029814,4,168
