background,schweinfurt_000000_000682.png
split,train
model,result_0173,0.6373613936690439,0.5980287414059906,2,330
