background,schweinfurt_000000_000673.png
split,train
model,result_0319,0.8180417353134751,0.3144538796863693,4,200
model,result_0477,0.2736939646257245,0.633660140173786,2,189
