background,bayreuth_000000_000633.png
split,train
model,result_0024,0.07834492750148625,0.49257271076885034,3,26
