background,konstanz_000000_001523.png
split,train
model,result_0385,0.9038981352006009,0.9382891151206545,0,353
model,result_0991,0.925531570737158,0.521799030838075,3,60
model,result_0373,0.9335034783555738,0.5341526324212365,-2,93
