background,karlsruhe_000000_000006.png
split,train
model,result_0989,0.2131897651095752,0.3129413404766955,-4,284
