background,wurzburg_000000_001053.png
split,train
model,result_0968,0.9811630478208758,0.602363846665324,-1,141
model,result_0847,0.9627896088984655,0.6975534994224379,3,271
