background,konstanz_000000_001074.png
split,train
model,result_0283,0.8001197426365787,0.3277885692449485,-4,240
model,result_0968,0.9026599084938205,0.9808863313627216,-2,270
model,result_0847,0.9348347756422484,0.9437999892249685,0,8
