background,wurzburg_000000_001254.png
split,train
model,result_0969,0.8763006184296528,0.8826119479690667,4,218
