background,bremen_000202_000019.png
split,train
model,result_0996,0.4533293684379739,0.8553918731963684,2,8
model,result_0266,0.843917421835199,0.7950937664059041,1,249
model,result_0862,0.21293676096794867,0.6300146113373497,-2,129
