background,hamburg_000000_008494.png
split,train
model,result_0510,0.548880465500922,0.47297497900792795,-4,210
model,result_0328,0.305284763604151,0.9986722865652826,2,278
