background,freiburg_000000_000802.png
split,train
model,result_0803,0.6874123537655519,0.4916255406505182,1,143
model,result_0192,0.6569572967534748,0.7088658071943366,-2,260
