background,wurzburg_000000_001451.png
split,train
model,result_0586,0.4565278384643414,0.8024596740319035,-4,321
model,result_0989,0.24314840941568427,0.3579235230629535,-3,237
