background,augsburg_000000_000073.png
split,train
model,result_0082,0.18348956608651246,0.5028076194152413,-4,249
