background,dresden_000000_000147.png
split,train
model,result_0328,0.8528274329024269,0.335620932688396,4,146
