background,dortmund_000000_000915.png
split,train
model,result_0586,0.5042680234523653,0.272264000755581,2,114
model,result_0989,0.8857121242628341,0.6808371201469214,-2,316
