background,karlsruhe_000000_001143.png
split,train
model,result_0319,0.6124793664955782,0.6553967972280748,1,303
model,result_0477,0.2020548327074979,0.8916943558604078,-4,171
