background,heilbronn_000000_000188.png
split,train
model,result_0192,0.2595379268922251,0.2899140768280972,-3,79
model,result_0218,0.9766690226365943,0.5409953798620668,-2,195
