background,wurzburg_000000_000272.png
split,train
model,result_0882,0.6155166367396168,0.4924886642809044,3,329
