background,duisburg_000000_000775.png
split,train
model,result_0775,0.8349252562141581,0.7757830568090488,1,72
model,result_0075,0.31366768447706206,0.879034487942093,-3,245
model,result_0992,0.0814855564097654,0.83075220229571,-2,337
