background,freiburg_000000_000845.png
split,train
model,result_0678,0.020870702060921675,0.8438899809600297,2,70
