background,schweinfurt_000000_000311.png
split,train
model,result_0332,0.6069491315088338,0.9681011671225052,-2,79
