background,augsburg_000000_000233.png
split,train
model,result_0544,0.22623664146172606,0.613526852789597,1,70
