background,muhlheim-ruhr_000000_000142.png
split,train
model,result_0004,0.8453435211088618,0.2565510718893774,0,142
model,result_0931,0.8532128005804545,0.2714450458668598,-3,306
model,result_0123,0.46505971902274,0.8574562100410067,-4,318
