background,freiburg_000000_000466.png
split,train
model,result_0999,0.564027247434686,0.9616512256959269,-4,7
