background,tubingen_000142_000019.png
split,train
model,result_0678,0.9052925749317052,0.4537863355100026,4,70
model,result_0784,0.6845784097501932,0.5740068553458872,-4,295
model,result_0924,0.6156938002544993,0.4576397722210628,2,102
