background,karlsruhe_000000_001061.png
split,train
model,result_0218,0.5585677842400244,0.3807399700333257,-4,234
model,result_0694,0.014479410608191357,0.7911867157034962,-4,249
