background,karlsruhe_000000_000319.png
split,train
model,result_0983,0.9115485709793278,0.9798463763929212,0,207
