background,freiburg_000000_000339.png
split,train
model,result_0004,0.025040496036687787,0.8471749165579971,-2,145
