background,nuremberg_000000_000901.png
split,train
model,result_0004,0.9995387299525665,0.4493413729346961,-2,5
model,result_0931,0.7604628994238708,0.9384339565203729,-1,302
model,result_0123,0.43538879488161264,0.763852100556494,-3,5
