background,schweinfurt_000000_000010.png
split,train
model,result_0266,0.8499559502345736,0.41557498317844177,3,87
