background,konstanz_000000_001181.png
split,train
model,result_0192,0.19195123247600832,0.2618425371916996,-2,240
