background,strasbourg_000000_031067.png
split,train
model,result_0674,0.49340152140458504,0.7203239194328059,-3,262
model,result_0146,0.2929386289997884,0.3626222768843676,4,149
