background,aachen_000171_000019.png
split,train
model,result_0472,0.15051606204729628,0.30801610493021325,1,320
