background,duisburg_000000_000611.png
split,train
model,result_0646,0.7114550285100598,0.65597580880624,3,142
