background,erlangen_000000_000018.png
split,train
model,result_0989,0.9148845476205589,0.43299454592433384,0,0
