background,heilbronn_000000_000362.png
split,train
model,result_0803,0.5077959633177194,0.772889742897575,-4,316
