background,duisburg_000000_000644.png
split,train
model,result_0386,0.8299932906728794,0.7132914069298218,1,20
model,result_0979,0.6824528066975748,0.8915992790400531,2,298
model,result_0871,0.6845054049171297,0.9445683675898561,-2,308
