background,nuremberg_000000_000920.png
split,train
model,result_0239,0.753125934298732,0.8635730534747912,1,225
model,result_0051,0.1176060675588202,0.5294345259626583,2,243
