background,karlsruhe_000000_000459.png
split,train
model,result_0855,0.6342331037953161,0.3206374499923048,4,343
