background,bayreuth_000000_000095.png
split,train
model,result_0024,0.13077398533650642,0.4509162977828949,-2,281
model,result_0288,0.18324232876211066,0.7897455870811849,-2,180
