background,hanover_000000_015587.png
split,train
model,result_0855,0.3936728587035522,0.4036585893521153,-2,83
