background,oberhausen_000000_000834.png
split,train
model,result_0981,0.47671996989423804,0.2876830361070663,-4,129
