background,konstanz_000000_000146.png
split,train
model,result_0931,0.4950988904134618,0.49850963278758453,-2,233
model,result_0123,0.9541983849333914,0.8780735850821614,0,218
model,result_0472,0.34065968317163475,0.458076599149728,-1,270
