background,nuremberg_000000_000559.png
split,train
model,result_0060,0.9847148761567234,0.7906258982025149,3,133
model,result_0080,0.0780107550828314,0.4141662473075507,-1,67
model,result_0857,0.7333989660169686,0.40434367113061775,-4,218
