background,saarbrucken_000000_000483.png
split,train
model,result_0999,0.08270381071007127,0.3286772388448452,-3,279
model,result_0510,0.5968464710821001,0.6014057805612971,-2,93
model,result_0328,0.24183827739184782,0.9257609129922699,-2,53
