background,augsburg_000000_001141.png
split,train
model,result_0283,0.5028852747815882,0.8596925240656214,0,185
model,result_0968,0.33100558257212154,0.4902381967730013,0,303
model,result_0847,0.9817024021464924,0.299057403379343,-1,291
