background,freiburg_000000_000709.png
split,train
model,result_0999,0.25195401742961954,0.9619049330667492,0,275
