background,konstanz_000000_000447.png
split,train
model,result_0562,0.13693401173905873,0.43681856485044357,-1,314
model,result_0215,0.04438966729771776,0.7175996149170137,2,146
model,result_0332,0.2564359272428901,0.428767783643603,3,38
