background,nuremberg_000000_001225.png
split,train
model,result_0386,0.2445646735948961,0.8614082293308931,-4,71
model,result_0979,0.018120663172309426,0.7232818698622998,2,56
model,result_0871,0.8137795559739538,0.54458530113048,-2,231
