background,oberhausen_000000_000815.png
split,train
model,result_0657,0.4300139718211352,0.8760800104228645,-3,57
model,result_0914,0.12015997871981166,0.6444593596015602,2,63
model,result_0193,0.7102541825613216,0.9430353097931459,4,281
