background,bamberg_000000_000179.png
split,train
model,result_0472,0.7290686641591902,0.5898847515166673,-4,111
model,result_0981,0.09941916702686526,0.4423201069462791,-2,17
model,result_0527,0.3344623062583961,0.4060048446613824,2,69
