background,saarbrucken_000000_000161.png
split,train
model,result_0968,0.5788578823740845,0.44949110827376654,4,166
model,result_0847,0.4904765643464487,0.8055890610303458,-1,295
model,result_0646,0.9010368055614726,0.3132706801896271,-2,121
