background,mannheim_000000_000653.png
split,train
model,result_0061,0.9256388471871617,0.5730475708605889,3,164
model,result_0606,0.45570764902785366,0.3417317385099473,3,19
model,result_0082,0.482183747385603,0.3059822306055795,-1,242
