background,freiburg_000000_000071.png
split,train
model,result_0051,0.1941179676087611,0.8217051644303852,4,41
