background,muhlheim-ruhr_000000_000536.png
split,train
model,result_0389,0.3560388762774209,0.6780953127007217,-3,299
model,result_0164,0.3161198302305166,0.35465093024670596,-2,280
