background,dortmund_000000_000758.png
split,train
model,result_0855,0.2959093895692173,0.7814273305978977,3,310
model,result_0338,0.26543644261957877,0.8542768056089884,1,227
model,result_0557,0.4856632204382828,0.8240577934078559,4,110
