background,heidelberg_000000_000090.png
split,train
model,result_0871,0.36706133918025474,0.42548953900835906,0,203
