background,heilbronn_000000_000356.png
split,train
model,result_0004,0.08416495814476288,0.7483353265624728,4,135
