background,mannheim_000000_001148.png
split,train
model,result_0996,0.5089615540275927,0.9572658416671737,-4,97
