background,konstanz_000000_000004.png
split,train
model,result_0882,0.5667343457593939,0.9560078303418532,-4,79
model,result_0467,0.06024045458131244,0.544632503272523,-3,289
