background,mannheim_000000_000832.png
split,train
model,result_0075,0.32517465904056064,0.8430551935686923,-3,289
model,result_0992,0.4227479811097188,0.8523085913615512,1,21
