background,saarbrucken_000000_000265.png
split,train
model,result_0983,0.8663863915305732,0.28752118058998377,-4,240
