background,wuppertal_000000_000507.png
split,train
model,result_0082,0.26336233786994956,0.9725057479740263,0,315
model,result_0945,0.10892007601126918,0.8250766873849598,-3,138
model,result_0612,0.2712751310960104,0.3565085054779277,4,299
