background,nuremberg_000000_000469.png
split,train
model,result_0283,0.9717895117323031,0.3284919073663065,-4,109
model,result_0968,0.2734136817302789,0.4461118796544302,-4,251
