background,duisburg_000000_000194.png
split,train
model,result_0612,0.5681126670665643,0.5088693219704964,2,169
