background,dortmund_000000_000978.png
split,train
model,result_0803,0.9956067059011379,0.5980223507846258,1,178
model,result_0192,0.5785381694844931,0.31892210163977924,2,360
model,result_0218,0.45869166333685896,0.37812445006786566,-1,236
