background,oberhausen_000000_000438.png
split,train
model,result_0945,0.6598179021805275,0.5187035487452092,1,159
