background,dortmund_000000_000383.png
split,train
model,result_0914,0.304963730300998,0.7808579276617262,-4,238
model,result_0193,0.27408258983141365,0.914523487440821,3,110
model,result_0036,0.042147477533210354,0.9844335040272839,4,65
