background,muhlheim-ruhr_000000_000124.png
split,train
model,result_0694,0.5077901015021737,0.5921177189051989,-1,26
