background,wurzburg_000000_001248.png
split,train
model,result_0373,0.9688407416727967,0.45577613822673,2,345
model,result_0191,0.6278251060068057,0.764058171179094,-1,95
