background,duisburg_000000_000407.png
split,train
model,result_0657,0.4505759152901494,0.9006469688750095,2,243
