background,dusseldorf_000095_000019.png
split,train
model,result_0960,0.058246399349816236,0.5150569214655514,-2,240
model,result_0632,0.9387459957904607,0.4881867157726654,2,149
