background,nuremberg_000000_000547.png
split,train
model,result_1000,0.7810521414715829,0.6761561672059527,-4,346
