background,bremen_000123_000019.png
split,train
model,result_0924,0.890013927911082,0.8299056407801497,4,10
model,result_0866,0.554630075122919,0.39548559330429234,-4,126
model,result_0983,0.4980457954202232,0.6370547341726107,-3,258
