background,muhlheim-ruhr_000000_000329.png
split,train
model,result_0866,0.9848227142456717,0.9690035591107224,2,326
model,result_0983,0.9046434811206142,0.8448892231336596,-2,240
