background,duisburg_000000_000368.png
split,train
model,result_0215,0.9910682476542273,0.9486797482818263,-4,190
