background,stuttgart_000195_000019.png
split,train
model,result_0844,0.39051050597892045,0.920518093249042,-1,147
