background,heilbronn_000000_000261.png
split,train
model,result_0324,0.3271571515028152,0.6477352518443887,-1,63
model,result_0173,0.22608562424508882,0.8547998330534887,-3,179
