background,mannheim_000000_000067.png
split,train
model,result_0477,0.8948583564427623,0.8375346793317306,-3,27
