background,konstanz_000000_001411.png
split,train
model,result_0123,0.5992256528621882,0.9763759747136256,2,265
