background,saarbrucken_000000_000003.png
split,train
model,result_1000,0.2898917329682209,0.6092041761500819,0,236
