background,dortmund_000000_000997.png
split,train
model,result_0193,0.44123810706455613,0.8775493075396295,1,72
