background,dresden_000000_000203.png
split,train
model,result_0499,0.9495201041790352,0.7556703113512306,-1,4
