background,schweinfurt_000000_000569.png
split,train
model,result_0646,0.25222902057189023,0.28671103569069056,-4,5
model,result_0586,0.5112909104171313,0.42469332950752803,1,251
model,result_0989,0.38055571927754406,0.633008746944898,-4,208
