background,oberhausen_000000_000307.png
split,train
model,result_0191,0.3595235388507503,0.44596789672537157,2,140
