background,karlsruhe_000000_001029.png
split,train
model,result_0146,0.6259419071928575,0.7659348569515048,4,42
model,result_0295,0.8080179330245287,0.6666659089635568,3,161
