background,augsburg_000000_001132.png
split,train
model,result_0945,0.12106696525088823,0.3798007934139469,1,17
model,result_0612,0.33161278766817914,0.35458850992009877,-4,299
