background,wurzburg_000000_001299.png
split,train
model,result_0295,0.487666090463416,0.5240926615445765,-3,210
