background,ulm_000038_000019.png
split,train
model,result_0949,0.8078323075863135,0.3400372963876065,2,244
