background,nuremberg_000000_000178.png
split,train
model,result_0472,0.08661114126826064,0.7415122313238611,1,103
model,result_0981,0.6851684084854048,0.3162826035901293,1,38
