background,nuremberg_000000_001277.png
split,train
model,result_0004,0.3587667057790065,0.4990596071182747,1,321
model,result_0931,0.1872707096820777,0.8606514315899481,0,82
