background,mannheim_000000_000038.png
split,train
model,result_0510,0.7049335511737094,0.612513128568624,0,144
