background,saarbrucken_000000_000107.png
split,train
model,result_0247,0.9260462984527965,0.5524054236713276,-1,284
