background,karlsruhe_000000_000052.png
split,train
model,result_0882,0.4830241092021139,0.6615079125794818,4,272
model,result_0467,0.4760961057027514,0.8959092342050905,-3,63
