background,dortmund_000000_000081.png
split,train
model,result_0878,0.36152063341157714,0.966805385559804,-4,230
model,result_0004,0.04207003089543837,0.8849806123603461,-3,105
model,result_0931,0.3906753530492185,0.46139444548624475,-2,293
