background,heidelberg_000000_000508.png
split,train
model,result_0173,0.13603649781499672,0.57431666409344,3,39
model,result_0751,0.46885039317936494,0.6288184466956622,4,345
model,result_0678,0.5807182747861819,0.43464842795044367,1,225
