background,dortmund_000000_000120.png
split,train
model,result_0127,0.4729071010980044,0.7169244569985758,-1,283
model,result_0022,0.18387535959142154,0.5174519630602754,2,66
