background,duisburg_000000_000395.png
split,train
model,result_0239,0.16769780052709726,0.6250368338441197,4,341
model,result_0051,0.520914365185312,0.3578771682269394,1,242
model,result_0739,0.9426322160770176,0.8320696976022803,-4,98
