background,karlsruhe_000000_001126.png
split,train
model,result_0472,0.5444027830422915,0.8423358779161465,1,78
model,result_0981,0.34616588220963496,0.8701047139964804,0,231
model,result_0527,0.6598455347259089,0.7712840370880605,4,77
