background,wuppertal_000000_001002.png
split,train
model,result_0036,0.5050549864148652,0.9359079748525039,3,274
model,result_1000,0.9612190758135221,0.9894521693371512,1,110
