background,wurzburg_000000_001378.png
split,train
model,result_0192,0.16839509593452728,0.426514269544918,1,290
model,result_0218,0.6915677439168088,0.5152859613836156,1,312
