background,nuremberg_000000_001095.png
split,train
model,result_0861,0.48993747806412846,0.3477465599019426,-4,185
model,result_0882,0.3319062134352103,0.4542372964939902,-1,293
model,result_0467,0.6266990913673388,0.5802144559327141,-1,193
