background,tubingen_000076_000019.png
split,train
model,result_0822,0.627592971724757,0.32674890980833016,-2,270
model,result_0855,0.4793649793352146,0.659066622912438,4,179
model,result_0338,0.27017302914887764,0.5636405123641255,2,159
