background,bayreuth_000000_000591.png
split,train
model,result_0544,0.3781248542939768,0.2642227039985801,4,318
model,result_0999,0.08942093784331073,0.7375942153981399,-1,189
