background,konstanz_000000_001182.png
split,train
model,result_0739,0.5972191906002067,0.5475046988627954,1,121
