background,schweinfurt_000000_000144.png
split,train
model,result_0440,0.4991211353308862,0.28406487422398097,2,293
