background,konstanz_000000_000272.png
split,train
model,result_0154,0.2451305329087643,0.9484072797839065,-1,315
