background,schweinfurt_000000_000189.png
split,train
model,result_0674,0.9059687229788055,0.38778992919723954,-1,182
model,result_0146,0.004818130790445019,0.8474874093570717,-4,19
model,result_0295,0.8648860027609515,0.4129901409924269,0,175
