background,wuppertal_000000_000723.png
split,train
model,result_0995,0.4589370334683591,0.2748554000455542,3,359
model,result_0969,0.08885491604984563,0.6138675567792586,0,20
model,result_0793,0.18432327844152208,0.3588543352576756,1,231
