background,karlsruhe_000000_000850.png
split,train
model,result_0039,0.506645733921342,0.5306494846154257,-4,222
model,result_0386,0.1790192447794171,0.4326313121370489,-1,124
model,result_0979,0.17546725778002603,0.8242206467139439,-1,287
