background,duisburg_000000_000640.png
split,train
model,result_0606,0.2952410592472243,0.4501050065731825,4,227
model,result_0082,0.591929011575066,0.7952403316254376,-4,199
model,result_0945,0.34598060896923144,0.7401773216879703,2,299
