background,wurzburg_000000_000937.png
split,train
model,result_0394,0.08307827740080809,0.5244079742276817,-2,201
model,result_0163,0.6379592932782897,0.7604517858446117,2,107
