background,muhlheim-ruhr_000000_000547.png
split,train
model,result_0945,0.6527629380020025,0.48488624480788545,-1,114
model,result_0612,0.9318624245294073,0.8824339584603726,2,319
model,result_0283,0.001982910393538151,0.3168999699828158,3,142
