background,muhlheim-ruhr_000000_000809.png
split,train
model,result_0039,0.4510701707649323,0.7333448257749368,3,221
model,result_0386,0.8174661549268522,0.4721811900977339,4,172
model,result_0979,0.9761991056942928,0.980309001581334,1,186
