background,karlsruhe_000000_000623.png
split,train
model,result_0612,0.8491413778457253,0.48746507397352146,-4,165
