background,duisburg_000000_000766.png
split,train
model,result_0510,0.8139852594151974,0.6570951959874263,-2,309
model,result_0328,0.7537691565975668,0.5283159760588265,-1,306
