background,konstanz_000000_000986.png
split,train
model,result_0288,0.9267786128245966,0.9762889710559506,-2,289
model,result_0247,0.43294192235322704,0.6016657601105824,0,193
model,result_0239,0.8002794682064223,0.6901522167056078,1,59
