background,karlsruhe_000000_000701.png
split,train
model,result_0394,0.49935388563670036,0.5889792408169712,3,317
model,result_0163,0.2430364798469845,0.39083924065349973,1,209
