background,lindau_000016_000019.png
split,train
model,result_0266,0.1259418936864405,0.8373863210409656,1,238
model,result_0862,0.5886122532854153,0.3167269172534567,1,199
model,result_0524,0.5763442417999455,0.6762484239583901,-1,255
