background,bamberg_000000_000187.png
split,train
model,result_0751,0.11629816843691099,0.6278096018088394,3,281
model,result_0678,0.9980794658553618,0.9599496414467392,1,59
model,result_0784,0.9033690471578335,0.6192778065907603,0,242
