background,wurzburg_000000_000822.png
split,train
model,result_0775,0.6088556271835286,0.635938598632015,-2,134
model,result_0075,0.9988056484034026,0.8522994240563943,4,343
