background,konstanz_000000_000545.png
split,train
model,result_0060,0.5232405772352758,0.8901441642175602,3,279
