background,wuppertal_000000_000877.png
split,train
model,result_0694,0.33552046778834177,0.4593920742523043,3,346
