background,karlsruhe_000000_000712.png
split,train
model,result_0857,0.17640754955385418,0.6172083664622878,1,92
model,result_0795,0.7948975651403055,0.583666252549857,-4,16
