background,wurzburg_000000_001009.png
split,train
model,result_0793,0.7954956451054895,0.6574939762819465,1,58
model,result_0686,0.7377903401999261,0.3632447423812738,-1,157
model,result_0805,0.8144653476848096,0.9781507177143253,-2,245
