background,saarbrucken_000000_000223.png
split,train
model,result_0060,0.8937810378078722,0.9158362339574386,4,292
