background,schweinfurt_000000_000112.png
split,train
model,result_0022,0.42390369663226013,0.42640421986527555,1,343
