background,muhlheim-ruhr_000000_000592.png
split,train
model,result_0857,0.7139884082808708,0.7237239775543994,-4,121
model,result_0795,0.3506343267473917,0.8325702064913754,3,342
model,result_0388,0.42356757878952933,0.9326350601862637,0,14
