background,wurzburg_000000_001374.png
split,train
model,result_0467,0.4836581310372873,0.6761002408928416,3,78
model,result_0154,0.7437362199456082,0.35166006696517943,0,166
