background,darmstadt_000032_000019.png
split,train
model,result_0960,0.4870489166351992,0.5305085397437436,2,82
model,result_0632,0.23721373267649393,0.9289306510816311,-1,36
