background,oberhausen_000000_000745.png
split,train
model,result_0164,0.634576526598452,0.4700459886019165,3,156
