background,muhlheim-ruhr_000000_000204.png
split,train
model,result_0499,0.30487936272128846,0.9192264912690755,2,245
