background,bayreuth_000000_000021.png
split,train
model,result_0373,0.23962846499659063,0.5199101710670033,3,157
