background,konstanz_000000_000714.png
split,train
model,result_0472,0.03879338522865439,0.9211811555844744,2,346
