background,wurzburg_000000_000930.png
split,train
model,result_0602,0.6896953104081411,0.605710847470553,0,280
model,result_0024,0.6859531234176568,0.7575831822987582,4,48
model,result_0288,0.42574701734035003,0.26690029301305374,-2,187
