background,heidelberg_000000_001030.png
split,train
model,result_0324,0.9131590989803369,0.9114260797485277,1,243
model,result_0173,0.3030467400698582,0.5594522256433538,4,312
