background,erfurt_000012_000019.png
split,train
model,result_0983,0.6641872172717537,0.8043316574230548,-3,53
model,result_0996,0.847561272835476,0.86205002783252,4,39
model,result_0266,0.5801291063423237,0.9701634397654136,-1,8
