background,oberhausen_000000_000713.png
split,train
model,result_0960,0.46973169838165396,0.4878496958593441,4,82
