background,karlsruhe_000000_000496.png
split,train
model,result_0472,0.6530085206190347,0.9594574117211188,3,331
model,result_0981,0.589618218272449,0.32219742750705055,-4,336
