background,karlsruhe_000000_000592.png
split,train
model,result_0389,0.9533105604224719,0.742708432979501,4,322
