background,augsburg_000000_000092.png
split,train
model,result_0981,0.9547301628181178,0.7800202479829199,4,112
model,result_0527,0.3897160616514883,0.28184207394275446,4,347
