background,dortmund_000000_000780.png
split,train
model,result_0146,0.7820826111179701,0.8084885647225126,0,327
model,result_0295,0.9109159456671281,0.2987006048266412,4,252
model,result_0127,0.9114904311294725,0.7233967768872284,3,318
