background,konstanz_000000_000402.png
split,train
model,result_0385,0.35511173859078926,0.9213579515398809,-4,123
