background,mannheim_000000_000102.png
split,train
model,result_0646,0.1972759836474297,0.6994320745704764,1,291
model,result_0586,0.9557527856767719,0.9075169317765885,1,79
