background,augsburg_000000_000659.png
split,train
model,result_0981,0.39265990876499157,0.5849582246846344,4,333
model,result_0527,0.4212978429863291,0.3078535426067957,-3,216
model,result_0602,0.47228503343072636,0.3868421731526818,-2,284
