background,heilbronn_000000_000461.png
split,train
model,result_0822,0.18317946517142458,0.7857080170221953,-1,94
model,result_0855,0.9311760448860404,0.804389090225908,-1,69
model,result_0338,0.5142061264700981,0.6327896312375028,3,194
