background,heidelberg_000000_001002.png
split,train
model,result_0739,0.07713841429058421,0.9931409234236468,-1,333
