background,bayreuth_000000_000098.png
split,train
model,result_0394,0.022700657431309335,0.919593673182163,4,1
model,result_0163,0.10429351696112088,0.730922295947463,-3,146
model,result_0657,0.27086445019718464,0.6003427399352605,3,321
