background,karlsruhe_000000_001122.png
split,train
model,result_0879,0.6097954907502304,0.7165887284993421,-3,69
