background,bayreuth_000000_000194.png
split,train
model,result_0878,0.8198946199956958,0.7004224053003163,-2,192
model,result_0004,0.7863454046518562,0.9764814499296685,-2,141
model,result_0931,0.644740354985069,0.7868420638044966,-4,310
