background,muhlheim-ruhr_000000_000507.png
split,train
model,result_0805,0.13346287607645546,0.7573360548782767,-3,135
model,result_0039,0.6165555854517698,0.9997733914797546,-1,57
