background,troisdorf_000000_000053.png
split,train
model,result_0472,0.5646200044269468,0.793174492098919,2,347
model,result_0981,0.4760124388941164,0.44138818352282727,2,10
model,result_0527,0.44388435801001935,0.7387580741845915,3,21
