background,augsburg_000000_000720.png
split,train
model,result_0795,0.4063875481808954,0.32589523016423994,3,201
model,result_0388,0.8461207259511538,0.4915798054640647,-2,55
