background,augsburg_000000_001170.png
split,train
model,result_0805,0.36560202173234757,0.9608663266815777,0,35
model,result_0039,0.43250021825703255,0.9630613685962414,1,110
model,result_0386,0.20459608708739885,0.4335220128144114,3,295
