background,aachen_000122_000019.png
split,train
model,result_0527,0.11875290711956688,0.7917975042328448,0,316
model,result_0602,0.8155443583912001,0.8199697576087335,-4,59
