background,schweinfurt_000000_000637.png
split,train
model,result_0857,0.12962095176494437,0.4351121320071653,-4,215
model,result_0795,0.1035504171191668,0.9230358796715312,-3,230
