background,karlsruhe_000000_000764.png
split,train
model,result_0394,0.6406530263112762,0.544005842190194,-2,205
model,result_0163,0.9306534963900392,0.6216490412814718,4,287
model,result_0657,0.3562369124089948,0.29957557104510757,3,295
