background,oberhausen_000000_000491.png
split,train
model,result_0931,0.37480446886695773,0.9120752340313181,1,101
