background,dortmund_000000_000122.png
split,train
model,result_0386,0.8400460768778147,0.9244040330557919,3,246
