background,konstanz_000000_001119.png
split,train
model,result_0173,0.08539882792457543,0.4623674142691586,0,31
model,result_0751,0.5236309504219185,0.43494235462033376,2,354
model,result_0678,0.7956066282182674,0.32062175069341503,1,65
