background,wurzburg_000000_000092.png
split,train
model,result_0080,0.9441984234834064,0.7310245206941925,-1,288
model,result_0857,0.3603743613560091,0.6299975831551969,-2,350
