background,karlsruhe_000000_000635.png
split,train
model,result_0562,0.7496647895435146,0.5688602791980791,-1,171
model,result_0215,0.5169245806838717,0.9179639224040058,1,332
