background,heidelberg_000000_001129.png
split,train
model,result_0646,0.19135767850483765,0.4497214560566626,2,70
model,result_0586,0.5479351873878131,0.6514847901758215,0,279
model,result_0989,0.38295634788338606,0.6345040224316867,-3,138
