background,dresden_000000_000326.png
split,train
model,result_0996,0.870318870501741,0.5997191596543583,-1,139
