background,karlsruhe_000000_001052.png
split,train
model,result_0484,0.19105120238336604,0.8986694711594666,3,340
