background,heilbronn_000000_000555.png
split,train
model,result_0467,0.013261870294734357,0.39626813901484204,-4,274
model,result_0154,0.8693691203572471,0.47523256367421507,0,222
model,result_0562,0.4671663437401187,0.8125829044191766,-3,270
