background,nuremberg_000000_000693.png
split,train
model,result_0999,0.29021903681888495,0.6558640180264639,-3,124
model,result_0510,0.26015628402399293,0.5690566186759475,1,166
