background,duisburg_000000_000106.png
split,train
model,result_0060,0.04424970193583255,0.9839131037674694,4,225
