background,mannheim_000000_000226.png
split,train
model,result_0924,0.3838175797547466,0.5028905180764354,-4,354
model,result_0866,0.2521116593585998,0.35192844182613536,2,35
