background,karlsruhe_000000_000943.png
split,train
model,result_0295,0.5691836673010183,0.7851117756176544,4,268
model,result_0127,0.2107043827914331,0.8609912448525144,1,304
