background,konstanz_000000_000421.png
split,train
model,result_0127,0.3395823835777463,0.8117520929633213,0,263
model,result_0022,0.8183249344920815,0.5890129798227082,-4,162
