background,heidelberg_000000_000567.png
split,train
model,result_0467,0.6085555583289519,0.6381136814146017,1,284
