background,stuttgart_000081_000019.png
split,train
model,result_0283,0.9233989289196518,0.47961384464997336,-2,191
model,result_0968,0.8092516169411691,0.6317094854637755,-2,53
