background,mannheim_000000_000823.png
split,train
model,result_0646,0.6795975469782518,0.6259073864496819,-4,281
model,result_0586,0.3021165877222465,0.5327984547060605,-4,302
model,result_0989,0.3154792973687035,0.6880185547812043,-3,156
