background,wurzburg_000000_000357.png
split,train
model,result_0324,0.33190610735048365,0.8683463937297642,1,173
model,result_0173,0.6005127339063853,0.716200784604223,4,167
