background,bamberg_000000_000075.png
split,train
model,result_0394,0.392819784102437,0.9889497965645062,2,117
model,result_0163,0.27793305641213184,0.8693618170856275,-2,345
model,result_0657,0.6812492550309656,0.8614788700797592,3,252
