background,muhlheim-ruhr_000000_000993.png
split,train
model,result_0882,0.40363917006762806,0.2583297756468772,-4,321
model,result_0467,0.2300962582309235,0.3672422357291823,-3,235
model,result_0154,0.2900030127768092,0.7279477194174936,4,169
