background,dortmund_000000_000377.png
split,train
model,result_0164,0.17391360837785885,0.6380019554472894,1,199
model,result_0440,0.8805390629122126,0.38656048247777064,4,273
model,result_0484,0.4427448120663322,0.7562566702967398,-4,72
