background,heilbronn_000000_000523.png
split,train
model,result_0215,0.6331629832111739,0.3400913640109219,-4,327
