background,augsburg_000000_000093.png
split,train
model,result_0192,0.4579137797873767,0.4710112474084284,0,246
model,result_0218,0.30046715572644356,0.6069211869829988,3,199
