background,freiburg_000000_000555.png
split,train
model,result_0686,0.251231526893512,0.3678901620144796,1,247
