background,wurzburg_000000_000860.png
split,train
model,result_0036,0.7237875727926891,0.33177810827712517,1,224
