background,konstanz_000000_000480.png
split,train
model,result_0857,0.733072884890808,0.6813598192278398,1,156
