background,wuppertal_000000_001059.png
split,train
model,result_0266,0.6336425472960423,0.9689340439083793,-2,262
