background,muhlheim-ruhr_000000_000582.png
split,train
model,result_0855,0.12120592161673827,0.5201714793110277,-2,22
