background,muhlheim-ruhr_000000_000474.png
split,train
model,result_0678,0.9429141003170034,0.7476975050824703,0,230
