background,tubingen_000111_000019.png
split,train
model,result_0678,0.3941770658202993,0.5446306333159107,-2,55
