background,augsburg_000000_001209.png
split,train
model,result_0061,0.16631892699659956,0.49612475206430423,-4,203
model,result_0606,0.5378531996928024,0.2718677891013518,2,269
