background,oberhausen_000000_000560.png
split,train
model,result_0862,0.20430183120685352,0.9378050777808589,-1,278
model,result_0524,0.549871358894771,0.9825068966715234,-3,217
