background,muhlheim-ruhr_000000_001061.png
split,train
model,result_0357,0.8343781947824598,0.8884041052519481,-2,349
