background,mannheim_000000_000753.png
split,train
model,result_0386,0.20988436558678403,0.6263682194486456,2,294
model,result_0979,0.8023772344479174,0.2612860629048253,1,211
