background,bayreuth_000000_000376.png
split,train
model,result_0127,0.4527737066136628,0.8446989837869963,4,259
