background,schweinfurt_000000_000388.png
split,train
model,result_0215,0.9669820031567349,0.9072321337465641,-2,338
model,result_0332,0.28091853081848894,0.7838029819188532,1,239
model,result_0385,0.016299437153358576,0.7533355915500971,4,176
