background,muhlheim-ruhr_000000_000410.png
split,train
model,result_0542,0.8005151816912075,0.6112358648978011,-4,255
model,result_0674,0.9887867773672409,0.5254949074343334,-2,38
