background,heidelberg_000000_000787.png
split,train
model,result_0739,0.82146213928518,0.9810652370290025,3,202
model,result_0960,0.6143148067682144,0.726960906466986,0,257
model,result_0632,0.10952844799756956,0.6915262719316536,3,166
