background,wurzburg_000000_001324.png
split,train
model,result_0991,0.30264882320871,0.3969308703920836,1,223
model,result_0373,0.6918269838643366,0.5473437159218962,-1,120
model,result_0191,0.9970336311776047,0.6065700865796287,-1,12
