background,wuppertal_000000_000379.png
split,train
model,result_0394,0.7285852641531609,0.5838271151816321,-2,301
model,result_0163,0.6745216778871368,0.9774867711503152,-4,160
model,result_0657,0.603031470927229,0.30800682506343685,-1,94
