background,konstanz_000000_001303.png
split,train
model,result_0295,0.4457561578738236,0.5550467125778232,4,243
