background,zurich_000098_000019.png
split,train
model,result_0805,0.2277927140452496,0.9714124004035607,4,269
model,result_0039,0.18030925466480452,0.25398139201241493,1,281
model,result_0386,0.34362531395421525,0.4254832339278646,1,299
