background,augsburg_000000_000566.png
split,train
model,result_0367,0.1416292542168085,0.6156004520920543,-3,97
model,result_0822,0.7558377846805403,0.40269300476495284,0,25
