background,muhlheim-ruhr_000000_000662.png
split,train
model,result_0164,0.7717177053681298,0.8953872215046701,-1,172
model,result_0440,0.11175067740693512,0.2797481473697414,4,3
model,result_0484,0.30009126586409884,0.3101051282214706,1,95
