background,dortmund_000000_000594.png
split,train
model,result_0080,0.08422415667723004,0.5246559353578621,2,228
model,result_0857,0.9615928562729134,0.8045713973199932,0,13
