background,dresden_000000_000406.png
split,train
model,result_0524,0.6825870729776718,0.7567179344718475,0,351
