background,wurzburg_000000_000174.png
split,train
model,result_0477,0.9950205383582978,0.9483116603604094,-4,304
model,result_0949,0.34147578782726984,0.9240030681686495,-1,87
model,result_0324,0.46026750897686164,0.528699378108605,2,152
