background,konstanz_000000_000149.png
split,train
model,result_0199,0.6493615269308881,0.8225415794925977,-2,50
model,result_0060,0.9286149057654868,0.7585702492986974,-4,58
