background,heidelberg_000000_000064.png
split,train
model,result_0075,0.7819803542110455,0.382602551143403,-4,263
model,result_0992,0.8846531547186012,0.25040622624629166,0,256
model,result_0394,0.5902548997131725,0.3755675641851224,4,68
