background,konstanz_000000_000002.png
split,train
model,result_0805,0.3172123305295258,0.5136169068825585,3,262
