background,mannheim_000000_001047.png
split,train
model,result_0192,0.27953255444227076,0.9572594654293829,4,320
