background,freiburg_000000_000302.png
split,train
model,result_0991,0.4624967387739418,0.6735696500460038,0,45
