background,konstanz_000000_000811.png
split,train
model,result_0793,0.4292398489280108,0.8026552233378589,3,141
model,result_0686,0.8633554964903042,0.7880771410194825,4,209
