background,augsburg_000000_000863.png
split,train
model,result_0283,0.7487395713743061,0.41170228130686004,2,354
model,result_0968,0.025319031292285188,0.38769370642525564,3,251
model,result_0847,0.8375434165782741,0.4899769553720855,-2,171
