background,karlsruhe_000000_000714.png
split,train
model,result_0163,0.20374677954882525,0.7182689729864042,4,109
