background,aachen_000061_000019.png
split,train
model,result_0061,0.5008940883910974,0.8589474921783804,2,184
model,result_0606,0.620465493786481,0.875040746283772,-3,316
