background,heidelberg_000000_000219.png
split,train
model,result_0215,0.07450392142616258,0.5244069189761786,-1,242
model,result_0332,0.7289730975125663,0.33350190452335404,-3,8
