background,muhlheim-ruhr_000000_001172.png
split,train
model,result_0386,0.5238081172450704,0.5041025621427123,1,207
