background,konstanz_000000_000099.png
split,train
model,result_0440,0.8626899347349949,0.3967189948335058,4,315
model,result_0484,0.519365739972929,0.40428667444134037,-4,352
