background,dortmund_000000_000244.png
split,train
model,result_0510,0.2437031360277414,0.951136987554277,-2,60
model,result_0328,0.3680794258470147,0.7986688390431085,-2,252
model,result_0879,0.4095586241579805,0.8909477593143522,0,67
