background,konstanz_000000_001062.png
split,train
model,result_0878,0.8863794421079483,0.5268903706571315,-4,138
