background,wuppertal_000000_001061.png
split,train
model,result_0060,0.30182742131954154,0.641425277437115,4,205
model,result_0080,0.9981878219866483,0.4568599477707356,-4,149
model,result_0857,0.12397368286423815,0.8813742629330887,3,75
