background,nuremberg_000000_000125.png
split,train
model,result_0510,0.452919923682622,0.5145258824499764,0,132
model,result_0328,0.6976422817933884,0.33941629820438246,2,248
model,result_0879,0.1293940760679353,0.9043123337613492,-1,104
