background,augsburg_000000_001130.png
split,train
model,result_0477,0.4766990094800879,0.7977600475732218,1,110
model,result_0949,0.12391506988093204,0.33149914260475666,-3,332
model,result_0324,0.8468930380424095,0.33502807768316867,-3,184
