background,dortmund_000000_000146.png
split,train
model,result_0239,0.7388771395215332,0.7489175989385737,-4,48
model,result_0051,0.7161568468147544,0.5268810459656246,-4,99
