background,heilbronn_000000_000264.png
split,train
model,result_0082,0.780037785474402,0.6466098152884794,-2,222
model,result_0945,0.3089959080832396,0.32588591112675724,-3,233
