background,nuremberg_000000_000146.png
split,train
model,result_0784,0.4520826864237161,0.3515001262586342,-4,303
model,result_0924,0.8670011543830193,0.52571741922824,-1,191
model,result_0866,0.7548390222276349,0.4374564769636013,-3,327
