background,freiburg_000000_000419.png
split,train
model,result_0612,0.29254906880350284,0.33811374617112844,-4,110
model,result_0283,0.2826988138823079,0.5941042555788532,4,236
model,result_0968,0.7205574896755261,0.2570245125512808,1,41
