background,stuttgart_000051_000019.png
split,train
model,result_0164,0.9949940616362579,0.6973726404646219,-3,155
