background,muhlheim-ruhr_000000_000577.png
split,train
model,result_0879,0.30988429911131476,0.9452623535476817,-3,174
model,result_0542,0.8745530692531345,0.6324805771645922,3,104
model,result_0674,0.9117349980985109,0.35893204867177875,-2,99
