background,muhlheim-ruhr_000000_000277.png
split,train
model,result_0247,0.13131494885000394,0.9472958966787688,2,160
model,result_0239,0.23390847899286704,0.67376370722203,1,26
model,result_0051,0.2496890671744324,0.4761255794339211,-2,129
