background,karlsruhe_000000_000195.png
split,train
model,result_0215,0.6670033347937669,0.44971621289727803,-4,249
