background,dortmund_000000_000968.png
split,train
model,result_0080,0.20561958163391747,0.7274533931221646,3,2
