background,dortmund_000000_000012.png
split,train
model,result_0367,0.33755170962712444,0.3225263395297747,-3,106
