background,oberhausen_000000_000506.png
split,train
model,result_0871,0.540482111878295,0.4516432985922792,-2,92
