background,muhlheim-ruhr_000000_000815.png
split,train
model,result_0386,0.46061695238746203,0.7106304445046855,4,110
model,result_0979,0.3029802250529029,0.6884008248395198,0,292
model,result_0871,0.5264589816749518,0.870829332637217,4,62
