background,konigswinter_000000_000056.png
split,train
model,result_0602,0.8759472665508735,0.4208937557351891,2,241
