background,wuppertal_000000_000659.png
split,train
model,result_0357,0.30798041655564545,0.6162227925368936,1,342
model,result_0046,0.11486932836307429,0.30786649822558576,2,307
model,result_0389,0.5568343965941724,0.5625446521936053,1,48
