background,mannheim_000000_000845.png
split,train
model,result_0678,0.825730681687252,0.5112972839339843,-3,62
model,result_0784,0.7944432492976516,0.5591231307137303,-4,249
