background,bayreuth_000000_000570.png
split,train
model,result_0795,0.3018858432565563,0.38062584394993915,-3,320
model,result_0388,0.037874615901434816,0.39042435431758765,-3,322
model,result_0499,0.995456453345901,0.53198886133048,0,54
