background,bochum_000000_005936.png
split,train
model,result_0061,0.7948470178484444,0.6897511382828878,1,350
model,result_0606,0.5963741680767598,0.964510887614523,-2,78
model,result_0082,0.06746110452324261,0.9932283579878112,-4,298
