background,wurzburg_000000_000098.png
split,train
model,result_0694,0.35229602414409933,0.7559966792639351,-1,80
