background,mannheim_000000_000525.png
split,train
model,result_0847,0.6837836678361551,0.3571101435344048,-1,352
