background,schweinfurt_000000_000510.png
split,train
model,result_0328,0.3880648672049114,0.8482267925521579,-3,104
