background,muhlheim-ruhr_000000_001191.png
split,train
model,result_0999,0.5348199459641435,0.49893029219778895,4,223
model,result_0510,0.7765836428843808,0.3152905675159575,4,240
model,result_0328,0.3971072794013143,0.3297706445153606,0,113
