background,heidelberg_000000_001000.png
split,train
model,result_0218,0.9011227725400949,0.5195963692268794,-3,119
