background,wurzburg_000000_001447.png
split,train
model,result_0288,0.4818280413704533,0.7024450705260974,2,98
model,result_0247,0.7154823747765621,0.8581916839828658,1,246
