background,bayreuth_000000_000597.png
split,train
model,result_0199,0.27820046654672503,0.8718679775788599,0,95
