background,bayreuth_000000_000673.png
split,train
model,result_0995,0.01395751173490034,0.8109100893878404,-3,106
model,result_0969,0.932351017512483,0.31372236194062203,-1,75
