background,dortmund_000000_000925.png
split,train
model,result_0862,0.8689501232889338,0.5814833312692183,-4,262
model,result_0524,0.9039724566471175,0.45778525443762047,0,215
