background,karlsruhe_000000_000107.png
split,train
model,result_0694,0.3100868979868867,0.63992240560498,2,133
