background,konstanz_000000_000176.png
split,train
model,result_0215,0.6063079530554654,0.319626660446844,-3,78
model,result_0332,0.07895776680304245,0.25724287790683054,-2,91
