background,konstanz_000000_001325.png
split,train
model,result_0024,0.9640382505925154,0.5960963558857953,1,0
model,result_0288,0.4032315489833579,0.8615784167382248,-3,200
