background,wuppertal_000000_000572.png
split,train
model,result_0992,0.5407125629832725,0.7564853140188486,4,146
