background,nuremberg_000000_000693.png
split,train
model,result_0123,0.814149619725988,0.5638104040706319,-2,332
model,result_0472,0.31884172622322127,0.6751132199506821,-4,229
