background,zurich_000075_000019.png
split,train
model,result_0191,0.0014234995612857348,0.6108332949141406,-4,120
