background,augsburg_000000_001156.png
split,train
model,result_0146,0.7032171934700596,0.4276388534939548,1,156
model,result_0295,0.622806948232223,0.6184017241207398,-3,325
