background,heidelberg_000000_000959.png
split,train
model,result_0795,0.8585870759053619,0.2826044509492053,-2,199
model,result_0388,0.24528362992710018,0.34603166991511536,2,204
