background,konstanz_000000_000864.png
split,train
model,result_0694,0.29076670151199213,0.908646538868918,3,321
model,result_0319,0.12076959172758372,0.9763823532900997,-3,22
