background,saarbrucken_000000_000254.png
split,train
model,result_0996,0.8349173758230596,0.33153476152657313,-3,66
