background,wurzburg_000000_001295.png
split,train
model,result_0440,0.8749125715934752,0.6952934503740258,4,201
model,result_0484,0.8694124288633345,0.41395108302666517,0,174
model,result_0861,0.7011421145093191,0.55249918346411,4,294
