background,nuremberg_000000_000769.png
split,train
model,result_0146,0.14769797317243794,0.9561903143145787,0,130
model,result_0295,0.5410285298443499,0.5883320988231777,3,187
