background,nuremberg_000000_001352.png
split,train
model,result_0557,0.5140979886592166,0.8873608443067298,-2,245
