background,bremen_000167_000019.png
split,train
model,result_0510,0.18479790347479963,0.36787811010598026,2,298
model,result_0328,0.6612172376894332,0.5743397550665138,-2,193
model,result_0879,0.6233999748567609,0.9556711854345767,4,121
