background,augsburg_000000_000659.png
split,train
model,result_0674,0.901351330889768,0.7591770307693129,2,255
model,result_0146,0.7658597590869467,0.26890621028265216,0,253
