background,dortmund_000000_000654.png
split,train
model,result_0878,0.9078814405750695,0.3957812011602902,-3,94
model,result_0004,0.9241361090009647,0.4912382065096763,3,66
model,result_0931,0.8310985841635649,0.6831745604901098,-2,208
