background,wurzburg_000000_000227.png
split,train
model,result_0646,0.676235404456532,0.6363081959345667,-1,264
model,result_0586,0.7909686095980922,0.45803889403971854,2,24
