background,duisburg_000000_000822.png
split,train
model,result_0388,0.694097750460559,0.3324021550349131,-1,118
model,result_0499,0.656582009070345,0.5626481287131422,-3,20
model,result_0844,0.6856676393361181,0.5362588554322916,4,260
