background,bayreuth_000000_000009.png
split,train
model,result_0632,0.11511530236622003,0.8234614190059829,-4,311
model,result_0357,0.2001779545808401,0.7092971157701966,0,22
