background,saarbrucken_000000_000541.png
split,train
model,result_0164,0.6240725223914849,0.9283709050435776,2,210
model,result_0440,0.999925519335352,0.4420605184584619,0,264
model,result_0484,0.5485128298635601,0.9688487289222544,1,104
