background,duisburg_000000_000649.png
split,train
model,result_0524,0.3177718718904018,0.43219685084747506,0,39
model,result_0199,0.9548157847845278,0.8577849231036309,-1,21
model,result_0060,0.44288800955464547,0.9955398571338406,-3,305
