background,konstanz_000000_000485.png
split,train
model,result_0266,0.1281226478373395,0.748614030686586,0,177
model,result_0862,0.1039525204027576,0.3761596059101682,-1,69
