background,karlsruhe_000000_001120.png
split,train
model,result_0866,0.7953198726987981,0.7684297491538303,2,282
