background,heidelberg_000000_000033.png
split,train
model,result_0995,0.26956219301259987,0.95582626957145,-4,211
model,result_0969,0.8962344789488601,0.447180957250062,1,331
