background,bayreuth_000000_000225.png
split,train
model,result_0562,0.5657695589643728,0.3440727406890318,-1,249
