background,heidelberg_000000_000867.png
split,train
model,result_0914,0.22754728096065424,0.44179664563423804,3,250
