background,bayreuth_000000_000195.png
split,train
model,result_0051,0.18434912525629232,0.9965636845344608,-1,3
model,result_0739,0.20003545950517188,0.44942898936936726,3,18
model,result_0960,0.6858564307195234,0.6740110688365375,-1,107
