background,wurzburg_000000_001450.png
split,train
model,result_0477,0.2738818507612374,0.5887872844657973,-1,28
model,result_0949,0.1681530497955006,0.3967799589591425,0,115
model,result_0324,0.4833500838969269,0.30398863128712994,-3,201
