background,duisburg_000000_000678.png
split,train
model,result_0295,0.9120231928856376,0.6359331585632689,-4,330
model,result_0127,0.5684178000919317,0.2729430865239013,3,111
model,result_0022,0.1209108962844907,0.6825983110867073,1,11
