background,wurzburg_000000_000823.png
split,train
model,result_0784,0.047764488155113805,0.46576143630503136,0,133
model,result_0924,0.16691582748658995,0.8396646635380927,-2,129
