background,muhlheim-ruhr_000000_000779.png
split,train
model,result_0803,0.6120225257156884,0.8034512054616809,4,326
model,result_0192,0.26376741879725796,0.3073182015945564,3,200
