background,saarbrucken_000000_000095.png
split,train
model,result_0991,0.5093817219146037,0.6052735224193261,-1,11
model,result_0373,0.3132309201256115,0.9621547737357063,-1,298
