background,wuppertal_000000_000530.png
split,train
model,result_0394,0.7483461811000656,0.4445442699214833,-2,113
