background,nuremberg_000000_001028.png
split,train
model,result_0989,0.33902215697899307,0.389373018364618,-1,91
model,result_0803,0.9976322558366346,0.9544151280807656,2,299
