background,bayreuth_000000_000732.png
split,train
model,result_0173,0.3325225053297294,0.482689090218891,0,70
