background,wurzburg_000000_000385.png
split,train
model,result_0945,0.2841020888015722,0.9332427866423229,-3,177
