background,zurich_000056_000019.png
split,train
model,result_0882,0.30943403334229513,0.9792785075059599,0,304
