background,konstanz_000000_000931.png
split,train
model,result_0036,0.6343573198382205,0.8078254356083819,2,210
model,result_1000,0.1972745702837333,0.7290172520943579,4,94
model,result_0367,0.2013149500780178,0.6384172823047967,-2,307
