background,freiburg_000000_000646.png
split,train
model,result_0694,0.4242488072253464,0.6318562954954464,3,1
model,result_0319,0.3174843074882999,0.8875848696611451,-1,87
model,result_0477,0.9626399794171416,0.5890512092549295,-3,229
