background,schweinfurt_000000_000047.png
split,train
model,result_0981,0.7234707709441338,0.5620348310781113,-3,129
model,result_0527,0.6938184319121561,0.4073415606845727,-3,209
