background,bayreuth_000000_000591.png
split,train
model,result_0803,0.726663136745553,0.46590435358452975,1,16
model,result_0192,0.5248017745012761,0.8370686810159865,-2,352
model,result_0218,0.06361051921393468,0.37774159608899727,1,41
