background,schweinfurt_000000_000109.png
split,train
model,result_0979,0.7935434249585522,0.39374685426033323,-4,308
model,result_0871,0.21961940563896531,0.6460139567015811,0,96
