background,nuremberg_000000_001396.png
split,train
model,result_0266,0.23413096567847003,0.5274800584741718,-3,276
model,result_0862,0.06296042961788806,0.8001683996260146,-1,131
model,result_0524,0.5573352042146048,0.7592187129955621,1,46
