background,oberhausen_000000_000489.png
split,train
model,result_0173,0.6990503148542583,0.96838327090216,-3,98
model,result_0751,0.13116046405202375,0.5430466595439621,-2,286
