background,muhlheim-ruhr_000000_000554.png
split,train
model,result_1000,0.45613729603478026,0.44648640704054876,3,22
