background,heilbronn_000000_000474.png
split,train
model,result_0983,0.1682744378548955,0.8514459893407998,3,2
model,result_0996,0.07096172792093425,0.6337894290567098,-2,284
model,result_0266,0.9309293035355523,0.7306478752304751,-3,333
