background,karlsruhe_000000_000980.png
split,train
model,result_0795,0.7985066605824417,0.3973709815808095,4,330
model,result_0388,0.09243136281501585,0.4544718380291931,0,296
