background,dusseldorf_000166_000019.png
split,train
model,result_0989,0.6969648908685496,0.9700831545325871,-1,144
