background,muhlheim-ruhr_000000_000303.png
split,train
model,result_0510,0.7474056536558851,0.823617460101406,4,293
model,result_0328,0.25200098606606625,0.31314254420524046,-2,358
