background,heidelberg_000000_000069.png
split,train
model,result_0784,0.6102670065308191,0.6779520667668645,-1,268
