background,nuremberg_000000_000436.png
split,train
model,result_0557,0.15120639617795217,0.7883742227502708,-1,132
