background,nuremberg_000000_000103.png
split,train
model,result_0193,0.6778743945320037,0.4000475288456482,4,282
