background,mannheim_000000_000156.png
split,train
model,result_0163,0.388983296372577,0.9854327793368247,0,246
model,result_0657,0.33682351611877137,0.6578447882109205,0,96
