background,mannheim_000000_000597.png
split,train
model,result_0544,0.8750952302417843,0.4495998085163965,2,333
model,result_0999,0.3990567022765352,0.8992210762500268,-4,305
