background,dortmund_000000_000933.png
split,train
model,result_0051,0.8377935799082961,0.4741821548690279,2,0
