background,heilbronn_000000_000569.png
split,train
model,result_0338,0.32695002006688667,0.4878370191572073,1,127
