background,karlsruhe_000000_000505.png
split,train
model,result_0388,0.18580598702103557,0.9350734917920249,4,53
model,result_0499,0.12622580280024298,0.5015340387968671,0,52
model,result_0844,0.4805820883281081,0.5208975396973885,0,17
