background,muhlheim-ruhr_000000_001110.png
split,train
model,result_0510,0.6692622770979477,0.5567709611244657,-4,9
model,result_0328,0.4583857927696955,0.9414585936501738,1,216
