background,wurzburg_000000_001054.png
split,train
model,result_0981,0.724983846361827,0.7412195712516205,2,293
model,result_0527,0.39057624739921437,0.9537640661007392,1,162
