background,bremen_000166_000019.png
split,train
model,result_0173,0.2922317194314876,0.8858596408689091,0,268
