background,mannheim_000000_000096.png
split,train
model,result_0914,0.9113441868807448,0.7944804158178183,0,314
model,result_0193,0.44310780968046914,0.2628627151029119,-3,355
