background,wurzburg_000000_000280.png
split,train
model,result_0995,0.6896252516673651,0.8842833040038949,4,59
model,result_0969,0.1199056770586927,0.4060766185162269,-2,247
model,result_0793,0.8592119633151587,0.7999162617468921,-3,35
