background,freiburg_000000_000205.png
split,train
model,result_0983,0.8664652671522444,0.5289845209443039,0,146
model,result_0996,0.16420761789044636,0.8223399361680417,2,326
