background,saarbrucken_000000_000469.png
split,train
model,result_0295,0.5459715091535173,0.3465987097372404,0,192
model,result_0127,0.7807444957358459,0.7312916117249457,0,168
