background,augsburg_000000_000516.png
split,train
model,result_0173,0.38816090669284387,0.4806691883423686,-3,68
model,result_0751,0.07954659441171341,0.6344920684351371,-4,179
model,result_0678,0.880711072501518,0.8336673962291271,1,7
