background,oberhausen_000000_000497.png
split,train
model,result_0861,0.6921482081852975,0.6063785188026194,0,133
model,result_0882,0.05532353714867111,0.4631667734329554,1,211
