background,nuremberg_000000_000549.png
split,train
model,result_0218,0.4108002320358535,0.951418957940683,-3,128
model,result_0694,0.7242066355715145,0.4173104144676973,-3,297
model,result_0319,0.46591309015179894,0.4569232510809573,2,324
