background,augsburg_000000_000663.png
split,train
model,result_0996,0.5609485815327677,0.9689440671694933,4,132
model,result_0266,0.6995056579873059,0.9859019767188958,2,33
