background,nuremberg_000000_000144.png
split,train
model,result_0080,0.28548523806503023,0.9844802326019455,-4,247
model,result_0857,0.8141000490034911,0.7390209229320804,2,331
model,result_0795,0.6864918729831871,0.2795270834260191,1,27
