background,bayreuth_000000_000234.png
split,train
model,result_0039,0.9072384940986468,0.39252069971256975,3,52
model,result_0386,0.3761597455914917,0.8286571657516993,2,218
