background,karlsruhe_000000_000378.png
split,train
model,result_0039,0.9256381032709864,0.5562035005936276,-3,155
model,result_0386,0.16483738895502398,0.7521701704687518,0,43
model,result_0979,0.19184737178110556,0.8306391772908498,3,39
