background,nuremberg_000000_000525.png
split,train
model,result_0979,0.46298219374575933,0.7959327144346582,-3,139
model,result_0871,0.03636109223817463,0.5061427676196524,-3,53
model,result_0878,0.5663351410930204,0.9318098878650892,1,12
