background,strasbourg_000000_032186.png
split,train
model,result_1000,0.4415667626343335,0.6816828445198372,-1,313
model,result_0367,0.1288290967528718,0.8855402307466752,-2,223
