background,mannheim_000000_001152.png
split,train
model,result_0288,0.7081142560534549,0.9693621182356995,-2,142
model,result_0247,0.7468995110386584,0.6082754623463731,3,53
model,result_0239,0.6376222108729223,0.4950460384224066,4,96
