background,duisburg_000000_000207.png
split,train
model,result_0969,0.7666601311974388,0.5608599312691256,0,344
model,result_0793,0.8414025314673991,0.3726757009006486,3,194
model,result_0686,0.08143573284413508,0.6520032392819896,1,83
