background,dusseldorf_000174_000019.png
split,train
model,result_0193,0.1548472447788951,0.2628869512815679,2,4
