background,muhlheim-ruhr_000000_000211.png
split,train
model,result_0844,0.5790989444299284,0.4760542080899677,2,296
model,result_0995,0.0820363207948156,0.3497457792761544,0,158
