background,muhlheim-ruhr_000000_001206.png
split,train
model,result_0036,0.23251616496600946,0.5180030909682214,2,20
model,result_1000,0.44942323403426976,0.33440587987674875,-3,310
model,result_0367,0.09273735170629427,0.9812632451016591,-1,181
