background,muhlheim-ruhr_000000_000398.png
split,train
model,result_0981,0.5702492717169818,0.8597339706143552,3,171
