background,duisburg_000000_000647.png
split,train
model,result_0060,0.32082465198780563,0.9716219469429193,-3,337
model,result_0080,0.09636666866755095,0.6094628963827496,1,98
