background,mannheim_000000_000786.png
split,train
model,result_0215,0.31829245552948215,0.8742231837736616,-1,135
model,result_0332,0.21382574191530512,0.9949052887709366,-3,323
