background,muhlheim-ruhr_000000_000586.png
split,train
model,result_0602,0.5391224793949855,0.9371197504233295,3,110
model,result_0024,0.8218268355482654,0.48696980378915994,3,98
model,result_0288,0.6738456807388931,0.844273068540575,2,1
