background,bayreuth_000000_000330.png
split,train
model,result_0191,0.9282274379178554,0.9794347541782064,4,135
model,result_0775,0.842231074673552,0.6801319757721712,1,243
model,result_0075,0.5486532691641328,0.6815770488268235,1,98
