background,lindau_000047_000019.png
split,train
model,result_0931,0.9837947441303068,0.7433392055564235,0,320
model,result_0123,0.541786517378133,0.4954577594065284,-4,216
model,result_0472,0.7309607294516081,0.826334391948492,-4,258
