background,augsburg_000000_000561.png
split,train
model,result_0847,0.904313408744848,0.3076369647642014,4,247
