background,ulm_000009_000019.png
split,train
model,result_0499,0.9378233776773015,0.7002253565719881,4,102
model,result_0844,0.6798498630374288,0.4066218661696561,-4,245
model,result_0995,0.6491758756250388,0.4959745159913114,-1,212
