background,troisdorf_000000_000052.png
split,train
model,result_0385,0.0586891750348697,0.3441669025454889,3,187
