background,strasbourg_000000_014235.png
split,train
model,result_0283,0.1540810084024401,0.4605276077269468,3,163
