background,augsburg_000000_000364.png
split,train
model,result_0388,0.7877498418253058,0.3550631979989809,3,186
model,result_0499,0.5299015970963564,0.900511642715396,2,236
model,result_0844,0.9211549259254579,0.5940782952105379,3,270
