background,konstanz_000000_001467.png
split,train
model,result_0524,0.21990096275827775,0.7725941626227596,4,34
