background,bad-honnef_000000_000063.png
split,train
model,result_0386,0.9049569614085512,0.9872639382565721,-3,19
model,result_0979,0.635983877163341,0.43291871823139394,0,106
model,result_0871,0.876894860028721,0.7470463485080417,-1,261
