background,dortmund_000000_000342.png
split,train
model,result_0992,0.058484406032788594,0.48966026206037205,-2,299
model,result_0394,0.499849257055183,0.4329092087473039,4,274
