background,bayreuth_000000_000783.png
split,train
model,result_0173,0.026434393792322264,0.742417623264561,3,304
