background,augsburg_000000_001157.png
split,train
model,result_0394,0.9815320862060246,0.5336463205395261,2,0
