background,wuppertal_000000_000713.png
split,train
model,result_0606,0.6994291912381744,0.7592454762353715,-2,115
model,result_0082,0.569633731380132,0.883618122706,4,271
