background,karlsruhe_000000_000509.png
split,train
model,result_0686,0.4368037099692408,0.6064303320884096,-4,191
