background,erlangen_000000_000018.png
split,train
model,result_0866,0.625946782135134,0.7050029532417068,-3,49
