background,wurzburg_000000_000025.png
split,train
model,result_0082,0.5819312707836278,0.29011621735677756,-1,62
model,result_0945,0.5459647938692489,0.6370948679706717,1,55
model,result_0612,0.22873670506686028,0.916886142836019,2,124
