background,wuppertal_000000_000400.png
split,train
model,result_0295,0.8526948506394246,0.4208139361030856,3,238
