background,wurzburg_000000_000376.png
split,train
model,result_0844,0.17165667762239445,0.3744003464013297,3,161
