background,konstanz_000000_000824.png
split,train
model,result_0686,0.7234143973533111,0.8421240951464911,-3,283
model,result_0805,0.35777823662113906,0.8144235807519765,-2,55
