background,duisburg_000000_000562.png
split,train
model,result_0510,0.1387584957384267,0.4887293598216882,3,288
model,result_0328,0.23594343207329171,0.3802310047369286,1,76
model,result_0879,0.8118361023590952,0.6772736665293873,-2,87
