background,lindau_000053_000019.png
split,train
model,result_0979,0.7447563161432174,0.6244160586303804,0,291
model,result_0871,0.8793914423427405,0.2682031850001234,-2,199
model,result_0878,0.5460549121718795,0.9113438976608863,-1,185
