background,oberhausen_000000_000353.png
split,train
model,result_0983,0.13251834416201957,0.9491085702076549,-4,340
model,result_0996,0.4170827429311671,0.41745786807058477,-4,337
