background,nuremberg_000000_000493.png
split,train
model,result_0127,0.8640140039518955,0.33076373432716044,-2,292
model,result_0022,0.3817728294507152,0.6651841881099009,4,15
model,result_0061,0.07158012744542219,0.6807564320851484,-4,314
