background,heilbronn_000000_000118.png
split,train
model,result_1000,0.05703560861679391,0.884127581923818,4,120
model,result_0367,0.2033133188778561,0.6566097706288494,3,16
model,result_0822,0.295133135202854,0.9230054377140497,-3,139
