background,karlsruhe_000000_000101.png
split,train
model,result_0949,0.658949795413625,0.5689545986776408,-3,34
model,result_0324,0.2725678504103628,0.4693208595939328,-1,34
model,result_0173,0.3164249374727697,0.6559052326133994,0,318
