background,heidelberg_000000_001159.png
split,train
model,result_0586,0.3960361713987487,0.5945253509182754,4,17
