background,karlsruhe_000000_000615.png
split,train
model,result_0394,0.827530530301949,0.9162696790729559,-2,107
model,result_0163,0.4975800763230841,0.6870055559798989,4,61
