background,mannheim_000000_000148.png
split,train
model,result_0123,0.7256877688523085,0.9007910074337768,1,272
