background,nuremberg_000000_000969.png
split,train
model,result_0866,0.2240949597891817,0.421074015552518,4,289
model,result_0983,0.5770804874673666,0.9120544118801301,-4,140
model,result_0996,0.8851676379082322,0.3446953861017138,4,13
