background,muhlheim-ruhr_000000_001094.png
split,train
model,result_0247,0.9503481151148474,0.44131521230799436,-1,123
model,result_0239,0.12049920621763488,0.9379083956489257,3,235
