background,mannheim_000000_000668.png
split,train
model,result_0931,0.6263798144746293,0.43722679535908104,4,188
model,result_0123,0.5712005390664009,0.4872200654443495,1,349
model,result_0472,0.929555709427573,0.8135060425765774,1,44
