background,strasbourg_000001_022363.png
split,train
model,result_0999,0.8144063403822392,0.8732909448845589,2,71
