background,wurzburg_000000_000429.png
split,train
model,result_0367,0.5959856840278687,0.4495362844945092,0,242
model,result_0822,0.44191209722227864,0.2609574729333151,-2,241
