background,darmstadt_000000_000019.png
split,train
model,result_0467,0.38441252404606663,0.9723432840319889,-3,57
