background,oberhausen_000000_000740.png
split,train
model,result_0989,0.5311271114856946,0.968949442116005,4,33
model,result_0803,0.11399099569150373,0.47376111668219095,4,214
model,result_0192,0.18100568876981848,0.5339545555951606,-1,62
