background,karlsruhe_000000_000021.png
split,train
model,result_0247,0.808038815452955,0.8729362506620156,4,296
