background,dresden_000000_000152.png
split,train
model,result_0039,0.13445975681130906,0.9571302649465815,-2,248
model,result_0386,0.4203486237845706,0.40034445159281057,-1,176
model,result_0979,0.7188685152886823,0.8141693894450247,0,45
