background,duisburg_000000_000460.png
split,train
model,result_0678,0.8513871676388006,0.4505471496993792,-4,341
model,result_0784,0.37587768678372735,0.4463260511065129,1,39
model,result_0924,0.18383612356264378,0.3688778486579799,-1,344
