background,freiburg_000000_000148.png
split,train
model,result_0694,0.37059071637681684,0.3394978149526833,1,253
model,result_0319,0.9073789416048946,0.5438171799376779,1,257
