background,mannheim_000000_001121.png
split,train
model,result_0283,0.5096097855629865,0.8390019810956338,-1,71
model,result_0968,0.19740799809356424,0.3446358843712889,-2,334
