background,muhlheim-ruhr_000000_001174.png
split,train
model,result_0844,0.5556245149260607,0.9732159613076043,4,234
model,result_0995,0.2299655733446766,0.9931103505239764,1,134
