background,heidelberg_000000_000949.png
split,train
model,result_0861,0.6974584052782188,0.6089888813850615,-2,334
model,result_0882,0.3788407410583835,0.26169913847397264,-1,112
model,result_0467,0.3518092429167423,0.27658371031258655,-4,326
