background,wurzburg_000000_001374.png
split,train
model,result_0991,0.6151813314567242,0.9191924670682285,4,246
model,result_0373,0.30461183134064285,0.3120413204918758,0,22
