background,karlsruhe_000000_001108.png
split,train
model,result_0215,0.8609995195300729,0.4101841715330422,-4,161
