background,heidelberg_000000_000147.png
split,train
model,result_0075,0.6159747585887306,0.7878807352397275,2,85
model,result_0992,0.7344745022652717,0.48896944160925027,2,268
