background,nuremberg_000000_000133.png
split,train
model,result_0082,0.8197129162007716,0.32607726675825766,1,48
