background,konstanz_000000_000191.png
split,train
model,result_0983,0.2941548553426869,0.66281363062269,0,354
