background,dusseldorf_000173_000019.png
split,train
model,result_0510,0.42891763284464757,0.8149065054235471,2,333
model,result_0328,0.3615390710813523,0.6216301978552439,-2,277
