background,dortmund_000000_000134.png
split,train
model,result_0586,0.7892911953407561,0.45810007584737344,4,60
