background,muhlheim-ruhr_000000_000074.png
split,train
model,result_0247,0.9075541592874011,0.2549690916479888,2,272
