background,augsburg_000000_000221.png
split,train
model,result_0822,0.8010428583964703,0.2783269410036374,4,253
model,result_0855,0.17528098794406832,0.3683010640047599,3,193
model,result_0338,0.6481120076814968,0.8796591607321912,1,180
