background,nuremberg_000000_000955.png
split,train
model,result_0557,0.7151063977358262,0.7435928232775316,-1,212
model,result_0544,0.2484530690494443,0.8892639009883456,4,127
