background,augsburg_000000_000938.png
split,train
model,result_0805,0.626238602040208,0.4927785615657718,1,96
model,result_0039,0.94439611935374,0.9131409122335514,-3,83
model,result_0386,0.3066397039298303,0.4876750449723549,1,302
