background,saarbrucken_000000_000105.png
split,train
model,result_0061,0.8211492075687338,0.6138697997930077,0,50
