background,wuppertal_000000_000840.png
split,train
model,result_0510,0.25615106248643515,0.6818098763897872,-2,192
model,result_0328,0.42013188108804067,0.491463623282508,3,44
model,result_0879,0.5484177577488257,0.4215165653886921,-1,216
