background,nuremberg_000000_001353.png
split,train
model,result_0960,0.2047252312749065,0.25749344088688786,3,312
model,result_0632,0.7902165866769757,0.38393734172117955,-4,265
