background,muhlheim-ruhr_000000_000383.png
split,train
model,result_0163,0.7997459186704111,0.7339078644812047,-2,175
