background,wurzburg_000000_001080.png
split,train
model,result_0266,0.2542718874778698,0.7601974298148435,3,306
model,result_0862,0.9477283018001237,0.6132013258273384,-1,309
