background,konstanz_000000_000853.png
split,train
model,result_0992,0.6037417316330267,0.642497993216714,3,339
model,result_0394,0.6524834291445405,0.3502157409896415,-1,16
model,result_0163,0.6303328671211762,0.9467168282965204,-2,327
