background,konstanz_000000_000180.png
split,train
model,result_0328,0.45529420182411695,0.9450146216390085,2,142
model,result_0879,0.049875561221066844,0.323380979717198,2,253
model,result_0542,0.82131842392963,0.5123745240198858,-2,302
