background,dortmund_000000_000749.png
split,train
model,result_0542,0.4291017380238925,0.7894636162264081,2,34
model,result_0674,0.4807406977475408,0.7236706488394237,-4,173
model,result_0146,0.7207688678619893,0.7776071956908686,4,29
