background,nuremberg_000000_000201.png
split,train
model,result_0510,0.8486186945544051,0.2872877203720521,0,65
model,result_0328,0.04880021445529914,0.7979687304995813,2,273
