background,muhlheim-ruhr_000000_000755.png
split,train
model,result_0080,0.36882278035053384,0.45479631109450125,-3,67
model,result_0857,0.26000541058630977,0.9077419095173775,2,115
model,result_0795,0.2618645150819624,0.7692206347982777,4,24
