background,bayreuth_000000_000491.png
split,train
model,result_0046,0.6710442523395604,0.2943062857671654,1,201
