background,augsburg_000000_000113.png
split,train
model,result_0999,0.17126028635317314,0.9016688566942339,-1,76
model,result_0510,0.2956968700750646,0.9369215996646869,2,193
model,result_0328,0.41112634138606974,0.4831928013929412,-4,338
