background,oberhausen_000000_000273.png
split,train
model,result_0389,0.24730682251827207,0.8448754336400023,-3,48
model,result_0164,0.2500447967158912,0.7394122067485087,-4,129
