background,augsburg_000000_000692.png
split,train
model,result_0440,0.09352703906361048,0.865962819962853,4,169
model,result_0484,0.12336953887039703,0.9707888563347191,1,140
model,result_0861,0.8676082674921985,0.8543333321950711,0,304
