background,erlangen_000000_000103.png
split,train
model,result_0164,0.23373158955182816,0.6225594847181442,2,261
model,result_0440,0.128051058447209,0.9487156283932955,-3,78
model,result_0484,0.8224672643062132,0.38561136290712394,3,109
