background,konstanz_000000_001366.png
split,train
model,result_0218,0.05066776537317108,0.7361965161178985,-3,350
