background,karlsruhe_000000_000033.png
split,train
model,result_0542,0.2619006122254002,0.4981865501537827,-3,47
model,result_0674,0.7860113644028393,0.26771191689925167,0,331
model,result_0146,0.09502941171002821,0.951105531935179,3,154
