background,wurzburg_000000_001420.png
split,train
model,result_0472,0.022045385510493287,0.8683515626866952,2,358
model,result_0981,0.5932759234442062,0.8082677899531768,-1,230
