background,heidelberg_000000_000338.png
split,train
model,result_0499,0.7621545113120068,0.8697077277042251,4,140
model,result_0844,0.3828435791081777,0.392492748974237,-3,282
model,result_0995,0.13124290323170806,0.39127460872786723,-1,1
