background,stuttgart_000083_000019.png
split,train
model,result_0996,0.8101432532170341,0.3784602303811286,0,250
model,result_0266,0.8182777390062516,0.7752315594676663,1,63
model,result_0862,0.18010387416518658,0.9019076850746487,0,121
