background,hamburg_000000_035568.png
split,train
model,result_0367,0.8595553329838432,0.27476301721900276,-3,32
model,result_0822,0.04063703459535728,0.9871397271525686,-2,289
model,result_0855,0.2838299836376541,0.37256867357787216,0,357
