background,saarbrucken_000000_000104.png
split,train
model,result_0154,0.003836986571516765,0.9267800102147595,3,153
model,result_0562,0.6460484508168737,0.33453118278473204,2,94
