background,karlsruhe_000000_000366.png
split,train
model,result_0004,0.10910385534394396,0.27298870072254244,-1,249
model,result_0931,0.9173582438338823,0.2699175396813283,2,49
model,result_0123,0.5440655488959811,0.7661913898479836,0,122
