background,muhlheim-ruhr_000000_000651.png
split,train
model,result_0061,0.693187604896023,0.8058572970417993,-3,198
model,result_0606,0.4385239499708061,0.3508368816200077,-4,269
model,result_0082,0.3555736669207429,0.3936800583160448,4,329
