background,duisburg_000000_000455.png
split,train
model,result_0477,0.5659096569203856,0.7735660925227469,-3,267
model,result_0949,0.3314906018189351,0.4384168150856123,3,214
