background,heidelberg_000000_000401.png
split,train
model,result_0847,0.06498353412531266,0.6614154734190533,-3,258
