background,dusseldorf_000186_000019.png
split,train
model,result_0164,0.1099232268561402,0.4603947881335332,1,153
