background,konstanz_000000_001196.png
split,train
model,result_0373,0.6647458686013688,0.3632148549533694,-3,239
