background,schweinfurt_000000_000651.png
split,train
model,result_0657,0.40617618915869735,0.8501105875267262,2,145
