background,mannheim_000000_000033.png
split,train
model,result_0332,0.6895714981385275,0.7514540128673275,-1,253
