background,bayreuth_000000_000846.png
split,train
model,result_0039,0.9169893337319927,0.9225273362149424,1,273
