background,erlangen_000000_000202.png
split,train
model,result_0678,0.37580363960770935,0.9284478262402889,4,85
model,result_0784,0.02298698241343511,0.27503302553817444,4,138
