background,bayreuth_000000_000035.png
split,train
model,result_0319,0.9668572850956068,0.6290009416155008,3,345
