background,wuppertal_000000_000691.png
split,train
model,result_0477,0.739272012471134,0.8779060645390687,-2,266
model,result_0949,0.14878709835816206,0.31733008750346436,-4,110
