background,mannheim_000000_000359.png
split,train
model,result_0983,0.4566174802159765,0.6969800464751352,1,256
model,result_0996,0.6170370114688887,0.8797990034726723,-2,239
model,result_0266,0.7592231654550969,0.8090336940956989,-1,342
