background,nuremberg_000000_001216.png
split,train
model,result_0847,0.3675178195071205,0.25784225074053424,-2,11
model,result_0646,0.8064434842128813,0.49234588874160645,-4,278
