background,muhlheim-ruhr_000000_000758.png
split,train
model,result_0924,0.19573713589461517,0.6584942571730478,-3,197
model,result_0866,0.8922141360999167,0.5973092377672355,2,67
model,result_0983,0.6831828646511737,0.8567313158334187,-1,81
