background,bremen_000309_000019.png
split,train
model,result_0288,0.6814523819359485,0.29937828147159706,-3,110
