background,nuremberg_000000_001401.png
split,train
model,result_0882,0.3826741258337115,0.6569200446711488,4,343
model,result_0467,0.4072978576106925,0.5637723043754918,2,257
