background,oberhausen_000000_000699.png
split,train
model,result_0060,0.24845930917604075,0.5400217829726501,-4,313
model,result_0080,0.9603303890310565,0.398045395994292,0,105
