background,bremen_000182_000019.png
split,train
model,result_0193,0.11456990444380533,0.3145317195653473,4,131
model,result_0036,0.7208898440069903,0.6775002198706597,-1,278
