background,wurzburg_000000_000681.png
split,train
model,result_0989,0.8475823954168648,0.5061005974765389,-4,62
model,result_0803,0.2407268210509228,0.8799428919652863,2,63
model,result_0192,0.266580270207583,0.5915102841399607,2,121
