background,heidelberg_000000_000014.png
split,train
model,result_0882,0.2984293281987094,0.4764446170552107,3,145
