background,ulm_000042_000019.png
split,train
model,result_0686,0.344258979935943,0.3698389770003652,-3,51
