background,duisburg_000000_000382.png
split,train
model,result_0283,0.9128199356333303,0.7710572742492348,3,297
model,result_0968,0.6057193468806089,0.8419763580850588,2,47
