background,stuttgart_000051_000019.png
split,train
model,result_0283,0.08898123583373108,0.9954640529868926,-2,341
model,result_0968,0.16927840966182028,0.35095834820673993,-2,211
model,result_0847,0.3731639508757828,0.625293000630603,-2,293
