background,nuremberg_000000_000564.png
split,train
model,result_0060,0.7233189082813269,0.6059851728819824,-1,354
