background,bayreuth_000000_000455.png
split,train
model,result_0686,0.9453722277599296,0.5792139698292663,-1,228
model,result_0805,0.1510481343159793,0.5624668851467383,0,218
