background,mannheim_000000_000296.png
split,train
model,result_0338,0.25003035327541534,0.43124452679106345,1,41
model,result_0557,0.23471167703369855,0.41963219116755623,-4,59
model,result_0544,0.9601933590075512,0.5365204412275295,0,243
