background,karlsruhe_000000_000955.png
split,train
model,result_0524,0.29475783665902566,0.9052483820669235,1,38
model,result_0199,0.1559121197519857,0.7977795452607489,1,29
