background,dusseldorf_000002_000019.png
split,train
model,result_0510,0.4103654414749299,0.3996521674666415,2,310
