background,bayreuth_000000_000465.png
split,train
model,result_0357,0.9598778838010696,0.6254394773814962,0,151
model,result_0046,0.5556016917801585,0.41349631019362243,-3,285
model,result_0389,0.18606630662755153,0.9537547709532951,-4,109
