background,bayreuth_000000_000827.png
split,train
model,result_0288,0.3759499784757203,0.5954035439061438,0,139
model,result_0247,0.20905039283614035,0.40731975586663105,3,211
