background,tubingen_000041_000019.png
split,train
model,result_0784,0.5952003514830787,0.7334729626118527,-3,236
model,result_0924,0.5972356264598916,0.9326235386719652,1,159
model,result_0866,0.44423442509325695,0.8513830678027019,-2,100
