background,karlsruhe_000000_000786.png
split,train
model,result_0146,0.9404167168780971,0.6826939831489452,4,282
