background,dresden_000000_000155.png
split,train
model,result_0862,0.5680836118817101,0.8339425527584754,-3,34
model,result_0524,0.6091133747969993,0.3135234969764038,1,87
