background,augsburg_000000_001437.png
split,train
model,result_0992,0.0033531934489807735,0.8179945951835378,1,174
model,result_0394,0.4167625574880094,0.36916048707608906,4,235
