background,duisburg_000000_000344.png
split,train
model,result_0060,0.8585797283005199,0.9794470080949003,-4,166
model,result_0080,0.7986322270938636,0.9211127015666504,1,99
