background,nuremberg_000000_000556.png
split,train
model,result_0866,0.17482057382559757,0.7404912840567833,-3,186
model,result_0983,0.9753695300157005,0.9818458260474304,-3,26
