background,wurzburg_000000_000875.png
split,train
model,result_0878,0.1617398685582503,0.3036704968488438,0,82
