background,karlsruhe_000000_000610.png
split,train
model,result_0192,0.6413846249779159,0.28795460280105845,1,75
model,result_0218,0.9690444327813584,0.6209398800695084,0,134
model,result_0694,0.7398810584255756,0.5288215654133003,0,91
