background,nuremberg_000000_000518.png
split,train
model,result_0039,0.11875917714798556,0.9554046526332043,-2,297
model,result_0386,0.3139002631159352,0.28292757693693393,-4,127
