background,freiburg_000000_000375.png
split,train
model,result_0855,0.84845463036588,0.3784133590291794,2,134
