background,duisburg_000000_000766.png
split,train
model,result_0862,0.08378180049285622,0.5079244844093054,-3,313
model,result_0524,0.24053095631984545,0.9540429505934072,2,52
