background,bayreuth_000000_000510.png
split,train
model,result_0557,0.86716322575575,0.6425745463237461,-2,237
model,result_0544,0.9276132026860815,0.5271406909276495,3,339
