background,weimar_000001_000019.png
split,train
model,result_0199,0.4706073234256789,0.42241931631932295,4,28
