background,freiburg_000000_000840.png
split,train
model,result_0914,0.7794935367727384,0.6493008963688215,-4,30
model,result_0193,0.9104537760826164,0.8511641884313178,1,117
model,result_0036,0.4169121418349552,0.7039383818987461,0,121
