background,bayreuth_000000_000647.png
split,train
model,result_0024,0.17014319473713913,0.3973116200560007,-3,241
