background,schweinfurt_000000_000210.png
split,train
model,result_0992,0.6174152466074995,0.9350343851908132,-4,76
