background,augsburg_000000_000910.png
split,train
model,result_0751,0.9783643287242741,0.8736457277138401,1,38
model,result_0678,0.32326400926702636,0.9651045579887737,-3,21
