background,heilbronn_000000_000560.png
split,train
model,result_0866,0.7832771725645431,0.276279552327618,3,213
model,result_0983,0.3005255665941514,0.8025170674667164,-4,164
model,result_0996,0.39006739135030444,0.2927919838223172,0,137
