background,konstanz_000000_000299.png
split,train
model,result_0046,0.2112138613249669,0.7572408159478984,0,313
