background,saarbrucken_000000_000024.png
split,train
model,result_0324,0.6770746404414908,0.6090699399857264,2,124
model,result_0173,0.014054641621161434,0.4631699190562684,1,254
model,result_0751,0.6661199622749434,0.4227942929153259,-2,155
