background,wuppertal_000000_000505.png
split,train
model,result_0646,0.7694563596328895,0.8436985971837289,2,260
model,result_0586,0.5253067734078583,0.4395477198950741,4,14
