background,muhlheim-ruhr_000000_000391.png
split,train
model,result_0191,0.37007731744492456,0.6615411265564567,1,102
