background,freiburg_000000_000324.png
split,train
model,result_0472,0.7365699289825189,0.38216288715928265,-3,83
