background,muhlheim-ruhr_000000_000559.png
split,train
model,result_0218,0.35258943842327206,0.26814551860161717,-4,292
model,result_0694,0.5315393635232053,0.7709481373448983,-1,82
model,result_0319,0.24602833038040195,0.9130907640971315,-1,181
