background,heilbronn_000000_000711.png
split,train
model,result_0477,0.6583719709571552,0.8406870527670673,-1,174
