background,heidelberg_000000_000075.png
split,train
model,result_0871,0.15465769550448294,0.8328935905256786,4,212
