background,schweinfurt_000000_000306.png
split,train
model,result_0775,0.4611324075222972,0.7477095827380054,1,153
model,result_0075,0.5061173870157263,0.94691786520018,-2,312
