background,karlsruhe_000000_000263.png
split,train
model,result_0357,0.2895065654335459,0.9110441529603117,-3,192
