background,schweinfurt_000000_000641.png
split,train
model,result_0562,0.6666447105390813,0.7593346353554689,-1,208
model,result_0215,0.07214562080500664,0.5956543823080229,4,121
model,result_0332,0.1522229945333612,0.5162747868489072,1,140
