background,bayreuth_000000_000541.png
split,train
model,result_0283,0.30693368630988793,0.9016478187359268,0,354
model,result_0968,0.24636097138892976,0.2562350118410362,-3,51
model,result_0847,0.8251310276602208,0.9402122995613215,3,23
