background,heilbronn_000000_000168.png
split,train
model,result_0544,0.8450538305606128,0.4052893364016597,0,51
model,result_0999,0.028947553460832554,0.8148638216781342,0,46
