background,nuremberg_000000_001220.png
split,train
model,result_0931,0.332447415702398,0.479755234915872,0,232
model,result_0123,0.8846984392428858,0.619058574798625,-1,259
