background,augsburg_000000_001142.png
split,train
model,result_0844,0.05046002853355569,0.7751530500081867,-3,291
model,result_0995,0.7605412532377197,0.5360733295601054,4,283
model,result_0969,0.3647435212125292,0.6728856265070445,1,222
