background,wuppertal_000000_000231.png
split,train
model,result_0805,0.41683372506271144,0.4681713136965778,4,301
