background,schweinfurt_000000_000524.png
split,train
model,result_0154,0.37450581684887907,0.35645641995397925,0,157
