background,freiburg_000000_000185.png
split,train
model,result_0266,0.3551473216531811,0.9367150679962088,2,186
model,result_0862,0.7360426741150459,0.5673776568634452,4,327
model,result_0524,0.2748002981257345,0.8548996870488181,-3,192
