background,wuppertal_000000_001021.png
split,train
model,result_0467,0.3074601412631097,0.2895488707930465,1,54
model,result_0154,0.5383980611560854,0.8139205073320518,-2,343
