background,oberhausen_000000_000835.png
split,train
model,result_0199,0.7254726141682342,0.627332841874793,-3,257
model,result_0060,0.029455033935828046,0.3298404058348774,-4,89
