background,wurzburg_000000_000042.png
split,train
model,result_0295,0.86735622031074,0.7947785579334373,3,89
model,result_0127,0.8652611241136398,0.32079879249927234,-4,164
