background,karlsruhe_000000_000584.png
split,train
model,result_0499,0.5891407044456513,0.3574397352988381,0,209
