background,troisdorf_000000_000105.png
split,train
model,result_0218,0.7639458994332641,0.38961445101202546,1,144
model,result_0694,0.6687020181370462,0.894418115158639,-2,171
