background,bayreuth_000000_000516.png
split,train
model,result_0386,0.4069699199971365,0.9083797720555807,2,91
model,result_0979,0.66275857577569,0.618131279075768,1,116
model,result_0871,0.6128540404113221,0.8696388858548794,0,172
