background,karlsruhe_000000_000760.png
split,train
model,result_0051,0.2186304229063991,0.42719692297128087,1,142
model,result_0739,0.3031906301249583,0.9243316454420202,-3,154
