background,oberhausen_000000_000305.png
split,train
model,result_0163,0.8687919639236292,0.5877173480424248,1,39
model,result_0657,0.03175805119219255,0.9169753197578394,-3,66
