background,karlsruhe_000000_000355.png
split,train
model,result_0960,0.0849119614605024,0.8118323221657661,-3,355
