background,heilbronn_000000_000179.png
split,train
model,result_0499,0.32349023185343007,0.7725032891960462,2,99
model,result_0844,0.8085457432833086,0.32944870613534666,2,110
