background,wuppertal_000000_000038.png
split,train
model,result_0075,0.7804161811694091,0.8785008463363086,4,26
