background,bayreuth_000000_000416.png
split,train
model,result_0024,0.42981548069231057,0.4394527841192376,-1,306
