background,nuremberg_000000_001013.png
split,train
model,result_0295,0.6671695777626437,0.3192128468788353,-1,73
model,result_0127,0.7263258734921761,0.7625742983579276,-2,27
