background,freiburg_000000_000603.png
split,train
model,result_0266,0.3492259249482149,0.5958026031517699,4,160
model,result_0862,0.9658823034297557,0.9750083540096093,-1,284
