background,hanover_000000_050228.png
split,train
model,result_0295,0.9396709498404008,0.846015958470239,-1,194
model,result_0127,0.6424426105975386,0.5953108148213382,3,24
model,result_0022,0.9242238975588718,0.48332488636282994,-2,294
