background,dortmund_000000_000317.png
split,train
model,result_0795,0.10006719122060648,0.4705562440673144,1,119
model,result_0388,0.853154167046858,0.5688177845631834,-1,133
