background,augsburg_000000_000053.png
split,train
model,result_0586,0.17421701185499283,0.8982361819245854,-1,42
model,result_0989,0.6624629849674823,0.6809245228241516,-3,42
