background,wurzburg_000000_000534.png
split,train
model,result_0332,0.3592268543885526,0.8292075282090683,2,75
model,result_0385,0.5940408379457537,0.939223080298915,-3,245
model,result_0991,0.48998869583552507,0.7750690207056035,-3,65
