background,schweinfurt_000000_000486.png
split,train
model,result_0163,0.04681004446983861,0.6638663248111041,3,323
