background,wurzburg_000000_000833.png
split,train
model,result_0527,0.7383698896268108,0.934484511452695,3,222
model,result_0602,0.8846182734722045,0.462405772689244,-2,93
