background,karlsruhe_000000_001045.png
split,train
model,result_0989,0.6509987053067345,0.7142700942065118,-3,205
model,result_0803,0.7191420529181664,0.5725442000754846,4,240
model,result_0192,0.01237987079956282,0.42903959360816246,4,213
