background,wuppertal_000000_000843.png
split,train
model,result_0527,0.2589639660851134,0.7139607396755634,2,47
