background,konstanz_000000_001060.png
split,train
model,result_0878,0.7460237156579477,0.6629690752514854,-4,54
model,result_0004,0.4942456709754206,0.3739547400092319,4,287
model,result_0931,0.7870604239460818,0.49083186768805787,-4,64
