background,dusseldorf_000079_000019.png
split,train
model,result_0969,0.622944166603651,0.883580728628035,-1,110
model,result_0793,0.0004985653678610813,0.3543273338757611,-4,286
model,result_0686,0.9518993586117507,0.26544671947087495,1,75
