background,nuremberg_000000_000480.png
split,train
model,result_0751,0.1339460629944944,0.543946577398139,-2,353
model,result_0678,0.8317799409278466,0.3576291318649576,2,262
