background,konstanz_000000_001120.png
split,train
model,result_0036,0.5237857630760533,0.9656734961402275,4,277
model,result_1000,0.2164087665636436,0.5073096225149955,-3,334
model,result_0367,0.9102071530031006,0.9971738100188748,-1,281
