background,karlsruhe_000000_000119.png
split,train
model,result_1000,0.7048965921410653,0.5994734985459393,2,153
model,result_0367,0.1355256673335018,0.5085427740747791,4,293
