background,nuremberg_000000_000936.png
split,train
model,result_0036,0.5248747823384918,0.9176386699493316,1,213
model,result_1000,0.8171598211472971,0.8067452173452263,-1,192
