background,muhlheim-ruhr_000000_001187.png
split,train
model,result_0036,0.5977397857962241,0.9029086369886107,0,262
