background,heilbronn_000000_000080.png
split,train
model,result_0979,0.9730290558406464,0.6120301370144432,-2,39
model,result_0871,0.8288315808460045,0.5184154321382708,-3,160
