background,bayreuth_000000_000728.png
split,train
model,result_0775,0.9365962485207967,0.6538221291939605,-3,350
model,result_0075,0.8785359924713486,0.6926838096818846,4,221
model,result_0992,0.8959675008708244,0.4721970803265533,2,212
