background,bamberg_000000_000147.png
split,train
model,result_0004,0.6695792908684218,0.28568768977174663,-2,154
model,result_0931,0.7153652336222778,0.573966808377301,-3,321
model,result_0123,0.3888571260500453,0.4064242478387238,-4,279
