background,wuppertal_000000_001071.png
split,train
model,result_0739,0.9531240391687804,0.9661978094642177,0,98
model,result_0960,0.26343527593613947,0.8579482992520195,3,54
model,result_0632,0.3936730485299945,0.42792973389524624,0,141
