background,oberhausen_000000_000528.png
split,train
model,result_0686,0.8051334505342806,0.5844397800723564,1,284
model,result_0805,0.9928666533582271,0.6561223643014098,4,93
