background,duisburg_000000_000467.png
split,train
model,result_0283,0.10295312033991033,0.5191614537813842,-3,256
