background,wuppertal_000000_000358.png
split,train
model,result_0751,0.17704828417259022,0.5844258145553247,2,136
