background,muhlheim-ruhr_000000_000948.png
split,train
model,result_0557,0.9747517887211158,0.41149185687429235,-2,165
model,result_0544,0.6063652433419975,0.8315658487166298,2,64
model,result_0999,0.7585862913032475,0.35959267046322557,-3,30
