background,augsburg_000000_000461.png
split,train
model,result_0674,0.5697038544394211,0.7200543649156952,-2,337
model,result_0146,0.19976949041091263,0.8033376893951454,-1,107
model,result_0295,0.9259082247650083,0.7763916824370048,3,116
