background,konstanz_000000_000397.png
split,train
model,result_0861,0.20246360051912848,0.5197329600121201,-2,353
