background,duisburg_000000_000665.png
split,train
model,result_0981,0.646321041706063,0.8077098660510247,4,166
