background,heidelberg_000000_000651.png
split,train
model,result_1000,0.86625754304301,0.921609809856648,1,103
model,result_0367,0.9308046145710654,0.8103876946659943,-3,209
model,result_0822,0.5158674994160771,0.4210108587364654,-4,209
