background,stuttgart_000047_000019.png
split,train
model,result_0991,0.9884393991524661,0.597353388605965,3,67
