background,mannheim_000000_000578.png
split,train
model,result_0373,0.5507435334669185,0.25671325395905076,-1,76
model,result_0191,0.6192888488243524,0.44020474193975434,1,28
model,result_0775,0.009334674078724015,0.46526450948418474,1,9
