background,wuppertal_000000_000368.png
split,train
model,result_0996,0.011996041655476852,0.63673532860262,1,155
