background,duisburg_000000_000200.png
split,train
model,result_0544,0.6503750562797969,0.7616101516469471,4,220
