background,dortmund_000000_000400.png
split,train
model,result_0164,0.44541041687778804,0.8010542797142158,1,127
model,result_0440,0.10056686103751855,0.8511393557310653,1,85
model,result_0484,0.6269082922640357,0.3057080026223635,-4,206
