background,bremen_000259_000019.png
split,train
model,result_0218,0.28590910473019204,0.7499524001982851,-1,102
model,result_0694,0.1356408506607656,0.8886150447638382,-3,12
