background,mannheim_000000_000038.png
split,train
model,result_0173,0.7258814075728783,0.3618134903704009,-1,55
model,result_0751,0.7976606149213499,0.6403561413635754,0,53
