background,muhlheim-ruhr_000000_000846.png
split,train
model,result_0367,0.7642477154695299,0.8597665218309715,2,321
model,result_0822,0.9386810785613282,0.9108713405653279,2,319
model,result_0855,0.8901390047947004,0.8239413422607367,4,81
