background,bochum_000000_001519.png
split,train
model,result_0678,0.2280363142861389,0.3392766520172287,3,348
