background,muhlheim-ruhr_000000_000052.png
split,train
model,result_0879,0.35488729557075294,0.37311904204484914,1,239
model,result_0542,0.29030129134153604,0.8726420321839974,-4,186
model,result_0674,0.2588335153713044,0.9338637204846523,4,33
