background,konigswinter_000000_000006.png
split,train
model,result_0367,0.8891009085964154,0.2600394370050908,-3,61
