background,heilbronn_000000_000017.png
split,train
model,result_0694,0.008507198010047512,0.46268227576848187,0,123
