background,dortmund_000000_001104.png
split,train
model,result_0657,0.8236761387187449,0.25922004234031204,-1,24
model,result_0914,0.9915887783347832,0.8154147738262236,-1,29
