background,duisburg_000000_000747.png
split,train
model,result_0467,0.8921296985710092,0.6546886109037223,-4,350
model,result_0154,0.7469695703563592,0.5246796555525111,0,72
