background,schweinfurt_000000_000049.png
split,train
model,result_0542,0.5785372093613774,0.980585585732894,3,309
model,result_0674,0.30945322370811623,0.7101118877337204,3,175
