background,wurzburg_000000_001218.png
split,train
model,result_0193,0.19882412702203678,0.4534747374350867,3,154
model,result_0036,0.01991734918622423,0.4605275972378473,-2,259
model,result_1000,0.7800695109009644,0.3582961830504503,-4,87
