background,erlangen_000000_000155.png
split,train
model,result_0247,0.9820154837730044,0.923303743907147,1,144
model,result_0239,0.9068177566616883,0.4595932583407971,2,324
