background,dusseldorf_000208_000019.png
split,train
model,result_0793,0.6206348996414318,0.418787262416812,1,56
model,result_0686,0.4682818224627836,0.5474698927171493,4,4
