background,monchengladbach_000000_002478.png
split,train
model,result_0878,0.7836863966774396,0.6706274075664309,-3,354
model,result_0004,0.7327098782033852,0.7056978879057101,-2,134
model,result_0931,0.9945873804026177,0.33888383502676034,-4,297
