background,schweinfurt_000000_000513.png
split,train
model,result_0855,0.4186959505337725,0.27931934879454784,-3,33
model,result_0338,0.2722283525750171,0.5187406111793895,-2,149
