background,konigswinter_000000_000091.png
split,train
model,result_0319,0.7507337392076823,0.5644930128827204,2,236
model,result_0477,0.08559001161515356,0.3775596827127844,1,232
