background,wurzburg_000000_001283.png
split,train
model,result_0075,0.30910145609617423,0.893205008357359,4,300
