background,heidelberg_000000_000469.png
split,train
model,result_0586,0.2708161766705529,0.7825116814892877,2,165
