background,wurzburg_000000_001491.png
split,train
model,result_0061,0.14962935671887523,0.8065605589445987,0,135
model,result_0606,0.8998329123857607,0.6969042606132121,4,39
model,result_0082,0.9698432289272919,0.8811461691998191,3,313
