background,bamberg_000000_000242.png
split,train
model,result_0544,0.16392486753845004,0.9633724679262747,3,111
