background,bayreuth_000000_000455.png
split,train
model,result_0192,0.8549446302808094,0.3457681509800812,-2,42
model,result_0218,0.9421044931447254,0.396084558158607,3,129
model,result_0694,0.03000447860866373,0.5107355284196025,-3,356
