background,stuttgart_000089_000019.png
split,train
model,result_0332,0.4628922071156424,0.7994574092936382,-1,238
model,result_0385,0.011908585976242225,0.729339960069263,-3,304
model,result_0991,0.9553350377091963,0.9229353207101094,0,127
