background,wurzburg_000000_000405.png
split,train
model,result_0882,0.38668754028229235,0.7386519742731373,1,152
model,result_0467,0.5762902527480411,0.8832196251335076,3,11
model,result_0154,0.8689273073183064,0.33491784299138355,-3,319
