background,wurzburg_000000_001016.png
split,train
model,result_0173,0.8550530096551859,0.6161572953659638,4,241
