background,karlsruhe_000000_000414.png
split,train
model,result_0510,0.6207577293255935,0.797665222251968,0,148
