background,heidelberg_000000_000854.png
split,train
model,result_0295,0.142428009642814,0.25334730991964566,-2,349
model,result_0127,0.8914579453306972,0.6632656520277092,1,179
