background,dortmund_000000_000351.png
split,train
model,result_0477,0.44627242523546384,0.6191705515584304,4,351
model,result_0949,0.5822971423689708,0.6186665848867168,-4,82
