background,duisburg_000000_000477.png
split,train
model,result_0657,0.35538352127335693,0.33185333795268007,3,75
model,result_0914,0.7445432388284886,0.29170887521558997,-1,129
model,result_0193,0.3905244106278164,0.6663951052540652,3,64
