background,heidelberg_000000_000110.png
split,train
model,result_0544,0.20612066007541485,0.854306330468604,-3,199
model,result_0999,0.16567934920226568,0.6235349783986446,1,264
model,result_0510,0.24207176169717215,0.9364388328637042,-3,345
