background,konstanz_000000_000885.png
split,train
model,result_0191,0.0549117080568845,0.2656163707985889,-2,284
