background,wurzburg_000000_000459.png
split,train
model,result_0218,0.4476858631558567,0.9144084289804408,3,188
