background,karlsruhe_000000_000164.png
split,train
model,result_0215,0.1438612334570868,0.4166472544918286,-2,97
model,result_0332,0.9646273785235688,0.48440798546274944,2,356
