background,konstanz_000000_000714.png
split,train
model,result_0602,0.37311673059110984,0.38818477170634585,0,27
