background,bayreuth_000000_000606.png
split,train
model,result_0295,0.8225698171913616,0.7337440640456304,-3,170
