background,konstanz_000000_000431.png
split,train
model,result_0247,0.6463857555758943,0.4896138889263434,0,350
model,result_0239,0.6867009394519165,0.5728758516708305,1,227
