background,wuppertal_000000_000798.png
split,train
model,result_0879,0.5987867581719255,0.6728699163478284,1,21
model,result_0542,0.6914351440984083,0.534548664373797,-3,48
