background,dortmund_000000_000867.png
split,train
model,result_0060,0.9364573398243129,0.6188887974123374,-4,272
model,result_0080,0.2092563155004571,0.7110849442341406,2,61
