background,schweinfurt_000000_000045.png
split,train
model,result_0193,0.6524401675276501,0.8280396203086231,1,226
