background,bamberg_000000_000090.png
split,train
model,result_0996,0.43198059953309764,0.9417089068672263,4,237
