background,saarbrucken_000000_000460.png
split,train
model,result_0949,0.14163770104746343,0.8669590341028492,3,277
model,result_0324,0.4160248538482799,0.41366543891766216,-1,288
