background,nuremberg_000000_000150.png
split,train
model,result_0945,0.30331966149917644,0.5777883580398251,-3,183
model,result_0612,0.6910470732021823,0.5125784127741737,2,112
model,result_0283,0.14254138962582252,0.7224360312425397,-2,90
