background,wuppertal_000000_000368.png
split,train
model,result_0646,0.5173640392955716,0.7289438307081858,-3,308
