background,karlsruhe_000000_001078.png
split,train
model,result_0968,0.6931047328868052,0.8435030434427685,0,116
model,result_0847,0.5217825659971058,0.7746805959257027,-2,85
