background,bochum_000000_004748.png
split,train
model,result_0983,0.16171039441026325,0.6133577857047853,-3,123
