background,nuremberg_000000_000042.png
split,train
model,result_0080,0.16636724265156821,0.3565274430303831,3,153
model,result_0857,0.18124198861580976,0.2790162037472923,4,25
