background,freiburg_000000_000296.png
split,train
model,result_0266,0.6426395989007757,0.6027122502936243,4,193
model,result_0862,0.8402099926672116,0.9499545060378638,-2,127
model,result_0524,0.8979807102259272,0.43716644702090135,2,110
