background,heidelberg_000000_000541.png
split,train
model,result_0386,0.735741667408223,0.6512604714808968,1,188
