background,weimar_000012_000019.png
split,train
model,result_0484,0.11306091117144512,0.5679485989256904,-3,72
