background,wurzburg_000000_000696.png
split,train
model,result_0882,0.5128451602005197,0.7961070929469185,2,290
