background,wuppertal_000000_000813.png
split,train
model,result_0051,0.6068758147673091,0.6518187363948139,-1,245
