background,duisburg_000000_000094.png
split,train
model,result_0164,0.07847070391871525,0.9006360832382128,4,76
model,result_0440,0.058935398035480535,0.8703827460624753,2,208
model,result_0484,0.8683857144654498,0.9728259759542601,-4,127
