background,schweinfurt_000000_000149.png
split,train
model,result_0992,0.16339616500693488,0.5376893124666235,-3,115
model,result_0394,0.6758208922550512,0.9419872419418187,-4,169
model,result_0163,0.2606316156936478,0.5533376699657867,4,104
