background,augsburg_000000_001071.png
split,train
model,result_0510,0.23236351809681155,0.9001079754844967,-3,271
model,result_0328,0.35542265971566545,0.4312237395903876,2,313
model,result_0879,0.1727534310089318,0.7438903959808694,-3,296
