background,heidelberg_000000_000786.png
split,train
model,result_0328,0.24411281173549892,0.9733505581353823,-4,82
model,result_0879,0.3939398282508779,0.77223668048083,-4,10
model,result_0542,0.6675493848829374,0.4850805195657572,1,210
