background,heilbronn_000000_000521.png
split,train
model,result_0949,0.7099119413747608,0.6563921899215954,-1,296
model,result_0324,0.2149837286255748,0.717971928846425,-1,237
