background,heidelberg_000000_000674.png
split,train
model,result_0882,0.4182889389397465,0.3706430525428016,-4,246
