background,augsburg_000000_001083.png
split,train
model,result_0960,0.3469868398400584,0.7395461078436546,1,189
