background,heidelberg_000000_000424.png
split,train
model,result_0247,0.2701707086179468,0.5442515718089911,4,300
model,result_0239,0.18832000120403247,0.7467609005972848,1,40
