background,saarbrucken_000000_000098.png
split,train
model,result_0389,0.8937765921091579,0.8475529533316501,2,78
model,result_0164,0.028662699451824758,0.6162131274030967,4,137
