background,dresden_000000_000405.png
split,train
model,result_0862,0.7801940772607688,0.5070817540837287,-2,152
