background,heidelberg_000000_000411.png
split,train
model,result_0324,0.5928542035651843,0.8628749313896517,-3,331
model,result_0173,0.07882461901795446,0.7850647899880104,4,100
