background,augsburg_000000_001355.png
split,train
model,result_0751,0.14419617169915266,0.8326146803449456,0,222
model,result_0678,0.9473187562407626,0.39520030834894404,-2,5
