background,oberhausen_000000_000011.png
split,train
model,result_0484,0.35575040864831853,0.4041919296018727,3,294
model,result_0861,0.47227279720532833,0.8017289141287343,3,147
model,result_0882,0.3646869303743717,0.5194371207728005,-3,132
