background,bayreuth_000000_000443.png
split,train
model,result_0945,0.24858405971977549,0.6887545644553369,3,200
model,result_0612,0.5239134620062023,0.8394614105623789,1,83
model,result_0283,0.3952296737254204,0.8976274508297596,1,263
