background,wurzburg_000000_000099.png
split,train
model,result_0586,0.3790663400246236,0.28568372719364865,3,280
