background,augsburg_000000_000166.png
split,train
model,result_0193,0.0992137781358653,0.3013140395156092,4,289
model,result_0036,0.19475671022376928,0.343544403425982,-1,148
