background,konstanz_000000_000855.png
split,train
model,result_0388,0.1645097346281884,0.37198621523581943,-2,28
model,result_0499,0.8992147578677568,0.8972621549967419,-3,353
model,result_0844,0.45053219766970787,0.6989896176817756,1,41
