background,dortmund_000000_000936.png
split,train
model,result_0562,0.6001842618669685,0.7952352590502331,4,102
model,result_0215,0.7134706443897807,0.6332446593198502,4,262
model,result_0332,0.23074550213435008,0.5449950248488388,4,49
