background,lindau_000040_000019.png
split,train
model,result_0080,0.12472916609975515,0.8545707623075736,-1,128
model,result_0857,0.8669763970290579,0.3186569874387293,-3,283
model,result_0795,0.8157146321403728,0.7093783000971585,3,268
