background,freiburg_000000_000712.png
split,train
model,result_0191,0.4251665226326825,0.3315636813156962,3,340
model,result_0775,0.21472075039742944,0.5618171319234553,3,47
