background,freiburg_000000_000631.png
split,train
model,result_0060,0.16511015357827286,0.345713109337894,-3,143
model,result_0080,0.4205405900135305,0.5705956313459843,4,162
