background,dortmund_000000_000840.png
split,train
model,result_0319,0.5219568259926587,0.5607268131660631,-1,24
model,result_0477,0.1309876339350401,0.893520352489327,-2,344
model,result_0949,0.033903480418691734,0.32198821180612447,3,91
