background,wurzburg_000000_000774.png
split,train
model,result_0983,0.9692441135147142,0.3672077278429433,-4,290
