background,wurzburg_000000_000370.png
split,train
model,result_0879,0.21871379525005696,0.4328748245078353,-4,240
