background,muhlheim-ruhr_000000_001151.png
split,train
model,result_0775,0.09682610859663132,0.34664030480444163,-3,130
model,result_0075,0.0524509434466186,0.6259792383035696,1,24
