background,augsburg_000000_000314.png
split,train
model,result_0394,0.9260502417059353,0.6564633474785782,1,27
model,result_0163,0.23562514560017112,0.27298868329202725,3,161
model,result_0657,0.9461420319325474,0.6021657797114695,3,223
