background,schweinfurt_000000_000011.png
split,train
model,result_0192,0.760700011166063,0.8697411009294529,0,225
