background,duisburg_000000_000195.png
split,train
model,result_0388,0.9126165507791707,0.6193091741537496,3,191
model,result_0499,0.004377009757919881,0.6103486875254991,-1,322
model,result_0844,0.24343525465924942,0.5218590244488562,2,90
