background,wurzburg_000000_001434.png
split,train
model,result_0527,0.2994520984965958,0.6168195852909008,1,356
model,result_0602,0.8652410222755862,0.9482515288493218,3,16
model,result_0024,0.07670453879548123,0.9198046700227909,3,227
