background,wurzburg_000000_001354.png
split,train
model,result_0979,0.5099405341519717,0.6310012695614065,-2,157
model,result_0871,0.5525034397890702,0.8290993719396182,-3,244
model,result_0878,0.20849604806557287,0.7870893334624375,-4,9
