background,strasbourg_000000_031067.png
split,train
model,result_0510,0.33534986026133895,0.583621365095744,-1,86
