background,konigswinter_000000_000039.png
split,train
model,result_0080,0.8833699716191104,0.9660438960843416,-2,155
model,result_0857,0.8679829155981534,0.3452736198215264,4,162
