background,heidelberg_000000_000880.png
split,train
model,result_0612,0.6975915961496669,0.4650519225091073,4,201
model,result_0283,0.39109139638770674,0.5045551578107597,-4,173
