background,strasbourg_000000_031223.png
split,train
model,result_0389,0.18917728680788004,0.7541143269561339,4,148
model,result_0164,0.822129360535208,0.8280579705274549,-3,247
model,result_0440,0.20611115853506567,0.758494360205972,0,256
