background,wurzburg_000000_001115.png
split,train
model,result_0239,0.3480908131403091,0.8884210943039714,2,69
model,result_0051,0.523541589088196,0.7455645575155161,-2,30
model,result_0739,0.26119509940930574,0.758509706317315,-1,277
