background,dortmund_000000_000386.png
split,train
model,result_0632,0.6374067291848955,0.9554381858487461,-1,4
