background,muhlheim-ruhr_000000_001099.png
split,train
model,result_0878,0.8471621587417517,0.9889390683659012,2,183
