background,muhlheim-ruhr_000000_000030.png
split,train
model,result_0328,0.7630006916497276,0.5542773659546945,1,325
model,result_0879,0.555256024241064,0.8630042969853291,3,125
model,result_0542,0.8696420607441413,0.6370196349709754,2,118
