background,karlsruhe_000000_001096.png
split,train
model,result_0606,0.6122572895214885,0.8657879597830898,4,257
model,result_0082,0.4108929130656451,0.31079821210659647,-4,99
model,result_0945,0.7449119568488064,0.9994652615044604,1,107
