background,karlsruhe_000000_000759.png
split,train
model,result_0218,0.8899064311704107,0.3480440741906421,-1,274
