background,karlsruhe_000000_001068.png
split,train
model,result_0154,0.2356352826239434,0.7192262234976792,-2,88
model,result_0562,0.6175033311689547,0.6205772854543998,-3,166
model,result_0215,0.8627373586984085,0.4275395224737133,1,335
