background,duisburg_000000_000657.png
split,train
model,result_0803,0.6994596632957405,0.648051770652123,2,284
