background,augsburg_000000_000437.png
split,train
model,result_0051,0.05437398792664139,0.4879481026098396,4,290
model,result_0739,0.6700124011920702,0.7809854722474233,0,247
model,result_0960,0.6931603324786261,0.7559507145175021,3,1
