background,mannheim_000000_000582.png
split,train
model,result_0524,0.5264403589314889,0.7228868921354563,0,317
