background,karlsruhe_000000_001140.png
split,train
model,result_0805,0.3016287668206976,0.6835450318414829,-4,67
model,result_0039,0.173575687934708,0.5546156161692503,2,306
