background,wuppertal_000000_000375.png
split,train
model,result_0039,0.9626848181877908,0.2745633314035616,-3,57
model,result_0386,0.6696455514012419,0.3106656971627348,-3,138
model,result_0979,0.9149218291012894,0.5631851915916155,4,111
