background,bayreuth_000000_000001.png
split,train
model,result_0674,0.058421393236874675,0.36748383717211364,-2,4
model,result_0146,0.035587839622179374,0.9664463651075372,-1,345
model,result_0295,0.6932829523068523,0.43345151036615476,0,349
