background,augsburg_000000_000899.png
split,train
model,result_0477,0.33221862626360654,0.2951862951848865,4,274
