background,saarbrucken_000000_000301.png
split,train
model,result_0288,0.30872847930164615,0.3966512638478338,3,20
model,result_0247,0.6807032390004136,0.8907226647127922,-1,338
