background,bremen_000197_000019.png
split,train
model,result_0218,0.34342302136963854,0.9975821311725365,2,182
