background,heilbronn_000000_000080.png
split,train
model,result_0866,0.7134635499155032,0.8024403702201035,2,257
