background,oberhausen_000000_000888.png
split,train
model,result_0871,0.9026513390314373,0.7303062578865032,1,170
model,result_0878,0.35053836405125516,0.5794801489267305,2,37
model,result_0004,0.6434858353828549,0.5416536615593932,-1,239
