background,wuppertal_000000_000905.png
split,train
model,result_0499,0.6930593389837069,0.48796322736249326,1,103
model,result_0844,0.9711100636765121,0.40051220410229404,0,78
