background,ulm_000061_000019.png
split,train
model,result_0295,0.656277509516773,0.6442393998053433,-4,224
model,result_0127,0.5014226750595422,0.5443348523127742,0,255
