background,duisburg_000000_000003.png
split,train
model,result_0332,0.24299936362768093,0.9481931704741169,2,5
model,result_0385,0.9988368220965786,0.6185397629492233,-3,199
model,result_0991,0.10033104947409999,0.9260857366486827,1,310
