background,bochum_000000_031922.png
split,train
model,result_0046,0.12852720442375465,0.8032441009928051,4,156
model,result_0389,0.9340465488335328,0.9332192879629546,2,245
