background,bremen_000277_000019.png
split,train
model,result_0657,0.45062578556910127,0.8599308849575406,4,42
