background,dortmund_000000_000821.png
split,train
model,result_0751,0.28188468753427376,0.8932045168305358,2,15
model,result_0678,0.8271238511648414,0.7521197865416929,-1,334
model,result_0784,0.4248869428856398,0.6894015094459043,-4,84
