background,muhlheim-ruhr_000000_000630.png
split,train
model,result_0173,0.05129685759651992,0.9676635045436786,1,76
