background,dortmund_000000_000636.png
split,train
model,result_0855,0.7048382181053265,0.3587511261716728,2,326
model,result_0338,0.672702994629609,0.9499956957163888,-3,26
model,result_0557,0.4439466085555156,0.47734064893059236,-1,228
