background,muhlheim-ruhr_000000_000896.png
split,train
model,result_0163,0.31520768977825386,0.7544402887055004,1,212
model,result_0657,0.1804123845901423,0.5987803628194488,3,49
