background,duisburg_000000_000524.png
split,train
model,result_0319,0.9352844248803776,0.5291325464899246,-4,72
model,result_0477,0.1700853596441365,0.955768113461117,-2,252
