background,duisburg_000000_000524.png
split,train
model,result_0173,0.6502500617635342,0.7455656388199773,-2,261
model,result_0751,0.27247069083071174,0.7272041410690178,-4,82
