background,saarbrucken_000000_000471.png
split,train
model,result_0562,0.4194437086771755,0.9321037735174701,-3,113
