background,nuremberg_000000_000824.png
split,train
model,result_0199,0.7952012890149052,0.9900205421873467,4,255
