background,heilbronn_000000_000687.png
split,train
model,result_0989,0.446358103323394,0.2663787341174548,4,247
