background,mannheim_000000_000274.png
split,train
model,result_0914,0.9771367746325444,0.4595356247974391,-3,143
model,result_0193,0.8833644780220491,0.5535658771040104,-1,337
