background,muhlheim-ruhr_000000_000963.png
split,train
model,result_0484,0.9286586450729682,0.6904014868088312,0,240
model,result_0861,0.17131568662113617,0.4414259862536045,3,203
model,result_0882,0.15235807872390583,0.30483135722924903,-1,199
