background,heidelberg_000000_000210.png
split,train
model,result_0914,0.7147869797451204,0.7873266827318354,2,285
model,result_0193,0.9993458157381075,0.4534103317292292,1,38
model,result_0036,0.7147961959246923,0.4521362000325837,-3,246
