background,mannheim_000000_000282.png
split,train
model,result_0674,0.2976863176806698,0.8013946035321604,4,42
