background,oberhausen_000000_000563.png
split,train
model,result_0328,0.3645467629446657,0.6650574230640505,0,188
