background,wurzburg_000000_000859.png
split,train
model,result_0386,0.7949847650186016,0.37515287088040505,2,112
model,result_0979,0.9057323843344418,0.35144535420198153,0,104
model,result_0871,0.3816802705707343,0.5267403821665219,2,46
