background,nuremberg_000000_000581.png
split,train
model,result_0542,0.46086619061098233,0.3331970152971418,2,280
model,result_0674,0.73427743202086,0.8022289307140817,-2,267
