background,bamberg_000000_000226.png
split,train
model,result_0646,0.7418093117559816,0.3668046351484856,-1,343
model,result_0586,0.05101938046315657,0.3073446430041835,3,66
