background,dortmund_000000_001029.png
split,train
model,result_0960,0.7420792754259923,0.8117312365487647,0,72
model,result_0632,0.9736091934480325,0.5870925005238252,-4,69
