background,dortmund_000000_000518.png
split,train
model,result_0793,0.1662854444217715,0.9345420248938945,2,159
model,result_0686,0.5227402989561619,0.5454934596304819,3,123
