background,freiburg_000000_000597.png
split,train
model,result_0127,0.34904095549808123,0.7548393629673056,0,211
model,result_0022,0.7799710269681489,0.7752890439593727,3,10
