background,augsburg_000000_001081.png
split,train
model,result_0960,0.3006966047151439,0.27446209678098366,0,240
model,result_0632,0.009385764121702667,0.9220432319535844,4,142
model,result_0357,0.17932570159585748,0.556841610668878,-1,243
