background,karlsruhe_000000_000578.png
split,train
model,result_0127,0.5852124418270683,0.5950838653406282,4,96
model,result_0022,0.977888257144515,0.7606421409327528,2,234
model,result_0061,0.442008990853235,0.9910393592376652,1,115
