background,dusseldorf_000049_000019.png
split,train
model,result_0632,0.9802676763304501,0.8865156646828546,0,282
model,result_0357,0.3209487461361096,0.32137737805177863,3,195
