background,dresden_000000_000068.png
split,train
model,result_0367,0.38415796015426396,0.662505395525787,-1,157
model,result_0822,0.518850558204976,0.4726996252371132,3,167
model,result_0855,0.8297415939967872,0.961680877400358,-1,189
