background,wuppertal_000000_000040.png
split,train
model,result_0477,0.9665772574520815,0.5388723264139601,-2,16
