background,heidelberg_000000_001183.png
split,train
model,result_0123,0.27509465541700706,0.9676495529756277,0,266
model,result_0472,0.6719268133855046,0.6299768474406948,-1,201
model,result_0981,0.3450273089485294,0.9837367657557954,0,335
