background,mannheim_000000_000744.png
split,train
model,result_0051,0.3061625173446034,0.43539269212557646,-3,172
model,result_0739,0.3861577815394319,0.9037944120360581,-2,92
model,result_0960,0.8474617657647793,0.7060025243562007,-4,234
