background,wuppertal_000000_000899.png
split,train
model,result_0991,0.9771564708622447,0.41269433291764984,-3,328
model,result_0373,0.8743865924016251,0.4925212627561687,-1,72
