background,bamberg_000000_000375.png
split,train
model,result_0191,0.7160870906702228,0.8747693057236899,3,107
