background,konstanz_000000_000117.png
split,train
model,result_0674,0.27131441969717585,0.380914266513972,-1,354
model,result_0146,0.05589811005193801,0.5528254014594476,-1,144
model,result_0295,0.12669647890276836,0.52233089089821,4,204
