background,nuremberg_000000_000205.png
split,train
model,result_0983,0.9990968302007445,0.43798093071193284,2,49
model,result_0996,0.9357835076747932,0.4290102918079084,-2,244
model,result_0266,0.7936424225373075,0.558649657751905,3,73
