background,karlsruhe_000000_000002.png
split,train
model,result_0022,0.67005650007422,0.8546814072546918,-1,123
model,result_0061,0.8716759188408983,0.47327621755679977,4,131
