background,karlsruhe_000000_000954.png
split,train
model,result_0992,0.5508866062371383,0.3888916506938285,-4,301
model,result_0394,0.05623822233903475,0.779543990549062,4,51
model,result_0163,0.03881898079334967,0.9161210143560712,4,283
