background,augsburg_000000_001003.png
split,train
model,result_0784,0.0043362031873835916,0.4611591034803314,-3,81
model,result_0924,0.0013381610916902709,0.5059616519822963,0,98
model,result_0866,0.2456874744908808,0.8985234646217922,-1,269
