background,muhlheim-ruhr_000000_000684.png
split,train
model,result_0979,0.596491066326692,0.945877749645072,-1,183
