background,freiburg_000000_000740.png
split,train
model,result_0004,0.3727589781198952,0.6322260992567755,1,14
model,result_0931,0.389282269527763,0.9061345971811031,3,131
