background,mannheim_000000_000034.png
split,train
model,result_0328,0.4083699022210793,0.6582757996222601,-1,264
