background,saarbrucken_000000_000526.png
split,train
model,result_0295,0.3332867767440917,0.8799093875025954,2,108
model,result_0127,0.18911301961371518,0.3659693275371,2,260
model,result_0022,0.14822904144213533,0.5673875937688071,-2,302
