background,karlsruhe_000000_000027.png
split,train
model,result_0968,0.43684900037061825,0.8646709790563806,3,324
model,result_0847,0.5263070070067386,0.48277869475182655,1,175
