background,wurzburg_000000_001291.png
split,train
model,result_0803,0.23216754930012862,0.4133736674776515,0,325
model,result_0192,0.3225423094055446,0.5901365035452832,0,157
