background,augsburg_000000_000866.png
split,train
model,result_0694,0.8267115990672127,0.7724418019363979,-4,328
model,result_0319,0.4389624919722255,0.6823969176355621,1,292
