background,duisburg_000000_000747.png
split,train
model,result_0146,0.560399446081399,0.891505755974613,-4,52
model,result_0295,0.999037806389785,0.8471988820628729,-2,9
