background,dortmund_000000_000510.png
split,train
model,result_0082,0.7255375323331302,0.5566938234309775,1,285
model,result_0945,0.5648270068265998,0.9599863129134203,1,100
