background,nuremberg_000000_001182.png
split,train
model,result_0995,0.833064082002932,0.8338621543392523,0,126
model,result_0969,0.6555778368984337,0.8672228966049519,0,155
model,result_0793,0.04516980875617538,0.6632931405356585,4,141
