background,duisburg_000000_000667.png
split,train
model,result_0173,0.9000060515496919,0.8678594996303832,0,335
model,result_0751,0.6330233794490712,0.3125624106943581,-3,40
