background,muhlheim-ruhr_000000_001195.png
split,train
model,result_0154,0.7675263174195173,0.3656396084568907,4,275
model,result_0562,0.6183002588021852,0.2594565887503284,4,331
