background,karlsruhe_000000_000012.png
split,train
model,result_0931,0.6908493640294784,0.5930329839360444,0,260
