background,konstanz_000000_000064.png
split,train
model,result_0562,0.025704705484311918,0.8597553238470981,-1,230
model,result_0215,0.3469408485818757,0.7195322947703608,1,359
