background,muhlheim-ruhr_000000_000626.png
split,train
model,result_0386,0.23927219592551185,0.7410864025911776,-3,287
model,result_0979,0.40937021889317315,0.4521762738240786,-2,106
model,result_0871,0.04061586206412693,0.5845354511664145,-2,319
