background,heilbronn_000000_000309.png
split,train
model,result_0995,0.8927860078943288,0.7019440571200728,-1,87
model,result_0969,0.46596966882485114,0.6875035523703718,4,132
model,result_0793,0.6215903042690732,0.9601063229582731,-3,124
