background,schweinfurt_000000_000692.png
split,train
model,result_0499,0.07946313667016813,0.259882260513143,-3,330
model,result_0844,0.4993966452647456,0.6733679492978271,3,157
