background,dresden_000000_000058.png
split,train
model,result_0924,0.012312652387739709,0.8686897980650989,-3,33
model,result_0866,0.6853029148819639,0.3865382304313284,-3,255
