background,oberhausen_000000_000819.png
split,train
model,result_0163,0.6109747684951339,0.6025731301979591,-1,6
model,result_0657,0.7006793148362458,0.9658706897573277,3,325
