background,bremen_000088_000019.png
split,train
model,result_0983,0.7745603158145808,0.43718389631920285,-3,6
model,result_0996,0.893803757268515,0.574448389798074,-1,57
model,result_0266,0.501531482042296,0.5036883336486719,4,130
