background,karlsruhe_000000_000300.png
split,train
model,result_0060,0.7252350165475085,0.4729254854410634,1,9
