background,heilbronn_000000_000115.png
split,train
model,result_0981,0.5251639461466943,0.4880285858060681,3,274
model,result_0527,0.34641172397868203,0.4994199129960161,1,92
