background,muhlheim-ruhr_000000_000049.png
split,train
model,result_0388,0.9149322847911362,0.8217568419780424,-2,105
