background,bremen_000204_000019.png
split,train
model,result_0795,0.9427453783715212,0.9387242012543363,-2,173
model,result_0388,0.814976366542782,0.7626665814500676,-3,74
model,result_0499,0.8298337133767811,0.8064402147827763,0,215
