background,hanover_000000_019116.png
split,train
model,result_0527,0.4692079048739356,0.9165523585654007,3,25
model,result_0602,0.6844421746263142,0.923727488621088,-1,302
model,result_0024,0.7318713865366951,0.4535493845573289,3,35
