background,heidelberg_000000_000063.png
split,train
model,result_0557,0.6221526099549384,0.5672392151154564,2,81
model,result_0544,0.05847083353893512,0.8267214680521718,0,127
