background,wurzburg_000000_001588.png
split,train
model,result_0542,0.47766912034614084,0.5614618334045763,-3,161
model,result_0674,0.6200440654496565,0.4535065924418945,1,349
