background,heilbronn_000000_000078.png
split,train
model,result_0861,0.3375555371021033,0.8093714816073313,2,17
model,result_0882,0.702242499025836,0.8204818009927496,-2,19
model,result_0467,0.2772247528511228,0.35388855156913657,1,261
