background,karlsruhe_000000_000915.png
split,train
model,result_0855,0.5307367702686742,0.4404432962268879,4,191
model,result_0338,0.1152057813587456,0.6698911452799474,-4,208
model,result_0557,0.9395817350381754,0.9779572642010099,1,100
