background,mannheim_000000_000852.png
split,train
model,result_0477,0.9092576229867296,0.9109987096753227,3,349
model,result_0949,0.7058611878386222,0.8578500785073555,1,311
model,result_0324,0.8259333537036933,0.8726511919025455,2,88
