background,karlsruhe_000000_001115.png
split,train
model,result_0857,0.08476182372973184,0.4484857339116806,-1,181
model,result_0795,0.7565467979914058,0.6048954111873046,2,310
