background,troisdorf_000000_000047.png
split,train
model,result_1000,0.16815373668806366,0.5447507840661706,1,52
model,result_0367,0.17557357958592534,0.7791147439594532,1,76
