background,nuremberg_000000_001038.png
split,train
model,result_0061,0.12929407800075365,0.5769541140838215,1,11
