background,heidelberg_000000_000849.png
split,train
model,result_0467,0.6656595363750356,0.9852443372266303,4,190
model,result_0154,0.12155916994762217,0.3318920826558478,4,132
model,result_0562,0.9099482067493171,0.29081357050968826,1,325
