background,konstanz_000000_000944.png
split,train
model,result_0283,0.2547077943482423,0.9111399611692174,0,46
model,result_0968,0.5271758838092563,0.3300236266361489,2,72
model,result_0847,0.723712558890655,0.8182817491271179,-2,207
