background,wuppertal_000000_000848.png
split,train
model,result_0803,0.2812209125132794,0.9046697086388615,3,124
