background,schweinfurt_000000_000254.png
split,train
model,result_0606,0.1784577735439422,0.8990508254741264,0,86
model,result_0082,0.1642205531962968,0.8006738023200471,2,54
