background,schweinfurt_000000_000522.png
split,train
model,result_0562,0.8512311817877541,0.45920746920066446,1,308
model,result_0215,0.6370608046435802,0.9907431457125496,-4,185
