background,oberhausen_000000_000750.png
split,train
model,result_0039,0.8704949464170322,0.5211358122412311,0,334
model,result_0386,0.7869341794361929,0.35404841004119125,3,341
model,result_0979,0.310062130637043,0.4658787751147863,-1,76
