background,darmstadt_000038_000019.png
split,train
model,result_0239,0.11327840858456883,0.852787734556254,-4,239
