background,schweinfurt_000000_000225.png
split,train
model,result_0861,0.3900095788385374,0.7722867398540566,2,260
