background,mannheim_000000_000593.png
split,train
model,result_0004,0.8094793617667257,0.858047726899108,0,207
