background,muhlheim-ruhr_000000_000470.png
split,train
model,result_0394,0.3376633906165778,0.32645080029598356,1,355
model,result_0163,0.0492040725302475,0.28181388724677486,-4,187
model,result_0657,0.34369140418390043,0.7048550133670166,-1,3
