background,bamberg_000000_000234.png
split,train
model,result_0674,0.6012083051651976,0.7542705174010237,2,240
model,result_0146,0.7036980276989596,0.8211516794637012,-2,348
