background,freiburg_000000_000806.png
split,train
model,result_0979,0.9292389255193201,0.3363899592210724,-3,181
model,result_0871,0.6760034338730911,0.5319062297769344,-2,310
model,result_0878,0.95400029004299,0.7160841513186016,0,326
