background,bamberg_000000_000432.png
split,train
model,result_0983,0.5033585770779702,0.9948674657019805,3,274
