background,bayreuth_000000_000468.png
split,train
model,result_0332,0.2759154466925552,0.43027917475558464,-3,28
model,result_0385,0.8318768078950863,0.6725054282762197,-1,44
model,result_0991,0.47048374170213814,0.9986309254472627,1,104
