background,bremen_000149_000019.png
split,train
model,result_0632,0.3536809723422307,0.8427143842669161,0,65
model,result_0357,0.9927233612629708,0.771832974569056,3,172
model,result_0046,0.5277984210464054,0.6456828844203086,3,320
