background,saarbrucken_000000_000155.png
split,train
model,result_0857,0.7492120901056288,0.672741582892307,-2,232
model,result_0795,0.7176423694283272,0.31447015087268687,4,240
