background,oberhausen_000000_000806.png
split,train
model,result_0082,0.5213986010853221,0.8680108539671902,-2,161
model,result_0945,0.8735628393177496,0.6245026851718162,2,116
