background,schweinfurt_000000_000632.png
split,train
model,result_0784,0.7160528070519655,0.5753709534468631,-4,189
