background,saarbrucken_000000_000154.png
split,train
model,result_0751,0.7809028498613809,0.44051201442667104,2,152
model,result_0678,0.3984055181602394,0.6909785418505092,3,94
model,result_0784,0.6061593726144152,0.4237777973786216,1,2
