background,bayreuth_000000_000227.png
split,train
model,result_0467,0.49744948354449503,0.7966459835886354,-2,120
model,result_0154,0.6805207618385878,0.5329648941797124,2,106
