background,karlsruhe_000000_000400.png
split,train
model,result_0467,0.8196839697483533,0.6527638185817844,0,259
