background,muhlheim-ruhr_000000_000413.png
split,train
model,result_0024,0.35676064614949765,0.2604573984896213,2,155
model,result_0288,0.4351876034166329,0.9664224473121925,3,68
