background,wuppertal_000000_000805.png
split,train
model,result_0199,0.5725806347215905,0.7285241112096484,4,161
model,result_0060,0.9216910507542432,0.40331971915179843,3,198
model,result_0080,0.4787148280495598,0.3920883855653846,-2,211
