background,wuppertal_000000_000718.png
split,train
model,result_0191,0.47366915325803516,0.3300110862767673,1,280
