background,jena_000034_000019.png
split,train
model,result_0871,0.035973417625764115,0.6422954452083557,-1,144
model,result_0878,0.6554948438304574,0.7068158963043427,4,170
