background,muhlheim-ruhr_000000_000965.png
split,train
model,result_0394,0.08556396778361619,0.4477322603524145,-4,257
model,result_0163,0.8614733881877543,0.3005090333922349,1,317
