background,freiburg_000000_000691.png
split,train
model,result_0686,0.39906631934179704,0.6621385546495977,1,6
model,result_0805,0.5007460671594738,0.6664955569609787,-1,343
