background,muhlheim-ruhr_000000_000797.png
split,train
model,result_0542,0.022625386522419744,0.520442842152831,1,139
model,result_0674,0.31395297855336,0.9552917371240338,3,141
model,result_0146,0.8561777377720832,0.8992414414898551,3,52
