background,muhlheim-ruhr_000000_000107.png
split,train
model,result_0527,0.8041247043927449,0.38477769342543644,-1,327
model,result_0602,0.3109273328281631,0.6476080592677776,3,186
