background,schweinfurt_000000_000438.png
split,train
model,result_0861,0.08343121141494891,0.3650619163366645,1,314
