background,dortmund_000000_000976.png
split,train
model,result_0795,0.6480270172907525,0.5433904671309198,2,307
model,result_0388,0.6429798554816567,0.8890711725523738,1,259
model,result_0499,0.4589842684898576,0.45428472155997235,-2,100
