background,muhlheim-ruhr_000000_000944.png
split,train
model,result_0857,0.7342311169541132,0.783689573444912,-2,254
