background,augsburg_000000_000258.png
split,train
model,result_0739,0.33409085130715255,0.5331586736486402,2,2
