background,konstanz_000000_001515.png
split,train
model,result_0866,0.4251759844889287,0.9703132192113324,-1,4
