background,wurzburg_000000_000645.png
split,train
model,result_0332,0.5339371603951966,0.3289404884857251,-3,254
model,result_0385,0.6202620923415033,0.9270513113830031,2,158
