background,heidelberg_000000_000618.png
split,train
model,result_0992,0.27420885455516864,0.7850847143635244,-1,120
model,result_0394,0.057131066762705074,0.6952659739036058,4,125
model,result_0163,0.1513353111308967,0.9839177734820648,-1,7
