background,nuremberg_000000_001151.png
split,train
model,result_0847,0.9500551503493064,0.2918112282468516,0,12
