background,wurzburg_000000_000800.png
split,train
model,result_0173,0.17831118424177184,0.7843591771409005,-3,66
model,result_0751,0.2641831725863526,0.9162578996217212,0,235
