background,bayreuth_000000_000029.png
split,train
model,result_0215,0.47201704826287927,0.6884429798209165,-1,303
model,result_0332,0.229831435993873,0.7839033213513629,2,326
