background,nuremberg_000000_000542.png
split,train
model,result_0882,0.5226854513488002,0.4262836116818679,0,262
model,result_0467,0.25391949675326864,0.4854154029264026,0,81
model,result_0154,0.23232208792351838,0.3366598380395506,4,87
