background,nuremberg_000000_000573.png
split,train
model,result_0657,0.6977331270710874,0.4485153505859287,-2,120
model,result_0914,0.4542055623366703,0.8040368131905733,3,38
