background,mannheim_000000_000222.png
split,train
model,result_0386,0.09093106178531529,0.3451844190711999,0,9
