background,konstanz_000000_000971.png
split,train
model,result_0022,0.1968833347892217,0.7046732138800569,0,113
model,result_0061,0.5347855961506229,0.9445867942177618,-4,342
model,result_0606,0.1701030509174336,0.3056367923237916,2,167
