background,dortmund_000000_000843.png
split,train
model,result_0861,0.4109166086983318,0.8267713119105663,1,24
