background,karlsruhe_000000_000705.png
split,train
model,result_0199,0.7308037026568526,0.9730610958505227,1,82
