background,dresden_000000_000028.png
split,train
model,result_0004,0.9660507030869682,0.7520448352495741,-2,91
model,result_0931,0.5912560256586662,0.9262284149007265,3,81
