background,nuremberg_000000_000793.png
split,train
model,result_0882,0.19999010706634246,0.5058382996308091,-1,115
model,result_0467,0.9251662021911295,0.6301157725007744,-4,180
model,result_0154,0.1878547103628364,0.5134509981860643,4,59
