background,dortmund_000000_000350.png
split,train
model,result_0472,0.38873432394327245,0.4393357111013073,0,276
model,result_0981,0.7176644060305283,0.4886281588461903,3,149
model,result_0527,0.7547129957999934,0.928108068677577,-1,320
