background,freiburg_000000_000807.png
split,train
model,result_0542,0.011291866404545936,0.9406853269026895,-1,227
