background,heidelberg_000000_000984.png
split,train
model,result_0822,0.8517855029812074,0.9609512665545774,-2,272
model,result_0855,0.8894398235488532,0.3115071718849878,2,71
model,result_0338,0.8790623847605034,0.6576983439780199,-3,322
