background,oberhausen_000000_000483.png
split,train
model,result_0357,0.5291457902363255,0.566601308524156,-1,107
model,result_0046,0.18372895855568305,0.8164032968067182,-2,150
model,result_0389,0.6288212825361461,0.6464208092788152,-3,276
