background,karlsruhe_000000_000030.png
split,train
model,result_0367,0.787940015109583,0.5209104787699143,-4,345
model,result_0822,0.8694467337391822,0.3053727713227383,-3,33
model,result_0855,0.7500680218102709,0.678741209527788,3,194
