background,augsburg_000000_000502.png
split,train
model,result_0191,0.9519658146209365,0.9541165287805209,0,28
model,result_0775,0.5253433799757877,0.3782150077029408,-1,302
model,result_0075,0.6213359140042634,0.3214933704333679,-2,54
