background,karlsruhe_000000_000268.png
split,train
model,result_0847,0.24459004052150435,0.7081370350685832,1,131
model,result_0646,0.7959412248770614,0.8076632519015206,1,273
model,result_0586,0.6545089363364344,0.42928296901149954,-1,21
