background,heidelberg_000000_000390.png
split,train
model,result_0862,0.31504872283541996,0.9286804540877261,-3,249
model,result_0524,0.022516819905374685,0.959998064890594,3,29
model,result_0199,0.8289164128824736,0.33377172860333537,1,128
