background,schweinfurt_000000_000576.png
split,train
model,result_0510,0.5318361859398504,0.3524152550859996,3,236
