background,oberhausen_000000_000785.png
split,train
model,result_0332,0.7607972728084708,0.6981859098647318,4,329
model,result_0385,0.4414085870726744,0.30365344400026373,-3,300
