background,schweinfurt_000000_000535.png
split,train
model,result_0775,0.2022297809031931,0.26029804705074844,-3,212
