background,oberhausen_000000_000645.png
split,train
model,result_0992,0.8415122116988359,0.4702093501202055,-2,201
model,result_0394,0.09707252112898168,0.9871281289696894,-4,273
model,result_0163,0.8819353479370351,0.896787044107626,-3,261
