background,muhlheim-ruhr_000000_000521.png
split,train
model,result_0866,0.8341565124016855,0.4890351842217262,-1,127
model,result_0983,0.6384664620789858,0.8124480955010625,3,147
model,result_0996,0.8607303599313635,0.6636054784133475,-1,64
