background,wuppertal_000000_000418.png
split,train
model,result_0991,0.41669160211568157,0.4191352738873146,1,43
model,result_0373,0.4316076605707878,0.3192093706172553,-2,86
