background,dortmund_000000_000077.png
split,train
model,result_0373,0.8401002010878873,0.8166090347096044,4,161
