background,dortmund_000000_000641.png
split,train
model,result_0871,0.5808061381245965,0.7162850957996826,1,335
model,result_0878,0.08805907439344807,0.829295274928999,2,129
model,result_0004,0.541519147036045,0.7549390699743386,-2,267
