background,frankfurt_000001_041517.png
split,train
model,result_0039,0.28157866757530126,0.8551175789873718,0,18
model,result_0386,0.4128520705250832,0.48910374227930997,-4,123
