background,mannheim_000000_001002.png
split,train
model,result_0024,0.11616653928491383,0.8262324500106796,4,171
model,result_0288,0.9586252271918827,0.742499516986078,-3,108
model,result_0247,0.011141685134011259,0.7410500561709564,2,192
