background,muhlheim-ruhr_000000_000629.png
split,train
model,result_0562,0.2832760373119557,0.39701593203489005,1,157
