background,schweinfurt_000000_000653.png
split,train
model,result_0805,0.506405961459586,0.5776723508566203,-1,40
model,result_0039,0.6359490953344134,0.3215436222414001,-4,173
