background,augsburg_000000_000837.png
split,train
model,result_0154,0.8042240404167027,0.4559710461032942,-2,163
