background,nuremberg_000000_000474.png
split,train
model,result_0082,0.8413110691666025,0.2703321568322745,-3,300
model,result_0945,0.9845990488105996,0.583375734885332,3,65
model,result_0612,0.504756474232394,0.3525551571951571,1,229
