background,dresden_000000_000023.png
split,train
model,result_0472,0.27226037177377005,0.6927289980009127,-3,109
model,result_0981,0.5783147270041837,0.4018509390184598,-4,79
model,result_0527,0.06264378329411247,0.649175044339076,1,190
