background,karlsruhe_000000_000935.png
split,train
model,result_0484,0.6780199229465406,0.7924708277366543,-3,318
model,result_0861,0.5428622909259274,0.922942748326363,4,232
