background,mannheim_000000_001168.png
split,train
model,result_0674,0.8171515910080691,0.4270138380682651,4,273
model,result_0146,0.349341664712032,0.7802041735955298,1,84
