background,freiburg_000000_000782.png
split,train
model,result_0319,0.8925529063715184,0.3862350130691585,0,10
model,result_0477,0.3846191898904442,0.8822806298425967,-1,337
