background,bayreuth_000000_000396.png
split,train
model,result_0283,0.4104009143979137,0.5970789494304682,2,3
model,result_0968,0.9537689672708666,0.5443289303527554,-4,327
model,result_0847,0.025195663437776017,0.3961147442993272,4,18
