background,saarbrucken_000000_000372.png
split,train
model,result_0981,0.7727217000716085,0.6165773474030107,3,287
model,result_0527,0.3672296674011841,0.6566970911631774,4,140
