background,troisdorf_000000_000129.png
split,train
model,result_0879,0.20872793703958425,0.2879354396445476,2,53
model,result_0542,0.654275635569144,0.3128291974235039,0,303
model,result_0674,0.6776528265466155,0.5153012173169338,3,189
