background,augsburg_000000_000277.png
split,train
model,result_0440,0.6091285200001628,0.30429358489998926,-3,356
