background,saarbrucken_000000_000356.png
split,train
model,result_0606,0.14805630146499116,0.33597910924105834,-3,75
