background,bamberg_000000_000184.png
split,train
model,result_0004,0.13019524314234177,0.4517876456626305,4,271
model,result_0931,0.4185572095450961,0.4089575384436779,4,52
model,result_0123,0.23192255982289134,0.2856445423966695,2,187
