background,duisburg_000000_000435.png
split,train
model,result_0154,0.12812263834716908,0.881998905775352,-3,360
model,result_0562,0.5820982681778474,0.6216769465402818,-1,285
