background,bremen_000238_000019.png
split,train
model,result_0524,0.8680585096648494,0.9755380001805298,4,346
