background,muhlheim-ruhr_000000_001068.png
split,train
model,result_0914,0.2706337107196167,0.7018950421763669,-4,334
