background,munster_000157_000019.png
split,train
model,result_0968,0.17966303987943388,0.4845678000514697,-1,284
