background,hamburg_000000_000629.png
split,train
model,result_0795,0.11964355859711107,0.9760288585556816,-2,144
model,result_0388,0.1890478300799081,0.26284126421361514,3,34
model,result_0499,0.11588636786665618,0.7795069890181296,-4,334
