background,schweinfurt_000000_000154.png
split,train
model,result_0239,0.12569512584505282,0.8146550205303411,-4,5
model,result_0051,0.9450028362111649,0.29769338574550486,-3,232
