background,bayreuth_000000_000642.png
split,train
model,result_0288,0.04584820904574294,0.46546143924480465,-3,256
model,result_0247,0.008718610397276949,0.7500016887715216,0,269
