background,dortmund_000000_000569.png
split,train
model,result_0218,0.5190776618389512,0.8947995251671378,2,13
