background,oberhausen_000000_000022.png
split,train
model,result_0324,0.9362344311301882,0.6905345232586315,-3,284
model,result_0173,0.9405351469388865,0.68346808978551,1,27
model,result_0751,0.837547567879747,0.7206889430182319,-4,6
