background,freiburg_000000_000777.png
split,train
model,result_0357,0.46177803906164705,0.4826392637389364,-4,51
model,result_0046,0.7474818649567326,0.5190845391243739,0,330
model,result_0389,0.12753978572471458,0.5469973854699849,-3,21
