background,dortmund_000000_000563.png
split,train
model,result_0674,0.565214308674167,0.4751302225705792,-4,105
model,result_0146,0.7095528035385253,0.5146703609833237,1,283
model,result_0295,0.1699025152987107,0.9894204245478808,4,65
