background,oberhausen_000000_000648.png
split,train
model,result_0969,0.3217837111645674,0.6911663122477363,3,5
