background,duisburg_000000_000013.png
split,train
model,result_0499,0.947358397936003,0.38303616012631475,-4,303
