background,heilbronn_000000_000306.png
split,train
model,result_0657,0.08862250726007292,0.8562063456914087,-3,140
