background,wurzburg_000000_001494.png
split,train
model,result_0328,0.8021071624643894,0.9320382107144788,0,242
model,result_0879,0.9081445506931651,0.32327712788679897,4,11
model,result_0542,0.8117534348495492,0.276760692952881,0,268
