background,muhlheim-ruhr_000000_000041.png
split,train
model,result_0146,0.9936101589495859,0.6149089937769486,3,46
