background,schweinfurt_000000_000575.png
split,train
model,result_0385,0.5031621366255975,0.9290599954959153,0,196
model,result_0991,0.32959340610658305,0.3326880528192865,-4,103
