background,duisburg_000000_000264.png
split,train
model,result_0602,0.794626126959343,0.548749102182315,-4,203
