background,bayreuth_000000_000481.png
split,train
model,result_0862,0.2515759410205326,0.8450822797852691,0,146
model,result_0524,0.9827421106327923,0.6231416924730493,0,209
