background,muhlheim-ruhr_000000_000075.png
split,train
model,result_0871,0.6188633894747315,0.7436718574575387,2,153
model,result_0878,0.5203958990628943,0.7408310296391065,1,128
model,result_0004,0.8044979090867336,0.5578862571364833,-3,125
