background,bayreuth_000000_000091.png
split,train
model,result_0218,0.7257026699213183,0.7035116538773775,0,4
