background,muhlheim-ruhr_000000_000988.png
split,train
model,result_0477,0.015059375237179928,0.813837839674369,3,202
model,result_0949,0.5502745692751138,0.7023033535239637,2,146
model,result_0324,0.6674833292940701,0.5487990177938583,4,167
