background,konstanz_000000_000851.png
split,train
model,result_0004,0.2871439698756799,0.9131237309999491,-4,111
model,result_0931,0.9613133687818118,0.6704988388505316,2,217
