background,karlsruhe_000000_000371.png
split,train
model,result_0127,0.040317399117182795,0.7419269432636814,-4,219
model,result_0022,0.43875487948797764,0.8571883362306318,3,359
model,result_0061,0.5800258223026377,0.5274162994861897,1,10
