background,nuremberg_000000_001022.png
split,train
model,result_0332,0.27794009456819213,0.3682545200444868,-2,120
model,result_0385,0.8492297754450895,0.4912496187082551,2,262
model,result_0991,0.37049948309041136,0.6290410512039144,-4,276
