background,dortmund_000000_000631.png
split,train
model,result_0862,0.5561961174446279,0.4895801743189545,4,152
model,result_0524,0.9211445824528582,0.9943178820859473,-3,122
