background,nuremberg_000000_000946.png
split,train
model,result_0586,0.38158681467689237,0.6213774707866171,-2,37
