background,oberhausen_000000_000894.png
split,train
model,result_0995,0.03661344775893571,0.526503608879343,-1,78
model,result_0969,0.23568011912470488,0.623400109703756,3,180
