background,bayreuth_000000_000784.png
split,train
model,result_0239,0.5799462702403224,0.5547126040270863,-2,205
