background,augsburg_000000_001398.png
split,train
model,result_0385,0.6401563043675258,0.9775057906513709,-3,225
model,result_0991,0.35824514891224324,0.27339242273766995,-3,225
model,result_0373,0.8696051004431126,0.7642534970150454,2,164
