background,frankfurt_000000_010351.png
split,train
model,result_0795,0.42296006370631867,0.46591467299609257,3,297
