background,karlsruhe_000000_000440.png
split,train
model,result_0039,0.4823414742790213,0.9074670590622697,-3,168
