background,dresden_000000_000175.png
split,train
model,result_0979,0.8144693751557749,0.8911726661285139,-2,264
