background,aachen_000040_000019.png
split,train
model,result_0247,0.6661245938874795,0.34086094601281963,-2,328
model,result_0239,0.7123970064620087,0.28091888699541706,0,218
