background,wurzburg_000000_001361.png
split,train
model,result_0914,0.8719136955004918,0.8722532808400106,-1,211
model,result_0193,0.299940682703437,0.9167567467837953,-4,78
model,result_0036,0.4276433345343219,0.8939786291561893,0,246
