background,augsburg_000000_000609.png
split,train
model,result_0612,0.0970049615715598,0.7295241639805612,2,11
model,result_0283,0.6295798852692762,0.5723472923177726,1,175
model,result_0968,0.9940502318799054,0.5938083934749683,4,9
