background,bayreuth_000000_000729.png
split,train
model,result_0803,0.5448485202087406,0.6815276127208079,-4,231
model,result_0192,0.7162854013735421,0.9085615766454149,-2,1
