background,stuttgart_000070_000019.png
split,train
model,result_0295,0.14365604670756482,0.6479199094755328,0,310
model,result_0127,0.7839083390523006,0.2953075247254626,-4,124
model,result_0022,0.9050975834954221,0.6986126532577399,0,40
