background,karlsruhe_000000_000527.png
split,train
model,result_1000,0.30470183078105484,0.2871160874517235,3,352
model,result_0367,0.5137859908313994,0.5605433606287605,-1,244
model,result_0822,0.2693253677169708,0.7229061128418579,2,6
