background,aachen_000007_000019.png
split,train
model,result_0328,0.8188425002746897,0.9008045705395767,0,232
model,result_0879,0.962536295440376,0.9573128952487804,0,111
model,result_0542,0.7417726221618078,0.7707831616876293,0,12
