background,karlsruhe_000000_000288.png
split,train
model,result_0914,0.9735095778606057,0.4248782054689625,0,306
model,result_0193,0.9985942383534089,0.914058528818721,1,179
