background,wuppertal_000000_000955.png
split,train
model,result_0080,0.8250422903383682,0.5902303999640841,1,276
model,result_0857,0.001974098055106399,0.7995990986124344,0,265
