background,troisdorf_000000_000110.png
split,train
model,result_0154,0.7446335423199062,0.5162328001043555,-1,171
model,result_0562,0.07598243060872734,0.302257200277145,-1,81
model,result_0215,0.7476979885886856,0.7472542279926169,4,280
