background,wurzburg_000000_001520.png
split,train
model,result_0524,0.9084984598466134,0.5888989452195917,1,129
model,result_0199,0.8802746625957135,0.6214607507446502,3,350
