background,wurzburg_000000_000197.png
split,train
model,result_0674,0.20426262907316328,0.7812559542952541,-1,227
