background,wurzburg_000000_000029.png
split,train
model,result_0822,0.4560832271481925,0.5898966475103724,-1,134
