background,freiburg_000000_000639.png
split,train
model,result_0996,0.8626268394545084,0.4771534072522378,-3,13
