background,wuppertal_000000_000947.png
split,train
model,result_0146,0.7898787071969583,0.3920358560613638,-3,172
model,result_0295,0.24148458452584654,0.6188215753402095,3,351
model,result_0127,0.09880109680765425,0.7337236074770248,0,286
