background,monchengladbach_000000_020596.png
split,train
model,result_0332,0.37956024087740425,0.5723456701816335,-4,64
model,result_0385,0.49983672126180656,0.4696785749128992,0,325
