background,oberhausen_000000_000860.png
split,train
model,result_0857,0.3903156180531704,0.9429622155801867,2,36
model,result_0795,0.283769389328167,0.5473385624540056,3,224
