background,bremen_000274_000019.png
split,train
model,result_0075,0.3805410807711619,0.2750577897365627,1,184
model,result_0992,0.7276771585006899,0.2780201598101443,4,310
