background,karlsruhe_000000_000963.png
split,train
model,result_0061,0.49621642631957696,0.7817504852065067,1,74
model,result_0606,0.24206287346366628,0.7699164339555754,0,22
model,result_0082,0.0074113794992306525,0.30198505178935553,-1,314
