background,heilbronn_000000_000121.png
split,train
model,result_0192,0.8227373367342508,0.9907286102690376,1,270
model,result_0218,0.9960164099994847,0.3957584030623159,-3,272
model,result_0694,0.6759757047082569,0.9084215949344725,0,277
