background,heilbronn_000000_000074.png
split,train
model,result_0324,0.04262115507972131,0.3910766788460448,4,132
model,result_0173,0.3823494448075797,0.7509247848533557,3,183
