background,stuttgart_000195_000019.png
split,train
model,result_0477,0.8723831226693699,0.5306924971107232,3,21
