background,heilbronn_000000_000525.png
split,train
model,result_0328,0.06175301714409609,0.7164302924540698,-4,151
model,result_0879,0.7744040988253799,0.9842817323453098,0,279
model,result_0542,0.2691634274082123,0.6358755290204787,-2,201
