background,karlsruhe_000000_000356.png
split,train
model,result_0991,0.11301867216422545,0.7395532187230955,-3,276
model,result_0373,0.6712554612540246,0.3954179963441332,0,243
model,result_0191,0.3265156046512766,0.9206823548707834,-3,57
