background,bochum_000000_029203.png
split,train
model,result_0051,0.10221421423257626,0.516956000037408,-1,263
model,result_0739,0.5770974080587655,0.8200388249843992,-3,356
