background,freiburg_000000_000273.png
split,train
model,result_0931,0.4025599697003953,0.2664475823678672,-3,300
