background,wurzburg_000000_000462.png
split,train
model,result_0847,0.9379471314414468,0.8257366681029301,1,217
