background,konstanz_000000_001371.png
split,train
model,result_0879,0.2509807289442674,0.5146444674474986,1,2
model,result_0542,0.8183527116968793,0.9381353585884842,-3,76
model,result_0674,0.3485885048775986,0.49050883434058645,-1,257
