background,oberhausen_000000_000851.png
split,train
model,result_0999,0.9997688284200921,0.5151631173904354,-1,147
model,result_0510,0.29702249097663314,0.5343096873529276,-3,187
