background,mannheim_000000_000315.png
split,train
model,result_0992,0.8754018549778195,0.9248956507425099,2,333
model,result_0394,0.04989403805485382,0.26726964064575454,1,31
model,result_0163,0.4122959640556306,0.44205068101012945,3,50
