background,bamberg_000000_000142.png
split,train
model,result_0960,0.9302023253230666,0.6914938644807467,4,26
