background,heidelberg_000000_000628.png
split,train
model,result_0866,0.6278902771349303,0.49087965322021,-4,271
model,result_0983,0.7850472695390779,0.6530646970475327,0,224
model,result_0996,0.03459965542486754,0.6681766597895089,0,289
