background,dortmund_000000_000233.png
split,train
model,result_0328,0.4547166981525468,0.37020012886363507,-1,52
