background,bamberg_000000_000314.png
split,train
model,result_0472,0.037066583880324355,0.7326432734722572,-2,327
