background,heidelberg_000000_000470.png
split,train
model,result_0861,0.3073100026458925,0.7088583150531287,0,47
