background,heilbronn_000000_000460.png
split,train
model,result_0632,0.744141202791387,0.4940936479335951,2,27
model,result_0357,0.09806288470521596,0.927687348730638,-1,326
model,result_0046,0.10374518781885256,0.3610288732684454,0,120
