background,konstanz_000000_000014.png
split,train
model,result_0878,0.9289386431569916,0.6997989560461815,-3,287
model,result_0004,0.05595336505155113,0.9496643404778313,-2,263
