background,oberhausen_000000_000658.png
split,train
model,result_0803,0.7624234985171936,0.7047189634938713,3,121
model,result_0192,0.06287760050011915,0.4413741371581025,3,259
model,result_0218,0.05244621440243169,0.34064148623736346,-2,65
