background,wurzburg_000000_000556.png
split,train
model,result_0328,0.7816625306201344,0.732296748474186,-3,51
model,result_0879,0.9529502933294942,0.9181647442130185,2,147
