background,muhlheim-ruhr_000000_001188.png
split,train
model,result_0499,0.6393945765896595,0.4782036016351731,-1,130
