background,konstanz_000000_000666.png
split,train
model,result_0266,0.45535716625764766,0.565312184372177,4,99
