background,bremen_000191_000019.png
split,train
model,result_0154,0.3233797998614969,0.25425781319778007,2,242
