background,schweinfurt_000000_000188.png
split,train
model,result_0694,0.7087953962873597,0.7137454442619142,0,68
model,result_0319,0.2299977631521123,0.44047604660143824,4,179
