background,dortmund_000000_000624.png
split,train
model,result_0388,0.12990671984084967,0.7756553981205022,-1,354
model,result_0499,0.333351176439856,0.9618025626072468,4,117
