background,heidelberg_000000_000113.png
split,train
model,result_0524,0.2078304693059536,0.4462247329098131,-1,123
