background,weimar_000043_000019.png
split,train
model,result_0472,0.3837815496384558,0.7355406434716492,0,151
model,result_0981,0.41984767460172956,0.7464870205195532,4,319
