background,wurzburg_000000_001296.png
split,train
model,result_0510,0.6696484476171222,0.369785723999696,1,291
model,result_0328,0.23356409734182804,0.8366678016722331,1,158
