background,nuremberg_000000_001453.png
split,train
model,result_0678,0.3156491952112622,0.6585429732814826,0,336
model,result_0784,0.9870462107796492,0.805615561536978,-4,67
