background,dortmund_000000_000700.png
split,train
model,result_0646,0.992246135761859,0.7276143671934715,0,106
