background,lindau_000004_000019.png
split,train
model,result_0879,0.056042373488351616,0.26744092151773063,3,79
model,result_0542,0.6240516962668253,0.5075496315153449,2,108
