background,dusseldorf_000217_000019.png
split,train
model,result_0562,0.5638114354947824,0.8414731716199317,1,24
model,result_0215,0.6694258228645434,0.8012293422406219,3,20
