background,wuppertal_000000_000522.png
split,train
model,result_0822,0.7140736972489923,0.8481266310009496,2,116
model,result_0855,0.39370845285976275,0.3021249772317752,-2,28
