background,nuremberg_000000_000916.png
split,train
model,result_0146,0.41273029090895186,0.866252604209634,0,99
model,result_0295,0.33956604409800106,0.35070503338991565,4,346
model,result_0127,0.491139051123597,0.328188964944762,0,359
