background,augsburg_000000_001361.png
split,train
model,result_0283,0.3335259253616817,0.9926136372067029,3,106
