background,dresden_000000_000420.png
split,train
model,result_0879,0.6314142057913575,0.509460272760385,3,155
model,result_0542,0.33437517558173735,0.7481242522968439,-3,292
model,result_0674,0.5121532752269333,0.9675257935910548,-3,128
