background,heidelberg_000000_000431.png
split,train
model,result_0524,0.21601374683680952,0.3360533617589293,-4,356
model,result_0199,0.8459496027701058,0.3031631116850211,4,288
model,result_0060,0.23188675735149822,0.622192265706863,1,339
