background,zurich_000032_000019.png
split,train
model,result_0288,0.5838917807536481,0.8859582597257393,-4,301
