background,wuppertal_000000_000940.png
split,train
model,result_0510,0.0009808716302410758,0.8089427715220855,3,360
