background,hanover_000000_034720.png
split,train
model,result_0173,0.2996043050711238,0.613730017072697,-4,150
model,result_0751,0.3980734543587958,0.607660301876387,-2,85
model,result_0678,0.4668872034740432,0.43366526434930114,-3,150
