background,troisdorf_000000_000056.png
split,train
model,result_0510,0.2626339270382171,0.527291177444956,3,52
model,result_0328,0.37582348611889216,0.5670632193099749,-2,336
model,result_0879,0.32651340632980763,0.7062136636345043,1,211
