background,wurzburg_000000_000051.png
split,train
model,result_0678,0.8658796031982439,0.7690287995818161,-4,207
