background,muhlheim-ruhr_000000_000449.png
split,train
model,result_0524,0.245093453272074,0.6528430133660591,-4,194
model,result_0199,0.9932631957760559,0.8966320208735712,2,219
