background,konstanz_000000_000402.png
split,train
model,result_0751,0.3328863816009475,0.9347225164711955,-3,297
model,result_0678,0.7500634155165148,0.4072531385018032,-3,274
model,result_0784,0.6148758298749405,0.5282020621061689,-2,241
