background,muhlheim-ruhr_000000_001083.png
split,train
model,result_0969,0.9020690141754393,0.2526612008516489,4,82
model,result_0793,0.8727727111615793,0.9065214054520473,3,13
model,result_0686,0.35353325542062275,0.5944258283204931,4,209
