background,nuremberg_000000_000812.png
split,train
model,result_0805,0.1388563134356452,0.4356176896164187,0,182
model,result_0039,0.00148759573752133,0.5398022367725426,-1,286
