background,jena_000114_000019.png
split,train
model,result_0751,0.7269648407401657,0.9476457085105693,4,164
