background,dortmund_000000_001083.png
split,train
model,result_0199,0.6814997354375055,0.8679934607869907,1,333
model,result_0060,0.1766215471291286,0.36382704509666614,-3,166
