background,wuppertal_000000_000277.png
split,train
model,result_0949,0.6217169926517059,0.9874813152485696,3,93
model,result_0324,0.1556726941163339,0.386846024625196,-4,286
model,result_0173,0.8401311414929096,0.5528297901961062,-2,22
