background,wuppertal_000000_000522.png
split,train
model,result_0983,0.9402877295930898,0.560853689534346,-3,85
model,result_0996,0.9733088539345771,0.29912166890675274,2,95
model,result_0266,0.0711317918762675,0.32764844436659624,-4,195
