background,wurzburg_000000_000033.png
split,train
model,result_0999,0.4790685953129201,0.47492202680344753,0,280
model,result_0510,0.9546791722343765,0.2928352106920695,2,299
model,result_0328,0.1093614622616248,0.8483056810126786,2,52
