background,nuremberg_000000_000702.png
split,train
model,result_0319,0.11500859456857127,0.9939522535063988,-2,135
