background,nuremberg_000000_000452.png
split,train
model,result_0123,0.7706603695582999,0.5187589297473558,3,195
