background,bayreuth_000000_000576.png
split,train
model,result_0154,0.4500497996614643,0.965412986743082,-3,23
model,result_0562,0.3958691247257906,0.755028157385607,3,298
