background,mannheim_000000_000774.png
split,train
model,result_0803,0.2882206955689508,0.568286122011695,0,327
model,result_0192,0.24024308674790573,0.5793359811810636,-2,331
model,result_0218,0.45976922274099774,0.6735688332356474,-2,75
