background,bayreuth_000000_000370.png
split,train
model,result_0989,0.9617680049900433,0.6532858901524747,-3,199
