background,konstanz_000000_000483.png
split,train
model,result_0914,0.8038799740003157,0.946371705896107,-1,226
model,result_0193,0.2678409945520578,0.5843489557754704,-1,179
