background,dusseldorf_000058_000019.png
split,train
model,result_0562,0.13867747335883207,0.6760679571650998,3,151
model,result_0215,0.35871265270738906,0.879158348289997,0,78
