background,konstanz_000000_000175.png
split,train
model,result_0861,0.6838365801678663,0.368516715861001,-2,3
model,result_0882,0.14603136244652282,0.5117823041594707,-4,95
