background,karlsruhe_000000_000658.png
split,train
model,result_0484,0.6823568590243422,0.5549882298354974,4,110
