background,augsburg_000000_000111.png
split,train
model,result_0882,0.5546096645808892,0.7241628066805746,3,10
