background,mannheim_000000_001033.png
split,train
model,result_0945,0.9056442662550434,0.5048050018748846,1,26
