background,wurzburg_000000_000105.png
split,train
model,result_0784,0.8746027428127459,0.5609183712472882,-2,290
model,result_0924,0.13923997387824805,0.8524349296758992,4,352
