background,heidelberg_000000_000339.png
split,train
model,result_0247,0.9217870813470588,0.34878319590749973,-3,154
