background,nuremberg_000000_001035.png
split,train
model,result_0146,0.5275947472215313,0.5038696175729359,-1,210
model,result_0295,0.12546972163084047,0.41998480139695415,-1,204
