background,konstanz_000000_000041.png
split,train
model,result_0882,0.8227870260837715,0.6451673660869595,4,358
model,result_0467,0.9465558306726989,0.9284847631714767,-4,224
model,result_0154,0.6085641663092881,0.49931728875123216,-2,311
