background,wurzburg_000000_000853.png
split,train
model,result_0199,0.6584149451982038,0.6852236586083783,4,154
