background,freiburg_000000_000164.png
split,train
model,result_0389,0.2413593267032167,0.7922806507018657,4,319
