background,karlsruhe_000000_000785.png
split,train
model,result_0793,0.8563891270151645,0.5175862980345612,2,208
model,result_0686,0.39811176049644836,0.8557681754757755,1,258
model,result_0805,0.3206347981128358,0.38244587498544996,-3,270
