background,bamberg_000000_000070.png
split,train
model,result_0328,0.2653938648740477,0.5265720645307485,-3,18
