background,wuppertal_000000_000752.png
split,train
model,result_0992,0.887749942923292,0.25652242655036783,-3,151
model,result_0394,0.26729195650618753,0.4039417133108887,-4,23
