background,muhlheim-ruhr_000000_000047.png
split,train
model,result_0646,0.18933124956252712,0.7141090160141641,-4,184
model,result_0586,0.4070813846750133,0.7026467889305629,1,100
