background,konstanz_000000_001421.png
split,train
model,result_0879,0.30662395572382994,0.6147559828930362,-3,139
model,result_0542,0.6403277565912189,0.9981331734781783,-3,95
model,result_0674,0.1955242685486107,0.5126281063368215,1,221
