background,wuppertal_000000_000469.png
split,train
model,result_0173,0.1779590157253349,0.2504524339254876,4,239
