background,dortmund_000000_000553.png
split,train
model,result_0266,0.6971224353151441,0.4119638775384229,-2,150
