background,bayreuth_000000_000823.png
split,train
model,result_0082,0.6179612317786768,0.3481521034207243,1,293
model,result_0945,0.4271786654291273,0.9208086569505011,3,207
