background,wurzburg_000000_001378.png
split,train
model,result_0803,0.7324192242934612,0.7979255502402915,1,254
model,result_0192,0.4800260613486095,0.762675153733665,-2,342
model,result_0218,0.6050754030085523,0.5102809849932582,-1,216
