background,bayreuth_000000_000436.png
split,train
model,result_0467,0.2821793802248894,0.4432099012594344,0,235
model,result_0154,0.0867169701419852,0.7275434145247377,0,57
