background,dortmund_000000_001023.png
split,train
model,result_0983,0.43509433305878764,0.5921493922015795,4,236
model,result_0996,0.9212266102456461,0.593687292356496,-4,145
model,result_0266,0.3212567115280126,0.7435886522553942,1,75
