background,wurzburg_000000_000009.png
split,train
model,result_0949,0.1926164705668867,0.5448339451514328,-3,257
model,result_0324,0.21634527329314746,0.9770599007854884,4,45
model,result_0173,0.835580964946092,0.35066359015022963,1,78
