background,mannheim_000000_000679.png
split,train
model,result_0949,0.7056889915119762,0.6710473004342847,-2,259
model,result_0324,0.600207717681683,0.8208030240675396,-4,142
model,result_0173,0.021372448525571075,0.4768174545855607,-2,23
