background,nuremberg_000000_001258.png
split,train
model,result_0557,0.46951887258108316,0.5317102906387163,0,315
model,result_0544,0.4253715018433344,0.2710430740516,3,190
model,result_0999,0.7768036852097528,0.2890257369437384,1,324
