background,mannheim_000000_000079.png
split,train
model,result_0039,0.4214715081106679,0.5293915063087241,0,328
