background,konstanz_000000_000247.png
split,train
model,result_0004,0.8467291134949626,0.827622797312394,0,359
model,result_0931,0.468066464342035,0.6869422196500619,-1,38
