background,wurzburg_000000_001392.png
split,train
model,result_0678,0.3852942543536164,0.5310715802768353,0,201
