background,wurzburg_000000_000782.png
split,train
model,result_0024,0.7087097992838507,0.49377896037572816,4,190
model,result_0288,0.046390101331446165,0.6918809256438141,3,42
