background,bayreuth_000000_000010.png
split,train
model,result_0995,0.8987388867634082,0.7519921574736914,-3,4
model,result_0969,0.5676188908510648,0.36648754665151373,-1,51
