background,zurich_000110_000019.png
split,train
model,result_0983,0.691918167064104,0.3070894147088393,-3,298
