background,freiburg_000000_000328.png
split,train
model,result_0995,0.2337609959106186,0.7686286969830473,2,149
