background,duisburg_000000_000600.png
split,train
model,result_0606,0.25375126830070605,0.8530025176064924,1,72
