background,stuttgart_000047_000019.png
split,train
model,result_0061,0.4555935801897639,0.4195212850485748,-4,237
