background,wurzburg_000000_001247.png
split,train
model,result_0510,0.6826237830177816,0.8263584640222157,-2,68
model,result_0328,0.8042746108770372,0.6524392067791319,-2,151
