background,konstanz_000000_000826.png
split,train
model,result_0499,0.5087812876800805,0.2512483803596629,0,13
model,result_0844,0.403771746975076,0.9126026515459933,1,83
