background,nuremberg_000000_000124.png
split,train
model,result_0857,0.36508207203600973,0.593209983900639,2,170
model,result_0795,0.6981900647583796,0.32501811877041925,-4,62
