background,oberhausen_000000_000573.png
split,train
model,result_0924,0.4839833310054137,0.9705099724861777,2,300
