background,freiburg_000000_000584.png
split,train
model,result_0862,0.5305648487154823,0.4844519504956457,0,272
model,result_0524,0.3498635653131257,0.3837768938857702,3,197
model,result_0199,0.10349460090462681,0.7729642157685491,-3,358
