background,karlsruhe_000000_000198.png
split,train
model,result_0855,0.13552581394663454,0.9235258562760602,-2,226
model,result_0338,0.46916301949440986,0.3744989522195823,3,145
model,result_0557,0.7788568505042986,0.8846680018031756,-4,81
