background,nuremberg_000000_000962.png
split,train
model,result_0866,0.036654040402282706,0.4363284963227205,-1,76
model,result_0983,0.3615503803907467,0.4806026185955722,2,110
