background,freiburg_000000_000153.png
split,train
model,result_0004,0.4366141739161753,0.946842163621301,-2,114
model,result_0931,0.795321207017276,0.6318836263955951,2,317
model,result_0123,0.7958045220105905,0.36051843218049323,-4,209
