background,nuremberg_000000_000104.png
split,train
model,result_0499,0.15991856794936066,0.9953611032183638,3,30
model,result_0844,0.31618944438187724,0.6185664114269738,-1,324
model,result_0995,0.20089420817071224,0.9973922115831813,-1,92
