background,bochum_000000_000313.png
split,train
model,result_0524,0.9032955076180559,0.29344622939948717,1,334
model,result_0199,0.09043212354348684,0.34770282684086307,-2,263
model,result_0060,0.24154569198705622,0.9867439660550537,4,44
