background,muhlheim-ruhr_000000_000213.png
split,train
model,result_0154,0.41327653887723204,0.9434984875936011,2,80
model,result_0562,0.38999997105969375,0.8331802625234296,-3,39
model,result_0215,0.9667734767646933,0.681077881688967,-2,280
