background,konstanz_000000_001426.png
split,train
model,result_0983,0.9180349366346744,0.5308498350909225,-3,113
