background,wurzburg_000000_000643.png
split,train
model,result_0983,0.13948779553326274,0.9676659185996425,4,201
model,result_0996,0.8101236449972552,0.5306876403965869,3,2
model,result_0266,0.6481944317760191,0.47063570271256905,-3,101
