background,wurzburg_000000_001483.png
split,train
model,result_0542,0.5642268735589874,0.280455438590969,0,46
