background,freiburg_000000_000812.png
split,train
model,result_0357,0.41038915742288884,0.26265348771244895,-4,253
model,result_0046,0.4559775130425989,0.6599932038779392,1,258
model,result_0389,0.1441011980036222,0.8825263826393883,4,148
