background,strasbourg_000000_019050.png
split,train
model,result_0080,0.6167498150319797,0.3044499512310985,-2,313
model,result_0857,0.6435462219437326,0.9269052519612087,0,79
