background,bad-honnef_000000_000031.png
split,train
model,result_0847,0.46223538413417753,0.36987031457250286,4,330
model,result_0646,0.5762886691102437,0.8679548744103743,3,312
model,result_0586,0.7944433155743306,0.5016932969179759,4,198
