background,wuppertal_000000_000522.png
split,train
model,result_0632,0.05214337550734893,0.5165732554250737,2,270
