background,muhlheim-ruhr_000000_000179.png
split,train
model,result_0914,0.655880335680851,0.32704748051996,-2,69
model,result_0193,0.9271490596159307,0.398197830119836,2,236
