background,wuppertal_000000_000005.png
split,train
model,result_0931,0.25648679928779383,0.4460875302128402,-2,344
