background,bochum_000000_008448.png
split,train
model,result_0674,0.7807724619900842,0.7629685861250955,2,230
model,result_0146,0.009821182490104552,0.5030889338256346,3,338
