background,heidelberg_000000_000111.png
split,train
model,result_0036,0.1426541342721671,0.7737968305348144,-4,9
model,result_1000,0.2557651708418779,0.6940015332598237,-4,257
model,result_0367,0.27968621305844876,0.4605636843160078,2,318
