background,karlsruhe_000000_000027.png
split,train
model,result_0319,0.6461074486664768,0.6566483289000971,3,309
model,result_0477,0.675010706047535,0.7273990927575291,-2,207
model,result_0949,0.9592118023001607,0.7450674077041408,3,219
