background,duisburg_000000_000106.png
split,train
model,result_0557,0.3175398317587734,0.6182553376573856,4,121
model,result_0544,0.8635486504877231,0.6782473863919767,-1,92
model,result_0999,0.919557366354104,0.42923857541515825,1,172
