background,konstanz_000000_000342.png
split,train
model,result_0855,0.3041363862369785,0.3657926105678381,-2,149
model,result_0338,0.5840269374280622,0.790342873122772,2,146
