background,wurzburg_000000_000204.png
split,train
model,result_0394,0.689041031091082,0.7877342873825798,2,226
