background,wuppertal_000000_000213.png
split,train
model,result_0739,0.19529168706860744,0.5077859951033019,-3,194
