background,augsburg_000000_000485.png
split,train
model,result_0394,0.807544873928493,0.40926779046043127,-1,104
