background,wuppertal_000000_000595.png
split,train
model,result_0542,0.5817442864960829,0.33541593183175145,4,301
