background,karlsruhe_000000_000182.png
split,train
model,result_0389,0.8915836003886916,0.9550807817251727,3,92
model,result_0164,0.294287197556929,0.6601636817973959,-1,324
