background,nuremberg_000000_001057.png
split,train
model,result_0440,0.3390877888440075,0.5758141012007676,2,0
model,result_0484,0.09451378266845656,0.4491068297989488,-4,46
