background,frankfurt_000001_049078.png
split,train
model,result_0373,0.12995727889685837,0.8845756524929166,3,279
