background,karlsruhe_000000_000300.png
split,train
model,result_0557,0.6773822271256307,0.8048282259556567,4,345
model,result_0544,0.6441819690883781,0.6028642022626929,2,34
