background,lindau_000016_000019.png
split,train
model,result_0288,0.016236272388418627,0.8419082961629163,-3,140
model,result_0247,0.6530017616041816,0.4532700267595384,-3,119
model,result_0239,0.0004597738031166809,0.6083056986522479,0,273
