background,wurzburg_000000_000969.png
split,train
model,result_0324,0.40505524092739564,0.8434553428122494,4,54
model,result_0173,0.5711796485301845,0.5252038826170304,-4,245
