background,bamberg_000000_000234.png
split,train
model,result_0288,0.961777583682348,0.8659453424714687,4,14
