background,dresden_000000_000183.png
split,train
model,result_0386,0.6092108238422083,0.9619553590847473,-1,162
model,result_0979,0.5587895650125312,0.5719525909120127,4,21
