background,konstanz_000000_000409.png
split,train
model,result_0999,0.5717837330458411,0.823205046071637,0,326
model,result_0510,0.9643854570498993,0.5734048307128639,4,226
