background,schweinfurt_000000_000424.png
split,train
model,result_0039,0.0053510134092207284,0.2707529407268634,1,155
model,result_0386,0.49531190604742836,0.7088237772303001,0,320
