background,bamberg_000000_000347.png
split,train
model,result_0082,0.6286955396741931,0.6122069601108704,2,129
model,result_0945,0.9587374965951102,0.7285001339360118,2,327
