background,dresden_000000_000196.png
split,train
model,result_0357,0.40216634603952395,0.9159424741479678,3,155
