background,tubingen_000090_000019.png
split,train
model,result_0968,0.4376546859819461,0.5084265710358856,-2,358
model,result_0847,0.7831979947023172,0.6490250632121342,3,33
