background,bamberg_000000_000233.png
split,train
model,result_0385,0.9325014381307097,0.5341154671282567,-4,309
model,result_0991,0.47002402517137665,0.6401338021991206,3,3
model,result_0373,0.4260948459441186,0.7077456066431258,0,34
