background,bayreuth_000000_000646.png
split,train
model,result_0544,0.09916818840233443,0.7867873793846165,4,142
model,result_0999,0.8700951771387561,0.7391306880989164,0,133
model,result_0510,0.6808446957199091,0.5818999583054796,-4,239
