background,freiburg_000000_000823.png
split,train
model,result_0051,0.4575502590177082,0.935157920717322,2,204
model,result_0739,0.8357276195058334,0.8692718531314619,1,27
