background,nuremberg_000000_000353.png
split,train
model,result_0247,0.764196862681736,0.9094204526064936,4,334
model,result_0239,0.11379114948679447,0.510182119055557,0,197
