background,mannheim_000000_000410.png
split,train
model,result_0612,0.2742682690989834,0.9009893169280321,-2,266
model,result_0283,0.2868829077653865,0.5793573437508832,2,158
