background,mannheim_000000_001165.png
split,train
model,result_0328,0.0015457634211228921,0.28917175799148653,-1,316
model,result_0879,0.1376683079590566,0.39273569012890697,-4,181
