background,oberhausen_000000_000705.png
split,train
model,result_0981,0.3901223450316379,0.3847499301606083,-4,320
