background,jena_000012_000019.png
split,train
model,result_0544,0.6872847962896445,0.8443335514030321,4,136
model,result_0999,0.25242516890901034,0.8447966831046644,-4,215
model,result_0510,0.9871626396032499,0.6824108595144504,-3,71
