background,wurzburg_000000_000156.png
split,train
model,result_0969,0.7113948858507969,0.9452553592687954,-4,302
