background,schweinfurt_000000_000105.png
split,train
model,result_0328,0.9321777992870716,0.7323480129533235,-2,105
