background,muhlheim-ruhr_000000_000004.png
split,train
model,result_0266,0.645451442693805,0.5478534716027527,4,193
