background,wurzburg_000000_000226.png
split,train
model,result_0557,0.9021970066407566,0.5144722340373993,0,68
