background,bayreuth_000000_000122.png
split,train
model,result_0193,0.5153950038464062,0.8051042873252583,0,290
model,result_0036,0.7984726705131443,0.2547616813793755,-2,7
model,result_1000,0.5006013675940384,0.897437414701829,3,146
