background,bamberg_000000_000109.png
split,train
model,result_0319,0.25177565566434923,0.9812548955001658,4,216
model,result_0477,0.12038083774973374,0.8861514862928496,4,254
