background,heilbronn_000000_000106.png
split,train
model,result_0999,0.4989062220437518,0.9602337258063453,3,175
model,result_0510,0.5345594849039922,0.7789381837976956,3,333
model,result_0328,0.5661070660820805,0.7210564949530976,4,141
