background,wuppertal_000000_000847.png
split,train
model,result_0557,0.6735544750008062,0.42661547239726744,-1,32
model,result_0544,0.570114122537975,0.8465500573018336,-4,318
