background,stuttgart_000001_000019.png
split,train
model,result_0805,0.6606582290580532,0.3109041055438946,-4,40
model,result_0039,0.8471937433215084,0.625360568217739,3,338
