background,dresden_000000_000165.png
split,train
model,result_0784,0.6367129251915892,0.2658646227315222,4,184
