background,nuremberg_000000_000269.png
split,train
model,result_0803,0.8782321565522733,0.4322455116922941,-4,156
