background,heidelberg_000000_000052.png
split,train
model,result_0657,0.6495278396908246,0.6239037175697009,-1,103
