background,konstanz_000000_000897.png
split,train
model,result_0199,0.5820528039684743,0.4860477271453686,1,186
