background,wuppertal_000000_000407.png
split,train
model,result_0931,0.37618407434415435,0.9052084405365582,0,154
