background,freiburg_000000_000667.png
split,train
model,result_0394,0.963623070896611,0.6125228201383616,4,173
