background,muhlheim-ruhr_000000_000865.png
split,train
model,result_0862,0.016877765631841957,0.7334906720781905,-1,358
