background,bamberg_000000_000323.png
split,train
model,result_0164,0.6579572090849019,0.33157659894381586,-4,353
model,result_0440,0.07455916280851926,0.3238038016915372,-2,330
model,result_0484,0.4275820693012067,0.6747023726902539,2,197
