background,frankfurt_000001_062250.png
split,train
model,result_0646,0.12009742139474988,0.7524326862515496,1,1
model,result_0586,0.6425719096784939,0.5547719806495616,-1,300
