background,heidelberg_000000_000049.png
split,train
model,result_0173,0.1544417600693817,0.8434950788761433,-1,243
model,result_0751,0.2793773585527527,0.379109650193331,-4,238
