background,duisburg_000000_000263.png
split,train
model,result_0472,0.44309956624792146,0.8264046430780295,-2,177
