background,nuremberg_000000_000814.png
split,train
model,result_0981,0.2145982642784764,0.7088679500424018,-4,175
model,result_0527,0.08013851979703601,0.45596202024333654,-4,165
