background,stuttgart_000060_000019.png
split,train
model,result_0146,0.4980208670549173,0.8413812566755687,3,14
