background,schweinfurt_000000_000641.png
split,train
model,result_0367,0.08563403438896322,0.8516956654129884,-4,89
