background,oberhausen_000000_000177.png
split,train
model,result_0218,0.5338599394782276,0.43529792213099705,4,302
model,result_0694,0.4125316816588147,0.6604000596936156,2,287
model,result_0319,0.4680855006330409,0.7203851335047103,3,167
