background,tubingen_000094_000019.png
split,train
model,result_0983,0.686108767908738,0.44357691027414947,-1,11
model,result_0996,0.8201109428023844,0.4633053338335312,0,15
model,result_0266,0.11340106690149909,0.9705788237950661,-3,272
