background,schweinfurt_000000_000494.png
split,train
model,result_0739,0.49798162460931283,0.5616777093567069,-4,5
model,result_0960,0.5156073116624624,0.8982411483999891,2,97
model,result_0632,0.5255352749631457,0.767055302285403,-2,32
