background,konigswinter_000000_000082.png
split,train
model,result_0914,0.3658443404512295,0.310614564333074,3,175
model,result_0193,0.3029334305065896,0.6202158944603076,-1,220
