background,oberhausen_000000_000045.png
split,train
model,result_0218,0.9997144000911399,0.5161844421282236,3,297
model,result_0694,0.36360217878525836,0.5258532131340374,1,169
model,result_0319,0.1311645502264892,0.683584768330463,4,123
