background,konstanz_000000_000399.png
split,train
model,result_0612,0.4185133599033666,0.6307613891536403,-2,100
model,result_0283,0.7571169710078332,0.9461025408604805,-2,257
