background,karlsruhe_000000_000494.png
split,train
model,result_0803,0.274832209891283,0.5267792717540011,2,240
model,result_0192,0.030075405427178015,0.25731011715419144,0,256
