background,wurzburg_000000_001314.png
split,train
model,result_0991,0.8260096345044399,0.5761060214459144,-3,330
