background,bayreuth_000000_000587.png
split,train
model,result_0931,0.6731739305124806,0.4506348737020901,-3,200
model,result_0123,0.09882623033774307,0.46135568958112394,0,279
model,result_0472,0.5030571576798682,0.9343414755501541,1,207
