background,mannheim_000000_000898.png
split,train
model,result_0960,0.08496489364120074,0.35787419700045525,-3,5
