background,wurzburg_000000_001298.png
split,train
model,result_0484,0.8135010140845867,0.7302455273953701,1,312
model,result_0861,0.29036215385965103,0.3923916186721114,1,334
model,result_0882,0.838229760483816,0.7724911217598982,1,275
