background,dortmund_000000_001014.png
split,train
model,result_0332,0.5189983958918792,0.5592529902861152,3,344
model,result_0385,0.5475135297509773,0.8664216492310085,2,203
