background,wurzburg_000000_000282.png
split,train
model,result_0467,0.01813690972783155,0.8253559120997075,1,241
model,result_0154,0.8513810499499525,0.42598572080262187,1,168
