background,muhlheim-ruhr_000000_000810.png
split,train
model,result_0127,0.15330346554725205,0.7528583115109144,-3,46
model,result_0022,0.7504167049145438,0.38022797958858484,-3,139
