background,mannheim_000000_000684.png
split,train
model,result_0499,0.09818199364465507,0.342616823931014,-1,52
model,result_0844,0.5278278843562701,0.8125419431080056,-3,147
model,result_0995,0.7536199590117558,0.5816441122640967,1,141
