background,heidelberg_000000_000141.png
split,train
model,result_0484,0.053136378686000074,0.35393161524201944,-2,170
