background,heidelberg_000000_001145.png
split,train
model,result_0862,0.02342572005240018,0.44251534906548273,-4,186
model,result_0524,0.33070645181810965,0.3904553185967677,2,272
model,result_0199,0.8066875274215469,0.3667706769226998,2,302
