background,monchengladbach_000000_028216.png
split,train
model,result_0945,0.3565102970014461,0.48526248599332616,1,219
model,result_0612,0.04631491702129409,0.5053064282079748,2,49
model,result_0283,0.8187516585003116,0.39744979025732596,4,103
