background,konigswinter_000000_000083.png
split,train
model,result_0878,0.2333848766227754,0.5633147925725323,-2,220
model,result_0004,0.47998576332535803,0.27490982428391997,4,288
