background,muhlheim-ruhr_000000_000300.png
split,train
model,result_0557,0.3663103224259906,0.5005471545725879,4,31
