background,duisburg_000000_000605.png
split,train
model,result_0784,0.5635429330766074,0.8832971857328097,1,339
model,result_0924,0.5411421598821154,0.3630120883294071,0,359
