background,wuppertal_000000_000029.png
split,train
model,result_0914,0.9714806925145812,0.6815485361668951,1,319
model,result_0193,0.1776076127285966,0.4092077116495422,2,134
model,result_0036,0.03578944460014355,0.46646654138862664,-3,113
