background,freiburg_000000_000010.png
split,train
model,result_0510,0.2348328710950771,0.7954225611189338,4,265
model,result_0328,0.10364931629425078,0.3995782574573813,3,299
