background,nuremberg_000000_001384.png
split,train
model,result_0784,0.38107881317219794,0.32425509067140973,-3,19
