background,heidelberg_000000_001167.png
split,train
model,result_0844,0.3353894737284542,0.5029405649714775,4,140
