background,konstanz_000000_000543.png
split,train
model,result_1000,0.765101881768524,0.5541371235910586,0,295
model,result_0367,0.14252450978554232,0.8398803107632538,0,241
