background,karlsruhe_000000_000182.png
split,train
model,result_0602,0.3219500752089175,0.8676904986844903,2,211
