background,konstanz_000000_000804.png
split,train
model,result_0039,0.8834395700610695,0.324475216233438,3,153
model,result_0386,0.6900913944636478,0.43712045430337343,-1,324
