background,konstanz_000000_001016.png
split,train
model,result_0960,0.6801637324458268,0.6494715697332264,1,257
model,result_0632,0.9206023182020707,0.2618769005313777,-3,160
