background,muhlheim-ruhr_000000_000312.png
split,train
model,result_0931,0.35071362140199425,0.6853548447294011,0,137
model,result_0123,0.15131501315872609,0.9286930366745603,1,273
