background,muhlheim-ruhr_000000_000051.png
split,train
model,result_0805,0.9568843152228848,0.8436765241548733,1,273
model,result_0039,0.10609935391571457,0.40933078396290723,-1,340
