background,muhlheim-ruhr_000000_001163.png
split,train
model,result_0862,0.4785962155821655,0.5406643650607599,2,56
model,result_0524,0.07979840140222472,0.6758753377247628,-3,256
