background,mannheim_000000_001157.png
split,train
model,result_0983,0.9922137181174483,0.6763260598073406,-2,8
