background,nuremberg_000000_001269.png
split,train
model,result_0694,0.5189333663677941,0.45331799056122185,2,150
model,result_0319,0.12474593808035361,0.67184906564616,-2,287
model,result_0477,0.7233312180462026,0.9294988931872661,4,208
