background,augsburg_000000_000583.png
split,train
model,result_0338,0.693046412868885,0.854968510257472,-3,256
model,result_0557,0.08229702249216231,0.7778999360037735,0,359
model,result_0544,0.40077634437049325,0.781487616021437,2,292
