background,konstanz_000000_000133.png
split,train
model,result_0991,0.14685319257184704,0.2573687241529149,1,91
