background,karlsruhe_000000_001023.png
split,train
model,result_0739,0.24413821152570192,0.535529252784874,3,178
model,result_0960,0.7890697709208776,0.45158982558853866,1,177
