background,wurzburg_000000_000049.png
split,train
model,result_0024,0.7695749322170045,0.9753068291053291,4,183
model,result_0288,0.14631484926897842,0.9103295484119374,-3,350
model,result_0247,0.37037710661327816,0.9330722134862913,1,160
