background,augsburg_000000_001435.png
split,train
model,result_0247,0.3624374549346093,0.25117957691374004,-3,179
model,result_0239,0.6804306268724083,0.8893026005089664,1,240
