background,troisdorf_000000_000007.png
split,train
model,result_0266,0.38321827587106627,0.5456164220657518,-3,15
model,result_0862,0.7787694380684377,0.9711802369058049,1,320
model,result_0524,0.002831363679592802,0.58538953896587,-4,159
