background,erlangen_000000_000145.png
split,train
model,result_0472,0.43552454813913566,0.6231414338604058,-1,318
model,result_0981,0.10955197726096144,0.29674980547889007,0,262
model,result_0527,0.10335416610709647,0.5616526739768564,1,286
