background,wurzburg_000000_000167.png
split,train
model,result_0051,0.3834543427812639,0.3702926394596754,1,193
model,result_0739,0.7530465534107587,0.6000340570172099,-3,183
model,result_0960,0.16755468130687767,0.2896841860267462,-2,41
