background,muhlheim-ruhr_000000_000702.png
split,train
model,result_0979,0.5759889313731772,0.9370685929373459,-3,314
