background,wuppertal_000000_001053.png
split,train
model,result_0075,0.09772584131058759,0.9054000933789028,-1,164
