background,karlsruhe_000000_000456.png
split,train
model,result_0751,0.7559457226842953,0.29782554439643866,1,23
