background,mannheim_000000_000562.png
split,train
model,result_0199,0.2993302477420403,0.6733078616514759,2,354
