background,darmstadt_000038_000019.png
split,train
model,result_0612,0.3679010429365719,0.2744814343482708,-1,260
model,result_0283,0.38682447527783725,0.43488419944475487,-1,67
model,result_0968,0.5352540945089496,0.8381683822190604,4,187
