background,heidelberg_000000_000199.png
split,train
model,result_0484,0.16337067152491436,0.31406758266049817,4,179
model,result_0861,0.23315150756977587,0.7643240633300379,3,320
