background,mannheim_000000_000148.png
split,train
model,result_0338,0.3400424405091721,0.7091994445080128,0,3
