background,oberhausen_000000_000191.png
split,train
model,result_0924,0.21036501218951653,0.3610461473771014,2,354
