background,heilbronn_000000_000715.png
split,train
model,result_0606,0.17072313537499084,0.7713335656536117,2,258
model,result_0082,0.5604245029681905,0.8811695527194837,-3,176
model,result_0945,0.23273128484567707,0.8444239160620962,2,204
