background,nuremberg_000000_001375.png
split,train
model,result_0080,0.721768183707096,0.2968579708184632,1,157
