background,wurzburg_000000_000138.png
split,train
model,result_0657,0.08933025792120419,0.9967783894792479,1,285
model,result_0914,0.7522165043003538,0.9171299244076766,-2,169
