background,nuremberg_000000_000972.png
split,train
model,result_0983,0.02454813668910849,0.7060695133359669,0,253
