background,augsburg_000000_000066.png
split,train
model,result_0051,0.9517039478204282,0.7958405873717187,3,344
