background,aachen_000001_000019.png
split,train
model,result_0861,0.36285953159029993,0.9841478660934382,-1,68
model,result_0882,0.7285553066205689,0.7717386695005752,0,46
