background,nuremberg_000000_000043.png
split,train
model,result_0080,0.816773437865759,0.8785071654419716,2,344
model,result_0857,0.535488171951892,0.9148420308666583,-2,22
model,result_0795,0.01047678294522314,0.842955720464698,0,153
