background,oberhausen_000000_000005.png
split,train
model,result_0857,0.9517449736512277,0.935192434770203,-3,274
model,result_0795,0.6876913735031228,0.4503074378587353,-1,297
model,result_0388,0.7992617212095904,0.8578752746964668,-2,52
