background,dortmund_000000_000025.png
split,train
model,result_0924,0.6567293663908031,0.528518830893193,-2,22
model,result_0866,0.39693496235790304,0.5936175933960942,-1,261
model,result_0983,0.2232330111276024,0.8011188426654907,-2,318
