background,muhlheim-ruhr_000000_000111.png
split,train
model,result_0557,0.5326972884698127,0.48554720743172486,-4,81
model,result_0544,0.37420049033313263,0.8111853396940071,2,114
