background,konstanz_000000_000020.png
split,train
model,result_0784,0.9522666342001528,0.3025878604199038,-3,9
model,result_0924,0.3069501614139635,0.7945928523038461,-1,113
model,result_0866,0.7379430776931561,0.7592627519101169,2,251
