background,augsburg_000000_000519.png
split,train
model,result_0822,0.4484205147799577,0.9234476906868052,-2,97
model,result_0855,0.8722096750316163,0.7513496896379283,4,123
