background,freiburg_000000_000825.png
split,train
model,result_0945,0.6764231668270105,0.34530458279894033,-1,288
