background,bayreuth_000000_000473.png
split,train
model,result_0163,0.33737316063984246,0.37594075817491274,-2,157
model,result_0657,0.08553682406690055,0.7258917221530272,0,88
model,result_0914,0.7044917995727908,0.27428465097066657,4,175
