background,karlsruhe_000000_000358.png
split,train
model,result_0386,0.2111465867848492,0.9551536217332868,-2,73
model,result_0979,0.9492555682023556,0.964830160935362,-2,278
