background,wuppertal_000000_000757.png
split,train
model,result_0524,0.47873188481705975,0.8161766559748878,4,8
model,result_0199,0.0788475437925108,0.7800862678264188,-1,210
model,result_0060,0.17633943767252336,0.46781800440602817,-2,283
