background,dresden_000000_000256.png
split,train
model,result_0992,0.8815982612419418,0.8071801878817895,1,347
model,result_0394,0.6907870682819818,0.6191335821750417,0,339
