background,freiburg_000000_000112.png
split,train
model,result_0632,0.5178530036694043,0.9037210014533348,-2,29
