background,heidelberg_000000_000354.png
split,train
model,result_0989,0.1901420341395017,0.3763398638824451,-2,2
