background,wurzburg_000000_000497.png
split,train
model,result_0968,0.22240954950545766,0.8445205862968487,3,26
model,result_0847,0.4532051927030274,0.9667539005283349,-3,98
model,result_0646,0.6315050625200802,0.3013511426123098,3,352
