background,wurzburg_000000_000412.png
split,train
model,result_0060,0.9810808674336499,0.7489426418338957,3,135
model,result_0080,0.34433484185984986,0.5695495158886188,0,178
model,result_0857,0.05297307323933409,0.8623423448704363,2,104
