background,freiburg_000000_000609.png
split,train
model,result_0862,0.42245884515156495,0.989261542265481,-4,73
model,result_0524,0.5590146375321099,0.6730961188723954,-4,227
model,result_0199,0.9600731141007327,0.9861285696616398,1,217
