background,augsburg_000000_000066.png
split,train
model,result_0844,0.7069572056381065,0.27922248843247777,-1,165
model,result_0995,0.05452387159162719,0.900357352337924,4,6
