background,mannheim_000000_000781.png
split,train
model,result_0586,0.9076060300215625,0.47787798453484415,0,32
