background,nuremberg_000000_000748.png
split,train
model,result_0332,0.20474868760056342,0.7330040538735894,0,146
model,result_0385,0.7694259379132711,0.44730202615965786,0,294
