background,duisburg_000000_000173.png
split,train
model,result_0983,0.717427566931694,0.5006465882978287,-3,282
model,result_0996,0.10896495894588132,0.3111181327586317,-3,303
model,result_0266,0.8150854734870119,0.7891948147669747,-3,344
