background,nuremberg_000000_000254.png
split,train
model,result_0146,0.5907952865480905,0.590992076191148,1,346
