background,duisburg_000000_000528.png
split,train
model,result_0440,0.3264097901359563,0.5922858574320969,3,94
