background,konstanz_000000_000154.png
split,train
model,result_0061,0.4475641315620814,0.838481831544811,2,97
model,result_0606,0.13689983997183042,0.9171416694937387,-3,101
model,result_0082,0.5221017954787882,0.27866308460049527,-3,124
