background,karlsruhe_000000_000572.png
split,train
model,result_0075,0.002899478134373523,0.2806911241408683,2,225
model,result_0992,0.1786511055249732,0.2698212037407681,0,281
model,result_0394,0.8970999268720401,0.5374301521968678,-4,333
