background,troisdorf_000000_000074.png
split,train
model,result_0051,0.1182981506026628,0.5137228628227601,2,256
