background,monchengladbach_000000_029526.png
split,train
model,result_0979,0.7550604443858365,0.4572928905576792,3,25
