background,muhlheim-ruhr_000000_000715.png
split,train
model,result_0606,0.72781706724834,0.8043367668750506,0,85
