background,saarbrucken_000000_000543.png
split,train
model,result_0367,0.4747637471164242,0.3692138230845625,-1,29
model,result_0822,0.773434881719192,0.6108373419268015,1,181
