background,karlsruhe_000000_000245.png
split,train
model,result_0949,0.24095153275730996,0.2637700021007803,-3,198
