background,dusseldorf_000118_000019.png
split,train
model,result_0039,0.48907501227669425,0.6000080933196148,1,92
