background,dortmund_000000_000305.png
split,train
model,result_0784,0.8010699069897455,0.6852438159290573,4,272
model,result_0924,0.4389949077265488,0.3484756105774254,4,88
model,result_0866,0.5854347187576033,0.41528183760512427,-4,319
