background,heidelberg_000000_000596.png
split,train
model,result_0795,0.21057162581405242,0.2852453510868971,-4,187
model,result_0388,0.29796840533129043,0.36373473110887744,4,140
model,result_0499,0.11650232502512792,0.6438960958452952,-4,140
