background,augsburg_000000_000016.png
split,train
model,result_0674,0.5876216531638604,0.8401211291582678,-3,320
