background,muhlheim-ruhr_000000_000489.png
split,train
model,result_0602,0.20317885793442525,0.44363273706881046,4,119
model,result_0024,0.867292479473683,0.8676030733623745,-2,247
