background,wurzburg_000000_000825.png
split,train
model,result_0215,0.653185700259696,0.9532772916866403,-1,330
model,result_0332,0.5202213186217698,0.9249853579450746,-4,310
