background,dresden_000000_000011.png
split,train
model,result_0295,0.11309085657131401,0.5939680075527233,2,112
model,result_0127,0.9380588141579455,0.3330999854503505,1,30
model,result_0022,0.15401210028795975,0.3826872054043621,4,196
