background,duisburg_000000_000551.png
split,train
model,result_1000,0.06637364641010346,0.8906630955836687,1,154
