background,bayreuth_000000_000250.png
split,train
model,result_0999,0.34331757178918443,0.8754745520417185,2,102
