background,schweinfurt_000000_000212.png
split,train
model,result_0036,0.1693764855054558,0.7302361100101713,0,77
model,result_1000,0.31721297614532695,0.40940960264702875,0,92
