background,freiburg_000000_000309.png
split,train
model,result_0686,0.5427141309029405,0.7137468316033599,1,274
model,result_0805,0.07008691028710912,0.4080222145469597,4,329
