background,konstanz_000000_001239.png
split,train
model,result_0080,0.4201630135774801,0.9554896256492129,-1,185
model,result_0857,0.8231933941234438,0.9463247084707899,0,299
model,result_0795,0.3852510794884626,0.9847578853686574,-3,189
