background,wurzburg_000000_001222.png
split,train
model,result_0861,0.22017654298956946,0.2661662778605882,2,355
