background,karlsruhe_000000_000717.png
split,train
model,result_0288,0.5169312620936025,0.9164113114610062,-2,4
model,result_0247,0.871010519087051,0.5520532544136372,1,123
