background,muhlheim-ruhr_000000_001049.png
split,train
model,result_0694,0.2693761843235394,0.5967304132958366,2,90
model,result_0319,0.6215975266784052,0.979637413489294,-3,193
