background,konstanz_000000_001036.png
split,train
model,result_0373,0.7738897894807626,0.9386371265627687,0,265
model,result_0191,0.4313493731881153,0.39764852082873975,1,45
