background,wurzburg_000000_001034.png
split,train
model,result_0775,0.10137147262758894,0.686298616000234,4,286
