background,wurzburg_000000_001118.png
split,train
model,result_0674,0.5560161971311416,0.5503138269577322,-3,149
model,result_0146,0.6397604358685641,0.2973683617506326,0,2
model,result_0295,0.17554066988100459,0.4778587638707511,4,160
