background,nuremberg_000000_000694.png
split,train
model,result_0510,0.9917941786737439,0.3105180280108223,4,13
model,result_0328,0.24606337341578466,0.920905633324715,0,241
model,result_0879,0.3146429966015527,0.7312428110763308,-3,81
