background,dortmund_000000_000939.png
split,train
model,result_0328,0.7476614575659204,0.4615400745430032,-3,273
model,result_0879,0.7866956063655253,0.6900621547352878,-2,96
model,result_0542,0.2142486202728754,0.47539512101132575,3,51
