background,nuremberg_000000_000891.png
split,train
model,result_0557,0.06274285775821731,0.9178024394786051,-4,242
model,result_0544,0.9481528568456232,0.770791264187902,0,226
