background,augsburg_000000_001141.png
split,train
model,result_0983,0.9621007633798442,0.9881480636277657,2,261
model,result_0996,0.6607498826754816,0.43650139375903896,-3,276
model,result_0266,0.23566434428450667,0.9524398103389085,1,98
