background,heidelberg_000000_000988.png
split,train
model,result_0440,0.2515414070220532,0.47044608836437474,2,179
