background,muhlheim-ruhr_000000_001197.png
split,train
model,result_0527,0.25876624779425483,0.3535114800170191,3,217
model,result_0602,0.9749809601799668,0.4501469433846243,-4,26
model,result_0024,0.5098913836917672,0.7898588605931326,2,341
