background,bayreuth_000000_000047.png
split,train
model,result_0989,0.07005470703987193,0.4014117067896002,-2,86
