background,heidelberg_000000_000641.png
split,train
model,result_0862,0.3715991051570082,0.5124718910734419,3,298
model,result_0524,0.168184334395997,0.9599113939967024,0,178
model,result_0199,0.2550154089500366,0.2958776331814988,1,225
