background,muhlheim-ruhr_000000_001143.png
split,train
model,result_0861,0.3298215738194231,0.3867246896819023,-1,196
model,result_0882,0.1551392328794955,0.40615887094018155,1,141
