background,freiburg_000000_000380.png
split,train
model,result_0191,0.010029925124472205,0.3243192480223498,0,8
model,result_0775,0.34279133513365645,0.9912646669839815,2,348
model,result_0075,0.39968554378996113,0.5180588804944815,2,209
