background,nuremberg_000000_001453.png
split,train
model,result_0082,0.11517023665604664,0.897883091837403,-3,2
model,result_0945,0.9825359661819904,0.44603120660637274,3,85
