background,bremen_000212_000019.png
split,train
model,result_0602,0.5542504058411329,0.5425737055621407,-2,40
model,result_0024,0.24505738324669402,0.6392863958719049,-3,179
