background,bayreuth_000000_000736.png
split,train
model,result_0606,0.6860787969797736,0.39718417040019294,-1,55
model,result_0082,0.24102105477507296,0.530598100222275,-4,210
