background,dresden_000000_000167.png
split,train
model,result_0674,0.4536033933316106,0.6625083244443063,1,301
