background,schweinfurt_000000_000290.png
split,train
model,result_0036,0.7482853676902544,0.679744604096313,0,3
