background,erlangen_000000_000256.png
split,train
model,result_0914,0.8153972488172049,0.8364425642620692,1,183
