background,muhlheim-ruhr_000000_000482.png
split,train
model,result_0373,0.6518883154005809,0.29198990413541137,-3,228
