background,nuremberg_000000_001063.png
split,train
model,result_0739,0.686039984559935,0.3176344885402098,3,111
model,result_0960,0.4306126926267203,0.752038074384361,0,191
model,result_0632,0.7104086397662398,0.4903774259252276,4,10
