background,bochum_000000_000600.png
split,train
model,result_0862,0.43250154279956166,0.9605339604183334,-2,74
