background,duisburg_000000_000562.png
split,train
model,result_0803,0.8867462964093941,0.5669738969062843,4,352
model,result_0192,0.5915526665917348,0.6372528021598909,2,8
model,result_0218,0.06631102991530102,0.7366529923982861,1,166
