background,nuremberg_000000_000964.png
split,train
model,result_0694,0.9971613934702384,0.8823176484461127,-2,154
