background,heilbronn_000000_000551.png
split,train
model,result_0924,0.3332314809156949,0.4875436976615405,-4,67
