background,augsburg_000000_000487.png
split,train
model,result_0154,0.8424289405141748,0.4184790590621049,2,129
model,result_0562,0.46606993232261174,0.9203233003985115,-4,4
