background,heidelberg_000000_000119.png
split,train
model,result_0239,0.26159244284091454,0.6883578731750787,-2,357
model,result_0051,0.6730835412896533,0.39213263808469034,-1,235
model,result_0739,0.9075142503770435,0.8461060440582743,-4,109
