background,bayreuth_000000_000598.png
split,train
model,result_0871,0.5145764266104574,0.3206458208557807,3,186
