background,augsburg_000000_000022.png
split,train
model,result_0472,0.42532406615471385,0.5520053117622522,-1,22
model,result_0981,0.036732586275565304,0.6827962782173895,0,104
model,result_0527,0.7810912890259684,0.9177712494495862,-3,73
