background,saarbrucken_000000_000484.png
split,train
model,result_0866,0.3851873661668407,0.4179200849256439,1,163
model,result_0983,0.5798239214445583,0.79845284585004,-4,109
