background,freiburg_000000_000359.png
split,train
model,result_0657,0.30862602198437317,0.42174017807319975,-3,347
model,result_0914,0.9480099854498367,0.4063342482076593,-3,114
