background,schweinfurt_000000_000696.png
split,train
model,result_0612,0.3728204149790162,0.6612612755480667,-3,202
