background,heidelberg_000000_001183.png
split,train
model,result_0163,0.9747877233817336,0.6750375686337703,0,118
model,result_0657,0.9618788679032064,0.5793559096972831,-3,260
