background,duisburg_000000_000502.png
split,train
model,result_0039,0.04603784856007587,0.3959670613902099,4,311
model,result_0386,0.7777068624899591,0.866239154315832,4,215
