background,bayreuth_000000_000473.png
split,train
model,result_0295,0.011601252666822548,0.5269644673256556,-1,347
model,result_0127,0.6498973895125449,0.9284522982775463,-3,30
