background,augsburg_000000_001058.png
split,train
model,result_0945,0.06121834297759132,0.28520548460167205,3,36
