background,muhlheim-ruhr_000000_001222.png
split,train
model,result_0657,0.7032381199639285,0.6491906905466657,4,163
