background,oberhausen_000000_000801.png
split,train
model,result_0544,0.9274366671525833,0.530990515644459,-4,289
