background,konstanz_000000_000258.png
split,train
model,result_0991,0.14961706773528893,0.39302685385939023,4,79
