background,muhlheim-ruhr_000000_000133.png
split,train
model,result_0394,0.19325470347290685,0.743251095711312,-4,207
model,result_0163,0.7057026962803475,0.27273688051209766,3,125
