background,konstanz_000000_000943.png
split,train
model,result_0357,0.30227031786350667,0.27471800570377136,1,47
model,result_0046,0.26471118909589697,0.872134848383729,2,359
model,result_0389,0.9313550028592342,0.3786195441128421,0,50
