background,augsburg_000000_000938.png
split,train
model,result_0191,0.6432627102688953,0.5924630593048247,-4,28
