background,konstanz_000000_000390.png
split,train
model,result_0193,0.35889980917551,0.9777713703503651,1,308
