background,wurzburg_000000_000992.png
split,train
model,result_0646,0.7334530955597469,0.7523434935544817,1,315
model,result_0586,0.973870193586681,0.3088984021827397,1,209
model,result_0989,0.4808728133741058,0.4744258868560335,2,127
