background,muhlheim-ruhr_000000_000888.png
split,train
model,result_0060,0.38209545200931083,0.5953872792888077,-3,179
