background,wurzburg_000000_000811.png
split,train
model,result_0127,0.8078884559853706,0.8379272526777095,-4,82
