background,duisburg_000000_000474.png
split,train
model,result_0803,0.2886604263052782,0.3656280732838653,-3,112
model,result_0192,0.9806149931193809,0.617689710102932,-1,145
