background,wurzburg_000000_001054.png
split,train
model,result_0803,0.9413671955231497,0.40632130776651176,0,161
model,result_0192,0.4259857900504652,0.26915772307511965,4,24
