background,konstanz_000000_000090.png
split,train
model,result_0051,0.6321789522012551,0.8204791400001212,2,276
model,result_0739,0.8698191260929122,0.8937276804047525,4,303
