background,heilbronn_000000_000035.png
split,train
model,result_0324,0.24478946157378567,0.43621919826760364,3,107
model,result_0173,0.9527617134918956,0.4437508052459235,-4,67
model,result_0751,0.11227791938996845,0.6526209692399723,0,88
