background,mannheim_000000_000566.png
split,train
model,result_0288,0.3338124117203305,0.9516292767517641,4,186
model,result_0247,0.8608941534633973,0.8293225478317083,2,113
model,result_0239,0.5656244768942049,0.8081509041995695,-1,103
