background,konstanz_000000_001411.png
split,train
model,result_0847,0.3479158520770753,0.8266725794779474,1,294
model,result_0646,0.8657191512707635,0.8794647310537655,-1,174
