background,muhlheim-ruhr_000000_000650.png
split,train
model,result_0467,0.280792008081051,0.3019193256739351,0,342
model,result_0154,0.9334993832444962,0.6213198643398458,-4,239
