background,nuremberg_000000_000956.png
split,train
model,result_1000,0.4987865463248923,0.3217852447921621,-1,120
model,result_0367,0.14214378075480238,0.5422028816896427,4,176
