background,dusseldorf_000003_000019.png
split,train
model,result_0127,0.46937776196799186,0.5900244819492863,2,242
model,result_0022,0.6011001232520141,0.8074890574491161,0,294
