background,muhlheim-ruhr_000000_000460.png
split,train
model,result_0123,0.3170924793781764,0.8385143647348741,2,229
model,result_0472,0.8714459628454214,0.2867940131942729,-4,139
model,result_0981,0.8464320724759836,0.7805525202352999,0,166
