background,augsburg_000000_000191.png
split,train
model,result_0266,0.20753012086070954,0.9122800236115067,-1,45
model,result_0862,0.5888094000729011,0.5120012070630064,-1,31
model,result_0524,0.5424680206995846,0.689722157571065,-2,173
