background,schweinfurt_000000_000504.png
split,train
model,result_0173,0.43798301472533163,0.44416936376470345,1,303
