background,bayreuth_000000_000386.png
split,train
model,result_0862,0.1834541604655454,0.664134645657114,1,110
model,result_0524,0.6447019908782138,0.32165180306858954,3,158
