background,konstanz_000000_000038.png
split,train
model,result_0969,0.367476500633668,0.8240488355037112,3,11
model,result_0793,0.03997491877709969,0.7314615416923742,1,322
