background,strasbourg_000000_000295.png
split,train
model,result_0544,0.8523236239735417,0.6278385447348906,1,78
model,result_0999,0.7276058782387272,0.9890489737053597,-3,150
