background,wuppertal_000000_000536.png
split,train
model,result_0373,0.45522579591717427,0.6391804265975691,1,286
model,result_0191,0.6969021473606153,0.9760997248611639,-2,46
model,result_0775,0.46368762398082497,0.6329525399430806,-4,18
