background,freiburg_000000_000288.png
split,train
model,result_0914,0.6943433483400129,0.7070982493917547,0,279
model,result_0193,0.6890278280754596,0.3714267390529793,-3,1
model,result_0036,0.7940594700640057,0.5521674623783392,3,137
