background,wuppertal_000000_000113.png
split,train
model,result_0981,0.20001895243550438,0.4642664977233173,1,322
model,result_0527,0.7109207671229952,0.6924536208816956,-1,51
model,result_0602,0.35959079021763973,0.3258146036147279,3,307
