background,freiburg_000000_000781.png
split,train
model,result_0472,0.4342997527266439,0.4279531391191249,3,21
model,result_0981,0.38094061373539045,0.6169818418847152,0,184
model,result_0527,0.05617480922710949,0.5928633521222343,1,38
