background,wuppertal_000000_001063.png
split,train
model,result_0385,0.32193255218230965,0.6356126561413354,-2,181
model,result_0991,0.5682571799191487,0.9980028511700461,-2,315
model,result_0373,0.6282955526845415,0.8799488865811582,2,141
