background,karlsruhe_000000_000094.png
split,train
model,result_0524,0.6007428524840864,0.40903425158960294,-4,275
