background,nuremberg_000000_001059.png
split,train
model,result_0969,0.06077433053493386,0.6699976115464157,-1,206
