background,muhlheim-ruhr_000000_000444.png
split,train
model,result_0784,0.22954188820467314,0.8102809798473836,-4,215
model,result_0924,0.7098812894450809,0.4709460437834898,2,10
model,result_0866,0.5954694119600571,0.29601901118648766,4,69
