background,wuppertal_000000_000569.png
split,train
model,result_1000,0.36654069753801033,0.8420681249957456,4,5
model,result_0367,0.12680305402571546,0.4354949106152398,-2,29
model,result_0822,0.06673834668384537,0.2754997799042145,-3,86
