background,schweinfurt_000000_000208.png
split,train
model,result_0542,0.7411274401725887,0.324389087296635,-2,37
