background,saarbrucken_000000_000411.png
split,train
model,result_0606,0.8458148252742199,0.30792952142980656,4,63
model,result_0082,0.07080667359612824,0.4280280808107759,1,167
model,result_0945,0.026554957464468454,0.6175356321360487,-3,182
