background,freiburg_000000_000766.png
split,train
model,result_0163,0.9062516331186197,0.29520347433919514,-3,20
model,result_0657,0.08799948879033015,0.5111420327448498,1,0
model,result_0914,0.7470745135709329,0.8796694930066253,-1,198
