background,muhlheim-ruhr_000000_000015.png
split,train
model,result_0080,0.5797793552187299,0.5115243610750062,-2,38
model,result_0857,0.9705994939054733,0.344565242965544,4,197
model,result_0795,0.7994571661052887,0.807245857575819,-2,91
