background,nuremberg_000000_001016.png
split,train
model,result_0646,0.35002654173808345,0.5417965897789283,-1,241
model,result_0586,0.38536002522236434,0.879935894656803,-1,312
model,result_0989,0.17107721744443571,0.8549267141422414,1,224
