background,muhlheim-ruhr_000000_001162.png
split,train
model,result_0945,0.5927515953842937,0.39073854711885003,2,167
model,result_0612,0.7150767936763703,0.6561056325551816,4,83
