background,karlsruhe_000000_000802.png
split,train
model,result_0968,0.9621906900880796,0.6856492487272225,0,246
model,result_0847,0.5402707215806344,0.5444659581478961,-1,24
