background,karlsruhe_000000_000736.png
split,train
model,result_0218,0.10138585186844751,0.4917708786593765,-3,256
