background,freiburg_000000_000640.png
split,train
model,result_0992,0.5974165842111934,0.9973044282232331,-1,350
model,result_0394,0.40957092750425506,0.600599359679725,0,321
