background,hanover_000000_030346.png
split,train
model,result_0332,0.9708920807099412,0.873004831226498,2,217
model,result_0385,0.6722774883185924,0.8427748549947129,-1,288
