background,freiburg_000000_000233.png
split,train
model,result_0367,0.8779752019110731,0.25070938787779923,1,321
model,result_0822,0.9574748245130855,0.4948562036936982,2,165
