background,heilbronn_000000_000718.png
split,train
model,result_0324,0.22582203631922226,0.42689254679858896,-1,6
model,result_0173,0.6493219909369173,0.35428881620115266,-3,207
model,result_0751,0.09816394314572918,0.5923414487178321,3,331
