background,bayreuth_000000_000527.png
split,train
model,result_0386,0.19917754602793702,0.8315882451293114,3,194
