background,duisburg_000000_000248.png
split,train
model,result_0385,0.2861933346605642,0.7910350374261986,1,123
