background,wurzburg_000000_000423.png
split,train
model,result_0373,0.15634832049348268,0.6745291823601693,1,10
model,result_0191,0.7416778630044276,0.9167047618122832,2,50
