background,konstanz_000000_001094.png
split,train
model,result_0861,0.24239663499169928,0.7754230699823976,0,259
