background,bremen_000107_000019.png
split,train
model,result_0193,0.1717600142779968,0.7082387099536636,0,23
model,result_0036,0.05263794525531584,0.2858432066278151,3,7
