background,stuttgart_000123_000019.png
split,train
model,result_0146,0.081935353223058,0.798899859480385,-4,338
