background,duisburg_000000_000316.png
split,train
model,result_0075,0.4694036280196785,0.8966147735602473,-1,151
