background,hamburg_000000_008221.png
split,train
model,result_0367,0.6809306379773976,0.8576283751121011,-4,278
