background,schweinfurt_000000_000050.png
split,train
model,result_0855,0.40970849730223335,0.9444152023752245,3,57
