background,dresden_000000_000051.png
split,train
model,result_0163,0.6528708758402635,0.8643889655326668,4,92
model,result_0657,0.9105099607960908,0.3879451441745566,-4,308
model,result_0914,0.4157706023335217,0.36239812514702585,1,20
