background,wurzburg_000000_001394.png
split,train
model,result_0989,0.9585714961331889,0.6186934890090613,1,11
model,result_0803,0.037081047467084294,0.393770361997815,2,128
model,result_0192,0.8904148739553415,0.5371304161219903,0,336
