background,bamberg_000000_000425.png
split,train
model,result_0524,0.20257290754090296,0.8331415763406975,4,299
model,result_0199,0.5926233144974183,0.7460903338686997,-1,134
model,result_0060,0.1403354657664987,0.47268577932695344,-4,262
