background,wurzburg_000000_000066.png
split,train
model,result_0602,0.14600552518662024,0.6724395738686438,-3,315
model,result_0024,0.887420442112984,0.6481328422585704,-1,74
model,result_0288,0.9779460710486193,0.6870018989067792,4,284
