background,nuremberg_000000_000589.png
split,train
model,result_0061,0.5671577872686172,0.3670808794404842,2,171
