background,heilbronn_000000_000149.png
split,train
model,result_0878,0.23620170384696537,0.7866691928543655,2,99
model,result_0004,0.4482648697371425,0.534984474810113,-2,317
