background,heilbronn_000000_000073.png
split,train
model,result_0632,0.04063582067887672,0.7974659078550841,3,20
