background,dusseldorf_000002_000019.png
split,train
model,result_0295,0.5475869988352058,0.6903636190513249,-1,350
model,result_0127,0.5821115513848818,0.49404848473700236,3,66
model,result_0022,0.7041709115560315,0.8556841408811439,0,23
