background,duisburg_000000_000340.png
split,train
model,result_0861,0.7190257852710634,0.2829661966136199,3,245
