background,oberhausen_000000_000533.png
split,train
model,result_0960,0.35795073180541925,0.9060636800188113,4,357
model,result_0632,0.3609453576483419,0.6618316083706377,4,18
