background,augsburg_000000_000165.png
split,train
model,result_0862,0.7283839386956542,0.9691216327757736,0,268
model,result_0524,0.03227289734818439,0.9058497740218372,4,346
model,result_0199,0.44242256050550466,0.9210226404186214,4,301
