background,heidelberg_000000_000764.png
split,train
model,result_0510,0.3691534601569969,0.7834795276798705,0,169
model,result_0328,0.41701479876668146,0.7311596200989352,4,124
