background,troisdorf_000000_000117.png
split,train
model,result_0123,0.4243300151586543,0.816343467743426,-3,160
model,result_0472,0.6560653518269067,0.47730191622335305,-4,161
model,result_0981,0.652335008090083,0.6908271218826941,0,6
