background,dortmund_000000_000399.png
split,train
model,result_0193,0.53970666662993,0.43998009271682764,-4,85
model,result_0036,0.9985455354032153,0.8771031602076333,3,118
model,result_1000,0.1555453374234229,0.9966900336491182,1,21
