background,wurzburg_000000_001391.png
split,train
model,result_0979,0.5329446901011533,0.796162439802034,-4,76
