background,dortmund_000000_000058.png
split,train
model,result_0678,0.6791170891402455,0.780541639053482,0,168
