background,troisdorf_000000_000087.png
split,train
model,result_0871,0.3429275661412656,0.6986604193120841,3,53
model,result_0878,0.866772315740412,0.2981272005719814,4,40
model,result_0004,0.3350493615949768,0.46478266424942216,-1,216
