background,dortmund_000000_000299.png
split,train
model,result_0924,0.47838670537826045,0.8110302558974135,-4,200
