background,freiburg_000000_000064.png
split,train
model,result_0484,0.35985403170352726,0.8837933017981241,-2,250
model,result_0861,0.43109640338480504,0.33871361342294903,-2,166
model,result_0882,0.8295137204079918,0.657123113581375,0,96
