background,heidelberg_000000_000871.png
split,train
model,result_0586,0.5529932824547725,0.5324976781031863,4,85
model,result_0989,0.40419853121217086,0.7529345681985644,0,225
