background,heilbronn_000000_000268.png
split,train
model,result_0981,0.12285567647028206,0.4066395607756569,-1,130
model,result_0527,0.6700992183761422,0.8216732997798967,3,71
model,result_0602,0.9041785129115927,0.6169106088972208,-4,166
