background,freiburg_000000_000559.png
split,train
model,result_0394,0.07804772302064622,0.3187199803835884,1,316
