background,wuppertal_000000_000526.png
split,train
model,result_0215,0.5085771105537414,0.3546181808703798,-4,184
model,result_0332,0.729021457979205,0.31577561180637304,1,360
