background,wuppertal_000000_000989.png
split,train
model,result_0871,0.15715358036120297,0.6370545915450609,-3,311
model,result_0878,0.19429407019111433,0.579714331690413,-4,287
