background,konstanz_000000_000750.png
split,train
model,result_0524,0.26632328357880186,0.9462082458144738,-3,70
