background,heilbronn_000000_000553.png
split,train
model,result_0855,0.03931979089046134,0.970671009742658,0,203
model,result_0338,0.7826811113742388,0.5196115207644119,-1,43
