background,schweinfurt_000000_000382.png
split,train
model,result_0674,0.1448249643688616,0.9184463527133262,-4,25
model,result_0146,0.5228344472267281,0.2675101626704005,3,103
model,result_0295,0.7652784290429799,0.9123770068815805,3,163
