background,saarbrucken_000000_000118.png
split,train
model,result_0646,0.5518131623949939,0.46092013796286746,2,207
