background,heidelberg_000000_000082.png
split,train
model,result_0632,0.3296157015588286,0.7363118850715172,-1,68
model,result_0357,0.07869686261164166,0.41206461157620333,0,107
model,result_0046,0.8385761760297543,0.8405262437692833,4,151
