background,saarbrucken_000000_000346.png
split,train
model,result_0968,0.6144910489416655,0.361043547319293,-4,321
model,result_0847,0.48045029722182586,0.5937943218044894,0,157
model,result_0646,0.00755208161367571,0.763249392085925,-3,70
