background,heilbronn_000000_000178.png
split,train
model,result_0775,0.45104520675222404,0.503127521844284,-4,184
model,result_0075,0.1507394824261611,0.7996548936376623,-4,71
model,result_0992,0.8421928699681809,0.7855741833167755,-1,346
