background,saarbrucken_000000_000039.png
split,train
model,result_0646,0.18675800015557387,0.6865959113964913,-4,244
model,result_0586,0.22682395496598584,0.5872361514648976,0,10
