background,augsburg_000000_000417.png
split,train
model,result_0266,0.28042568025000125,0.3692267533584662,-3,354
model,result_0862,0.44959278354028764,0.828570613078595,-4,308
model,result_0524,0.2941988315087961,0.42256469718058043,3,7
