background,munster_000100_000019.png
split,train
model,result_0082,0.7460357383453796,0.46686413638970636,3,244
