background,bamberg_000000_000068.png
split,train
model,result_0686,0.34766614337374635,0.7842866091683435,0,297
