background,nuremberg_000000_000453.png
split,train
model,result_0775,0.6928656716994877,0.31119473614362414,2,231
