background,heidelberg_000000_000713.png
split,train
model,result_0477,0.8179439236374288,0.3741383734336268,2,121
model,result_0949,0.10192116125943007,0.9867644449191428,4,256
