background,wurzburg_000000_000280.png
split,train
model,result_0542,0.23271028141821615,0.2580535340643192,0,3
model,result_0674,0.25613807664225385,0.527180706167849,0,301
model,result_0146,0.40241806768860355,0.9019306292178008,4,24
