background,dortmund_000000_000967.png
split,train
model,result_0871,0.904105206539089,0.48858483336847786,4,270
model,result_0878,0.40783157492021926,0.37389491611966746,3,306
model,result_0004,0.8125035534649835,0.9121500627109279,-3,346
