background,konstanz_000000_000363.png
split,train
model,result_0022,0.5780411617106371,0.6504264285344652,2,155
model,result_0061,0.9642068669390491,0.5269415511173126,-1,85
model,result_0606,0.08032128777021319,0.653625182534607,-2,298
