background,konstanz_000000_001303.png
split,train
model,result_0949,0.25616913657591045,0.7823735533028645,3,106
model,result_0324,0.5094000565447967,0.38297770728775504,-4,150
