background,wurzburg_000000_000669.png
split,train
model,result_0871,0.0487872471018328,0.42486513652485713,2,115
model,result_0878,0.6919976974815029,0.31973650128948294,2,25
model,result_0004,0.512407731077737,0.8636085727585607,3,108
