background,saarbrucken_000000_000370.png
split,train
model,result_0389,0.7697545483354832,0.849553562136958,-1,213
model,result_0164,0.8683553475220568,0.7848911063881358,4,76
