background,dortmund_000000_000508.png
split,train
model,result_0861,0.5565805916406341,0.32706109604877387,-1,287
model,result_0882,0.17604078299387227,0.9290390928137532,1,70
model,result_0467,0.19607067570085812,0.9008061011760194,-3,301
