background,freiburg_000000_000093.png
split,train
model,result_0861,0.003913309092593242,0.652391510406584,-1,226
model,result_0882,0.24237056714766292,0.46460559326660744,4,63
model,result_0467,0.30626284973621554,0.8675773367844085,1,72
