background,karlsruhe_000000_000831.png
split,train
model,result_0674,0.6761841727783475,0.5423116263057275,-1,198
model,result_0146,0.14698784487992977,0.34152643555498297,-2,9
