background,muhlheim-ruhr_000000_001038.png
split,train
model,result_0373,0.8624691450159463,0.28431431000088947,-2,237
