background,mannheim_000000_000112.png
split,train
model,result_0739,0.8493524634440878,0.44399322866347357,-2,35
model,result_0960,0.04398369311292449,0.4793025227786725,-2,301
model,result_0632,0.05226137707798151,0.8009154104048527,3,295
