background,augsburg_000000_000418.png
split,train
model,result_0319,0.2929365162206041,0.9366984593888448,1,302
