background,karlsruhe_000000_000606.png
split,train
model,result_0239,0.443778804357689,0.564990616180317,-4,78
model,result_0051,0.545981178762538,0.3464981512361547,2,29
model,result_0739,0.8716045117008916,0.7855589805282321,0,335
