background,aachen_000078_000019.png
split,train
model,result_0191,0.8745257827451464,0.4526348679375466,3,28
model,result_0775,0.3214402457356158,0.33321202936795336,0,214
model,result_0075,0.07282276158082313,0.5883992608566125,-4,360
