background,augsburg_000000_000329.png
split,train
model,result_0960,0.7436853923911739,0.7947225863732653,-2,345
model,result_0632,0.5293239472132392,0.6296015032021491,-2,91
model,result_0357,0.8576480815251234,0.6575980143735423,4,356
