background,saarbrucken_000000_000260.png
split,train
model,result_0805,0.30853202521423684,0.706323229828038,-1,87
model,result_0039,0.5863296643677811,0.7048184730826805,-1,103
model,result_0386,0.03187013062700039,0.8652401672451678,-1,343
