background,dortmund_000000_000861.png
split,train
model,result_0945,0.09512457036566935,0.9093907635586512,0,36
