background,muhlheim-ruhr_000000_000989.png
split,train
model,result_0484,0.8437872686440974,0.5710284651116796,1,206
model,result_0861,0.1299551599448261,0.7014950094025261,-4,113
