background,augsburg_000000_000043.png
split,train
model,result_0862,0.0599880580983001,0.2942761120607591,1,66
model,result_0524,0.6692347839950864,0.872836740284266,-2,64
model,result_0199,0.6561111358662298,0.6479978237394881,1,132
