background,schweinfurt_000000_000662.png
split,train
model,result_0751,0.6166362780199279,0.8249825373440405,-2,88
model,result_0678,0.7710070153246545,0.33728040835444467,1,200
model,result_0784,0.7990568781380283,0.8262157125454213,1,321
