background,duisburg_000000_000317.png
split,train
model,result_0154,0.4235138882999697,0.7384633059593,0,171
model,result_0562,0.21297212911857577,0.853758999768979,2,232
model,result_0215,0.6017175662629672,0.7846884504711291,-1,29
