background,konstanz_000000_001423.png
split,train
model,result_0694,0.5357926378875646,0.6486267898589305,-2,242
model,result_0319,0.26331053725854614,0.5425639783459486,2,238
