background,wurzburg_000000_001501.png
split,train
model,result_0163,0.9100039102861792,0.3203285956273527,2,156
model,result_0657,0.6832532711038327,0.3673302951173032,-2,289
model,result_0914,0.18525849753020884,0.7100626917820754,-2,267
