background,jena_000100_000019.png
split,train
model,result_0878,0.21051474529283043,0.6123827301888085,2,306
