background,konstanz_000000_000899.png
split,train
model,result_0857,0.2637958437381789,0.9556725887972226,-1,209
model,result_0795,0.5944398348544817,0.25403429860632354,-3,42
model,result_0388,0.2883367179691134,0.48485252131623674,0,129
