background,dortmund_000000_000440.png
split,train
model,result_0288,0.6493064849380137,0.4918961276216147,2,163
model,result_0247,0.044405658542450155,0.4383884047835097,-1,159
