background,wurzburg_000000_000651.png
split,train
model,result_0822,0.9646590833101681,0.7607390007972146,-2,215
model,result_0855,0.06569286314525902,0.43279541192014365,0,259
model,result_0338,0.8940386235614557,0.6586282023022058,3,199
