background,mannheim_000000_000550.png
split,train
model,result_0051,0.31272895930205347,0.8647688254676789,4,77
model,result_0739,0.8287666618473805,0.8453153186252349,-1,25
