background,heilbronn_000000_000116.png
split,train
model,result_0822,0.62271868307973,0.5508932677962461,-2,54
model,result_0855,0.8830765844379461,0.6601125562827186,2,27
