background,nuremberg_000000_001044.png
split,train
model,result_0557,0.9164619570302285,0.38227122925110313,-2,296
model,result_0544,0.7320194353584982,0.9574033742347877,3,57
