background,bayreuth_000000_000732.png
split,train
model,result_0544,0.4205149970090004,0.5114924808609927,4,214
