background,stuttgart_000042_000019.png
split,train
model,result_0080,0.09282057669687827,0.4901494010562461,-4,169
model,result_0857,0.7244997116346941,0.5961758715313377,-4,288
model,result_0795,0.4058089543085216,0.9508151753308433,2,322
