background,augsburg_000000_000758.png
split,train
model,result_0949,0.40139900137549256,0.486702963260189,-2,340
