background,oberhausen_000000_000679.png
split,train
model,result_0192,0.22964627419298045,0.47671484043699275,-1,35
