background,bayreuth_000000_000656.png
split,train
model,result_0193,0.6269576602563248,0.31699274175015,-1,229
model,result_0036,0.6931908255452636,0.4690425344758655,2,240
model,result_1000,0.7932634580464175,0.8093849726652496,-3,45
