background,karlsruhe_000000_001109.png
split,train
model,result_0036,0.43168956735356645,0.5696421768468289,4,45
model,result_1000,0.6401716938418499,0.5468282773558351,1,62
