background,muhlheim-ruhr_000000_000223.png
split,train
model,result_0080,0.3349045121642201,0.5113806363605269,-4,196
model,result_0857,0.5662850141151352,0.4081551148282161,-3,139
