background,muhlheim-ruhr_000000_000285.png
split,train
model,result_0039,0.2664671009266131,0.8306660045624394,4,105
