background,mannheim_000000_000814.png
split,train
model,result_0385,0.6701179680298529,0.6643144392048371,2,245
model,result_0991,0.29444151104127336,0.3514109830236818,0,151
model,result_0373,0.5733574055121003,0.7410611708877056,2,314
