background,karlsruhe_000000_000814.png
split,train
model,result_0247,0.8940522058764693,0.7695387243128353,-1,224
model,result_0239,0.3411980978097553,0.7411987076145719,3,119
model,result_0051,0.13798827620735787,0.9921282507060436,-4,107
