background,bochum_000000_021070.png
split,train
model,result_0193,0.8854135889879958,0.9886274775021292,2,158
model,result_0036,0.3541108438772036,0.31601755263583087,4,272
