background,karlsruhe_000000_000268.png
split,train
model,result_0051,0.9242758372952556,0.6299997218759813,-2,258
