background,zurich_000075_000019.png
split,train
model,result_0999,0.31544017697053506,0.9815441030214482,-1,86
model,result_0510,0.19190203804485895,0.5566020505037328,0,325
model,result_0328,0.6255034040621772,0.3426969596604581,0,185
