background,aachen_000158_000019.png
split,train
model,result_0857,0.10539084251934716,0.8840279349918405,4,350
