background,wurzburg_000000_001332.png
split,train
model,result_0388,0.9099828805270475,0.6390596321109436,2,353
model,result_0499,0.8753415465178409,0.6171455012011811,2,45
model,result_0844,0.869823986182814,0.9696560353339454,2,305
