background,bochum_000000_029203.png
split,train
model,result_0527,0.32948882779090205,0.864724873225384,2,214
