background,karlsruhe_000000_000956.png
split,train
model,result_0931,0.8029081318185083,0.9241228676599356,0,205
model,result_0123,0.2508555456086984,0.770122145280234,3,156
