background,heilbronn_000000_000511.png
split,train
model,result_0328,0.4837271452664633,0.4322330700090459,3,292
model,result_0879,0.6351803978169258,0.44861300527215053,2,232
model,result_0542,0.304486394620593,0.26925498177077856,4,260
