background,muhlheim-ruhr_000000_000783.png
split,train
model,result_0882,0.19367807965918626,0.2910714082748407,-3,104
model,result_0467,0.19294383047703112,0.34070552518586067,-2,83
model,result_0154,0.10646276325086523,0.5676335453659807,-4,311
