background,muhlheim-ruhr_000000_000206.png
split,train
model,result_0694,0.3630566544651903,0.565283786747629,-4,157
model,result_0319,0.9476453148002545,0.7377030008743565,4,102
model,result_0477,0.6294680973244394,0.3832924585420897,-1,98
