background,schweinfurt_000000_000220.png
split,train
model,result_0467,0.7815757334990143,0.8745252142748071,-4,141
model,result_0154,0.609233974699325,0.37990336374708256,2,191
