background,augsburg_000000_000500.png
split,train
model,result_0164,0.4763032707734486,0.2953946576538208,3,195
