background,dortmund_000000_001033.png
split,train
model,result_0192,0.172137045733597,0.8400592856588347,3,92
model,result_0218,0.4680801485334072,0.25735146386551383,4,49
model,result_0694,0.6721391367768049,0.9213725592388178,4,160
