background,karlsruhe_000000_000950.png
split,train
model,result_0678,0.2736103145247012,0.4755974046977462,1,78
model,result_0784,0.21059285451971665,0.7363099939497892,1,133
