background,wuppertal_000000_001053.png
split,train
model,result_0295,0.1147638759236913,0.8960397156634299,0,283
