background,karlsruhe_000000_000151.png
split,train
model,result_0795,0.7327731727533432,0.37025893883292826,1,313
model,result_0388,0.7778725888204387,0.818361008246661,-4,250
