background,augsburg_000000_000278.png
split,train
model,result_0288,0.024279287904224844,0.8054293007806057,-4,117
model,result_0247,0.9829351275107109,0.6859550088900043,-4,13
