background,duisburg_000000_000537.png
split,train
model,result_0674,0.8117082987948547,0.8441893614228229,-4,173
model,result_0146,0.048032461904882084,0.7599412409760212,4,134
model,result_0295,0.036919586119762315,0.930437373329782,4,195
