background,muhlheim-ruhr_000000_000971.png
split,train
model,result_0388,0.6821150552646035,0.8985455654545289,4,211
model,result_0499,0.6952322810984185,0.5293228849428002,-4,251
