background,wurzburg_000000_001336.png
split,train
model,result_0123,0.45157871729763754,0.8615869515957808,-3,5
model,result_0472,0.41163256503178147,0.4504580861507987,-4,168
model,result_0981,0.45266060206413883,0.43216885351677115,-4,237
