background,muhlheim-ruhr_000000_000313.png
split,train
model,result_0386,0.6615590185833746,0.4191936677667849,-1,165
model,result_0979,0.22597220476844693,0.3450579715520119,2,193
