background,oberhausen_000000_000356.png
split,train
model,result_0467,0.8113851950307159,0.760821221456819,0,26
model,result_0154,0.04948647603430434,0.8509725442639023,-1,260
model,result_0562,0.3012710671520331,0.7475335678648884,-3,258
