background,bamberg_000000_000242.png
split,train
model,result_0123,0.8718399870995664,0.7848054558833658,4,105
