background,hamburg_000000_037161.png
split,train
model,result_0803,0.60565263114782,0.6514981294842139,0,237
