background,wurzburg_000000_000079.png
split,train
model,result_0477,0.5781585480586439,0.676215341385906,-2,214
