background,mannheim_000000_000273.png
split,train
model,result_0123,0.42592514577520757,0.5009252078785118,2,4
