background,muhlheim-ruhr_000000_000198.png
split,train
model,result_0586,0.4548975361536447,0.6289303908599317,1,222
model,result_0989,0.6566275541744975,0.5382544575060789,-1,106
model,result_0803,0.5734258262219307,0.3837303121397537,-2,186
