background,mannheim_000000_000249.png
split,train
model,result_0022,0.05337585924110999,0.3822074772489894,-1,246
