background,augsburg_000000_000103.png
split,train
model,result_0199,0.3688841622778488,0.3341685834220788,4,351
model,result_0060,0.13916062961255204,0.5897384315416556,3,323
model,result_0080,0.23202427722465624,0.9873687357121795,1,257
