background,muhlheim-ruhr_000000_000113.png
split,train
model,result_0499,0.6757140131555737,0.3694465392939723,4,336
model,result_0844,0.9633166403394678,0.506256604699024,-1,270
