background,mannheim_000000_000135.png
split,train
model,result_0862,0.2502643367434534,0.40491138391602766,-2,340
model,result_0524,0.8963316072621916,0.9744301553543375,-1,87
model,result_0199,0.8666433629942669,0.3847103940597908,2,69
