background,dortmund_000000_000912.png
split,train
model,result_0612,0.15187356145845332,0.6263863031585037,-2,11
