background,nuremberg_000000_000933.png
split,train
model,result_0847,0.13690447847733833,0.7814232100808155,2,221
model,result_0646,0.786662456880396,0.5351557861606382,1,349
