background,stuttgart_000146_000019.png
split,train
model,result_0995,0.13083622321635513,0.4284708722519821,1,90
