background,augsburg_000000_000097.png
split,train
model,result_0606,0.10996428107876566,0.9251663564462664,2,178
model,result_0082,0.2114946975196733,0.9813546044238346,-4,353
