background,konstanz_000000_001249.png
split,train
model,result_0646,0.0507268501735777,0.39689985815865103,2,175
model,result_0586,0.5835860691200162,0.3872375939805336,1,28
model,result_0989,0.1828310526665029,0.9811294088376753,0,87
