background,karlsruhe_000000_000536.png
split,train
model,result_0389,0.8579244482772638,0.3875174484561903,0,178
model,result_0164,0.12389534815124026,0.790425107564879,-4,223
model,result_0440,0.5101378461668685,0.5095797411239467,-4,266
