background,oberhausen_000000_000862.png
split,train
model,result_0080,0.38543510412633397,0.34551965377852145,2,15
model,result_0857,0.7481340740184385,0.555120861485962,-2,189
model,result_0795,0.6887152190491703,0.6268633326512514,-2,89
