background,wuppertal_000000_000878.png
split,train
model,result_0394,0.11801835925097492,0.35159361651953175,2,338
model,result_0163,0.5604435877939167,0.8232141594750311,1,353
