background,dortmund_000000_000689.png
split,train
model,result_0657,0.15556793373142708,0.9035412973843939,-2,248
model,result_0914,0.03155751134642093,0.4778356504622463,4,194
