background,augsburg_000000_000120.png
split,train
model,result_0960,0.6162421564642198,0.67876529252143,1,184
model,result_0632,0.10001291665250356,0.9034110687912836,2,255
