background,augsburg_000000_001147.png
split,train
model,result_0061,0.37399259527090123,0.5763620010336354,-4,339
model,result_0606,0.9431908984057569,0.8549665491102827,-3,313
model,result_0082,0.9233599998928815,0.7266375911201686,4,254
