background,wurzburg_000000_000091.png
split,train
model,result_0805,0.8237448454343811,0.916882930286673,-4,73
model,result_0039,0.6744365224159243,0.5904945126419074,-4,1
