background,augsburg_000000_001149.png
split,train
model,result_0036,0.3569141975230038,0.8168769997699783,-2,198
model,result_1000,0.06121461995778943,0.6806802922349802,4,232
model,result_0367,0.520364536543884,0.4636292057745631,3,228
