background,freiburg_000000_000101.png
split,train
model,result_0995,0.6614823549714176,0.7630129893255541,0,86
model,result_0969,0.010159954292172202,0.8822105224458243,-1,188
