background,wurzburg_000000_001098.png
split,train
model,result_0080,0.26949568291349524,0.5176456074399387,3,253
