background,wuppertal_000000_000231.png
split,train
model,result_0992,0.5467769822363215,0.6788716330304974,-3,51
