background,duisburg_000000_000117.png
split,train
model,result_0855,0.05405071953471008,0.531321771226814,-4,160
model,result_0338,0.003666100145356732,0.2536428103335464,0,17
model,result_0557,0.07909335055222944,0.36577802694095873,3,78
