background,bayreuth_000000_000739.png
split,train
model,result_0295,0.2045839790644819,0.3907450259185846,-1,96
model,result_0127,0.31709887786434565,0.7399966335460819,-1,3
model,result_0022,0.3052701764322925,0.8366480249603923,4,345
