background,karlsruhe_000000_001041.png
split,train
model,result_0795,0.030094302771244696,0.6128120344350609,-4,25
