background,augsburg_000000_000280.png
split,train
model,result_0979,0.47363584480903664,0.83990611356136,0,188
model,result_0871,0.9459163055265534,0.3378111667605256,1,342
model,result_0878,0.3960803377313652,0.8727922673343939,3,73
