background,duisburg_000000_000197.png
split,train
model,result_0914,0.46324883435047604,0.8425920146485206,-2,272
model,result_0193,0.07516789853100658,0.8218496736060253,-2,115
