background,muhlheim-ruhr_000000_000703.png
split,train
model,result_0394,0.9758280902846955,0.4595293594313648,-2,80
model,result_0163,0.43881389196594756,0.8942495262157656,3,303
