background,darmstadt_000001_000019.png
split,train
model,result_0871,0.5210132298386715,0.5872730662338104,3,268
