background,nuremberg_000000_000014.png
split,train
model,result_0288,0.8068555511360331,0.7335264227956297,1,144
model,result_0247,0.31634729794294847,0.36108978848354834,-1,2
