background,karlsruhe_000000_000916.png
split,train
model,result_0795,0.34656562589905493,0.8168302880628548,-1,77
model,result_0388,0.2409065362270567,0.3866275237492842,-3,98
