background,schweinfurt_000000_000114.png
split,train
model,result_0510,0.3630943869265242,0.9947841646904863,-3,87
model,result_0328,0.3244068802451312,0.37198354636775144,-2,152
model,result_0879,0.11595778034336712,0.7151526809768075,0,144
