background,schweinfurt_000000_000491.png
split,train
model,result_0784,0.307195441775699,0.4965079269785836,-3,149
model,result_0924,0.21142558716716997,0.3687409862249214,0,258
model,result_0866,0.07463505183711394,0.3376656255142302,1,15
