background,augsburg_000000_001484.png
split,train
model,result_0022,0.30270118366264076,0.3524106779977859,1,89
model,result_0061,0.056769806738807715,0.7499228996505655,3,284
model,result_0606,0.9819184899920917,0.3058310100170026,-3,224
