background,konstanz_000000_000455.png
split,train
model,result_0060,0.5367036898468176,0.8242799480047822,-1,186
model,result_0080,0.17804285082894167,0.9158679509764036,-2,101
