background,karlsruhe_000000_000459.png
split,train
model,result_0082,0.35657582531814613,0.7630919452532179,4,214
model,result_0945,0.28553577693197196,0.3004872483115191,-4,53
model,result_0612,0.9675862141863738,0.39567632348790815,-4,340
