background,nuremberg_000000_000510.png
split,train
model,result_0440,0.7269319213500335,0.7860918415459576,3,192
