background,oberhausen_000000_000375.png
split,train
model,result_0968,0.4280000285939951,0.2958901222696707,-1,92
model,result_0847,0.5349268330811998,0.2785275883767546,-3,25
