background,muhlheim-ruhr_000000_000928.png
split,train
model,result_0996,0.05477408671014106,0.3534579423128252,-2,89
