background,augsburg_000000_001122.png
split,train
model,result_0484,0.23361951230650846,0.8453995481744103,0,349
model,result_0861,0.6096579637717031,0.5672077481130382,-1,33
model,result_0882,0.022259661289520616,0.8395445744013528,0,54
