background,nuremberg_000000_000542.png
split,train
model,result_0612,0.9922959991195657,0.3262255552785329,3,183
model,result_0283,0.7833743740722663,0.3877786110032689,0,159
