background,stuttgart_000001_000019.png
split,train
model,result_0046,0.11492128552225156,0.275543762466824,-3,128
