background,wuppertal_000000_001044.png
split,train
model,result_0795,0.9211702575075542,0.4397711830221339,1,165
model,result_0388,0.603426401528528,0.6703164390903023,0,251
model,result_0499,0.730037694440032,0.26724120634565296,-4,146
