background,wurzburg_000000_000889.png
split,train
model,result_0036,0.14611948702024558,0.9094786445431916,0,48
model,result_1000,0.19802242886311106,0.42350020883785944,0,43
model,result_0367,0.29495750334607984,0.27969294979042403,-2,118
