background,freiburg_000000_000504.png
split,train
model,result_0795,0.002010986268146442,0.7639489538158345,0,135
model,result_0388,0.5001885048199066,0.574749929834722,-3,231
model,result_0499,0.4183088255919649,0.5984852686122937,-2,118
