background,tubingen_000000_000019.png
split,train
model,result_0394,0.6456453477117657,0.34524833020994605,0,319
model,result_0163,0.0012206180803213673,0.8020190079419903,2,272
