background,mannheim_000000_000648.png
split,train
model,result_0146,0.466537674413258,0.8914466028922294,3,191
