background,wurzburg_000000_001515.png
split,train
model,result_0949,0.06002583501800973,0.5781403549585897,4,127
