background,wurzburg_000000_000386.png
split,train
model,result_0527,0.20230408039921022,0.6492213420767389,4,36
model,result_0602,0.16963665186944454,0.3809878909606046,2,335
model,result_0024,0.06110930275677384,0.5026888019503425,4,190
