background,dortmund_000000_000005.png
split,train
model,result_0979,0.184824015400344,0.5699206123058926,-3,193
