background,dortmund_000000_000135.png
split,train
model,result_0805,0.8502185386374677,0.4764694197934395,-4,75
model,result_0039,0.25453443228590256,0.25447099987692356,0,147
model,result_0386,0.3103402633654919,0.8857792935572749,-3,355
