background,nuremberg_000000_000332.png
split,train
model,result_0080,0.8844480368900998,0.7034876102534224,-4,308
