background,schweinfurt_000000_000292.png
split,train
model,result_0992,0.37915057634715865,0.47378766646583936,1,172
