background,monchengladbach_000000_030010.png
split,train
model,result_0338,0.11134508747619465,0.8174896673462387,-4,232
model,result_0557,0.16632166125370274,0.5799025376722443,3,354
model,result_0544,0.16907043280976763,0.5886820076583679,-4,100
