background,duisburg_000000_000407.png
split,train
model,result_0686,0.5594726499016948,0.9220711460607857,-1,85
model,result_0805,0.43052902997771236,0.5426940257127543,3,284
