background,wurzburg_000000_000039.png
split,train
model,result_0123,0.027832465320885902,0.7826992385404303,1,156
model,result_0472,0.2725558746720964,0.644950949020087,4,204
