background,bad-honnef_000000_000069.png
split,train
model,result_0857,0.20263674049704927,0.3916979783257234,-1,100
