background,konstanz_000000_000864.png
split,train
model,result_0983,0.8638618744856231,0.6557757368549307,2,266
model,result_0996,0.9648863481914355,0.9571155861661426,-1,209
model,result_0266,0.23624145882234626,0.5357230379914413,2,100
