background,augsburg_000000_000377.png
split,train
model,result_0192,0.9139716697133383,0.4271941568770951,-3,337
model,result_0218,0.1715241195089967,0.3032274701867279,1,169
