background,bayreuth_000000_000743.png
split,train
model,result_0995,0.7561934821326597,0.29063128253621495,0,253
