background,karlsruhe_000000_001036.png
split,train
model,result_0586,0.7944756086032015,0.8125966112701271,-2,45
model,result_0989,0.3029384388912538,0.8065476869118858,-4,94
