background,konstanz_000000_000022.png
split,train
model,result_0046,0.8345937347988456,0.9107489677780267,-2,171
model,result_0389,0.04523379358324231,0.30772092621375946,0,42
model,result_0164,0.3487315468827056,0.4893467658803461,-2,118
