background,bayreuth_000000_000732.png
split,train
model,result_0949,0.5806198287977469,0.5090470831969209,2,102
model,result_0324,0.17732689605110075,0.9627230490976414,3,334
model,result_0173,0.26272566911083106,0.32857839591994725,3,192
