background,duisburg_000000_000770.png
split,train
model,result_0191,0.4171810736428887,0.9145297543453366,-1,161
