background,augsburg_000000_000064.png
split,train
model,result_0524,0.2544397496373145,0.28788067187609023,-4,273
model,result_0199,0.40212465104728423,0.5047572067896589,-3,264
