background,wurzburg_000000_000687.png
split,train
model,result_0855,0.6121065542588723,0.7664258455309625,1,129
model,result_0338,0.05724052890942799,0.8303629269878853,-3,112
