background,heidelberg_000000_000206.png
split,train
model,result_0992,0.9314412011457748,0.4720795955532654,-2,199
model,result_0394,0.9061027280291096,0.28697968899181137,-4,61
