background,bremen_000021_000019.png
split,train
model,result_0164,0.32012045111433973,0.7766056627705141,3,225
model,result_0440,0.6872378731271659,0.919569109223392,0,96
