background,dortmund_000000_000650.png
split,train
model,result_0332,0.9948386741685791,0.3953979149221081,-1,262
model,result_0385,0.793755541933489,0.7939497789650882,3,289
model,result_0991,0.7430418774390182,0.3871588938366618,-3,232
