background,augsburg_000000_000519.png
split,train
model,result_0075,0.6263450380806432,0.30319515539561565,2,327
model,result_0992,0.8896014317065072,0.49883788732410805,-1,230
model,result_0394,0.23884321720693436,0.9746294852545139,1,255
