background,muhlheim-ruhr_000000_000475.png
split,train
model,result_0862,0.23777643558271533,0.5596550212104046,-2,94
model,result_0524,0.16798361631515857,0.6926663508858073,-1,153
model,result_0199,0.8935339397339876,0.9170076237026106,2,216
