background,wurzburg_000000_000003.png
split,train
model,result_0193,0.2825489201111583,0.30199183475795854,4,71
