background,wurzburg_000000_001298.png
split,train
model,result_0154,0.6171075078037943,0.46785185449943023,-1,201
model,result_0562,0.16389645325943591,0.5122027861263216,0,16
model,result_0215,0.1460965569703876,0.7055110171664192,2,65
