background,karlsruhe_000000_000740.png
split,train
model,result_0795,0.8437972891803625,0.4722014763394501,-2,297
model,result_0388,0.1857132412118263,0.8173751926493296,1,144
model,result_0499,0.342893684162762,0.4535690373472352,1,76
