background,jena_000004_000019.png
split,train
model,result_0357,0.5019095073797818,0.6907465085984913,0,15
