background,augsburg_000000_000016.png
split,train
model,result_0991,0.4898425265373252,0.6766111431259906,4,208
