background,augsburg_000000_000215.png
split,train
model,result_0061,0.41991225474206006,0.33910198640963746,-2,152
