background,freiburg_000000_000111.png
split,train
model,result_0385,0.5500914015194932,0.9423591303328884,3,207
model,result_0991,0.5175660848714818,0.2549508892068959,-4,326
model,result_0373,0.744756232550146,0.40961902034249553,-4,67
