background,muhlheim-ruhr_000000_000047.png
split,train
model,result_0602,0.6634534070316823,0.7340409641284991,3,331
