background,duisburg_000000_000021.png
split,train
model,result_0247,0.5321499621797413,0.4336473654885243,3,212
model,result_0239,0.9255561489651626,0.9061424889409793,-2,263
model,result_0051,0.49770701079222057,0.6361368414014077,0,248
