background,saarbrucken_000000_000314.png
split,train
model,result_0394,0.869513027102835,0.9967594308341227,1,174
