background,konstanz_000000_001094.png
split,train
model,result_0247,0.7027121581099588,0.2636950182977522,-1,44
