background,augsburg_000000_000704.png
split,train
model,result_0239,0.7189466045455044,0.9299133425726254,-2,223
