background,troisdorf_000000_000055.png
split,train
model,result_0793,0.33091420374173297,0.5917635720821309,-2,123
