background,wuppertal_000000_000055.png
split,train
model,result_0931,0.5555461980344263,0.6074294621503595,1,140
