background,augsburg_000000_001310.png
split,train
model,result_0127,0.38993683289726966,0.7604337849703615,-3,186
model,result_0022,0.21864798544673913,0.6059842857018165,2,173
model,result_0061,0.704590959937506,0.4380650139673142,-3,67
