background,konstanz_000000_000586.png
split,train
model,result_0602,0.5858313243098937,0.5808306200967739,-4,147
model,result_0024,0.3479060978632281,0.8220516193376903,3,245
