background,wuppertal_000000_000525.png
split,train
model,result_0775,0.7463118376349024,0.4008519837028234,3,35
model,result_0075,0.07502570361627747,0.8888736299374775,3,236
