background,bayreuth_000000_000628.png
split,train
model,result_0324,0.9413755300341252,0.8923534686470119,2,87
