background,nuremberg_000000_001369.png
split,train
model,result_0154,0.2698388220985055,0.9799776775736356,-4,228
model,result_0562,0.7459184346926734,0.7463026355924881,0,99
model,result_0215,0.23728509279892085,0.8075633963894384,1,252
