background,heidelberg_000000_000091.png
split,train
model,result_0949,0.18732135801609795,0.9791618987100086,1,31
model,result_0324,0.9670023577501311,0.9960032951438484,2,30
model,result_0173,0.2677909589934271,0.6015794286285859,4,347
