background,erlangen_000000_000145.png
split,train
model,result_0039,0.30969789184346674,0.8534773000228997,1,287
model,result_0386,0.9688771170292029,0.6215347313193099,0,328
