background,nuremberg_000000_001453.png
split,train
model,result_0981,0.6226184075570141,0.30454711255595346,3,166
model,result_0527,0.6073642025530329,0.49131000645279893,0,127
model,result_0602,0.9256455480610595,0.2863664525130225,-4,175
