background,heilbronn_000000_000712.png
split,train
model,result_0646,0.07457168111037149,0.36596664051526007,0,112
model,result_0586,0.15695073485916744,0.37908968939064247,-3,64
