background,augsburg_000000_001148.png
split,train
model,result_0075,0.9966636013201494,0.3226928363674943,-2,346
model,result_0992,0.24713934086470413,0.5791439735893312,3,335
