background,bochum_000000_020899.png
split,train
model,result_0046,0.9440166371585944,0.6893121076179471,-1,244
model,result_0389,0.19242985391378697,0.580352287310723,-3,96
model,result_0164,0.8996756127840445,0.5262180250294743,1,112
