background,saarbrucken_000000_000256.png
split,train
model,result_0367,0.37048802930961167,0.8611592087464752,-3,81
