background,muhlheim-ruhr_000000_001157.png
split,train
model,result_0871,0.5491724516176212,0.4789207374703585,0,351
