background,frankfurt_000001_049078.png
split,train
model,result_0389,0.9478494273529081,0.5848853141842764,2,139
