background,bad-honnef_000000_000094.png
split,train
model,result_0862,0.33675772448251307,0.4268017986807407,0,316
