background,konstanz_000000_000407.png
split,train
model,result_0163,0.5199317222909099,0.32582856398953386,4,9
model,result_0657,0.7336890504641922,0.3335470054657571,-1,279
model,result_0914,0.7733168541797776,0.28170041758712094,-1,1
