background,freiburg_000000_000095.png
split,train
model,result_0046,0.44660446553982114,0.9835885512404419,0,22
