background,muhlheim-ruhr_000000_000511.png
split,train
model,result_0036,0.44637810995501603,0.9588862723336367,4,177
