background,dusseldorf_000213_000019.png
split,train
model,result_0793,0.19756801465512852,0.7969541053885523,2,13
