background,wurzburg_000000_001234.png
split,train
model,result_0822,0.21023954890270502,0.4161594940582327,-1,115
model,result_0855,0.3648444447905801,0.784135015562853,-2,27
