background,schweinfurt_000000_000470.png
split,train
model,result_0586,0.2613689309045695,0.8440720297840971,2,324
model,result_0989,0.6979072503967182,0.5799019029114278,-3,347
model,result_0803,0.2712027561999205,0.4728511090826819,4,97
