background,saarbrucken_000000_000480.png
split,train
model,result_0606,0.1890747635047746,0.9113124634474965,1,158
model,result_0082,0.8799826583528934,0.8854119992770308,4,314
model,result_0945,0.1198522392340794,0.8646270818397408,-3,152
