background,dresden_000000_000189.png
split,train
model,result_0046,0.2083030793698788,0.580216407368473,3,304
model,result_0389,0.3932165272932646,0.5563924601154111,0,222
model,result_0164,0.9883077850035822,0.9618312781498943,-4,274
