background,karlsruhe_000000_000589.png
split,train
model,result_0247,0.8773355413999683,0.7692135092198248,2,183
model,result_0239,0.1166424667757554,0.8391273831929854,-4,23
model,result_0051,0.31193345633587355,0.4049423190913142,-4,236
