background,karlsruhe_000000_000505.png
split,train
model,result_0775,0.24726197282465256,0.8620032601394771,3,90
