background,wuppertal_000000_000223.png
split,train
model,result_0847,0.5138590270106387,0.9461941229482795,-1,90
