background,erlangen_000000_000007.png
split,train
model,result_0657,0.18159676132032077,0.529123366494389,0,158
