background,wurzburg_000000_000868.png
split,train
model,result_0544,0.9835658861083126,0.9912926530436869,3,5
model,result_0999,0.39955275265645207,0.43160416783936373,-3,109
model,result_0510,0.06417998605158892,0.9154906987102729,-2,352
