background,heilbronn_000000_000308.png
split,train
model,result_0499,0.16174571464116583,0.9406940678687142,4,253
model,result_0844,0.5500124780987278,0.9888441241345928,-1,71
model,result_0995,0.530864172665441,0.2973383620839634,-1,233
