background,mannheim_000000_001165.png
split,train
model,result_0080,0.1613745305662,0.9102694986308006,2,301
model,result_0857,0.5366772836052801,0.5177322930543709,4,211
