background,dresden_000000_000256.png
split,train
model,result_0004,0.2415174607638617,0.4176190519271705,-3,306
model,result_0931,0.7541173979597555,0.40588484640001754,4,287
