background,dresden_000000_000015.png
split,train
model,result_0995,0.10689934523120015,0.6638126697501812,3,66
