background,heilbronn_000000_000163.png
split,train
model,result_0440,0.962487984644222,0.49705321795525226,2,9
model,result_0484,0.7806971710426764,0.3274621291548358,-2,102
model,result_0861,0.23622456281220527,0.5149795890033387,-2,258
