background,nuremberg_000000_001219.png
split,train
model,result_0949,0.9635471909849459,0.8207198144493595,2,186
model,result_0324,0.6655616611757958,0.7726037303393236,3,198
model,result_0173,0.37691300386783144,0.9680627141761112,-3,93
