background,oberhausen_000000_000859.png
split,train
model,result_0694,0.3070275839466202,0.42592146766392597,4,148
