background,schweinfurt_000000_000684.png
split,train
model,result_0960,0.3776956448070836,0.45609795234637085,3,177
