background,bremen_000259_000019.png
split,train
model,result_0061,0.3286730013477869,0.4474961404271347,-1,216
