background,erlangen_000000_000211.png
split,train
model,result_0855,0.3471943321886909,0.4368599529537681,3,315
