background,mannheim_000000_001180.png
split,train
model,result_0862,0.7485635352032532,0.8348328604686663,4,199
model,result_0524,0.1153782345488732,0.4174118297243658,-3,145
