background,heilbronn_000000_000219.png
split,train
model,result_0163,0.033606369314937434,0.44692363440217076,-3,226
