background,dortmund_000000_000803.png
split,train
model,result_0389,0.2323119239203355,0.30924340443691467,-3,358
model,result_0164,0.6398092498858738,0.720863153301659,2,201
model,result_0440,0.9841156690031275,0.31090743419152667,0,85
