background,augsburg_000000_001248.png
split,train
model,result_0855,0.8433509072393035,0.6412484437594255,3,354
model,result_0338,0.8013359236445822,0.6646581525719659,3,241
