background,heidelberg_000000_000462.png
split,train
model,result_0266,0.03991435091879425,0.3100129985056491,-4,142
