background,muhlheim-ruhr_000000_000107.png
split,train
model,result_0218,0.5739346385483646,0.4655452258536181,-2,32
