background,augsburg_000000_000714.png
split,train
model,result_0857,0.9806216748574973,0.6678097672985684,-1,104
model,result_0795,0.7301009698886329,0.486199886558839,-3,156
