background,oberhausen_000000_000398.png
split,train
model,result_0075,0.887774517347485,0.29696984451991265,-4,295
model,result_0992,0.4747584307406931,0.6733858628855721,0,283
model,result_0394,0.2670738033634752,0.9275237356862269,0,246
