background,heilbronn_000000_000556.png
split,train
model,result_0024,0.822689518743483,0.32807665388845786,3,276
model,result_0288,0.4979489476634362,0.5678381229359926,1,229
