background,wuppertal_000000_000659.png
split,train
model,result_0879,0.017000132484485175,0.7122386475768988,2,329
model,result_0542,0.460591843339234,0.5866867134261349,0,323
model,result_0674,0.92202055320727,0.5230324870159517,1,34
