background,nuremberg_000000_000361.png
split,train
model,result_0163,0.2770589724338116,0.517302424276767,1,319
model,result_0657,0.024502245043036885,0.5149460400913973,2,329
model,result_0914,0.7115578141690048,0.7450479194921877,4,359
