background,heilbronn_000000_000311.png
split,train
model,result_0981,0.24889855177541753,0.6792183531620994,-3,217
