background,karlsruhe_000000_000365.png
split,train
model,result_0924,0.41208519242326014,0.4131672013141998,1,206
