background,bayreuth_000000_000221.png
split,train
model,result_0164,0.5767337634366262,0.611946086614463,-2,227
model,result_0440,0.6079704265832765,0.4144723655970286,4,359
