background,schweinfurt_000000_000164.png
split,train
model,result_0046,0.1690354219221467,0.3333031616948534,0,246
model,result_0389,0.4205686538515587,0.85443150558693,-3,82
model,result_0164,0.04796171522748205,0.8234862538485265,-2,158
