background,wurzburg_000000_001295.png
split,train
model,result_0386,0.8226150052265622,0.28585953755657806,-4,165
