background,mannheim_000000_001137.png
split,train
model,result_0051,0.8160141303130056,0.673686573282561,1,122
model,result_0739,0.11356408343191271,0.43297658781663634,-3,274
