background,konstanz_000000_001093.png
split,train
model,result_0477,0.4422820052685742,0.44714721892293885,-3,323
model,result_0949,0.7694659469437456,0.2624428764329622,-3,130
model,result_0324,0.3662115012362269,0.913164765045464,2,175
