background,muhlheim-ruhr_000000_001044.png
split,train
model,result_0218,0.3257497295423495,0.46576707333324363,-4,343
model,result_0694,0.09989027799728367,0.9266409892711647,4,187
