background,wurzburg_000000_000048.png
split,train
model,result_0784,0.2557963292708566,0.42233737931837245,1,213
