background,heidelberg_000000_000563.png
split,train
model,result_0945,0.5450491001902612,0.7743069531656604,2,360
model,result_0612,0.6647449477672588,0.550511763656957,2,9
