background,karlsruhe_000000_000370.png
split,train
model,result_0319,0.7799260257852799,0.8502818150517691,2,358
model,result_0477,0.975266018215643,0.3878823001994891,3,351
