background,oberhausen_000000_000896.png
split,train
model,result_0586,0.6910707495503562,0.2726892726681459,3,274
