background,nuremberg_000000_000475.png
split,train
model,result_0472,0.21950561994026907,0.6658117156812806,1,260
model,result_0981,0.6758437233085783,0.8090816502213766,-2,315
