background,augsburg_000000_000030.png
split,train
model,result_0674,0.5570326658671471,0.5218291623691138,2,233
model,result_0146,0.020432788974200755,0.926048592455958,-4,192
