background,augsburg_000000_000218.png
split,train
model,result_0218,0.0026364560444884777,0.5802179106070835,4,91
model,result_0694,0.5619447362336167,0.29141717411069146,2,8
model,result_0319,0.6622166318894247,0.9892996507599194,4,110
