background,bamberg_000000_000096.png
split,train
model,result_0163,0.9680439175565831,0.26262300285365203,4,4
