background,augsburg_000000_000497.png
split,train
model,result_0467,0.4535883018862389,0.8478222709727312,0,140
model,result_0154,0.25800267831696333,0.9440307393494043,3,355
