background,dortmund_000000_000774.png
split,train
model,result_0612,0.9375996584849036,0.7389324192506692,4,204
model,result_0283,0.8941045468718538,0.8239672694787966,4,301
