background,wuppertal_000000_000199.png
split,train
model,result_0805,0.9214830551431892,0.7426508837903821,1,320
model,result_0039,0.23929346108750904,0.3352092956302768,2,288
