background,bremen_000019_000019.png
split,train
model,result_0968,0.8193384601475298,0.92255741105998,1,198
model,result_0847,0.19172394538797255,0.6048378547606099,2,0
