background,schweinfurt_000000_000117.png
split,train
model,result_0855,0.5982940897136891,0.5669751447090894,4,143
