background,oberhausen_000000_000730.png
split,train
model,result_0524,0.428321679950849,0.32291881145101703,1,277
