background,schweinfurt_000000_000663.png
split,train
model,result_0192,0.20278087003498413,0.31474865812135167,2,50
model,result_0218,0.5970603490083736,0.6679485958637765,0,329
