background,muhlheim-ruhr_000000_000227.png
split,train
model,result_0004,0.4251641215815275,0.9002464794617053,-2,298
model,result_0931,0.8518386396517355,0.8134369702405122,-1,15
model,result_0123,0.5221303113167185,0.30730527697939813,1,24
