background,nuremberg_000000_000903.png
split,train
model,result_0793,0.789322787944014,0.7359518589197369,-2,61
