background,duisburg_000000_000376.png
split,train
model,result_0847,0.5255888223458967,0.8872530222296129,-2,236
model,result_0646,0.3874307929777415,0.8384598394865255,-4,284
model,result_0586,0.7813767714670344,0.8269659567188642,4,170
