background,muhlheim-ruhr_000000_000193.png
split,train
model,result_0949,0.4932247960055003,0.7104805404099258,4,16
model,result_0324,0.8613915193854226,0.703318703715479,4,118
model,result_0173,0.7747320606638949,0.8516059047653499,4,183
