background,schweinfurt_000000_000237.png
split,train
model,result_0989,0.2282601561360399,0.27087562648951563,-3,94
model,result_0803,0.5228789423316427,0.5323334819423416,-1,45
model,result_0192,0.3980913803155912,0.39633544405280474,2,340
