background,konstanz_000000_000453.png
split,train
model,result_0878,0.09039377592890985,0.8511461443908795,4,147
