background,oberhausen_000000_000426.png
split,train
model,result_0606,0.6922237998889992,0.9082287434459525,4,330
model,result_0082,0.7578513727330967,0.2795483072360565,4,308
model,result_0945,0.20295084277153952,0.6611894663728011,3,200
