background,mannheim_000000_001155.png
split,train
model,result_0960,0.7390154351764682,0.3345226762757476,3,115
model,result_0632,0.7676209202863051,0.27380366312740495,4,155
