background,nuremberg_000000_000684.png
split,train
model,result_0146,0.12554251178979747,0.6749701935621475,1,171
model,result_0295,0.3248519483408834,0.963877047218337,-3,155
