background,strasbourg_000001_064393.png
split,train
model,result_0394,0.07359020147565842,0.36284971727038134,2,222
model,result_0163,0.28630303052727724,0.5716392804973371,2,96
model,result_0657,0.06987189653698056,0.49437102484954065,4,326
