background,heidelberg_000000_000229.png
split,train
model,result_0394,0.8018670775271464,0.5452207461403803,-2,272
model,result_0163,0.505351513299523,0.584667655786913,-3,233
