background,dresden_000000_000404.png
split,train
model,result_0857,0.5211173098959511,0.7473897284039371,0,313
model,result_0795,0.3209201935261081,0.40905149974619615,1,232
model,result_0388,0.2255240860006562,0.9298458744412935,1,360
