background,bayreuth_000000_000488.png
split,train
model,result_0803,0.7405590966047138,0.6564535093855499,-3,337
