background,wurzburg_000000_001515.png
split,train
model,result_0866,0.4808350900164393,0.5739562349358374,-4,235
