background,muhlheim-ruhr_000000_000576.png
split,train
model,result_0612,0.9401389675531648,0.3081974898504262,3,291
model,result_0283,0.09958354987523721,0.8938003021565846,0,58
model,result_0968,0.6167307769881122,0.4790507459574105,0,306
