background,bayreuth_000000_000826.png
split,train
model,result_0945,0.8477022154699863,0.27286077827561284,-4,277
