background,wuppertal_000000_001052.png
split,train
model,result_0995,0.26403873074997986,0.47571951853926253,-4,322
