background,schweinfurt_000000_000041.png
split,train
model,result_0036,0.3452701684065438,0.8791362265572558,-4,182
model,result_1000,0.11164189029621352,0.2829025762194986,3,157
