background,tubingen_000142_000019.png
split,train
model,result_0847,0.538966107361679,0.8308906530984774,-4,163
model,result_0646,0.567695658662553,0.7435359474792866,-4,283
