background,schweinfurt_000000_000697.png
split,train
model,result_0338,0.6819542891737617,0.6790721334220712,3,103
model,result_0557,0.687290359017772,0.6345990155969781,-4,250
