background,duisburg_000000_000820.png
split,train
model,result_0338,0.12715767111131893,0.7798012906987951,1,262
