background,schweinfurt_000000_000174.png
split,train
model,result_0866,0.7186288773546935,0.441408029802823,3,63
model,result_0983,0.38105779183244093,0.3210922822488155,-4,125
