background,oberhausen_000000_000718.png
split,train
model,result_0338,0.1566592491220301,0.9546172574730994,-1,65
