background,lindau_000029_000019.png
split,train
model,result_0914,0.34929298159391076,0.6521856291527386,-4,97
model,result_0193,0.6647335988020737,0.8085547931881769,2,161
model,result_0036,0.04260591980346995,0.5767547717616776,0,219
