background,konstanz_000000_001135.png
split,train
model,result_0324,0.2125762687803887,0.772807447009029,0,303
model,result_0173,0.6019098265008084,0.584987424264376,2,341
