background,dresden_000000_000196.png
split,train
model,result_0295,0.9008374065803825,0.6383428662252723,2,106
