background,karlsruhe_000000_000612.png
split,train
model,result_0968,0.9569325267101167,0.6515709054301355,-4,164
model,result_0847,0.7676564405969828,0.46152033217781574,-3,307
model,result_0646,0.42261023816734034,0.5065910724369712,-4,310
