background,dortmund_000000_000819.png
split,train
model,result_0784,0.03310781190374812,0.4579792298210605,0,316
model,result_0924,0.9230891037200087,0.45680294433577495,-1,278
