background,karlsruhe_000000_001110.png
split,train
model,result_0239,0.6959664236798937,0.44789795725631487,-1,20
