background,nuremberg_000000_000894.png
split,train
model,result_0192,0.4510776923401011,0.4270251873890504,-1,298
