background,konstanz_000000_000172.png
split,train
model,result_0805,0.04270600743292352,0.8224484770995815,4,59
model,result_0039,0.8615940554655026,0.6995676628667739,-1,138
