background,oberhausen_000000_000511.png
split,train
model,result_0857,0.7585471311335316,0.9915383206611743,-4,87
