background,konstanz_000000_000303.png
split,train
model,result_0822,0.8076647010623671,0.5190236887400962,-4,116
