background,heidelberg_000000_000267.png
split,train
model,result_0239,0.8740508474538815,0.41855082652846953,-4,143
