background,bamberg_000000_000377.png
split,train
model,result_0879,0.28161716283084604,0.48941914790235896,-1,100
