background,muhlheim-ruhr_000000_000014.png
split,train
model,result_0332,0.17893444809000636,0.7876909041975806,-3,176
model,result_0385,0.059254953509795705,0.4493232371493374,1,332
