background,dresden_000000_000194.png
split,train
model,result_0467,0.887127658430148,0.8102936536178602,1,344
model,result_0154,0.7785649456533553,0.9777058119621576,1,287
