background,darmstadt_000043_000019.png
split,train
model,result_0247,0.4577630784332286,0.511707025681797,1,200
model,result_0239,0.49124403333213273,0.45243591145013085,1,80
