background,freiburg_000000_000141.png
split,train
model,result_0999,5.899721106183975e-05,0.3758161968383926,4,323
model,result_0510,0.8062337533380126,0.40558049336400415,-4,301
