background,nuremberg_000000_001018.png
split,train
model,result_0739,0.9709005694139267,0.43522803715055125,-1,195
