background,freiburg_000000_000494.png
split,train
model,result_0562,0.23356151751656118,0.31456147820004987,-3,291
