background,stuttgart_000075_000019.png
split,train
model,result_0989,0.8709125458056355,0.6407847015686732,-3,26
model,result_0803,0.12123675095881481,0.6919424298505641,0,350
model,result_0192,0.2641733028073121,0.33277122886226695,2,38
