background,augsburg_000000_000017.png
split,train
model,result_0082,0.3471932343217802,0.6551541743521414,4,242
model,result_0945,0.8606126766953115,0.554556833308132,4,20
