background,dortmund_000000_000556.png
split,train
model,result_0328,0.5705329930149107,0.9627058659887333,1,324
model,result_0879,0.8163122337431025,0.37092003660225153,1,315
model,result_0542,0.3670192844782131,0.7400934735707361,4,251
