background,duisburg_000000_000465.png
split,train
model,result_0039,0.4694623860195042,0.7990737966765173,0,163
model,result_0386,0.028308614018309086,0.547049648328853,-4,301
model,result_0979,0.6721504318438025,0.3489396153447597,1,327
