background,schweinfurt_000000_000643.png
split,train
model,result_0127,0.6568066953439239,0.3868435849898063,3,135
