background,oberhausen_000000_000190.png
split,train
model,result_0127,0.9496504247135685,0.836727757155521,-2,191
model,result_0022,0.9351470476379543,0.769937083402242,3,246
model,result_0061,0.6652316307380068,0.41262954226993653,-1,347
