background,freiburg_000000_000076.png
split,train
model,result_0586,0.14882900001252686,0.7010285439948043,0,280
model,result_0989,0.978759059014147,0.5863272740119605,1,201
model,result_0803,0.7668959357598375,0.49043294495683976,-2,244
