background,freiburg_000000_000292.png
split,train
model,result_0544,0.7149929769277509,0.9777520636022045,-1,332
model,result_0999,0.374769475855401,0.9944585021300292,0,116
