background,saarbrucken_000000_000157.png
split,train
model,result_0969,0.2840383947783146,0.307352268018699,2,322
model,result_0793,0.28668742016112947,0.7470589220403585,2,83
model,result_0686,0.6283108677013882,0.7050212608514327,0,73
