background,heilbronn_000000_000132.png
split,train
model,result_0795,0.7492661210587791,0.29066068822669877,1,296
model,result_0388,0.9675356043645049,0.5086604197949556,1,63
