background,augsburg_000000_000294.png
split,train
model,result_0440,0.7056058432301372,0.31168171934967137,0,206
