background,karlsruhe_000000_000940.png
split,train
model,result_0499,0.033688605761065804,0.7435286978917677,3,321
model,result_0844,0.7154462534402767,0.6499818187095141,-4,145
model,result_0995,0.017513177581467088,0.40993193120934784,1,94
