background,nuremberg_000000_000581.png
split,train
model,result_0266,0.20983454112624422,0.8842467773083726,-2,66
model,result_0862,0.13505537969974768,0.37285192108393417,-3,104
