background,augsburg_000000_001436.png
split,train
model,result_0612,0.6535861135750706,0.9461892944094747,1,225
model,result_0283,0.20768839876037715,0.258193061084575,3,274
