background,karlsruhe_000000_000452.png
split,train
model,result_0192,0.9203339673431475,0.49264953600257255,0,56
model,result_0218,0.6395183323888677,0.4772174406698241,-3,355
