background,nuremberg_000000_000128.png
split,train
model,result_0878,0.7828494035233987,0.5049737425322723,-1,284
