background,konstanz_000000_001129.png
split,train
model,result_0373,0.4736952283443594,0.884068212534665,-4,30
model,result_0191,0.9212493813412286,0.28104775044863894,3,33
model,result_0775,0.656822939952165,0.7119030944716523,2,148
