background,mannheim_000000_000179.png
split,train
model,result_0996,0.1605110184833296,0.528684126813258,2,308
model,result_0266,0.5985064084829409,0.6362931228910551,2,229
model,result_0862,0.9267104767632257,0.8758846342733754,-2,77
