background,heilbronn_000000_000494.png
split,train
model,result_0218,0.7270708023840528,0.9703742878213917,3,323
model,result_0694,0.6221257151400279,0.793264984379552,4,110
