background,troisdorf_000000_000013.png
split,train
model,result_0979,0.6876397248057241,0.5948007675597542,2,118
