background,duisburg_000000_000475.png
split,train
model,result_0862,0.5956071216838932,0.5831555830659322,-1,106
model,result_0524,0.5114364389060471,0.510731284541151,4,192
