background,muhlheim-ruhr_000000_000902.png
split,train
model,result_0969,0.1174937578242422,0.6894629724239756,1,62
model,result_0793,0.47753229660792207,0.6032158554160076,3,36
