background,konstanz_000000_000993.png
split,train
model,result_0440,0.18512796196298265,0.394127351551009,-4,19
