background,muhlheim-ruhr_000000_000515.png
split,train
model,result_0472,0.2816110566589586,0.7730521422902716,-2,278
