background,mannheim_000000_000023.png
split,train
model,result_0385,0.7732504574187697,0.43780214189847777,2,251
