background,karlsruhe_000000_000939.png
split,train
model,result_0557,0.6726368641568887,0.6245391317370746,-3,65
model,result_0544,0.80702625757282,0.5901366214823652,-3,130
model,result_0999,0.3630957000899877,0.6549238483295521,2,107
