background,heilbronn_000000_000616.png
split,train
model,result_0606,0.18910888552418426,0.9249513743272701,2,105
