background,wuppertal_000000_000782.png
split,train
model,result_0657,0.46994693212871086,0.7977926696415363,4,187
model,result_0914,0.8254298787508243,0.6603466211215965,-4,242
model,result_0193,0.8057271375046147,0.6435643902389635,2,41
