background,erfurt_000099_000019.png
split,train
model,result_0467,0.9538338821289485,0.6500645376070923,2,230
model,result_0154,0.35780648800008485,0.9247164388666441,-3,290
