background,muhlheim-ruhr_000000_000521.png
split,train
model,result_0674,0.4195413763351491,0.7610577924851675,0,126
