background,augsburg_000000_000961.png
split,train
model,result_0945,0.48866212032599987,0.902864805841436,4,139
model,result_0612,0.926600998377468,0.7087563475084545,-4,61
model,result_0283,0.31739508465848987,0.3982618519966169,2,339
