background,strasbourg_000000_032186.png
split,train
model,result_0154,0.1468026155774037,0.5316272168564278,3,92
model,result_0562,0.656472060479495,0.8807294448004428,0,105
model,result_0215,0.44228675066224454,0.27595791972402556,3,184
