background,oberhausen_000000_000185.png
split,train
model,result_0357,0.914863052801491,0.9723824912608525,0,30
model,result_0046,0.37913166860360925,0.3590476143242648,-4,319
