background,muhlheim-ruhr_000000_000300.png
split,train
model,result_0678,0.8717640861161551,0.3171713577032754,4,307
