background,karlsruhe_000000_001001.png
split,train
model,result_0992,0.40993288701373143,0.8867506862651278,-2,85
