background,mannheim_000000_001005.png
split,train
model,result_0931,0.3154481506827892,0.5270173427314374,3,353
