background,muhlheim-ruhr_000000_000966.png
split,train
model,result_0239,0.1667866385682163,0.9738166617219952,-3,87
model,result_0051,0.07854855552111129,0.42333290411351787,1,20
model,result_0739,0.41481213672163775,0.7180848264956377,0,141
