background,freiburg_000000_000125.png
split,train
model,result_0060,0.1709737298910754,0.9634968166752285,-2,39
model,result_0080,0.9439879865122321,0.2797125610914392,3,108
