background,bayreuth_000000_000669.png
split,train
model,result_0472,0.06381788648053777,0.6872340684303742,-3,59
