background,bamberg_000000_000292.png
split,train
model,result_0542,0.303921039206721,0.828152948218029,-2,355
model,result_0674,0.36865731342604646,0.7503782360571641,-1,227
