background,konstanz_000000_000334.png
split,train
model,result_0979,0.03473626491911652,0.4131585755359791,-4,224
