background,muhlheim-ruhr_000000_000028.png
split,train
model,result_0373,0.19934467450638593,0.30878106787930826,4,44
