background,bochum_000000_027699.png
split,train
model,result_0945,0.00929941122520117,0.6357533881906626,0,2
model,result_0612,0.31236526160097533,0.25235831801293285,-4,297
model,result_0283,0.9638372775556779,0.6861462457440495,-4,329
