background,troisdorf_000000_000132.png
split,train
model,result_0775,0.04732704898032525,0.3927836353016793,-1,235
model,result_0075,0.7786961224354576,0.5389806728664626,3,169
model,result_0992,0.9637769189802895,0.6360643200113314,2,73
