background,bayreuth_000000_000241.png
split,train
model,result_0319,0.013990438797983451,0.8123439251718932,-1,260
model,result_0477,0.8686962060853687,0.5437313714397737,4,165
model,result_0949,0.2867173013789498,0.620155337328071,3,64
