background,bayreuth_000000_000722.png
split,train
model,result_0949,0.3319027698125667,0.7714201145632508,-4,210
model,result_0324,0.3508656553767725,0.8891341772080099,-1,257
model,result_0173,0.0365470462318781,0.3209664181386548,4,360
