background,saarbrucken_000000_000338.png
split,train
model,result_0477,0.5873683285963881,0.7470846168832225,-2,69
model,result_0949,0.6743145934081923,0.6782380618932222,1,62
