background,muhlheim-ruhr_000000_000113.png
split,train
model,result_0385,0.10174432375061215,0.3131389349213425,3,307
model,result_0991,0.3621037485134745,0.756690773291156,-2,272
