background,mannheim_000000_000276.png
split,train
model,result_0949,0.5621059875194245,0.3401820192529904,3,266
model,result_0324,0.015925948630406417,0.45742601687511997,0,292
