background,konigswinter_000000_000105.png
split,train
model,result_0795,0.26157789668758646,0.5676744410592152,-4,353
model,result_0388,0.5726511443145915,0.6734666846816479,-1,178
model,result_0499,0.8979455022628886,0.39541847269764996,0,236
