background,heidelberg_000000_000640.png
split,train
model,result_0805,0.8964376878769875,0.9670377038168501,4,203
model,result_0039,0.39574024069958913,0.7804325747259976,4,1
