background,konstanz_000000_000484.png
split,train
model,result_0878,0.878214846677309,0.49381801990008134,-1,188
