background,bayreuth_000000_000659.png
split,train
model,result_0527,0.7293223619431672,0.6360713185259004,4,34
model,result_0602,0.6818499020236987,0.2667866736349365,-4,25
