background,troisdorf_000000_000050.png
split,train
model,result_0945,0.49110401808204784,0.328629617056425,-3,30
