background,monchengladbach_000000_029526.png
split,train
model,result_0686,0.2600049408762406,0.601405028504776,4,256
model,result_0805,0.8742988858622721,0.8977534282497608,3,132
model,result_0039,0.7835376535938954,0.7840009218621016,-1,223
