background,duisburg_000000_000815.png
split,train
model,result_0060,0.6691729802642978,0.5159961964234051,4,63
model,result_0080,0.8100040042154716,0.8084618439346755,1,172
