background,saarbrucken_000000_000193.png
split,train
model,result_0793,0.5888225894968063,0.9809230583843735,0,341
model,result_0686,0.8958157836098899,0.6176123518940964,0,111
model,result_0805,0.42646896272011214,0.31757241017553867,-3,299
