background,duisburg_000000_000663.png
split,train
model,result_0061,0.6298721739431374,0.3576820599460411,-4,53
model,result_0606,0.9526283034358951,0.25009108019695564,2,177
