background,duisburg_000000_000394.png
split,train
model,result_0544,0.5358636211009012,0.4296115519001539,3,140
model,result_0999,0.8758461202485746,0.27121883753594933,4,109
model,result_0510,0.5010012153920038,0.7769960214060412,2,34
