background,karlsruhe_000000_000305.png
split,train
model,result_0945,0.9850438434405124,0.6000386793086036,-2,287
model,result_0612,0.7444410422369124,0.6974243262036377,4,21
model,result_0283,0.25724563414386137,0.8948803583312488,-1,81
