background,wurzburg_000000_001057.png
split,train
model,result_0367,0.635426707007326,0.8191151843235149,-4,35
model,result_0822,0.015112957445043818,0.7316072410788192,1,171
model,result_0855,0.043160922563149406,0.7625798083965788,-2,308
