background,duisburg_000000_000710.png
split,train
model,result_0586,0.7679580949261362,0.7374321810073438,2,298
model,result_0989,0.8912716858034814,0.7506119583912815,1,264
