background,mannheim_000000_000213.png
split,train
model,result_0945,0.01946626191034373,0.4311295961769819,3,49
