background,konstanz_000000_000023.png
split,train
model,result_0467,0.134906460779741,0.3028774795193985,4,128
