background,duisburg_000000_000657.png
split,train
model,result_0046,0.45124665694757804,0.6962629366280255,-1,129
model,result_0389,0.149341346695954,0.6132189410079216,-2,241
