background,troisdorf_000000_000011.png
split,train
model,result_0218,0.7927750376586206,0.6359312271953279,4,278
model,result_0694,0.6888300626039392,0.5892171364509566,4,256
model,result_0319,0.7233680624090824,0.913392711945463,-4,330
