background,freiburg_000000_000199.png
split,train
model,result_1000,0.8311931197821034,0.5941994755396885,-1,16
model,result_0367,0.9677262158849007,0.9922982770808606,4,305
