background,augsburg_000000_000879.png
split,train
model,result_0499,0.14018727025856692,0.40295358555730454,0,320
