background,wuppertal_000000_000539.png
split,train
model,result_0385,0.09771946609757143,0.9277644906317053,0,283
model,result_0991,0.41029068017907466,0.348958737616347,1,257
model,result_0373,0.19628556515360573,0.9368294086843622,-1,284
