background,augsburg_000000_000099.png
split,train
model,result_0192,0.8870545774351764,0.9403915962038896,-4,141
model,result_0218,0.5148423312790117,0.5779512741422137,-3,35
