background,dresden_000000_000180.png
split,train
model,result_0678,0.5567724436660313,0.4854901110873351,0,181
model,result_0784,0.2938862944282363,0.7096100299377187,4,230
