background,dortmund_000000_000053.png
split,train
model,result_0557,0.5692198046486119,0.4066817615422429,2,85
