background,bamberg_000000_000400.png
split,train
model,result_0163,0.9061647551096088,0.34898592800589445,-4,57
model,result_0657,0.35677328785989004,0.3237749538874156,-4,75
model,result_0914,0.5779177205198439,0.6484044260701074,4,286
