background,erlangen_000000_000227.png
split,train
model,result_0215,0.5366890213936933,0.2613605952191097,-1,355
model,result_0332,0.1913498821438615,0.505965679317033,3,160
