background,oberhausen_000000_000435.png
split,train
model,result_0945,0.916186046543078,0.5317061831121433,-1,319
