background,muhlheim-ruhr_000000_001065.png
split,train
model,result_0288,0.28870565560563777,0.46065631797391765,0,31
