background,konstanz_000000_001252.png
split,train
model,result_0127,0.01462075834258414,0.7955336892231223,1,103
model,result_0022,0.2878560759319162,0.6911372143587332,-3,247
