background,mannheim_000000_001134.png
split,train
model,result_0080,0.14936058496651705,0.6583507077434594,4,109
