background,karlsruhe_000000_000060.png
split,train
model,result_0674,0.07170409986230941,0.7005808557508996,4,140
model,result_0146,0.402413429455844,0.849703527778774,0,261
model,result_0295,0.9264586155921526,0.4310490445546039,1,230
