background,wurzburg_000000_001404.png
split,train
model,result_0332,0.2089772752243152,0.44573498209766094,-4,119
