background,dortmund_000000_000767.png
split,train
model,result_0805,0.8750234222892165,0.7749819673805463,2,190
model,result_0039,0.17220589023635313,0.41233815426044307,-2,55
model,result_0386,0.4846886687482179,0.4374658265004926,1,289
