background,muhlheim-ruhr_000000_000809.png
split,train
model,result_0283,0.9663378711545912,0.9228519115526466,-2,222
model,result_0968,0.9174320969600733,0.6385565717024059,-3,320
model,result_0847,0.08179687833964866,0.8887865813845859,3,278
