background,saarbrucken_000000_000040.png
split,train
model,result_0499,0.6881313537988131,0.7725734640649287,-2,345
model,result_0844,0.9041685057537916,0.6177777391786131,-1,85
