background,dortmund_000000_000780.png
split,train
model,result_0510,0.6929079951120357,0.8116568730439214,2,108
model,result_0328,0.6504818095429739,0.6684613044961567,0,49
model,result_0879,0.45598485592156934,0.6578286987258916,-1,107
