background,muhlheim-ruhr_000000_001214.png
split,train
model,result_0524,0.5449483752304229,0.4610031327000473,1,99
