background,tubingen_000127_000019.png
split,train
model,result_0991,0.23472188309024267,0.7339524883671196,-3,334
model,result_0373,0.6038515367837365,0.8809218050424016,0,63
