background,erlangen_000000_000130.png
split,train
model,result_0127,0.8753452796954743,0.5844396190659682,3,41
