background,duisburg_000000_000802.png
split,train
model,result_0979,0.5694599388160219,0.4365645803535376,3,276
