background,wuppertal_000000_001051.png
split,train
model,result_0612,0.344362627932816,0.6215196181514654,0,184
