background,bremen_000289_000019.png
split,train
model,result_0983,0.8655447290946183,0.5424700875420498,-1,211
