background,duisburg_000000_000815.png
split,train
model,result_0338,0.17279953522998814,0.5405257766908843,4,214
