background,schweinfurt_000000_000331.png
split,train
model,result_0373,0.08881173532124376,0.7292193386981354,1,1
