background,freiburg_000000_000577.png
split,train
model,result_0751,0.6559588125423584,0.27213419161227137,1,150
model,result_0678,0.00031232978328621375,0.3837044511791642,1,128
