background,wuppertal_000000_000990.png
split,train
model,result_0283,0.1541642456267095,0.7163810894262942,4,95
model,result_0968,0.07870837078073256,0.3987276566949215,-1,42
model,result_0847,0.8477652467533755,0.3757548320212604,3,91
