background,mannheim_000000_000009.png
split,train
model,result_0389,0.8089634663742994,0.8947010562010248,-3,30
model,result_0164,0.9537032427987121,0.5494469677580266,0,168
