background,heilbronn_000000_000551.png
split,train
model,result_0295,0.163802921353442,0.5438969959622754,1,299
model,result_0127,0.6558260888339011,0.9588631005508009,-2,195
