background,freiburg_000000_000823.png
split,train
model,result_0586,0.28525730929507265,0.6557957532793942,4,5
model,result_0989,0.1808438728373566,0.2715025997447006,-1,41
model,result_0803,0.05823854376600435,0.5411259435664216,-2,182
