background,wurzburg_000000_001282.png
split,train
model,result_0385,0.9589578745237972,0.5112005306743168,1,341
