background,karlsruhe_000000_000626.png
split,train
model,result_0882,0.1240703513449759,0.8946389938006517,0,259
