background,konstanz_000000_000161.png
split,train
model,result_0562,0.6308008675511916,0.8436431506341535,-3,78
model,result_0215,0.08117201353134351,0.2773976290933072,-2,251
model,result_0332,0.2880431163388739,0.8194348692321665,1,218
