background,muhlheim-ruhr_000000_000440.png
split,train
model,result_0173,0.5186013888120267,0.4559720164007641,2,308
model,result_0751,0.5554508026330766,0.3992116567421804,3,300
