background,bremen_000159_000019.png
split,train
model,result_0123,0.12479579170762034,0.7415179943294118,2,241
