background,freiburg_000000_000594.png
split,train
model,result_0373,0.1893056129149594,0.6321217988582404,0,111
