background,heidelberg_000000_000972.png
split,train
model,result_0924,0.19636685195996295,0.41859813102271265,-1,132
model,result_0866,0.9832591578397195,0.8673911270684656,-3,84
model,result_0983,0.6890336786516387,0.7721893267803844,3,222
