background,bamberg_000000_000133.png
split,train
model,result_0979,0.4842589737179879,0.42263082004212216,3,233
model,result_0871,0.42853921855241384,0.6311668434568558,-2,240
model,result_0878,0.19834790109645994,0.38767869567326463,3,85
