background,wurzburg_000000_001154.png
split,train
model,result_0914,0.7986922492871299,0.940041373416153,0,109
