background,muhlheim-ruhr_000000_000202.png
split,train
model,result_0795,0.06493336542092387,0.8794885340489428,1,268
model,result_0388,0.9050291328990197,0.9694064606933621,-2,203
