background,nuremberg_000000_001183.png
split,train
model,result_0022,0.36006933005047237,0.45429579456093416,-1,15
model,result_0061,0.7318522231021743,0.6382049808726391,2,20
model,result_0606,0.8495554059968276,0.9083547680261594,-4,79
