background,wuppertal_000000_000547.png
split,train
model,result_0861,0.758243006501356,0.9675501649102637,-3,244
model,result_0882,0.7576207777069612,0.37973450490330407,4,107
model,result_0467,0.034364608943946995,0.6846202070480438,0,31
