background,troisdorf_000000_000027.png
split,train
model,result_0847,0.7397343762343107,0.540461419981423,4,178
model,result_0646,0.3196860879848735,0.40276686175733556,-1,178
model,result_0586,0.5429624212457406,0.26955898344051976,3,64
