background,heidelberg_000000_000308.png
split,train
model,result_0784,0.6594800207084476,0.7155955203751858,1,180
model,result_0924,0.5371307337884885,0.7457340376333972,1,140
model,result_0866,0.7556603307834376,0.8008009289731299,2,71
