background,dortmund_000000_000066.png
split,train
model,result_0632,0.9648295576880921,0.26490318513634414,-2,0
model,result_0357,0.4318219685414749,0.2998725763562434,4,349
