background,freiburg_000000_000646.png
split,train
model,result_0632,0.29930896807269014,0.25430503148369177,4,276
