background,wuppertal_000000_000159.png
split,train
model,result_0991,0.1477204854931531,0.5589749739083565,3,201
model,result_0373,0.4376977332943417,0.9306537436617803,-2,45
model,result_0191,0.3882896261435508,0.9215820483460876,2,108
