background,konigswinter_000000_000003.png
split,train
model,result_0981,0.22646725605707296,0.6766355385550735,-1,235
model,result_0527,0.5900895654911398,0.26149140317059655,3,320
model,result_0602,0.8427820596231781,0.38240398602650244,2,108
