background,troisdorf_000000_000036.png
split,train
model,result_0775,0.34236974584740854,0.7847162414893006,0,296
model,result_0075,0.1661296276152443,0.2577800548795501,-1,324
model,result_0992,0.5785433455427166,0.4875609293067186,-3,93
