background,augsburg_000000_000501.png
split,train
model,result_0862,0.4029266064359259,0.8875601446033999,-2,20
model,result_0524,0.5321802679462746,0.6342347968465879,-1,201
