background,duisburg_000000_000753.png
split,train
model,result_0022,0.41776230731604413,0.9739762793041984,4,174
model,result_0061,0.12871723250536637,0.5164757234792776,-3,172
