background,saarbrucken_000000_000266.png
split,train
model,result_0467,0.4841539039260693,0.8303027193897455,-4,226
model,result_0154,0.27382221305035426,0.8646398857042414,-2,301
