background,augsburg_000000_000253.png
split,train
model,result_0686,0.4714770285998663,0.884127383229366,-1,63
model,result_0805,0.5164882294226392,0.36177260934823463,4,101
