background,schweinfurt_000000_000513.png
split,train
model,result_0218,0.12703334201875227,0.7635189026735275,1,79
model,result_0694,0.4934711090291082,0.6438281967251605,4,203
