background,heidelberg_000000_000616.png
split,train
model,result_0324,0.16009776396583364,0.8814280121577114,1,167
