background,heilbronn_000000_000245.png
split,train
model,result_0075,0.3008638369826794,0.2610489374482271,-4,134
model,result_0992,0.33328357446409196,0.3669980531568222,-4,182
