background,konstanz_000000_000449.png
split,train
model,result_0557,0.7136384819259278,0.9974090123600521,0,230
model,result_0544,0.6781925180616846,0.588586769786298,0,137
