background,wurzburg_000000_001160.png
split,train
model,result_0075,0.1911569746807259,0.8710129236045809,-1,203
