background,muhlheim-ruhr_000000_000140.png
split,train
model,result_0024,0.8850263247914667,0.38673624847241017,0,234
model,result_0288,0.4361868955992042,0.5303314559465812,4,279
