background,duisburg_000000_000043.png
split,train
model,result_0061,0.6571827505792146,0.5255607999633409,0,123
