background,mannheim_000000_000546.png
split,train
model,result_0127,0.7078168314463056,0.8746791295155034,3,12
model,result_0022,0.7233500898908287,0.8690984539452487,-3,41
model,result_0061,0.8933916670640586,0.501110830277624,1,7
