background,muhlheim-ruhr_000000_000995.png
split,train
model,result_0861,0.37653720855518,0.43774381041919685,3,50
model,result_0882,0.13158304128288845,0.9931078808876063,4,5
model,result_0467,0.9953321418670179,0.5984748445043242,-4,61
