background,schweinfurt_000000_000673.png
split,train
model,result_0862,0.4256616493294084,0.9660712296123819,-1,62
model,result_0524,0.7056582494736445,0.7103922406681107,2,286
model,result_0199,0.4168053035701804,0.726878750270279,-4,29
