background,dortmund_000000_000527.png
split,train
model,result_0510,0.023485582830884977,0.6695492548441955,-4,103
