background,muhlheim-ruhr_000000_000047.png
split,train
model,result_0694,0.8159541710048225,0.8046834712319579,-2,336
