background,augsburg_000000_000256.png
split,train
model,result_0992,0.5505110083698144,0.7520646816967603,4,69
