background,freiburg_000000_000168.png
split,train
model,result_0542,0.9993457047553844,0.9951685728946462,2,328
model,result_0674,0.6272461875611226,0.6260639920810138,0,61
