background,oberhausen_000000_000657.png
split,train
model,result_0192,0.8299698470144697,0.8377682171483758,0,149
model,result_0218,0.07791731099307964,0.8968891940367755,4,293
