background,augsburg_000000_000885.png
split,train
model,result_0844,0.21036549236529678,0.6266620828581198,-1,188
model,result_0995,0.96859256194194,0.6327646561207437,1,114
