background,konstanz_000000_000364.png
split,train
model,result_0388,0.07547358910700164,0.2794651016889159,-1,298
