background,augsburg_000000_000160.png
split,train
model,result_0357,0.2033750598676597,0.8811967644798818,4,322
model,result_0046,0.16712914380345267,0.4377935261924456,3,263
