background,karlsruhe_000000_001021.png
split,train
model,result_0332,0.7263793050291678,0.3608286085433353,3,173
