background,bayreuth_000000_000716.png
split,train
model,result_0960,0.34618979330880884,0.9289106830337844,3,137
