background,wurzburg_000000_001450.png
split,train
model,result_0051,0.5753085199418969,0.40576671314628054,0,193
model,result_0739,0.9202936181794215,0.4143617944472932,0,160
model,result_0960,0.6497343878245917,0.471490568568637,-3,345
