background,wuppertal_000000_000643.png
split,train
model,result_0805,0.5689094065858347,0.9630446380238555,4,192
model,result_0039,0.7585270982093402,0.9535184716191332,-3,77
model,result_0386,0.9082331056347526,0.4020945107316429,-2,93
