background,augsburg_000000_000880.png
split,train
model,result_0004,0.31422336348786706,0.7775665035402642,4,146
