background,karlsruhe_000000_000010.png
split,train
model,result_0192,0.5546869954033803,0.7576234472092361,1,85
model,result_0218,0.08255132625331862,0.7718220353353795,2,36
