background,heilbronn_000000_000219.png
split,train
model,result_0154,0.9805784340075043,0.794378457701447,-2,58
model,result_0562,0.38987265074102984,0.5704872716518791,1,157
model,result_0215,0.17940449192202912,0.6826113166460631,0,209
