background,duisburg_000000_000792.png
split,train
model,result_0373,0.45560509026001483,0.7488932712262817,-1,256
model,result_0191,0.22705990991846647,0.6590883376528334,-2,158
model,result_0775,0.9926630478892177,0.5223248112707243,0,200
