background,aachen_000068_000019.png
split,train
model,result_0879,0.002002510878844621,0.4112303674910845,2,286
