background,bamberg_000000_000143.png
split,train
model,result_0949,0.8950287058762516,0.7769446830634068,2,182
