background,karlsruhe_000000_000714.png
split,train
model,result_0173,0.37927123800646423,0.9471638478237727,-3,316
model,result_0751,0.7462045547225099,0.3711986215513051,-3,262
model,result_0678,0.19916107545728956,0.4875446555140046,3,192
