background,bamberg_000000_000324.png
split,train
model,result_0039,0.35666355959517826,0.8054968743769332,1,223
model,result_0386,0.9685252261008751,0.6160327983242413,0,350
model,result_0979,0.8935674519106332,0.5568441281132293,1,324
