background,karlsruhe_000000_000770.png
split,train
model,result_0440,0.5488851860094113,0.6888784761826064,-1,291
