background,saarbrucken_000000_000376.png
split,train
model,result_0775,0.2775246276483152,0.41967052092595347,4,140
model,result_0075,0.7029092515354919,0.47430018424787934,1,181
