background,duisburg_000000_000717.png
split,train
model,result_0080,0.02802698672335391,0.47297110161075484,0,155
model,result_0857,0.3358954715722604,0.5422610978455736,3,179
model,result_0795,0.054699508254821616,0.6127748503435975,4,277
