background,bayreuth_000000_000229.png
split,train
model,result_0991,0.08775050326330502,0.35841310185200853,1,41
model,result_0373,0.9486181967726883,0.7361396963130851,-1,107
