background,heilbronn_000000_000708.png
split,train
model,result_0803,0.12275575077812062,0.43405410687938206,4,140
model,result_0192,0.253632111013006,0.521629403073448,-2,326
model,result_0218,0.8597796928241491,0.60677924828689,-3,65
