background,wurzburg_000000_001145.png
split,train
model,result_0373,0.018081761616637437,0.7998380107205436,-3,17
model,result_0191,0.2896682051449708,0.25935389236339745,1,310
model,result_0775,0.12655359032990487,0.6699190933927663,-2,291
