background,dortmund_000000_000977.png
split,train
model,result_0472,0.5700586350161688,0.26522656644785136,4,183
model,result_0981,0.1587471277494822,0.9124581093193228,-1,45
