background,heidelberg_000000_000452.png
split,train
model,result_0004,0.04420128442174465,0.7987623787930187,-1,267
