background,karlsruhe_000000_000527.png
split,train
model,result_0612,0.04479608025375914,0.48492020677374625,0,266
model,result_0283,0.531054040131223,0.5969855021187767,-2,282
