background,karlsruhe_000000_000443.png
split,train
model,result_0215,0.8897268349728622,0.5578409914993676,-3,22
model,result_0332,0.7875276333395448,0.2863535353071892,3,228
