background,wurzburg_000000_000452.png
split,train
model,result_0793,0.6019198547577647,0.49288311248125993,-3,86
model,result_0686,0.4392803046886513,0.4357923564103847,3,125
model,result_0805,0.0737756749244225,0.3723607536092186,-1,290
