background,bayreuth_000000_000122.png
split,train
model,result_0388,0.02074155319969817,0.7236068706138719,2,348
model,result_0499,0.6895070625447222,0.3786285716283041,-1,179
