background,bayreuth_000000_000585.png
split,train
model,result_0060,0.2406527289110063,0.2844005487215221,-4,237
model,result_0080,0.8286731843840333,0.6354501613361702,0,248
