background,heidelberg_000000_000444.png
split,train
model,result_0544,0.7856402514206816,0.5631970026926789,3,277
model,result_0999,0.3134122657880589,0.9226822084738358,2,312
model,result_0510,0.480214806249739,0.8007848420584748,-4,82
