background,augsburg_000000_000884.png
split,train
model,result_0367,0.6733404233688507,0.29616963941024355,2,22
model,result_0822,0.17748686034946748,0.9791463669639671,-4,166
