background,bayreuth_000000_000582.png
split,train
model,result_0123,0.40985575793059703,0.43986705088962774,4,157
