background,schweinfurt_000000_000004.png
split,train
model,result_0004,0.09492948805642432,0.50124723840269,-2,7
model,result_0931,0.796767360565244,0.8865081811140603,1,351
