background,schweinfurt_000000_000020.png
split,train
model,result_0674,0.08064913032291687,0.7062426933820936,1,49
