background,konstanz_000000_001172.png
split,train
model,result_0775,0.8965700126443772,0.2508509341695965,-3,178
