background,hanover_000000_003853.png
split,train
model,result_0510,0.30751321488383965,0.45819030600152555,4,53
