background,augsburg_000000_000205.png
split,train
model,result_0557,0.9704293034239937,0.6163867430232884,0,151
model,result_0544,0.21172731260196032,0.8710854421292329,-1,325
model,result_0999,0.09995011218760319,0.8438765143644343,-2,35
