background,wurzburg_000000_000037.png
split,train
model,result_0283,0.09201370460351488,0.49722551290258615,0,169
model,result_0968,0.34938633008070996,0.6538394694439917,0,345
