background,nuremberg_000000_001008.png
split,train
model,result_0857,0.2982706935697941,0.3957575132840124,-1,228
