background,bayreuth_000000_000847.png
split,train
model,result_0039,0.6439948360741019,0.9739235448285686,-1,122
model,result_0386,0.8209243549213663,0.6225285804091587,0,335
model,result_0979,0.46771144410385745,0.8739139123060127,-4,232
