background,heilbronn_000000_000711.png
split,train
model,result_0385,0.1552658096051177,0.4206255394413797,1,247
model,result_0991,0.8797058964747694,0.9868042174189281,4,185
