background,nuremberg_000000_000522.png
split,train
model,result_0192,0.163299269185729,0.9594875770395944,-2,291
