background,karlsruhe_000000_000246.png
split,train
model,result_0646,0.5271463106713351,0.7490145300613728,4,20
model,result_0586,0.8219446175494275,0.45917797904984975,3,176
