background,bayreuth_000000_000235.png
split,train
model,result_0996,0.34733414184111955,0.9647492346050391,-1,134
model,result_0266,0.07892778877214024,0.3301777651700807,-4,153
model,result_0862,0.746878031995884,0.3695502530710994,2,258
