background,nuremberg_000000_000564.png
split,train
model,result_0803,0.1947158454740241,0.4756183480535995,3,64
model,result_0192,0.14471369330425787,0.7724221601311281,-4,300
model,result_0218,0.004617936003815881,0.7782099252198039,2,149
