background,dortmund_000000_000866.png
split,train
model,result_0822,0.2564326735813668,0.32076293333856487,1,47
model,result_0855,0.4884650914630929,0.7739699926397867,-2,278
model,result_0338,0.8579614761206209,0.5544837504783253,-4,20
