background,freiburg_000000_000376.png
split,train
model,result_0914,0.7605750137813685,0.41726722260835386,4,243
