background,heilbronn_000000_000703.png
split,train
model,result_0192,0.10628087076567994,0.9445955302694892,-1,316
