background,bamberg_000000_000376.png
split,train
model,result_0844,0.8619958210100072,0.916211868717025,4,338
model,result_0995,0.37569182173632343,0.932370157392223,-2,24
