background,hanover_000000_019282.png
split,train
model,result_0606,0.4800736956739411,0.6431745931818298,-4,230
model,result_0082,0.3098241781118821,0.3687975602401391,0,58
