background,nuremberg_000000_000161.png
split,train
model,result_0775,0.26006290076488225,0.9986134051881149,-3,201
model,result_0075,0.46057147178074964,0.7661489331898187,4,158
model,result_0992,0.7109853405242165,0.5997097343988179,4,179
