background,bayreuth_000000_000214.png
split,train
model,result_0979,0.1590496578659204,0.6409617459540343,-4,235
model,result_0871,0.09769964840601053,0.30526593424832704,-3,261
