background,oberhausen_000000_000830.png
split,train
model,result_0878,0.5423663323697426,0.657198748265424,-3,55
