background,wurzburg_000000_000651.png
split,train
model,result_0373,0.567207706574624,0.25052132166000873,-1,27
model,result_0191,0.33429170485587334,0.5189154243359693,2,188
