background,duisburg_000000_000742.png
split,train
model,result_0193,0.39720016847146755,0.48877014469782604,-1,54
model,result_0036,0.0416619070285742,0.9589782814663477,1,324
model,result_1000,0.8421567869642573,0.5702331426106568,3,281
