background,heilbronn_000000_000696.png
split,train
model,result_0154,0.951945896744764,0.38719979863091697,2,182
model,result_0562,0.37549125675489103,0.2787702213086305,-2,203
model,result_0215,0.03198229218281623,0.9784740573146836,2,229
