background,troisdorf_000000_000050.png
split,train
model,result_0878,0.19815732064581315,0.5442541166495309,0,295
model,result_0004,0.6403314459563547,0.4733176396443979,-1,109
model,result_0931,0.5510274963897922,0.8502400768795844,-4,63
