background,heidelberg_000000_000451.png
split,train
model,result_0328,0.6634113218660106,0.4692652677086284,-1,68
model,result_0879,0.2676037478247425,0.5128616989660405,0,166
