background,heidelberg_000000_000093.png
split,train
model,result_0686,0.8465672539860828,0.6262486520082132,3,35
