background,heidelberg_000000_000074.png
split,train
model,result_0163,0.011991409052776736,0.5543638418269344,-2,155
model,result_0657,0.6848991498165559,0.4445393714766075,0,187
