background,konstanz_000000_000607.png
split,train
model,result_0795,0.2711305078018891,0.5520844322826681,-2,71
