background,augsburg_000000_001273.png
split,train
model,result_0527,0.6231494950526391,0.37560505024416724,1,30
model,result_0602,0.011577773539160896,0.7057339130891811,1,265
model,result_0024,0.5573596651884811,0.4502409725888651,4,278
