background,mannheim_000000_000561.png
split,train
model,result_0193,0.23923602112035103,0.5626911664707401,3,354
