background,duisburg_000000_000615.png
split,train
model,result_0046,0.6870664876081019,0.25654660091926895,3,200
