background,bayreuth_000000_000430.png
split,train
model,result_0996,0.5397328473729653,0.7400383832152407,2,15
model,result_0266,0.5625053332148875,0.9423286394857404,3,356
