background,muhlheim-ruhr_000000_000291.png
split,train
model,result_0051,0.8166784808995646,0.891661145422912,-3,266
