background,oberhausen_000000_000815.png
split,train
model,result_0192,0.5622747390794653,0.9803742343546948,-2,348
model,result_0218,0.24431060743791055,0.5181335566152868,3,94
model,result_0694,0.3504679560931939,0.37012162960259526,1,142
