background,bayreuth_000000_000138.png
split,train
model,result_0862,0.6815676464880639,0.2610631321002599,1,232
model,result_0524,0.7460013468432491,0.9272541723265489,3,141
