background,dortmund_000000_000698.png
split,train
model,result_0510,0.8881785140484745,0.9800214902044662,3,195
model,result_0328,0.9071705810658879,0.3363407024074428,2,18
model,result_0879,0.10337850153133687,0.8019930450362251,0,272
