background,nuremberg_000000_000195.png
split,train
model,result_0332,0.7215389227269126,0.7142175372828395,-1,262
model,result_0385,0.25579549871488483,0.7355109357272721,-4,54
