background,muhlheim-ruhr_000000_001088.png
split,train
model,result_0051,0.21163636768050165,0.37698367753478645,2,201
model,result_0739,0.5517702916281384,0.7353330410494194,2,209
model,result_0960,0.586203908393667,0.48011714466589717,2,328
