background,saarbrucken_000000_000507.png
split,train
model,result_0945,0.8159426058082887,0.7455188873016284,2,177
model,result_0612,0.136139322172378,0.9236997322749203,1,26
