background,dortmund_000000_000864.png
split,train
model,result_0657,0.5226110399249286,0.2854472890593518,1,36
