background,heidelberg_000000_000063.png
split,train
model,result_0060,0.06934776366175166,0.7866708719268132,4,278
model,result_0080,0.2663339459350401,0.5589197324619715,2,171
