background,bayreuth_000000_000031.png
split,train
model,result_0477,0.8729308293960971,0.9210900644218373,-2,26
