background,heidelberg_000000_000989.png
split,train
model,result_0373,0.5958810395447525,0.8637595707652765,4,30
