background,heidelberg_000000_000820.png
split,train
model,result_0295,0.6961509888208113,0.8823106640150451,2,102
model,result_0127,0.6055752027761969,0.43332474173288527,1,172
