background,freiburg_000000_000797.png
split,train
model,result_0039,0.7521999824331335,0.7312442746971866,2,342
