background,oberhausen_000000_000086.png
split,train
model,result_0945,0.9735915132825308,0.832638721320815,-4,316
model,result_0612,0.8027894249777697,0.6885836802994605,-1,150
