background,dortmund_000000_000466.png
split,train
model,result_0004,0.7118535416411016,0.4157727075182104,2,214
model,result_0931,0.7199243761617528,0.5674214253357512,-4,114
