background,bayreuth_000000_000648.png
split,train
model,result_0386,0.023512064245085118,0.7383948567760426,4,255
model,result_0979,0.4735797940608598,0.7650048808699077,-3,142
model,result_0871,0.4614258781573357,0.6759266975686897,-2,146
