background,karlsruhe_000000_000595.png
split,train
model,result_0288,0.17810582842999423,0.6477263548594485,-2,94
model,result_0247,0.7167764143357686,0.7762575479653945,-3,117
model,result_0239,0.6521880518256395,0.30124360347136814,1,71
