background,mannheim_000000_000844.png
split,train
model,result_0218,0.07158648146863777,0.3434285495126761,3,116
model,result_0694,0.5646142335307729,0.5864088868244524,-1,170
model,result_0319,0.35470063193412427,0.8575044271253586,-3,292
