background,dortmund_000000_000507.png
split,train
model,result_0878,0.4363023672779839,0.7331589629469906,-4,16
