background,mannheim_000000_001003.png
split,train
model,result_0215,0.2681771180136855,0.2602178122580789,3,238
model,result_0332,0.3979654076418746,0.7085387165708891,3,242
model,result_0385,0.31890520004959344,0.9285611127775355,4,340
