background,darmstadt_000013_000019.png
split,train
model,result_0357,0.6576746352358203,0.6090904483671953,-1,50
