background,konstanz_000000_000102.png
split,train
model,result_0857,0.7142268922632035,0.9809823375692879,-1,148
