background,bayreuth_000000_000564.png
split,train
model,result_0440,0.39591719085811494,0.36192210904552624,4,74
model,result_0484,0.7441907614603779,0.8116478071188302,-1,333
