background,muhlheim-ruhr_000000_000395.png
split,train
model,result_0082,0.09061644822043846,0.6714914034227389,4,65
model,result_0945,0.2628903594499913,0.9091023343738361,0,214
