background,konstanz_000000_000312.png
split,train
model,result_0191,0.719312452704103,0.3928820186480494,4,56
