background,nuremberg_000000_000207.png
split,train
model,result_0544,0.9941623482558635,0.6357747989400213,1,86
