background,heidelberg_000000_000266.png
split,train
model,result_0218,0.2266886839858997,0.8724569371953439,-4,141
