background,saarbrucken_000000_000215.png
split,train
model,result_0338,0.6523769444571694,0.36480419011599535,-1,68
