background,wurzburg_000000_001531.png
split,train
model,result_0632,0.5198347037755473,0.4051127060168128,-2,131
model,result_0357,0.0514053136898277,0.7212398133794184,2,112
model,result_0046,0.09628787740000799,0.33845831077940114,1,238
