background,freiburg_000000_000419.png
split,train
model,result_0051,0.3468443903702899,0.6804974202179817,-2,197
model,result_0739,0.5763519554682119,0.7577439776735546,4,68
model,result_0960,0.9278483331338834,0.6773963076794584,-1,99
