background,augsburg_000000_000924.png
split,train
model,result_0386,0.2547861553751052,0.9579992687058868,0,202
