background,augsburg_000000_000200.png
split,train
model,result_0163,0.8258698373926069,0.5565398296480424,3,301
model,result_0657,0.5699069534031573,0.9505584431984272,-3,360
model,result_0914,0.6007589290585981,0.9696814775768062,3,16
