background,bayreuth_000000_000224.png
split,train
model,result_0866,0.13823440308778367,0.6454835629472179,2,85
model,result_0983,0.5063403448701332,0.7908641935454381,3,171
model,result_0996,0.6312563177003403,0.6330002348273743,4,60
