background,schweinfurt_000000_000708.png
split,train
model,result_0332,0.3746710028303174,0.38498896757744616,-4,356
model,result_0385,0.9757162751503723,0.8748278780193419,2,120
