background,heidelberg_000000_000952.png
split,train
model,result_0319,0.8925792529146384,0.2769544123762289,0,102
model,result_0477,0.04678921140032777,0.7376350163399047,2,346
