background,karlsruhe_000000_000850.png
split,train
model,result_0878,0.8969732965650866,0.8494163412248452,-4,28
model,result_0004,0.30822945697185566,0.9080911543624035,-3,157
model,result_0931,0.7118620821213386,0.7293382250393764,4,124
