background,muhlheim-ruhr_000000_001053.png
split,train
model,result_0440,0.8076992560579498,0.4601712052984166,-1,301
