background,hamburg_000000_008494.png
split,train
model,result_0082,0.025668077112375065,0.5108925188367469,2,65
model,result_0945,0.7905519294814892,0.77399939756269,-2,283
