background,dortmund_000000_000148.png
split,train
model,result_0871,0.13562942281485513,0.45395422535368746,4,219
model,result_0878,0.7327092777980061,0.49787714151262574,4,274
model,result_0004,0.5764156342555931,0.38679960071013925,0,16
