background,mannheim_000000_000216.png
split,train
model,result_0484,0.23466893868256367,0.33604040420212056,-1,250
model,result_0861,0.34344081105817204,0.8603265444785854,-2,272
