background,muhlheim-ruhr_000000_001045.png
split,train
model,result_0914,0.45770517742375494,0.2535444300191779,-4,317
model,result_0193,0.8984064386729129,0.6438310736738688,-3,318
