background,schweinfurt_000000_000112.png
split,train
model,result_0215,0.25985024510255395,0.3565084880435135,-1,8
model,result_0332,0.9587618827418861,0.27180106466047704,2,229
