background,bayreuth_000000_000205.png
split,train
model,result_0632,0.9949153158346264,0.3013043135669602,1,238
model,result_0357,0.09313612739950439,0.3173285468770001,-4,336
