background,muhlheim-ruhr_000000_000276.png
split,train
model,result_0678,0.7647820919943102,0.3373410555655635,1,174
model,result_0784,0.9705901351345656,0.5675250955344008,-2,66
model,result_0924,0.2784407808034173,0.3068268752777598,-1,138
