background,augsburg_000000_000584.png
split,train
model,result_0394,0.6102556750103969,0.9446471596343313,-3,275
