background,augsburg_000000_000130.png
split,train
model,result_0945,0.27219001934128384,0.5444484324445713,-1,22
model,result_0612,0.3337072810027447,0.3985708969595972,1,211
model,result_0283,0.874400438403916,0.7134777319733372,4,279
