background,konstanz_000000_001289.png
split,train
model,result_0999,0.4586776571857075,0.8464813342934081,1,45
