background,heidelberg_000000_000468.png
split,train
model,result_0949,0.2553679023042642,0.32011503397983676,3,229
model,result_0324,0.7323198911737278,0.3565921442575395,-1,68
model,result_0173,0.9582462445064471,0.6515207295238431,3,327
