background,wurzburg_000000_001086.png
split,train
model,result_0218,0.4660101360613491,0.8825004542016992,-4,299
model,result_0694,0.5057322588187426,0.7169551893404464,3,277
model,result_0319,0.9100345323633203,0.2515810401838027,3,181
