background,konstanz_000000_000562.png
split,train
model,result_0319,0.8802514147697081,0.7603509106972016,1,51
