background,wurzburg_000000_001554.png
split,train
model,result_0793,0.012706625875666955,0.7328922309603841,1,209
model,result_0686,0.3960869031179287,0.8513017903178757,2,316
model,result_0805,0.6804729316920465,0.7672654883541031,3,7
