background,wurzburg_000000_001347.png
split,train
model,result_0499,0.4998258834472593,0.9940451951708306,2,52
