background,muhlheim-ruhr_000000_000711.png
split,train
model,result_0154,0.6918677695608437,0.25881529803840525,0,88
