background,duisburg_000000_000106.png
split,train
model,result_0191,0.4892025391680158,0.5206077408838682,1,132
model,result_0775,0.9912234378051765,0.9388616530060501,-2,128
