background,muhlheim-ruhr_000000_000228.png
split,train
model,result_0924,0.8777511487032706,0.43836538358414256,4,296
