background,muhlheim-ruhr_000000_000751.png
split,train
model,result_0844,0.29521770454444063,0.27038897563450015,-1,146
model,result_0995,0.692975663855364,0.7736527703545035,-1,143
