background,nuremberg_000000_000522.png
split,train
model,result_0949,0.5750036091106295,0.3458614720980964,3,130
