background,mannheim_000000_001005.png
split,train
model,result_0857,0.19919135565859636,0.4784194652506587,3,360
model,result_0795,0.22734844430772538,0.5993190198019576,-2,66
