background,bremen_000149_000019.png
split,train
model,result_0557,0.22093258262933557,0.9439660194104267,-3,300
model,result_0544,0.8428969527303493,0.6261574737451965,-4,63
model,result_0999,0.8323266123452008,0.7342882935717344,-1,32
