background,heilbronn_000000_000151.png
split,train
model,result_0484,0.3473802302501213,0.2630883783048319,-4,110
model,result_0861,0.42873063551846413,0.7237892805002675,3,127
model,result_0882,0.3098432784877131,0.4361531828283053,2,268
