background,stuttgart_000028_000019.png
split,train
model,result_0394,0.9905132811791132,0.8804499368560657,0,92
model,result_0163,0.3144528069284548,0.5494645887264733,4,4
model,result_0657,0.857488009784525,0.3513882604571059,1,241
