background,bayreuth_000000_000207.png
split,train
model,result_0477,0.3261790459635563,0.8894055182705014,1,235
model,result_0949,0.9301431936145981,0.4185221911289923,-1,6
model,result_0324,0.604440434247656,0.8208760507448677,-2,38
