background,konstanz_000000_000301.png
split,train
model,result_0882,0.7673273091449352,0.3557225606394555,4,265
