background,strasbourg_000000_031067.png
split,train
model,result_0674,0.30548898295906746,0.30191185635222617,-4,107
model,result_0146,0.7837221391577842,0.8745171804569348,-2,283
model,result_0295,0.5562956294961456,0.94377356097452,0,177
