background,heidelberg_000000_000431.png
split,train
model,result_0154,0.05905351779398604,0.9279427555419147,-4,144
model,result_0562,0.30968592480055257,0.5045695300392832,-3,49
