background,wuppertal_000000_000956.png
split,train
model,result_0847,0.5371092591845159,0.882483460356632,-4,37
model,result_0646,0.08220319517529373,0.5411500061462788,2,282
