background,augsburg_000000_000196.png
split,train
model,result_0991,0.6993054536728238,0.8315830467749696,1,224
model,result_0373,0.9191368018450646,0.7740920398574442,-2,217
