background,nuremberg_000000_000970.png
split,train
model,result_0467,0.18754704021856994,0.44427603527966397,-2,79
