background,oberhausen_000000_000537.png
split,train
model,result_0878,0.040466164741426724,0.48344426852868894,3,102
