background,augsburg_000000_000682.png
split,train
model,result_0386,0.07240759209018854,0.4791323807098734,-2,41
model,result_0979,0.25812701686474315,0.5365283833393216,-4,334
