background,augsburg_000000_000910.png
split,train
model,result_0164,0.276429717559442,0.6228491666059792,-1,163
model,result_0440,0.4299571237866424,0.6622610126170116,0,98
model,result_0484,0.7872038718447256,0.6312019614613068,-1,133
