background,karlsruhe_000000_000227.png
split,train
model,result_0557,0.7351303941341009,0.556811658594771,1,312
