background,heidelberg_000000_000977.png
split,train
model,result_0283,0.7456946145635854,0.3026736371140123,-2,127
