background,wurzburg_000000_000112.png
split,train
model,result_0793,0.07901255108950511,0.3308178726077097,0,293
