background,wurzburg_000000_000173.png
split,train
model,result_0036,0.15417055526149182,0.7568961907319225,2,204
model,result_1000,0.6917034056871046,0.543206739906273,1,337
model,result_0367,0.9400626432280389,0.6337216293414099,1,316
