background,mannheim_000000_001045.png
split,train
model,result_0882,0.6186265961855275,0.3093109152398333,-2,343
model,result_0467,0.17284341411701842,0.42653428626577294,0,183
