background,konstanz_000000_001149.png
split,train
model,result_0060,0.5481164636612298,0.3194085787943051,3,267
