background,augsburg_000000_000238.png
split,train
model,result_0193,0.3670146118914195,0.31614532174907806,3,97
