background,bayreuth_000000_000264.png
split,train
model,result_0775,0.7593949333371057,0.570883767969205,4,134
