background,wurzburg_000000_001585.png
split,train
model,result_0793,0.7656773556930985,0.3475976492468612,1,251
