background,heilbronn_000000_000104.png
split,train
model,result_0784,0.28705758753346977,0.867738827937091,3,109
model,result_0924,0.019587552800059194,0.2771984040508769,-4,105
