background,konstanz_000000_000362.png
split,train
model,result_0484,0.9075723270183015,0.316291368674096,3,41
