background,mannheim_000000_000900.png
split,train
model,result_0440,0.16586550067939676,0.5342083231915755,-1,80
model,result_0484,0.5250629802914643,0.9075758823584668,-2,37
model,result_0861,0.95244676298143,0.6503494774819316,-1,223
