background,heidelberg_000000_000613.png
split,train
model,result_0793,0.965569030861217,0.7004030574160849,-3,209
model,result_0686,0.9546537979381042,0.8610881764372746,3,83
