background,karlsruhe_000000_001020.png
split,train
model,result_0992,0.009798943312869457,0.33281350866820114,-1,47
model,result_0394,0.3481631191161947,0.6932753235785244,4,349
model,result_0163,0.9718044945428826,0.32504437306828204,-1,345
