background,augsburg_000000_001203.png
split,train
model,result_0338,0.3708579758204493,0.789692544236692,2,180
model,result_0557,0.5935960489646824,0.29348001927491973,-1,68
model,result_0544,0.09412697926960534,0.38612229848903806,2,343
