background,augsburg_000000_000756.png
split,train
model,result_0612,0.22867030213424022,0.9825717566948423,4,73
model,result_0283,0.08599882753413546,0.6028978158984544,4,242
model,result_0968,0.03410761077926516,0.9661495423063413,-3,184
