background,augsburg_000000_000165.png
split,train
model,result_0193,0.29450549014059346,0.4636034507699197,-1,276
model,result_0036,0.3195352786041741,0.8813381528309563,-2,316
model,result_1000,0.9327943369579146,0.5049548318215782,-3,70
