background,duisburg_000000_000255.png
split,train
model,result_0218,0.4448230181751862,0.9572051989606319,-2,21
