background,bochum_000000_003005.png
split,train
model,result_0612,0.5206762727615261,0.7625447077079088,3,80
