background,nuremberg_000000_000500.png
split,train
model,result_0082,0.6049932437085421,0.7332752144354856,2,100
model,result_0945,0.6859595277792667,0.7816660972279815,-3,153
