background,schweinfurt_000000_000679.png
split,train
model,result_0686,0.743235692501663,0.860148636762138,3,97
model,result_0805,0.40350452610189247,0.455692413007791,-4,75
model,result_0039,0.8290779626217966,0.2622094608838249,-2,123
