background,muhlheim-ruhr_000000_001035.png
split,train
model,result_0602,0.6147928617164099,0.6596148810482547,-4,94
model,result_0024,0.6425947154768021,0.6964210921304481,2,356
model,result_0288,0.1062408079865721,0.5376492694692359,1,49
