background,nuremberg_000000_001456.png
split,train
model,result_0386,0.005776776647405724,0.5706523603119347,4,265
