background,duisburg_000000_000080.png
split,train
model,result_0995,0.7758428585481821,0.3110549403835581,-1,214
model,result_0969,0.441366609811777,0.7784142169478283,-2,42
