background,augsburg_000000_000883.png
split,train
model,result_0051,0.08313364476235574,0.48471077416392166,-3,103
