background,mannheim_000000_001090.png
split,train
model,result_0968,0.7207643227777495,0.6199163745086492,1,62
