background,duisburg_000000_000560.png
split,train
model,result_0968,0.8435011547715138,0.3944043358209515,-2,187
