background,freiburg_000000_000736.png
split,train
model,result_0367,0.1453001284721842,0.6194702892128815,1,82
model,result_0822,0.43203861830430335,0.4947130494822579,0,140
