background,bayreuth_000000_000684.png
split,train
model,result_0388,0.5981816208879369,0.7067145056170329,1,185
model,result_0499,0.12490368794044271,0.5584738682626305,-4,243
model,result_0844,0.8414067761225881,0.35430296780985604,-4,359
