background,bochum_000000_010700.png
split,train
model,result_0386,0.1425716163571621,0.5119903444632614,0,330
model,result_0979,0.14153856535550746,0.9109294050539848,-4,95
