background,wurzburg_000000_001069.png
split,train
model,result_0999,0.8640389212570273,0.56457106521447,2,104
model,result_0510,0.2266001322013731,0.6892810119338626,2,27
model,result_0328,0.6412367556639609,0.61839635923584,-2,219
