background,bayreuth_000000_000768.png
split,train
model,result_0472,0.04872323123915745,0.6594227055208831,-2,174
model,result_0981,0.41708331406774113,0.5894695473001066,-4,92
model,result_0527,0.7634724150337012,0.2747260073705453,-3,272
