background,wurzburg_000000_000838.png
split,train
model,result_0847,0.11387699107802685,0.728864698552646,2,326
