background,bayreuth_000000_000561.png
split,train
model,result_0847,0.24537388161714746,0.9700885776004741,4,197
