background,augsburg_000000_001330.png
split,train
model,result_0163,0.08814370391514659,0.6133609762638732,3,209
model,result_0657,0.635204996254561,0.38113261600192927,1,22
model,result_0914,0.5933316887326663,0.7536779763813155,0,233
