background,konstanz_000000_000247.png
split,train
model,result_0527,0.9346355270518577,0.8567411550382381,3,118
