background,mannheim_000000_000267.png
split,train
model,result_0467,0.8346246162699665,0.9448705193852444,-1,266
model,result_0154,0.4343426076464071,0.593280488260194,4,233
model,result_0562,0.6098971211918786,0.5736932488263687,2,64
