background,muhlheim-ruhr_000000_000003.png
split,train
model,result_0857,0.7832787505710109,0.4049227331137379,3,61
model,result_0795,0.28907341469536907,0.654491027366169,4,61
model,result_0388,0.1494636945008081,0.9513019575152388,2,226
