background,wuppertal_000000_000650.png
split,train
model,result_0163,0.015075710020102662,0.8443423773584113,4,20
model,result_0657,0.5373303917546908,0.9915823170692977,-4,329
