background,troisdorf_000000_000090.png
split,train
model,result_0931,0.909201639563562,0.6680387700516629,-1,305
model,result_0123,0.5872297354979895,0.6466526800210394,0,272
model,result_0472,0.32401380142753067,0.954840476236065,-2,143
