background,saarbrucken_000000_000503.png
split,train
model,result_0295,0.2725376450865471,0.3689537699109905,4,302
model,result_0127,0.2900563741412575,0.30752460351145167,-3,332
