background,freiburg_000000_000381.png
split,train
model,result_0871,0.5648746853924078,0.4680090026658349,-1,260
model,result_0878,0.22081448078492072,0.35061670876601736,-3,169
