background,schweinfurt_000000_000241.png
split,train
model,result_0586,0.4585272721980316,0.867378298146328,-1,233
