background,bayreuth_000000_000675.png
split,train
model,result_0862,0.7164392201942379,0.5881139055994375,2,3
model,result_0524,0.41575337715133975,0.5120346371296887,-2,20
