background,muhlheim-ruhr_000000_000805.png
split,train
model,result_0199,0.826078002506584,0.4051698736588306,0,64
model,result_0060,0.18343129315381834,0.958304746698091,0,87
model,result_0080,0.2920109512689123,0.4733952372950625,4,304
