background,heidelberg_000000_001180.png
split,train
model,result_0388,0.1608285169850029,0.4840682741311124,-3,190
model,result_0499,0.4665168892408489,0.2819171000992043,2,190
