background,konstanz_000000_000033.png
split,train
model,result_0678,0.21154031604457157,0.8704334335184077,1,90
