background,wuppertal_000000_000965.png
split,train
model,result_0239,0.9998106352874337,0.3132214316958808,-4,308
model,result_0051,0.8327819331944886,0.25325158443282125,-2,323
