background,heidelberg_000000_000609.png
split,train
model,result_0991,0.5129493827410849,0.7469448515888613,-3,40
model,result_0373,0.863370620036645,0.2799137362807208,2,189
