background,freiburg_000000_000642.png
split,train
model,result_0739,0.5477667455334898,0.3059749176800435,-1,315
model,result_0960,0.10296710134925458,0.9602895435133818,-4,22
