background,mannheim_000000_001179.png
split,train
model,result_0751,0.6118933107924933,0.5455804949099992,4,310
model,result_0678,0.09838656974808013,0.6891312649785624,-1,80
