background,hamburg_000000_082187.png
split,train
model,result_0855,0.7885445643183773,0.8786214326053405,1,167
model,result_0338,0.05086339556891373,0.4971835681116594,-4,120
model,result_0557,0.07325210751402023,0.4926857599067279,-3,150
