background,erlangen_000000_000224.png
split,train
model,result_0239,0.9126129407264918,0.3434597284864084,4,259
model,result_0051,0.6732085787176653,0.29546234932205784,-4,123
