background,oberhausen_000000_000311.png
split,train
model,result_0646,0.10292043294039943,0.526703868250142,-2,7
