background,wurzburg_000000_001342.png
split,train
model,result_0979,0.8259562065225864,0.6020106952242515,-2,212
