background,bayreuth_000000_000267.png
split,train
model,result_0373,0.9449922369945589,0.46292550273519306,-1,183
model,result_0191,0.1518536647983596,0.598129720042697,-4,141
model,result_0775,0.7336339540291981,0.7861845034296143,3,213
