background,konstanz_000000_000318.png
split,train
model,result_0319,0.7932426743941149,0.3762779428069559,4,86
model,result_0477,0.176782524018687,0.7075628408177741,2,293
