background,wurzburg_000000_001395.png
split,train
model,result_0173,0.3981489269378886,0.5411273833349444,3,14
