background,muhlheim-ruhr_000000_000054.png
split,train
model,result_0080,0.6365782931046507,0.5474751481585556,0,76
model,result_0857,0.9676851130233551,0.6164168264874257,3,227
model,result_0795,0.6061489831670954,0.5966767476897072,-4,19
