background,nuremberg_000000_000963.png
split,train
model,result_0606,0.32190897392896944,0.7635635878748238,-1,191
model,result_0082,0.6653604751101924,0.8824970142006774,-4,201
model,result_0945,0.8034893745514827,0.8914208779964401,4,156
