background,heidelberg_000000_000163.png
split,train
model,result_0193,0.2888313334904178,0.6278006584349465,1,310
model,result_0036,0.9662793909651429,0.6888948925659866,0,34
