background,duisburg_000000_000002.png
split,train
model,result_0266,0.42730041800914564,0.7340612213957137,-2,346
