background,dortmund_000000_000728.png
split,train
model,result_0784,0.9553520373697596,0.7677421671721012,-1,206
model,result_0924,0.10099348238450034,0.46564856091151074,-1,221
model,result_0866,0.09225381140828603,0.9897655462668228,0,205
