background,karlsruhe_000000_000258.png
split,train
model,result_0051,0.4225063751187894,0.2584307447428951,-1,262
model,result_0739,0.4584544602503875,0.544046650978355,-2,130
model,result_0960,0.35370340919045207,0.6976355932312912,2,160
