background,schweinfurt_000000_000684.png
split,train
model,result_0373,0.34854195216946815,0.5800770988002941,1,27
model,result_0191,0.7239877028334596,0.5475647796599794,3,20
model,result_0775,0.20278660949569394,0.5191144025985596,-2,299
