background,oberhausen_000000_000902.png
split,train
model,result_0191,0.16373718345928545,0.5244725379149002,2,217
model,result_0775,0.17195098150653743,0.39911263363488036,4,241
