background,schweinfurt_000000_000571.png
split,train
model,result_0857,0.6218717010344158,0.31182528269761267,-2,117
