background,konstanz_000000_000413.png
split,train
model,result_0924,0.46156875614040116,0.4196329442018666,4,7
