background,nuremberg_000000_000977.png
split,train
model,result_0857,0.8038948264266229,0.41534988845290377,2,270
