background,oberhausen_000000_000506.png
split,train
model,result_0924,0.09940224324482783,0.3327156306932335,-4,0
model,result_0866,0.4688011242663396,0.8092338033086763,-3,194
