background,bayreuth_000000_000143.png
split,train
model,result_0981,0.9749206123126327,0.9186163482566623,4,209
