background,konigswinter_000000_000039.png
split,train
model,result_0357,0.10986608079527904,0.8255392579762637,1,187
model,result_0046,0.13244585367483275,0.9709093746501829,1,177
