background,augsburg_000000_000398.png
split,train
model,result_1000,0.29838778185935066,0.6031936599963554,4,103
model,result_0367,0.6627415200669514,0.31100523904408117,2,270
