background,mannheim_000000_000747.png
split,train
model,result_0996,0.06740998416804866,0.5213986383842538,2,52
model,result_0266,0.41787682957645345,0.8415266036957052,1,293
model,result_0862,0.7434894985420127,0.9217217579612682,1,132
