background,augsburg_000000_000536.png
split,train
model,result_0386,0.15603397113843243,0.9019070517190011,-3,119
