background,bayreuth_000000_000203.png
split,train
model,result_0981,0.24110765210349328,0.9974462077934793,2,215
model,result_0527,0.4452506584236646,0.5752151830503187,-1,120
model,result_0602,0.320027399702407,0.9885455971550399,2,142
