background,muhlheim-ruhr_000000_001002.png
split,train
model,result_0751,0.786229239735049,0.7235794015152527,4,16
model,result_0678,0.7032726183843895,0.6638067714130108,4,154
