background,mannheim_000000_000144.png
split,train
model,result_0046,0.6735036099031375,0.2870259317404621,2,184
model,result_0389,0.19268343962716128,0.2652871702435972,-1,27
