background,augsburg_000000_000498.png
split,train
model,result_0686,0.8419833186669665,0.6319112590581963,-1,192
