background,bayreuth_000000_000116.png
split,train
model,result_0215,0.8103473648359667,0.2593581239479518,0,288
model,result_0332,0.7048605235042896,0.8043488423616788,1,283
model,result_0385,0.17855016053913542,0.7123715538657339,0,259
