background,schweinfurt_000000_000473.png
split,train
model,result_0199,0.6308015209439082,0.9165171283224947,3,139
