background,oberhausen_000000_000430.png
split,train
model,result_0163,0.8244021169638269,0.8783749111994578,2,202
