background,karlsruhe_000000_000065.png
split,train
model,result_0991,0.5267479934506999,0.49534935103182925,-1,316
model,result_0373,0.06457127029655174,0.8536537145151936,1,43
model,result_0191,0.406914796013395,0.9949533952698401,1,116
