background,mannheim_000000_000177.png
split,train
model,result_0440,0.7580458305604864,0.31734345945613607,2,315
