background,strasbourg_000001_006916.png
split,train
model,result_0022,0.6221538620658302,0.7384892823560345,3,261
model,result_0061,0.13274973920068,0.8031510792926791,1,186
model,result_0606,0.7912325037295517,0.7708195314437802,-4,114
