background,heidelberg_000000_000735.png
split,train
model,result_0795,0.8045662767403059,0.45455387012798465,0,322
