background,bremen_000211_000019.png
split,train
model,result_0022,0.4949579911189811,0.7765197236869653,0,103
