background,dusseldorf_000005_000019.png
split,train
model,result_0218,0.6671758019921171,0.3187477822717417,2,46
model,result_0694,0.9007474364073994,0.775547295512442,-2,56
model,result_0319,0.5826868471799456,0.7213897856654419,-4,288
