background,dortmund_000000_000770.png
split,train
model,result_0632,0.5680870838394532,0.6117051907506568,4,313
model,result_0357,0.48189284405394217,0.6717162194091881,1,110
model,result_0046,0.22608500418346866,0.7131627940522568,2,169
