background,nuremberg_000000_001239.png
split,train
model,result_0992,0.1431261741751394,0.7405579148898986,1,180
