background,dortmund_000000_000928.png
split,train
model,result_0472,0.612686011729635,0.463943676519888,1,45
model,result_0981,0.7458026658688979,0.875414701151249,0,331
