background,nuremberg_000000_001045.png
split,train
model,result_0969,0.9560768279360446,0.5397941690268402,-4,7
model,result_0793,0.9358699986553464,0.9389198650265754,-4,320
model,result_0686,0.23275227556195477,0.2818419376247659,-4,346
