background,troisdorf_000000_000132.png
split,train
model,result_0266,0.7215639421802942,0.38380602686084486,1,357
