background,konstanz_000000_000347.png
split,train
model,result_0283,0.40572533868248317,0.43563652559795174,0,62
model,result_0968,0.8628561019158704,0.35733790645217384,3,13
