background,wurzburg_000000_000669.png
split,train
model,result_0674,0.950955278873448,0.612612502316937,-2,311
model,result_0146,0.559254422258812,0.36435234091378466,1,317
model,result_0295,0.04101841386551108,0.9203332880361086,4,232
