background,muhlheim-ruhr_000000_000554.png
split,train
model,result_0394,0.00684987204600862,0.4406754146549148,2,303
