background,augsburg_000000_000179.png
split,train
model,result_0924,0.6555015366498873,0.785348260548905,0,89
model,result_0866,0.5630903310579116,0.6775568227502531,-4,252
model,result_0983,0.7281076857359001,0.5361501136334544,3,356
