background,mannheim_000000_000144.png
split,train
model,result_0283,0.46293501570022666,0.7727538962934835,3,312
model,result_0968,0.7918786408150705,0.7363466894137258,0,187
model,result_0847,0.17309305635680783,0.861062186752673,2,151
