background,oberhausen_000000_000483.png
split,train
model,result_0862,0.6708203879943698,0.6177646779210462,0,331
model,result_0524,0.07614332214818786,0.8011200813465835,-1,191
model,result_0199,0.9157818545553535,0.885482443486685,-1,253
