background,strasbourg_000000_002183.png
split,train
model,result_0191,0.11041391448705518,0.5431502850949457,-3,206
model,result_0775,0.6115188146789553,0.7741189198082504,-2,179
