background,freiburg_000000_000340.png
split,train
model,result_0992,0.8894497033906653,0.6843456785825122,-1,214
