background,wurzburg_000000_000660.png
split,train
model,result_0960,0.6851607333393724,0.3064697658917903,3,45
model,result_0632,0.15422751789330968,0.579197220870399,-3,206
model,result_0357,0.08080253113211588,0.4271225318775794,-1,268
