background,augsburg_000000_001374.png
split,train
model,result_0857,0.8500726372547273,0.9119344339018438,0,315
