background,muhlheim-ruhr_000000_001054.png
split,train
model,result_0999,0.6777717085061099,0.32895455109122673,1,320
