background,oberhausen_000000_000593.png
split,train
model,result_0385,0.029476538894185333,0.9523487850943785,0,336
