background,muhlheim-ruhr_000000_000912.png
split,train
model,result_0328,0.9423045725470938,0.9055928311418189,0,350
model,result_0879,0.9931615376538515,0.7336893077631761,1,173
model,result_0542,0.019035323285328754,0.9906968866546301,1,45
