background,karlsruhe_000000_000062.png
split,train
model,result_0247,0.8626071430199046,0.9802825202500544,0,256
