background,heilbronn_000000_000290.png
split,train
model,result_0367,0.4268256382853405,0.6324429978410151,-3,158
