background,karlsruhe_000000_000203.png
split,train
model,result_0960,0.9730730986750854,0.9454519311844751,-1,238
model,result_0632,0.7317343761547078,0.8476102002781878,4,118
model,result_0357,0.4603983528190898,0.6720568796454662,-1,116
