background,wurzburg_000000_001253.png
split,train
model,result_0357,0.9073219939173169,0.2938962525479913,1,25
