background,mannheim_000000_000642.png
split,train
model,result_0945,0.2940798513065459,0.44248365195217687,-3,252
