background,schweinfurt_000000_000495.png
split,train
model,result_0163,0.2854789246889258,0.9867485258429085,1,334
model,result_0657,0.9788899562564994,0.6880739403300757,2,355
model,result_0914,0.2517954940548949,0.5986189830059037,3,263
