background,nuremberg_000000_000812.png
split,train
model,result_0373,0.846022498400769,0.35553212266838813,1,21
model,result_0191,0.28621614582547183,0.4993286597507783,4,84
