background,nuremberg_000000_001018.png
split,train
model,result_0805,0.20236528792546615,0.25805171975110364,3,173
model,result_0039,0.6749673478157344,0.55451519136405,-4,307
model,result_0386,0.1746782050987027,0.6350856387543423,-2,263
