background,muhlheim-ruhr_000000_000575.png
split,train
model,result_0127,0.40079872882017875,0.8379706753753592,-3,89
model,result_0022,0.9104055756806644,0.6536067277623282,2,36
