background,wurzburg_000000_000362.png
split,train
model,result_0871,0.5802407415127255,0.583639569958069,1,337
model,result_0878,0.44254935249427996,0.7934226511305874,0,181
