background,heilbronn_000000_000012.png
split,train
model,result_0154,0.7688264296358382,0.700792332596146,0,149
