background,bayreuth_000000_000695.png
split,train
model,result_0295,0.291359369876088,0.4327809213956813,0,139
model,result_0127,0.5767208018422992,0.7468022391410031,2,191
model,result_0022,0.47422346011252925,0.5467262138019876,4,123
