background,augsburg_000000_000209.png
split,train
model,result_0544,0.20221870388179886,0.58565851701351,-1,136
