background,nuremberg_000000_000123.png
split,train
model,result_0866,0.36518731811698224,0.5035180322221517,0,303
