background,schweinfurt_000000_000700.png
split,train
model,result_0328,0.017534520037707835,0.5719479822654396,0,43
