background,freiburg_000000_000184.png
split,train
model,result_0357,0.4290474456330504,0.6606505273147991,1,249
