background,heidelberg_000000_001041.png
split,train
model,result_0191,0.6762035299916588,0.6196088839019225,1,123
model,result_0775,0.7121916617659612,0.3017767517364452,0,75
model,result_0075,0.6302008119208915,0.5553559195714826,-2,86
