background,karlsruhe_000000_000859.png
split,train
model,result_0803,0.0335301113957458,0.8066919076109985,1,61
model,result_0192,0.031661430984028516,0.8296560462812276,1,186
model,result_0218,0.7420251964055073,0.2820196864766319,4,44
