background,augsburg_000000_000760.png
split,train
model,result_0295,0.460283528048692,0.6283488294155885,2,61
