background,dortmund_000000_000689.png
split,train
model,result_0882,0.9601944736319938,0.3842093386169528,4,211
model,result_0467,0.8700948471519898,0.5664817006241557,-4,303
model,result_0154,0.21009615570269302,0.25466950518676823,-1,240
