background,muhlheim-ruhr_000000_000426.png
split,train
model,result_0082,0.9371099912582057,0.5019093465991644,0,56
model,result_0945,0.021164486853847198,0.7785736604375553,-1,91
model,result_0612,0.14961335723660107,0.5221197021890052,-3,196
