background,karlsruhe_000000_000016.png
split,train
model,result_0266,0.48197609186025137,0.9285501263393342,-2,56
model,result_0862,0.5298052129757925,0.9450523209045807,3,165
model,result_0524,0.18260226649814004,0.34498478084270356,-3,341
