background,saarbrucken_000000_000027.png
split,train
model,result_0678,0.621156716741831,0.4957332336101635,0,99
model,result_0784,0.9786594751474565,0.68278421872577,-3,360
model,result_0924,0.001376098794166003,0.4471177884767519,1,294
