background,oberhausen_000000_000335.png
split,train
model,result_0678,0.7477941407123446,0.3212300682455318,1,163
model,result_0784,0.9989250482056529,0.6654981672574554,0,299
