background,schweinfurt_000000_000310.png
split,train
model,result_0472,0.14640696974527723,0.9990267132436594,-1,177
model,result_0981,0.6021610742455092,0.31035907834836607,3,299
model,result_0527,0.4788105920230179,0.6150353894027865,-2,163
