background,wuppertal_000000_000544.png
split,train
model,result_0991,0.9559479671637384,0.9502058627247643,2,83
model,result_0373,0.8500525207545664,0.6528964781796128,4,111
