background,augsburg_000000_000693.png
split,train
model,result_0989,0.3017768993200265,0.5406049723944141,4,351
model,result_0803,0.2222431540640738,0.2711717502684578,-4,244
