background,konstanz_000000_000976.png
split,train
model,result_0373,0.9144726590163984,0.8201877256652702,3,244
model,result_0191,0.4633296559886393,0.2891417370579879,4,316
model,result_0775,0.6069640510654378,0.4391132064505461,-1,280
