background,konstanz_000000_000787.png
split,train
model,result_0847,0.5458815186701844,0.7540131862915608,-4,157
model,result_0646,0.08260781980560838,0.8760347865716288,3,299
