background,nuremberg_000000_000599.png
split,train
model,result_0878,0.7078231394841638,0.8977221217228476,-4,73
