background,nuremberg_000000_000488.png
split,train
model,result_0784,0.5173193436164696,0.9273071221065152,2,62
