background,duisburg_000000_000320.png
split,train
model,result_0328,0.430077432010334,0.7686500346151527,4,127
