background,oberhausen_000000_000860.png
split,train
model,result_0686,0.44714192260993546,0.31322052228243624,4,186
model,result_0805,0.4881156936758573,0.6971185603061563,2,223
