background,mannheim_000000_000193.png
split,train
model,result_0477,0.14099084964783115,0.913795222869075,-1,345
model,result_0949,0.6113232186176204,0.54506215359071,-3,64
model,result_0324,0.6696131263940883,0.9728763687732978,-4,292
