background,wurzburg_000000_000233.png
split,train
model,result_0562,0.5468307982280955,0.5519187993149023,-2,240
model,result_0215,0.26601098671725754,0.4714002752649833,-4,220
