background,konstanz_000000_000006.png
split,train
model,result_0338,0.6432713888112416,0.5667308842904077,2,199
model,result_0557,0.17333226279987535,0.5705164407849006,-4,102
