background,konstanz_000000_001467.png
split,train
model,result_0924,0.7660551084962465,0.738847753410551,4,129
model,result_0866,0.2512862802732604,0.4295384056517427,3,60
