background,konstanz_000000_000046.png
split,train
model,result_0385,0.2634534476610888,0.913227173006149,1,267
model,result_0991,0.8979236086120889,0.48798322468241284,-2,36
model,result_0373,0.4306390777885589,0.9579148600050859,1,237
