background,nuremberg_000000_000919.png
split,train
model,result_0510,0.3737652211654052,0.9356293949513901,4,126
model,result_0328,0.46877764018834456,0.8267381663339238,4,0
