background,troisdorf_000000_000061.png
split,train
model,result_0239,0.8624076795126187,0.39801859242671256,0,9
