background,zurich_000075_000019.png
split,train
model,result_0082,0.996725348542661,0.8571907428458844,-1,288
model,result_0945,0.6922657861246487,0.8850207576043637,1,313
model,result_0612,0.9700481246846486,0.5741171092215109,3,310
