background,oberhausen_000000_000480.png
split,train
model,result_0991,0.2273412184513134,0.6462627621468768,-1,134
