background,wurzburg_000000_000421.png
split,train
model,result_0484,0.6794593593939813,0.7836749728356724,4,35
model,result_0861,0.45697347418944445,0.6070934781941297,-1,354
model,result_0882,0.3743465337984304,0.8021017233881985,-4,74
