background,oberhausen_000000_000020.png
split,train
model,result_0612,0.15446291075382723,0.9873679964692963,2,131
model,result_0283,0.5418891860517047,0.38527639908203865,2,344
