background,wuppertal_000000_000950.png
split,train
model,result_0484,0.9926781975808281,0.5622843798584625,3,66
model,result_0861,0.11718661955342691,0.2791346758904406,3,271
