background,bamberg_000000_000116.png
split,train
model,result_0544,0.31752040220572053,0.3008972238058305,-2,305
