background,muhlheim-ruhr_000000_000289.png
split,train
model,result_0527,0.49329059463442426,0.29035331807571874,-2,263
model,result_0602,0.7376412898775407,0.8401087063613031,-2,141
model,result_0024,0.4366203776897808,0.499722666980128,0,28
