background,karlsruhe_000000_000317.png
split,train
model,result_0192,0.15894065579633676,0.5920604572567529,0,174
model,result_0218,0.5173491198088214,0.9324748071295622,-4,67
