background,nuremberg_000000_001088.png
split,train
model,result_0674,0.4752944951922755,0.5475909039790205,-2,23
model,result_0146,0.7155975809059147,0.3286620408896447,-3,17
model,result_0295,0.9551161057905448,0.41689721473619423,1,240
