background,wurzburg_000000_000821.png
split,train
model,result_0123,0.3739971503852414,0.35271870102346303,-2,358
