background,bayreuth_000000_000416.png
split,train
model,result_0612,0.8718397114522964,0.8302672306325454,-3,155
model,result_0283,0.36814161838859005,0.4167674121292975,-2,314
