background,karlsruhe_000000_001110.png
split,train
model,result_0694,0.5977907347568582,0.4628978191310416,-2,325
