background,augsburg_000000_000377.png
split,train
model,result_0949,0.21417432710274342,0.37731594907101035,4,258
model,result_0324,0.08226632899360409,0.6238641547068127,0,1
