background,augsburg_000000_001260.png
split,train
model,result_0266,0.01006419930808089,0.6577321974794607,-1,53
