background,nuremberg_000000_000086.png
split,train
model,result_0678,0.451235070641022,0.5290591300439951,3,137
model,result_0784,0.7401988450013098,0.9721749870376388,-4,292
model,result_0924,0.4742478349202781,0.5405369950417076,0,198
