background,mannheim_000000_000172.png
split,train
model,result_0557,0.23446276052353832,0.925369468305929,2,355
