background,saarbrucken_000000_000025.png
split,train
model,result_0510,0.7310277567391865,0.5382273556705691,-2,251
