background,wurzburg_000000_001582.png
split,train
model,result_0319,0.21926184091522538,0.5859157832173927,4,320
model,result_0477,0.14308603999123737,0.782256894694173,-2,279
model,result_0949,0.44398099369932287,0.3127476864511967,4,154
