background,oberhausen_000000_000832.png
split,train
model,result_0878,0.576660019365528,0.8321083697529285,-3,156
model,result_0004,0.06969974733756379,0.4424297218708426,2,313
