background,nuremberg_000000_000844.png
split,train
model,result_0775,0.8801181639923559,0.6635470473033179,0,15
model,result_0075,0.7436751112406496,0.5911942349126963,3,172
