background,karlsruhe_000000_000360.png
split,train
model,result_0283,0.2665305957758197,0.9944113091645918,0,232
model,result_0968,0.30258818461999526,0.624195873046846,3,210
model,result_0847,0.07897474736931598,0.823914811175465,-1,346
