background,dortmund_000000_000387.png
split,train
model,result_0945,0.5271135933587008,0.9262074168446643,-3,73
