background,freiburg_000000_000755.png
split,train
model,result_0046,0.14362383718224647,0.37438248131431434,0,52
model,result_0389,0.6847180870721946,0.4901168511556161,-2,100
model,result_0164,0.28965783561498837,0.2640334424883629,-2,296
