background,muhlheim-ruhr_000000_001171.png
split,train
model,result_0992,0.7644956734702312,0.9555543266526716,-4,248
