background,duisburg_000000_000020.png
split,train
model,result_0164,0.2560870077041375,0.5019151701925644,1,215
model,result_0440,0.4165017063011104,0.588234453927672,-3,282
