background,freiburg_000000_000358.png
split,train
model,result_0022,0.428493716258171,0.7570715437016091,-4,66
