background,konstanz_000000_000126.png
split,train
model,result_0389,0.8782490187809662,0.33464805944452186,3,261
model,result_0164,0.3310748436872454,0.2971168463445437,-1,322
model,result_0440,0.4061722445640975,0.30355112430894954,0,210
