background,saarbrucken_000000_000143.png
split,train
model,result_0914,0.9970328358912074,0.3924804738143882,-4,110
model,result_0193,0.2811202087791026,0.5779254144226718,-1,268
