background,nuremberg_000000_000279.png
split,train
model,result_0075,0.7946045110072367,0.49835769187539425,-2,273
