background,heilbronn_000000_000401.png
split,train
model,result_0051,0.07899390178251509,0.45024005370801046,2,234
model,result_0739,0.5194983683446284,0.6949218614051277,0,20
model,result_0960,0.9229254989046285,0.6611156663779586,-3,84
