background,muhlheim-ruhr_000000_000322.png
split,train
model,result_0793,0.4615004492374356,0.6508428773466979,4,101
model,result_0686,0.7942995501659815,0.43465993468107594,-2,308
model,result_0805,0.5214865744089404,0.6755468574455341,-4,324
