background,mannheim_000000_000235.png
split,train
model,result_0542,0.6812675734965633,0.9388054425412528,0,195
