background,wurzburg_000000_000615.png
split,train
model,result_0542,0.026821892645681245,0.9367476081091748,0,34
