background,wurzburg_000000_001561.png
split,train
model,result_0562,0.7584907226790187,0.4829171421394983,-2,169
model,result_0215,0.8828986337546956,0.9901576203683781,2,165
model,result_0332,0.3913077505367236,0.6837273916748574,-3,212
