background,krefeld_000000_000442.png
split,train
model,result_0191,0.9701965757708096,0.7959788896679038,2,17
