background,augsburg_000000_000988.png
split,train
model,result_0995,0.3264332209847238,0.9100157378984202,-3,54
