background,oberhausen_000000_000873.png
split,train
model,result_0544,0.9651910072135432,0.5664327160525107,-1,230
