background,nuremberg_000000_000150.png
split,train
model,result_0914,0.190405053709365,0.397424949754036,-3,122
model,result_0193,0.21881475595061084,0.45641152621348474,1,99
