background,muhlheim-ruhr_000000_000683.png
split,train
model,result_0914,0.7559034568321346,0.9018690294388614,3,117
