background,freiburg_000000_000312.png
split,train
model,result_0989,0.1425088628976623,0.25594524428509796,1,116
