background,saarbrucken_000000_000099.png
split,train
model,result_0193,0.05013679562296425,0.7809111229815716,-1,161
