background,muhlheim-ruhr_000000_000634.png
split,train
model,result_0999,0.8951493676876134,0.3639181048092617,1,27
