background,oberhausen_000000_000065.png
split,train
model,result_0542,0.7221774007237353,0.9535771867036479,0,153
