background,bayreuth_000000_000186.png
split,train
model,result_0061,0.3688617600558569,0.30263159070272305,3,271
model,result_0606,0.09167333742716244,0.26501259903408647,-2,170
