background,bayreuth_000000_000580.png
split,train
model,result_0022,0.4202609690199324,0.7457934675987546,1,195
model,result_0061,0.7138355236048407,0.46974631748823026,-4,57
model,result_0606,0.6701659239368074,0.8456324536133765,0,40
