background,bayreuth_000000_000843.png
split,train
model,result_0036,0.9983601484032891,0.3420225819437541,4,349
model,result_1000,0.012721044403765092,0.9993581249527623,-1,8
model,result_0367,0.7303154052714339,0.98305432597982,3,52
