background,bremen_000143_000019.png
split,train
model,result_0193,0.847842140087724,0.4327814112974484,1,176
