background,saarbrucken_000000_000256.png
split,train
model,result_0527,0.672923315315136,0.352615620069938,3,92
