background,duisburg_000000_000632.png
split,train
model,result_0795,0.2647067797394319,0.9829285666329354,-4,169
model,result_0388,0.3466088960147159,0.9903073583753661,0,201
model,result_0499,0.8465979468149273,0.7784541173836825,2,32
