background,karlsruhe_000000_000916.png
split,train
model,result_0678,0.5150065276849354,0.47128711714236793,0,192
model,result_0784,0.03469803273330263,0.6656190111324013,-2,281
