background,muhlheim-ruhr_000000_000961.png
split,train
model,result_0039,0.31508720130677736,0.3664622434771248,-3,4
model,result_0386,0.9766481804918851,0.9224377375293205,3,187
