background,karlsruhe_000000_000811.png
split,train
model,result_0542,0.2451417507406889,0.8691764814065422,-3,233
model,result_0674,0.45287191147972006,0.6126962887396271,3,312
