background,wurzburg_000000_000908.png
split,train
model,result_0218,0.6961238409528456,0.7272489725089364,2,328
model,result_0694,0.7896214148550179,0.4669839990443221,3,334
model,result_0319,0.7262636656053536,0.8974960855481674,0,305
