background,wuppertal_000000_000952.png
split,train
model,result_0123,0.11243934273255463,0.4975279742538057,-4,75
model,result_0472,0.5752197952675545,0.42155178055102926,2,282
model,result_0981,0.36186010051336304,0.9137799203141337,-1,193
