background,konstanz_000000_000416.png
split,train
model,result_0822,0.6469574908615777,0.3342995270064373,-3,33
model,result_0855,0.6315910039389219,0.8809496754110931,-2,3
