background,augsburg_000000_000097.png
split,train
model,result_0036,0.9780029864687702,0.7070420267176432,-1,185
model,result_1000,0.9717032448886804,0.35678624554060395,-1,333
