background,heidelberg_000000_000563.png
split,train
model,result_0046,0.08591130861167195,0.8902245562311804,-3,234
model,result_0389,0.9345769144367913,0.508571222672776,-4,39
model,result_0164,0.3002921406845872,0.6428013653184064,-2,316
