background,oberhausen_000000_000550.png
split,train
model,result_0332,0.48388246946247115,0.30899964048183975,-1,152
model,result_0385,0.4502767775714487,0.7333447633411683,-2,153
