background,augsburg_000000_001500.png
split,train
model,result_0882,0.6645973882496864,0.3441374826350729,1,202
model,result_0467,0.6119856281811941,0.640975943253955,0,23
model,result_0154,0.3184684654412745,0.9049419293851817,-1,48
