background,wurzburg_000000_000898.png
split,train
model,result_0440,0.12035266040819792,0.30850218020593256,-2,73
model,result_0484,0.29281195733356813,0.46333118984264793,-2,63
