background,dusseldorf_000033_000019.png
split,train
model,result_0472,0.3243675753087838,0.5942374644007322,-4,257
