background,karlsruhe_000000_000295.png
split,train
model,result_0862,0.08267522160925367,0.8282687162843191,1,62
model,result_0524,0.573966450385751,0.9728996903059688,-4,351
