background,dortmund_000000_000792.png
split,train
model,result_0674,0.7115661505971163,0.8375221126723709,3,273
model,result_0146,0.6752395920365101,0.5628943365027324,-2,78
