background,wurzburg_000000_001041.png
split,train
model,result_0173,0.7211327505865129,0.5991510781635381,-4,215
model,result_0751,0.34735171412990895,0.6399911954728958,-1,319
