background,bremen_000033_000019.png
split,train
model,result_0239,0.7496004093077991,0.6262195615142034,-3,261
