background,heidelberg_000000_000312.png
split,train
model,result_0686,0.2808707669009025,0.3145832904546057,-3,333
model,result_0805,0.9522872645611358,0.5904191188429411,3,140
