background,schweinfurt_000000_000636.png
split,train
model,result_0357,0.21801736413705164,0.3418172022085663,1,3
model,result_0046,0.9388692838437164,0.6810443527201997,-3,54
model,result_0389,0.7176395428571887,0.6033897409703015,3,188
