background,wurzburg_000000_000669.png
split,train
model,result_0510,0.8971463794914639,0.8140320693268257,-1,175
model,result_0328,0.1765550662805523,0.4812106559006648,-1,272
