background,konstanz_000000_000004.png
split,train
model,result_0775,0.8325040892647723,0.4799728432556013,-2,255
model,result_0075,0.12741219914024904,0.46689233565081467,-3,111
