background,schweinfurt_000000_000453.png
split,train
model,result_0247,0.9617359807477549,0.2618761117544938,2,237
model,result_0239,0.644637021035418,0.47270689403171284,-3,61
model,result_0051,0.18566843227863927,0.9108627791872471,-4,1
