background,karlsruhe_000000_000269.png
split,train
model,result_0855,0.23885398124279578,0.7359894190649748,2,145
model,result_0338,0.41077532304396336,0.775266738679108,2,306
