background,karlsruhe_000000_000661.png
split,train
model,result_0046,0.22971673596509778,0.8145133121212595,0,78
model,result_0389,0.9872952475731424,0.28203370288805,0,39
