background,augsburg_000000_000555.png
split,train
model,result_0389,0.7355605149617896,0.6730194859993184,-3,90
model,result_0164,0.3870553708835579,0.8214644598586017,-4,342
