background,wurzburg_000000_000347.png
split,train
model,result_0805,0.6525395643175668,0.970217857619859,-4,271
model,result_0039,0.7512100300617797,0.2711269521067442,0,102
