background,heidelberg_000000_000956.png
split,train
model,result_0544,0.9240267453448449,0.791972299605315,-3,251
model,result_0999,0.9336370035991727,0.5116171237639865,-1,175
