background,duisburg_000000_000053.png
split,train
model,result_0288,0.01687371388237968,0.4800231852214176,2,253
model,result_0247,0.8612615518023398,0.6861763889668689,-1,11
