background,dusseldorf_000186_000019.png
split,train
model,result_0686,0.17377178410659466,0.9891793089144165,3,234
model,result_0805,0.6096516018516673,0.8772783606443474,-1,157
