background,wurzburg_000000_001086.png
split,train
model,result_0386,0.21455380041549676,0.8178841780201143,-2,308
