background,karlsruhe_000000_000914.png
split,train
model,result_0022,0.6555133485191255,0.6440354928079342,0,9
