background,freiburg_000000_000054.png
split,train
model,result_0586,0.09511729568757521,0.35329826689157096,-4,240
model,result_0989,0.9910118819030527,0.6807855086788926,-2,311
