background,duisburg_000000_000237.png
split,train
model,result_0803,0.24339250226349196,0.953361186596562,0,125
