background,karlsruhe_000000_000429.png
split,train
model,result_0612,0.7593763534186284,0.9569515833168178,3,71
model,result_0283,0.466373183307762,0.6348285254218561,-2,61
model,result_0968,0.36778858248883206,0.7848720528944285,3,307
