background,dortmund_000000_000624.png
split,train
model,result_0472,0.13812410808665265,0.6273096495263053,3,268
model,result_0981,0.9008466060916014,0.8988059743298802,2,194
model,result_0527,0.4290268152280421,0.8163692235649354,4,264
