background,darmstadt_000072_000019.png
split,train
model,result_0775,0.0010778366410735263,0.7291229216964179,2,24
model,result_0075,0.9109241041821453,0.43399616239438393,3,324
model,result_0992,0.44896272071169674,0.894169029105518,2,66
