background,nuremberg_000000_000675.png
split,train
model,result_0996,0.7767531499607919,0.37656191709091336,-1,239
model,result_0266,0.11310556073598721,0.7105085861846916,4,329
model,result_0862,0.6907095664693991,0.5564263943462264,4,64
