background,heidelberg_000000_000869.png
split,train
model,result_0215,0.989438724966916,0.4018371122032347,1,116
model,result_0332,0.5126109409021015,0.4400625296336332,-1,84
