background,wurzburg_000000_001576.png
split,train
model,result_0981,0.2802686046531394,0.7535801927344845,4,55
model,result_0527,0.7117822552626468,0.26455100960780026,4,17
