background,augsburg_000000_001198.png
split,train
model,result_0795,0.5389188252061441,0.37804736114204485,-2,208
model,result_0388,0.42260977089296137,0.37119896278355957,-1,54
