background,konstanz_000000_001274.png
split,train
model,result_0739,0.40562274012031485,0.25194633583822346,-1,279
model,result_0960,0.3606714032156282,0.8777289297301133,-2,322
model,result_0632,0.6928606808220813,0.8653238509794625,3,189
