background,oberhausen_000000_000832.png
split,train
model,result_0995,0.13855209761402665,0.429389549070398,0,273
