background,mannheim_000000_001031.png
split,train
model,result_0036,0.10582116120774687,0.4250817936711866,-3,192
model,result_1000,0.12406845264825594,0.9912015049954797,3,299
model,result_0367,0.989010096343244,0.503823290064949,-3,343
