background,wurzburg_000000_000950.png
split,train
model,result_0793,0.6516484413860135,0.5424101368465877,2,275
model,result_0686,0.03292757786480893,0.7954419544468213,2,234
model,result_0805,0.03411137297048694,0.9154018799680017,-3,252
