background,konstanz_000000_000275.png
split,train
model,result_0924,0.8681374103596345,0.6982438486152563,-2,233
model,result_0866,0.43654488119086265,0.9756809835575101,-4,287
