background,karlsruhe_000000_000936.png
split,train
model,result_0739,0.504368937396755,0.9783764386537298,4,269
