background,bayreuth_000000_000650.png
split,train
model,result_0694,0.3182431413849999,0.8069572756544932,-2,127
model,result_0319,0.7175992874786525,0.7694834683653516,-3,292
model,result_0477,0.04628006503739224,0.6105098499674201,-4,16
