background,konstanz_000000_000235.png
split,train
model,result_0844,0.6183728336398738,0.9238902956455699,-3,325
model,result_0995,0.7131022984201671,0.6751748770464199,1,194
