background,duisburg_000000_000638.png
split,train
model,result_0991,0.7676142645176287,0.9401487415550706,0,79
model,result_0373,0.6616305526821855,0.977884510692441,-1,27
