background,freiburg_000000_000591.png
split,train
model,result_0989,0.8252036544511501,0.37603351058763906,-4,77
