background,nuremberg_000000_001266.png
split,train
model,result_0739,0.5810052533543528,0.7826185915047946,4,104
model,result_0960,0.8415472552105101,0.7528865149234487,-1,175
