background,saarbrucken_000000_000371.png
split,train
model,result_0075,0.2997475048347902,0.7894152336051175,-4,180
model,result_0992,0.010046090374959071,0.4768282653437663,-1,350
model,result_0394,0.2460909273746521,0.2583781418777914,0,187
