background,konstanz_000000_001092.png
split,train
model,result_0472,0.6385447084519554,0.9075107763728971,-1,289
model,result_0981,0.5151866845606183,0.7279298615725245,1,102
model,result_0527,0.5988571694903378,0.8475576821804399,0,220
