background,heilbronn_000000_000214.png
split,train
model,result_0046,0.10709504068920506,0.9670774100694146,-2,319
