background,dusseldorf_000086_000019.png
split,train
model,result_0847,0.05404561691411314,0.8745848446135402,-4,109
model,result_0646,0.33622917097328886,0.36283827004661995,-2,109
model,result_0586,0.8975108928302041,0.29601156404296797,-3,52
