background,dusseldorf_000184_000019.png
split,train
model,result_0632,0.7692645866370491,0.4066720905877025,-2,282
