background,saarbrucken_000000_000431.png
split,train
model,result_0295,0.20286589209153782,0.6699914221413096,-4,32
model,result_0127,0.3706725953802581,0.8315861187189049,-1,52
model,result_0022,0.9282561307061862,0.4959198147729638,-3,28
