background,wurzburg_000000_001216.png
split,train
model,result_0164,0.4337369136825411,0.3351071956613195,0,332
