background,bamberg_000000_000234.png
split,train
model,result_0146,0.37086375113732395,0.4909293767086309,4,255
