background,wurzburg_000000_000422.png
split,train
model,result_0060,0.7833871051387863,0.7442862680803232,-2,100
model,result_0080,0.07238199233777054,0.7492018652002177,1,115
