background,nuremberg_000000_000423.png
split,train
model,result_0882,0.8141246602221764,0.8979552243774693,-2,181
model,result_0467,0.26198131771461397,0.585138191807708,4,54
