background,muhlheim-ruhr_000000_000783.png
split,train
model,result_0686,0.559149926222864,0.4352380057166776,3,210
