background,wurzburg_000000_000885.png
split,train
model,result_0075,0.1545444497511067,0.36143568984242025,-2,280
model,result_0992,0.3627220697783433,0.53237930608793,0,70
