background,schweinfurt_000000_000383.png
split,train
model,result_0357,0.6448624725711882,0.47603914883574094,2,311
