background,augsburg_000000_000701.png
split,train
model,result_0467,0.18979957029994643,0.46299093943031333,4,111
model,result_0154,0.303206869531482,0.3075074996285335,3,29
model,result_0562,0.17474119032223956,0.5321023985235909,1,108
