background,oberhausen_000000_000416.png
split,train
model,result_0247,0.860939052866398,0.934316502558045,0,215
model,result_0239,0.616323566929251,0.5776218408703333,-4,241
model,result_0051,0.7457118651858027,0.5316928260529814,0,8
