background,bremen_000239_000019.png
split,train
model,result_0775,0.22146112918038774,0.9385198890503557,4,182
model,result_0075,0.23498255097405496,0.637085822808938,-1,14
model,result_0992,0.16172513687530066,0.2728177118717516,0,89
