background,bayreuth_000000_000832.png
split,train
model,result_0499,0.4676905940156759,0.25150967460956075,4,153
model,result_0844,0.6794911594101644,0.2934121285288882,-2,28
