background,dortmund_000000_001085.png
split,train
model,result_0999,0.22533806896207875,0.5193295290214961,0,316
