background,karlsruhe_000000_000694.png
split,train
model,result_0499,0.40565233099831877,0.30888004506699984,2,245
model,result_0844,0.13466900974264107,0.9907459836355413,-1,86
