background,konstanz_000000_001259.png
split,train
model,result_0389,0.17443114659381143,0.6810500256545016,2,121
model,result_0164,0.43241265285539454,0.3829084328634069,1,88
