background,schweinfurt_000000_000162.png
split,train
model,result_0803,0.8486459759600046,0.8730149667719894,-1,46
model,result_0192,0.09557025537945962,0.8710081988668119,4,7
