background,augsburg_000000_000074.png
split,train
model,result_0949,0.3279187334958267,0.6004756739269203,-3,320
