background,freiburg_000000_000576.png
split,train
model,result_0075,0.6713525561819473,0.5734277256530275,-3,10
model,result_0992,0.9673329907273996,0.9100559633594117,4,31
