background,oberhausen_000000_000162.png
split,train
model,result_0855,0.7637588993048011,0.8097054850096781,1,1
model,result_0338,0.822756059380647,0.744715350750498,-2,78
