background,heilbronn_000000_000422.png
split,train
model,result_0996,0.5398853149916254,0.4768595495752707,-3,358
