background,muhlheim-ruhr_000000_000278.png
split,train
model,result_0542,0.02932523482886551,0.440888783640219,2,72
