background,duisburg_000000_000080.png
split,train
model,result_0847,0.9996055987211476,0.4806045436011189,4,300
model,result_0646,0.7826305997111969,0.4081229913704567,2,251
