background,schweinfurt_000000_000654.png
split,train
model,result_0751,0.9590402520119702,0.581509149367891,0,322
model,result_0678,0.7067560147136253,0.6286602092385064,1,311
model,result_0784,0.007514912401087148,0.3664610896203417,-2,156
