background,freiburg_000000_000077.png
split,train
model,result_0931,0.7555751337703597,0.3552398381023463,4,145
model,result_0123,0.541118680505641,0.25389230231377297,0,152
