background,heilbronn_000000_000029.png
split,train
model,result_0686,0.14142284061345078,0.26411305841258054,3,33
model,result_0805,0.6845426561720542,0.9596245648420583,2,292
model,result_0039,0.036892078482942736,0.2577292468830388,4,223
