background,freiburg_000000_000493.png
split,train
model,result_0061,0.8230207188246501,0.4320901945951097,1,50
