background,nuremberg_000000_001455.png
split,train
model,result_0324,0.25064108718277855,0.877491994665475,3,123
model,result_0173,0.06547079525329313,0.6122706272531182,3,146
