background,wurzburg_000000_000948.png
split,train
model,result_0373,0.9622626122912036,0.9153497370854403,1,358
model,result_0191,0.8065580176525946,0.49774474162750326,4,209
model,result_0775,0.04756160204689819,0.7346594603790711,1,12
