background,heidelberg_000000_000451.png
split,train
model,result_0239,0.02973983853108164,0.3591022757359823,-3,79
model,result_0051,0.4017628052784358,0.6962924165957676,4,325
