background,oberhausen_000000_000205.png
split,train
model,result_0191,0.6547109217703674,0.9194147136679959,3,47
model,result_0775,0.5094967641594268,0.3058398145664558,-2,276
model,result_0075,0.9737618663640272,0.8002923372449519,-4,20
