background,wurzburg_000000_000272.png
split,train
model,result_0795,0.14414351851813823,0.4292821323535617,1,193
