background,freiburg_000000_000049.png
split,train
model,result_0992,0.3702231467497734,0.43153585520641713,0,302
model,result_0394,0.6205379224068036,0.3938148715869142,2,323
model,result_0163,0.7285787360253033,0.6413242516051298,2,353
