background,augsburg_000000_001103.png
split,train
model,result_0440,0.8193833257184047,0.843328753908884,1,286
model,result_0484,0.5247548055582351,0.8042894639016236,4,142
