background,duisburg_000000_000576.png
split,train
model,result_0082,0.2345065096225719,0.3823960617895322,-4,8
model,result_0945,0.652495213944984,0.7365032880040197,4,231
