background,augsburg_000000_000027.png
split,train
model,result_0389,0.2492091522156603,0.46847917536928774,-4,23
model,result_0164,0.804761294008578,0.8376730376140812,-4,90
