background,konstanz_000000_000852.png
split,train
model,result_0861,0.6208873571975658,0.28196361044559404,-4,256
