background,stuttgart_000108_000019.png
split,train
model,result_1000,0.8840546864918278,0.5491767282696066,-3,323
model,result_0367,0.20979141514004618,0.3653338942966067,-3,64
