background,bayreuth_000000_000470.png
split,train
model,result_0173,0.5503949487091883,0.7462394517234296,4,62
model,result_0751,0.9289813235921657,0.9129268310027027,-3,134
