background,duisburg_000000_000368.png
split,train
model,result_0163,0.21918334993315347,0.27846056680294706,-3,180
model,result_0657,0.6803578617225673,0.8157804082320989,3,119
