background,bamberg_000000_000187.png
split,train
model,result_0484,0.962850317339933,0.9216664248666236,-2,67
