background,dortmund_000000_000360.png
split,train
model,result_0524,0.7033570559080732,0.8575358299874071,2,107
