background,nuremberg_000000_000073.png
split,train
model,result_0739,0.20533407929166303,0.7228116449851959,4,27
model,result_0960,0.26042319838355943,0.44741849903928244,-4,25
