background,strasbourg_000000_000751.png
split,train
model,result_0805,0.762025042810547,0.5861067090529629,3,38
