background,wuppertal_000000_000112.png
split,train
model,result_0606,0.22722603904138217,0.7011893901788009,1,168
