background,muhlheim-ruhr_000000_000918.png
split,train
model,result_0793,0.7866226478176727,0.4054387919023994,4,107
