background,karlsruhe_000000_000253.png
split,train
model,result_0878,0.3565711892241157,0.9840407980633161,1,275
model,result_0004,0.6355767017842372,0.3133007344371882,4,9
model,result_0931,0.8635930156322035,0.512856035128602,2,280
