background,schweinfurt_000000_000299.png
split,train
model,result_0602,0.05740761753448276,0.4045680254139266,1,47
model,result_0024,0.7414757815601838,0.6545473941394893,1,80
