background,konstanz_000000_000126.png
split,train
model,result_0024,0.3570125562901906,0.6277590593292333,-2,338
model,result_0288,0.8711589052421556,0.6229070297778012,-4,167
model,result_0247,0.5538563198748592,0.6497418093961043,-3,182
