background,dortmund_000000_000692.png
split,train
model,result_0163,0.359699288329832,0.4838689835586423,1,319
