background,schweinfurt_000000_000558.png
split,train
model,result_0367,0.4418656930046968,0.4413894973249529,3,184
