background,muhlheim-ruhr_000000_000612.png
split,train
model,result_0542,0.3025344228680398,0.32614778378046305,4,91
model,result_0674,0.943003701661214,0.4834816606095027,-4,333
model,result_0146,0.3575239350208801,0.5607610003378731,2,201
