background,dortmund_000000_000753.png
split,train
model,result_0992,0.29628035147361276,0.8904868032165392,-1,148
model,result_0394,0.44856482107697726,0.7262772355112712,-4,337
model,result_0163,0.3513083767971684,0.8226387514347641,-1,198
