background,stuttgart_000064_000019.png
split,train
model,result_0999,0.6938235377488943,0.660832756023364,3,86
model,result_0510,0.503792999478513,0.9297439539020982,-3,73
