background,muhlheim-ruhr_000000_000296.png
split,train
model,result_0332,0.9037972304297266,0.7069424640370572,1,142
