background,freiburg_000000_000000.png
split,train
model,result_0022,0.6738303064179192,0.9599623677861542,4,75
