background,lindau_000041_000019.png
split,train
model,result_0082,0.0929826823269102,0.40359292541105496,-2,238
model,result_0945,0.6036407313191196,0.5853771704389876,-4,20
