background,nuremberg_000000_000968.png
split,train
model,result_0215,0.18647426385344523,0.3446640255001635,0,73
