background,wuppertal_000000_000898.png
split,train
model,result_0472,0.3751981368243543,0.507631419094805,-1,231
model,result_0981,0.6809081980548591,0.571784252299812,-4,67
