background,wuppertal_000000_001063.png
split,train
model,result_0266,0.7995420239923389,0.5509118142803692,4,216
model,result_0862,0.9142029253730996,0.40852726489849456,4,153
model,result_0524,0.686481571543909,0.5099489095563252,3,309
