background,heidelberg_000000_000635.png
split,train
model,result_0154,0.2963161871336113,0.5147066837146902,-3,116
