background,zurich_000115_000019.png
split,train
model,result_0036,0.026730409506601993,0.5471691818723632,2,25
