background,mannheim_000000_001108.png
split,train
model,result_0319,0.7702112446028415,0.34228351780021965,3,327
