background,wurzburg_000000_000392.png
split,train
model,result_0844,0.06244463047380666,0.3932018521268781,-4,319
model,result_0995,0.7444491342101339,0.2902043803890539,-2,337
