background,karlsruhe_000000_000439.png
split,train
model,result_0678,0.12874237954101642,0.6499837573423122,0,205
