background,dortmund_000000_000701.png
split,train
model,result_0855,0.1301168546175091,0.341389565830179,3,298
model,result_0338,0.5374681243382944,0.3443782155856224,-4,290
