background,dresden_000000_000020.png
split,train
model,result_0295,0.7785927348281652,0.9343942434762851,1,351
model,result_0127,0.3115432448156864,0.7703513825131113,-4,290
model,result_0022,0.6186985785579473,0.276529110399935,-4,277
