background,konstanz_000000_000322.png
split,train
model,result_0215,0.10159538889336239,0.4969446279225238,1,247
model,result_0332,0.7191958013124398,0.46761061043326346,0,214
