background,konstanz_000000_000796.png
split,train
model,result_0805,0.6102765998052998,0.8029845695015688,-3,307
model,result_0039,0.46226615074354693,0.6776449620002554,-2,275
model,result_0386,0.5588055910345836,0.6935677005058417,-3,160
