background,freiburg_000000_000021.png
split,train
model,result_0467,0.13839922564650375,0.5764434791287658,2,126
