background,weimar_000077_000019.png
split,train
model,result_0822,0.48439656874973247,0.4327970418949265,0,344
