background,muhlheim-ruhr_000000_000028.png
split,train
model,result_0879,0.708570377314368,0.27677390559067805,-3,173
model,result_0542,0.3319328978871433,0.25472502853605206,3,196
