background,nuremberg_000000_000811.png
split,train
model,result_1000,0.6445231632192302,0.6728613716155263,1,194
model,result_0367,0.08938970833737203,0.9272359699620858,1,256
model,result_0822,0.24508209276510684,0.8750642391231463,-1,329
