background,augsburg_000000_000074.png
split,train
model,result_0367,0.5295014189424277,0.2735968194269793,3,241
model,result_0822,0.9291189092457156,0.5360024630665887,-3,5
model,result_0855,0.565350553113383,0.636668258996041,-3,76
