background,heilbronn_000000_000014.png
split,train
model,result_0218,0.7351336573622259,0.4537611084119323,3,52
model,result_0694,0.8953267887436296,0.7786964003411463,-4,91
