background,heilbronn_000000_000334.png
split,train
model,result_0192,0.605855353026905,0.7530843497346589,4,336
model,result_0218,0.19472350132864358,0.6348211450672403,-3,331
model,result_0694,0.9347429422748029,0.8398775057687445,-2,159
