background,heidelberg_000000_000984.png
split,train
model,result_0981,0.9682496336859311,0.42353371991182615,2,322
model,result_0527,0.8985053438901806,0.7144888897387264,3,292
model,result_0602,0.6494405946178945,0.5441230803766219,-2,231
