background,wurzburg_000000_000893.png
split,train
model,result_0193,0.806384298052522,0.7061700412902929,-3,88
model,result_0036,0.7642520704917198,0.7991846441764091,-4,357
model,result_1000,0.68948629393653,0.9272294748654558,1,279
