background,mannheim_000000_000994.png
split,train
model,result_0060,0.5581619063097857,0.44066405456742597,-2,45
model,result_0080,0.9040479752691554,0.6040191655079846,3,134
