background,konstanz_000000_000776.png
split,train
model,result_0389,0.9234258842832229,0.7678207403771221,1,315
model,result_0164,0.25128912144797966,0.39358126344489386,-4,208
