background,hanover_000000_033457.png
split,train
model,result_0751,0.42977457692643073,0.4260134942297344,3,286
model,result_0678,0.6620670197608689,0.4372741379329136,4,118
model,result_0784,0.7699153389418633,0.31036521802656303,3,360
