background,muhlheim-ruhr_000000_001220.png
split,train
model,result_0499,0.6327961004761322,0.5525199031345089,2,349
model,result_0844,0.36526611525533703,0.5838531096459947,0,41
