background,mannheim_000000_000200.png
split,train
model,result_0477,0.39902729797799974,0.36892670856843623,-3,42
model,result_0949,0.03391812861603549,0.3114829720565049,-4,133
