background,weimar_000008_000019.png
split,train
model,result_0646,0.821088638494252,0.8957191715475166,-1,138
model,result_0586,0.6019883978685526,0.615525874533014,-1,64
