background,aachen_000171_000019.png
split,train
model,result_0945,0.815563679080296,0.4057344593978084,4,270
