background,mannheim_000000_000075.png
split,train
model,result_0192,0.9134133033402262,0.6517227465511652,-3,333
model,result_0218,0.5184523598259041,0.9349374868514105,0,252
