background,muhlheim-ruhr_000000_000094.png
split,train
model,result_0632,0.9886243659439721,0.9202305251798568,2,263
model,result_0357,0.18519375489062095,0.44285749595044244,-2,149
