background,konstanz_000000_000418.png
split,train
model,result_0173,0.6035255650756771,0.6163895343577451,-4,348
model,result_0751,0.7847532302854738,0.900533705806037,0,258
