background,augsburg_000000_000218.png
split,train
model,result_0527,0.5723402279638167,0.3665917415539223,3,50
model,result_0602,0.8151102018016927,0.26157309058635186,-3,292
model,result_0024,0.20119391073852477,0.5165088308618734,3,298
