background,muhlheim-ruhr_000000_000585.png
split,train
model,result_0861,0.3334785889043965,0.3901971197180626,-4,116
model,result_0882,0.16364796458760134,0.8277083981403932,-2,311
