background,muhlheim-ruhr_000000_001048.png
split,train
model,result_0367,0.7216261031902811,0.8188898852844035,3,328
model,result_0822,0.5135984278172272,0.8416457974574197,4,225
model,result_0855,0.7522037588470368,0.3199270485109862,-4,326
