background,schweinfurt_000000_000078.png
split,train
model,result_0036,0.9238099275217547,0.41198036779761654,4,331
model,result_1000,0.8262087663457572,0.88674164002515,3,85
