background,wurzburg_000000_000282.png
split,train
model,result_0945,0.7968634320463199,0.41112654860681375,4,312
model,result_0612,0.04995808832402515,0.5382535354479279,1,229
