background,freiburg_000000_000000.png
split,train
model,result_0524,0.009381827580722257,0.6973389475325382,2,57
model,result_0199,0.26883538490907555,0.8005782870295501,4,355
model,result_0060,0.13770771176647234,0.6610221641713829,-2,286
