background,schweinfurt_000000_000428.png
split,train
model,result_0357,0.7785164419704041,0.47907089375875445,-3,351
model,result_0046,0.32756261214679727,0.40060541596878485,-4,343
model,result_0389,0.12460236856500617,0.5445566624747074,2,91
