background,karlsruhe_000000_000612.png
split,train
model,result_0024,0.5859756270645664,0.9055424074379597,-2,253
