background,troisdorf_000000_000121.png
split,train
model,result_0324,0.3293492308560747,0.7668405246870619,2,340
model,result_0173,0.11538448061162987,0.7357464027478763,2,58
