background,dortmund_000000_000794.png
split,train
model,result_0586,0.5962254896023214,0.3931955557500996,-2,285
model,result_0989,0.5666248955620103,0.8278110065624573,1,34
model,result_0803,0.8985726400936594,0.8087047254952326,0,209
