background,wuppertal_000000_000863.png
split,train
model,result_0606,0.41455983874234337,0.7311189369102761,-4,350
model,result_0082,0.21196880161160658,0.9899605920602466,-2,90
