background,oberhausen_000000_000818.png
split,train
model,result_0164,0.37466679862545504,0.581429354647968,0,131
