background,heilbronn_000000_000605.png
split,train
model,result_0215,0.6111053156983607,0.9202645590229067,0,7
