background,karlsruhe_000000_000827.png
split,train
model,result_0657,0.7210432810005585,0.5204180623056371,0,71
