background,heilbronn_000000_000635.png
split,train
model,result_0878,0.7893902978773095,0.38195615621238016,-1,268
model,result_0004,0.3236076996093772,0.9547040445195614,-1,270
model,result_0931,0.344141710764445,0.6142754784275575,1,214
