background,muhlheim-ruhr_000000_000065.png
split,train
model,result_0775,0.24433841323640304,0.5017070246816385,-3,72
model,result_0075,0.49199103051955295,0.26537219048376703,-2,5
