background,stuttgart_000059_000019.png
split,train
model,result_0646,0.8992246483604664,0.88614393005498,-2,352
model,result_0586,0.9708084073416285,0.3003888318794118,3,272
