background,muhlheim-ruhr_000000_000993.png
split,train
model,result_0389,0.8781606232002761,0.7018931393484013,0,46
model,result_0164,0.14758510180188933,0.7870737595310873,1,108
