background,schweinfurt_000000_000192.png
split,train
model,result_0632,0.31188278904044897,0.913440169936276,4,276
model,result_0357,0.5803730646458249,0.6474919598456397,-2,244
