background,heilbronn_000000_000708.png
split,train
model,result_0996,0.7432199238829277,0.6339791248932767,0,161
