background,duisburg_000000_000262.png
split,train
model,result_0586,0.8684240425278217,0.4720280270129622,-2,190
model,result_0989,0.4754399096367421,0.6549907594257114,2,170
model,result_0803,0.6676316052696204,0.5300168610586489,4,96
