background,krefeld_000000_032845.png
split,train
model,result_0039,0.4286301568242884,0.8946606262428178,0,357
