background,bremen_000047_000019.png
split,train
model,result_0051,0.539402358452466,0.25753063477132854,-2,191
model,result_0739,0.5137478900952936,0.34340235758983273,0,340
model,result_0960,0.2826367910995975,0.8279289115799756,-4,93
