background,duisburg_000000_000471.png
split,train
model,result_0857,0.27241048935426826,0.45135908245926504,-1,187
model,result_0795,0.5463994346184227,0.8042339324170403,4,306
