background,heidelberg_000000_000899.png
split,train
model,result_0586,0.7806345458425853,0.4028229207305135,-1,169
model,result_0989,0.8705291480291847,0.5971651548378711,-3,324
model,result_0803,0.11732255568506489,0.642971097989901,1,83
