background,duisburg_000000_000382.png
split,train
model,result_0022,0.8087860170345559,0.7387999975327995,4,252
model,result_0061,0.9362071104657876,0.5596718716364526,-3,136
model,result_0606,0.35178487563940375,0.7764135803595205,2,200
