background,duisburg_000000_000224.png
split,train
model,result_1000,0.6593270606521132,0.6517751949612562,-3,39
model,result_0367,0.7855216068020449,0.36682144453691984,-3,156
model,result_0822,0.10732789894679207,0.827238664160935,-1,344
