background,wurzburg_000000_000189.png
split,train
model,result_0295,0.17464794650827387,0.5629201342424317,-1,253
model,result_0127,0.9080694752563596,0.7190232523318918,0,297
model,result_0022,0.966178869787155,0.29763126568239795,-2,113
