background,nuremberg_000000_000083.png
split,train
model,result_0969,0.38758339976588096,0.6334022707110645,4,288
model,result_0793,0.859797239512212,0.3851285256627357,2,311
model,result_0686,0.0021381124922472683,0.3950841112790796,1,6
