background,wurzburg_000000_001392.png
split,train
model,result_0999,0.948808948376978,0.8785094114523005,0,189
