background,augsburg_000000_000718.png
split,train
model,result_0871,0.5569436310447174,0.8969025050902032,1,255
