background,saarbrucken_000000_000049.png
split,train
model,result_0239,0.8018437269760684,0.3488217407414933,3,3
model,result_0051,0.8354443257774494,0.6430448213321553,1,87
