background,nuremberg_000000_000719.png
split,train
model,result_0861,0.854260148625641,0.9367121216072347,2,304
model,result_0882,0.11254790525463099,0.3808693113650561,1,315
