background,bayreuth_000000_000524.png
split,train
model,result_0793,0.45030961652396084,0.44846975750414375,1,360
model,result_0686,0.29740573853463126,0.8152893662181431,-4,291
