background,karlsruhe_000000_000209.png
split,train
model,result_0127,0.9800638447007364,0.3800890884477064,3,234
