background,jena_000114_000019.png
split,train
model,result_0871,0.0008257080620318602,0.5731335870759247,1,169
