background,wurzburg_000000_001451.png
split,train
model,result_0969,0.2813843380550277,0.5568993011418615,0,235
