background,bad-honnef_000000_000075.png
split,train
model,result_0562,0.5253302685971176,0.4564330544437387,4,302
model,result_0215,0.07779281591735143,0.29803278731096805,3,53
model,result_0332,0.7013329495146766,0.26936356247902604,0,237
