background,wurzburg_000000_001513.png
split,train
model,result_0857,0.03642336787543776,0.7598117196623455,4,201
