background,nuremberg_000000_000043.png
split,train
model,result_0191,0.5729813086496761,0.7046472364983132,4,253
model,result_0775,0.13285902922812276,0.9580233102719565,2,161
model,result_0075,0.4323575106499642,0.982005852518628,2,96
