background,bayreuth_000000_000424.png
split,train
model,result_0215,0.8183526611050421,0.5093355572417191,-2,222
model,result_0332,0.3382557527265232,0.9064508496776188,1,87
