background,heidelberg_000000_001193.png
split,train
model,result_0484,0.628786690090429,0.6037777437215891,-4,224
model,result_0861,0.6908140793280266,0.6488733218447584,3,27
model,result_0882,0.7833141212303166,0.557021935467354,2,1
