background,bayreuth_000000_000670.png
split,train
model,result_0775,0.3928839634134962,0.7047307511779268,0,77
model,result_0075,0.022142962346570205,0.6755117986596113,-4,66
