background,freiburg_000000_000560.png
split,train
model,result_0338,0.18789124987199346,0.37429575704090406,-2,178
