background,wurzburg_000000_000715.png
split,train
model,result_0357,0.3554953234142276,0.8152100539182701,-3,336
model,result_0046,0.04724191072650419,0.30878757250733707,1,268
