background,bamberg_000000_000285.png
split,train
model,result_0586,0.6263870119039243,0.7303971035156478,1,240
model,result_0989,0.1821339220814311,0.5639097563955573,1,32
