background,konigswinter_000000_000100.png
split,train
model,result_0328,0.7189182130455873,0.6141435543926621,4,244
