background,schweinfurt_000000_000496.png
split,train
model,result_0075,0.9256050939613645,0.8112666181406802,4,198
model,result_0992,0.25284347025569276,0.891153193831296,3,281
model,result_0394,0.21559298630528956,0.4353126574886852,0,231
