background,oberhausen_000000_000234.png
split,train
model,result_0499,0.5755662053448308,0.9242531859438057,-3,290
model,result_0844,0.902231750970155,0.7157854181824738,-1,213
model,result_0995,0.06687547365224811,0.5840953697145113,2,129
