background,dresden_000000_000275.png
split,train
model,result_0960,0.7788045893647747,0.9717723330134456,2,98
