background,muhlheim-ruhr_000000_000341.png
split,train
model,result_0991,0.46733921430761904,0.7411368411225725,-1,46
model,result_0373,0.21872807496564695,0.8597556884037489,0,345
model,result_0191,0.01397156232411978,0.5300196922052998,-1,255
