background,nuremberg_000000_001074.png
split,train
model,result_0862,0.01822022649460231,0.4137460522458367,3,243
model,result_0524,0.6848662859117163,0.6138371132917616,3,153
