background,saarbrucken_000000_000035.png
split,train
model,result_0678,0.14126288099627493,0.4736087397209321,-3,237
