background,hamburg_000000_082187.png
split,train
model,result_0784,0.7430094182887358,0.7791846972634073,3,47
model,result_0924,0.4152825654691902,0.8752973901070203,-1,255
model,result_0866,0.45124802910985373,0.9101334882644019,2,250
