background,wuppertal_000000_000596.png
split,train
model,result_1000,0.7773355712954729,0.8691923350787756,3,168
model,result_0367,0.8548106997130992,0.29535376893163423,1,162
