background,schweinfurt_000000_000151.png
split,train
model,result_0847,0.639712669584201,0.6542235318106625,-1,40
