background,duisburg_000000_000672.png
split,train
model,result_0154,0.7097570872241368,0.5794023956206835,2,180
