background,schweinfurt_000000_000239.png
split,train
model,result_0606,0.7081594540252654,0.6107238790466544,-3,163
