background,oberhausen_000000_000256.png
split,train
model,result_0328,0.5397247259567625,0.29153135662184426,3,230
