background,heidelberg_000000_000039.png
split,train
model,result_0082,0.8773232419844845,0.43372659918074086,2,149
