background,muhlheim-ruhr_000000_000557.png
split,train
model,result_0192,0.061647050620642685,0.7776169906954042,4,125
