background,konstanz_000000_001137.png
split,train
model,result_0960,0.01228763959689727,0.43441624435799564,-1,295
model,result_0632,0.9521272911007551,0.8853124498993377,-3,185
