background,muhlheim-ruhr_000000_000902.png
split,train
model,result_0484,0.8029467872976476,0.34565835551597124,1,248
