background,dresden_000000_000004.png
split,train
model,result_0989,0.08433339257613692,0.8805881816427895,2,340
model,result_0803,0.6737897395818976,0.6055567122444185,-2,174
model,result_0192,0.5333210278976143,0.8370647757528161,0,297
