background,freiburg_000000_000767.png
split,train
model,result_0995,0.3535808169997603,0.788681981236423,-2,161
model,result_0969,0.7160438028727455,0.3407623677666012,4,191
