background,konstanz_000000_001351.png
split,train
model,result_0542,0.6925671909371783,0.42259887429819065,2,228
