background,muhlheim-ruhr_000000_000500.png
split,train
model,result_0199,0.8800317612102996,0.525663180647381,3,173
