background,wuppertal_000000_000584.png
split,train
model,result_0694,0.01564793456429303,0.7341871181943722,-3,321
