background,wurzburg_000000_000035.png
split,train
model,result_0527,0.5159179777451887,0.48938224525979224,-4,0
model,result_0602,0.960938828535051,0.44145055041130554,0,319
model,result_0024,0.8440952801849877,0.5533961402074359,-2,201
