background,heidelberg_000000_000608.png
split,train
model,result_0694,0.29142990718199235,0.8163958535666204,1,351
model,result_0319,0.19937562672494824,0.40115374594289877,-1,10
