background,duisburg_000000_000557.png
split,train
model,result_0061,0.27875723764300087,0.5353961516787334,4,152
model,result_0606,0.7139628444208613,0.546032226304696,-1,158
model,result_0082,0.9284812628987101,0.5206619832325792,-2,33
