background,hanover_000000_017041.png
split,train
model,result_0173,0.22960444797927548,0.2904856655519774,-2,9
model,result_0751,0.42544328588981206,0.739878978350238,-4,31
