background,heilbronn_000000_000639.png
split,train
model,result_0960,0.19766756097578253,0.750557481365066,2,321
model,result_0632,0.5885774889804212,0.6729477950443579,1,41
model,result_0357,0.16700773814036052,0.621125805162508,1,209
