background,dortmund_000000_000328.png
split,train
model,result_0992,0.6705704009625658,0.9621850273798709,-3,289
model,result_0394,0.20710187765164756,0.3942411291885103,1,110
