background,karlsruhe_000000_000018.png
split,train
model,result_0989,0.03030257242340484,0.4271738751431218,-1,186
model,result_0803,0.1618679517712781,0.9251150789348731,0,7
model,result_0192,0.6340246475957609,0.9347217431456812,1,340
