background,cologne_000084_000019.png
split,train
model,result_0606,0.3000461416104724,0.8280918934391789,3,27
model,result_0082,0.5558068678802158,0.6643043471415486,-4,148
