background,heilbronn_000000_000490.png
split,train
model,result_0981,0.20643252736531226,0.7581983785790934,-4,165
model,result_0527,0.8650460653170742,0.5043455129406806,-2,86
