background,muhlheim-ruhr_000000_001098.png
split,train
model,result_0373,0.19624566151265588,0.2878441683301902,2,116
model,result_0191,0.33112523446184006,0.8430427932620265,0,108
model,result_0775,0.5842537324048268,0.2539049484520386,-3,337
