background,augsburg_000000_000456.png
split,train
model,result_0484,0.4593236136321638,0.3218262305772538,-3,69
