background,augsburg_000000_000002.png
split,train
model,result_0844,0.4468689340669848,0.9826213403109626,2,60
model,result_0995,0.3822058538706453,0.9807448943172592,-4,64
model,result_0969,0.06100167698085357,0.565693393435509,-3,271
