background,wurzburg_000000_001084.png
split,train
model,result_0357,0.31887546672689193,0.6798626655801684,0,3
model,result_0046,0.8368440077956063,0.6867356150449454,4,94
