background,muhlheim-ruhr_000000_001183.png
split,train
model,result_0484,0.03752902002735614,0.44979327831825533,-4,73
model,result_0861,0.9875785824775882,0.8950870144774148,-2,277
model,result_0882,0.32101370779330207,0.2629047682429284,3,44
