background,weimar_000047_000019.png
split,train
model,result_0784,0.10730027790755703,0.9965572178699973,-2,6
model,result_0924,0.2885378711285753,0.6198238604601707,4,93
model,result_0866,0.895416450463611,0.25917279318831477,-2,138
