background,muhlheim-ruhr_000000_000949.png
split,train
model,result_0612,0.05518440443286332,0.7374144316012435,0,231
model,result_0283,0.532896177880543,0.8238973622904914,-1,89
model,result_0968,0.6442565657803137,0.7103231065628852,2,136
