background,saarbrucken_000000_000490.png
split,train
model,result_0389,0.4070746369257644,0.8175234906920573,-4,90
