background,schweinfurt_000000_000648.png
split,train
model,result_0931,0.10946517020336688,0.4792450936221365,-2,70
model,result_0123,0.35510260983978104,0.36109671298688617,4,335
