background,tubingen_000020_000019.png
split,train
model,result_0060,0.5503175137404179,0.49382863507163566,4,112
