background,heidelberg_000000_000206.png
split,train
model,result_0674,0.21379321023084064,0.5037726883333307,-3,215
