background,schweinfurt_000000_000089.png
split,train
model,result_0080,0.49470231157739086,0.2510749046525296,-4,247
model,result_0857,0.6570277580832866,0.29596851551478265,1,208
model,result_0795,0.38520988045475857,0.5089884872608351,-4,284
