background,munster_000096_000019.png
split,train
model,result_0080,0.3730435098918654,0.49509126840738954,3,278
model,result_0857,0.9059177470510079,0.5249685225872254,1,306
