background,duisburg_000000_000557.png
split,train
model,result_0847,0.5451357101541585,0.5497033055002358,4,223
