background,troisdorf_000000_000061.png
split,train
model,result_0871,0.9827070343802311,0.9757976621442561,-4,319
model,result_0878,0.8040285222368322,0.6718766751125069,3,46
model,result_0004,0.23663994956365608,0.6432613486508655,-2,129
