background,dortmund_000000_000124.png
split,train
model,result_0803,0.13543670367630123,0.26021422365944047,-2,218
