background,wurzburg_000000_001046.png
split,train
model,result_0739,0.8182472035131718,0.6908164851954406,4,348
model,result_0960,0.4121672625696311,0.7155415624126391,-2,146
model,result_0632,0.923937146714488,0.8839999773497911,-4,157
