background,muhlheim-ruhr_000000_000118.png
split,train
model,result_0051,0.8175851369188883,0.7944611698951862,2,183
