background,wuppertal_000000_000946.png
split,train
model,result_0968,0.5756114200154394,0.5221636376844032,-4,99
