background,karlsruhe_000000_001013.png
split,train
model,result_0542,0.28132852106780826,0.7477532507066992,3,296
model,result_0674,0.8640364694741656,0.9600335176287003,0,278
model,result_0146,0.2812410086950028,0.6511953490631702,0,14
