background,heilbronn_000000_000574.png
split,train
model,result_0394,0.5840852410846399,0.8774407609688886,-3,144
