background,wurzburg_000000_001029.png
split,train
model,result_0969,0.9539366787743778,0.5873137846567171,-2,257
model,result_0793,0.11293718193208946,0.6209727813147407,-2,230
