background,aachen_000063_000019.png
split,train
model,result_0080,0.6590969492824758,0.736417012596098,1,340
