background,freiburg_000000_000464.png
split,train
model,result_0979,0.8876563639377927,0.8576906260342737,-2,192
model,result_0871,0.5699104364669103,0.7894847033941788,-2,188
