background,muhlheim-ruhr_000000_000649.png
split,train
model,result_0283,0.8201956526265524,0.8325213512183978,-2,196
model,result_0968,0.09671592180085642,0.7010588897935556,-2,346
