background,bayreuth_000000_000822.png
split,train
model,result_0960,0.23068240161276,0.43578987215534093,-4,110
model,result_0632,0.9523656107369873,0.8382913243441099,-2,317
model,result_0357,0.6848251422289215,0.9279339025500901,1,108
