background,saarbrucken_000000_000107.png
split,train
model,result_0373,0.769134635049211,0.8191306142228993,-2,271
model,result_0191,0.05073079524924207,0.48234053277384914,2,221
model,result_0775,0.25172312553934983,0.9693436180546418,2,326
