background,oberhausen_000000_000086.png
split,train
model,result_0586,0.662678131198525,0.810613264780932,4,87
model,result_0989,0.601315243413468,0.8324784450875115,-4,56
model,result_0803,0.19409534621215552,0.5031386545864248,-3,224
