background,schweinfurt_000000_000491.png
split,train
model,result_0793,0.24786096771281718,0.5265675453508132,2,314
model,result_0686,0.08403608888161918,0.5093236361112325,-1,122
model,result_0805,0.3945546917189562,0.8583195491146377,1,299
