background,konstanz_000000_000064.png
split,train
model,result_0612,0.8175736017726813,0.7050386363840401,-1,134
model,result_0283,0.7420352510873849,0.92293176528671,-3,308
model,result_0968,0.2503243660661335,0.8125289506748812,1,251
