background,heidelberg_000000_000821.png
split,train
model,result_0127,0.7812930812123521,0.3350886281224319,1,96
model,result_0022,0.42846314286136467,0.3542187643445602,3,200
