background,freiburg_000000_000584.png
split,train
model,result_0606,0.4263936438905336,0.70892385082476,-2,302
