background,nuremberg_000000_001396.png
split,train
model,result_0751,0.5703678487098345,0.7024595380029497,4,281
model,result_0678,0.19458524517106823,0.8075091625736037,-4,18
