background,dortmund_000000_000651.png
split,train
model,result_0046,0.9514571546911087,0.3293623147776179,-1,279
model,result_0389,0.7440402824795574,0.6510159757274188,-4,124
