background,muhlheim-ruhr_000000_000555.png
split,train
model,result_0046,0.18159621592399033,0.5435402559466069,0,351
model,result_0389,0.998257444624513,0.7262245794617133,0,295
model,result_0164,0.660602403269503,0.3352584706563998,3,354
