background,mannheim_000000_000241.png
split,train
model,result_0739,0.480917568906957,0.43095139701907237,-2,339
model,result_0960,0.3573900130457738,0.6526995255005865,4,288
model,result_0632,0.38718150879631696,0.49695405605131737,4,46
