background,konstanz_000000_000250.png
split,train
model,result_0674,0.15021797143805948,0.2962676426745108,2,341
model,result_0146,0.9293170526530808,0.3842114235772675,2,112
