background,nuremberg_000000_000440.png
split,train
model,result_0694,0.3106968686532615,0.5285374580593704,0,181
