background,dortmund_000000_001081.png
split,train
model,result_0606,0.7689660615797688,0.7039685777297959,4,1
