background,dortmund_000000_000406.png
split,train
model,result_0484,0.12161805395035097,0.4744024697750243,1,307
model,result_0861,0.49287513997139354,0.2927590565909297,-3,272
