background,karlsruhe_000000_000804.png
split,train
model,result_0646,0.5825741202977662,0.608463846235674,4,218
