background,freiburg_000000_000359.png
split,train
model,result_0319,0.5075869091130928,0.46566059324362086,-3,257
model,result_0477,0.04975977465542247,0.39620334198546114,-3,307
model,result_0949,0.6314451244454833,0.8072327959373418,-3,357
