background,muhlheim-ruhr_000000_001138.png
split,train
model,result_0319,0.4475918421570372,0.8633974290473144,-3,348
model,result_0477,0.3263575871178771,0.6041890378858118,-3,63
model,result_0949,0.6054685675407747,0.5581485728193246,0,33
