background,muhlheim-ruhr_000000_000158.png
split,train
model,result_0586,0.22370174456952452,0.5129564117506908,3,233
