background,mannheim_000000_000452.png
split,train
model,result_0931,0.5936941000661919,0.6430687486656377,-2,15
