background,dortmund_000000_000244.png
split,train
model,result_0999,0.312875169296702,0.5707151152823702,0,356
