background,wuppertal_000000_000005.png
split,train
model,result_0472,0.05122886482849298,0.4231233104286416,1,170
model,result_0981,0.8082375571016436,0.41545356428913877,-3,70
model,result_0527,0.858824516372645,0.9148168473701623,-3,356
