background,dortmund_000000_000549.png
split,train
model,result_0805,0.5179431859373801,0.9242082872471454,2,27
model,result_0039,0.4320566834594809,0.5547551757187075,4,296
