background,schweinfurt_000000_000697.png
split,train
model,result_0060,0.08388801786285094,0.3535020802188876,4,21
