background,konstanz_000000_000307.png
split,train
model,result_0510,0.5366089285537461,0.906764601618446,1,327
