background,lindau_000000_000019.png
split,train
model,result_0805,0.9863555845401488,0.7724301910547988,-3,216
