background,augsburg_000000_000065.png
split,train
model,result_0983,0.2693673210715921,0.7850898797128076,-4,108
