background,oberhausen_000000_000577.png
split,train
model,result_0795,0.8185660567016968,0.5544486161745453,-2,91
model,result_0388,0.982455547052382,0.39458166684591406,1,241
