background,wurzburg_000000_000497.png
split,train
model,result_0793,0.9747355653351307,0.6699978039404114,4,141
