background,heilbronn_000000_000420.png
split,train
model,result_0328,0.3046622157533011,0.6596283212611277,1,43
model,result_0879,0.5144698496370865,0.7650030247303024,-4,77
model,result_0542,0.8334404019615027,0.7213214438628622,0,137
