background,augsburg_000000_000801.png
split,train
model,result_0739,0.44427315476661966,0.295917413016192,-2,273
model,result_0960,0.1944282561142373,0.26498088001578196,0,334
