background,wurzburg_000000_001531.png
split,train
model,result_0288,0.858004998026489,0.9275137264278998,1,103
model,result_0247,0.33887407578387574,0.4446231869905407,-3,127
model,result_0239,0.1962998502252683,0.8453521206274035,-2,259
