background,dresden_000000_000152.png
split,train
model,result_0882,0.6997531124700574,0.2968094500944333,-3,11
model,result_0467,0.6003641981676809,0.6408838763279784,3,198
