background,wurzburg_000000_000646.png
split,train
model,result_0882,0.7176978302781428,0.5608984802057424,0,119
model,result_0467,0.9483833689633591,0.46002064992314073,4,96
model,result_0154,0.9952470797610048,0.5429439582161181,3,92
