background,karlsruhe_000000_000523.png
split,train
model,result_0992,0.45849324296408,0.49882696683378136,4,187
