background,konstanz_000000_000460.png
split,train
model,result_0992,0.5161213116329235,0.4342703436767264,2,359
model,result_0394,0.7766945525926428,0.5119280316728678,-2,181
