background,wuppertal_000000_000878.png
split,train
model,result_0945,0.5749250286361738,0.7910785062021226,1,297
model,result_0612,0.9043348152710788,0.6040249152008057,-2,217
