background,konstanz_000000_000297.png
split,train
model,result_0879,0.9227477345348629,0.5439622180785033,-2,133
model,result_0542,0.6782145607253789,0.8355660875040305,2,324
model,result_0674,0.7826166036308648,0.6034472593680069,0,152
