background,frankfurt_000001_028232.png
split,train
model,result_0784,0.17491660222958316,0.7452055939186333,0,215
