background,karlsruhe_000000_000401.png
split,train
model,result_0039,0.5433869068773011,0.8449094791478542,2,326
