background,nuremberg_000000_000467.png
split,train
model,result_0146,0.3664959286298818,0.5280867498515353,3,130
