background,oberhausen_000000_000492.png
split,train
model,result_0793,0.2623578210322236,0.985640855666548,-1,142
model,result_0686,0.3365090606462785,0.892934848827206,-3,353
