background,wurzburg_000000_001312.png
split,train
model,result_0319,0.8766128431321213,0.913365846422804,-3,344
