background,heidelberg_000000_000440.png
split,train
model,result_0193,0.7684670286148041,0.5859816086950823,-3,57
model,result_0036,0.8171572709608099,0.9963530854366107,-3,72
