background,munster_000128_000019.png
split,train
model,result_0036,0.9685544695680911,0.49232798099205155,-4,306
model,result_1000,0.6089554963765462,0.52939931226779,1,200
model,result_0367,0.9699581719913231,0.9910238489993664,4,169
