background,weimar_000008_000019.png
split,train
model,result_0775,0.07771789160656528,0.6489895999274957,3,198
model,result_0075,0.7981328779914684,0.5246272986794397,-2,92
