background,hanover_000000_047870.png
split,train
model,result_0793,0.4557170063202708,0.770578838050462,0,227
model,result_0686,0.09538513260048809,0.36877183885401277,4,157
