background,saarbrucken_000000_000342.png
split,train
model,result_0871,0.46136478119274993,0.37141647135048583,-3,13
