background,karlsruhe_000000_000755.png
split,train
model,result_0247,0.8054405913385522,0.45214198695488905,-3,278
model,result_0239,0.6128320130624338,0.5934723318605307,-3,19
model,result_0051,0.43818412574373533,0.986311190730327,-1,182
