background,muhlheim-ruhr_000000_000393.png
split,train
model,result_0146,0.9666432824504997,0.701533360181123,-2,244
model,result_0295,0.06236843491858923,0.8684462710188372,4,295
