background,mannheim_000000_000956.png
split,train
model,result_0694,0.6594662452004955,0.614601476180012,2,92
model,result_0319,0.7388005456619575,0.3473856650645809,-1,356
model,result_0477,0.6963615172664683,0.6347416124515144,1,287
