background,troisdorf_000000_000006.png
split,train
model,result_0847,0.6098072934638595,0.7977380665319048,-3,221
