background,wuppertal_000000_000089.png
split,train
model,result_0146,0.11147424050845167,0.8667358902811259,0,310
model,result_0295,0.5335491919758797,0.6934343264272693,-4,94
model,result_0127,0.9858610834712548,0.5790421588505135,-3,238
