background,heilbronn_000000_000668.png
split,train
model,result_0051,0.4573295063573364,0.6174628749040114,-3,130
