background,bayreuth_000000_000565.png
split,train
model,result_0969,0.48920221009773823,0.8763735761113676,-3,258
model,result_0793,0.09515364884400213,0.9897554116372254,1,316
