background,dortmund_000000_000090.png
split,train
model,result_0191,0.2731335480558047,0.3369243248046748,-3,175
