background,dortmund_000000_000205.png
split,train
model,result_0657,0.17430976704374568,0.38638829030707456,1,328
model,result_0914,0.6465868790560652,0.4579595517332663,-2,36
