background,mannheim_000000_000135.png
split,train
model,result_0882,0.2436136650431272,0.8590581967246637,4,159
