background,freiburg_000000_000393.png
split,train
model,result_0146,0.21509110960587807,0.7088566860407157,-1,263
