background,heidelberg_000000_000481.png
split,train
model,result_0388,0.3029297529829651,0.3122732616848837,-4,213
model,result_0499,0.10102296250357978,0.9634754793215117,2,25
