background,muhlheim-ruhr_000000_000042.png
split,train
model,result_0472,0.06747751178791928,0.7471746019053773,1,286
model,result_0981,0.5564255641202829,0.5695915961449929,-2,259
