background,frankfurt_000000_016005.png
split,train
model,result_0544,0.5475870909447269,0.7296398791209983,-4,359
model,result_0999,0.9132983504040235,0.47475911383266456,2,125
model,result_0510,0.8366880146461195,0.7836901182047362,3,116
