background,schweinfurt_000000_000298.png
split,train
model,result_0878,0.33296586867798583,0.44335485533543495,-4,179
