background,karlsruhe_000000_000174.png
split,train
model,result_0694,0.22495721730330764,0.635617650353613,-3,260
