background,jena_000011_000019.png
split,train
model,result_0822,0.377065026189077,0.3626621644904624,4,357
