background,muhlheim-ruhr_000000_001216.png
split,train
model,result_0472,0.04523291178216449,0.8276728607869922,3,282
model,result_0981,0.48203138329293793,0.7395264187063233,-2,134
model,result_0527,0.9344969932187024,0.9235741475810625,-3,196
