background,heidelberg_000000_000018.png
split,train
model,result_0389,0.9462860849848033,0.6842736555521359,-1,352
model,result_0164,0.4888937235264674,0.7139545246515174,3,141
