background,konstanz_000000_000202.png
split,train
model,result_0878,0.4843203943216323,0.7791112343213085,-4,91
model,result_0004,0.9474267119928816,0.8074029162222147,3,41
