background,bayreuth_000000_000337.png
split,train
model,result_1000,0.21113629759230945,0.8262751530367938,-3,51
model,result_0367,0.13321910756001742,0.4314299845443047,2,300
