background,bremen_000266_000019.png
split,train
model,result_0127,0.3397462149201238,0.3394284888251964,-4,76
model,result_0022,0.6972458232140633,0.7910172892244705,1,224
