background,heilbronn_000000_000124.png
split,train
model,result_0472,0.8942509278878155,0.7773045744433238,3,103
model,result_0981,0.5138742403964253,0.513944487138164,-3,50
