background,duisburg_000000_000372.png
split,train
model,result_0544,0.44465643638058694,0.8292190960326739,-4,56
model,result_0999,0.01829188257962,0.36714115413471166,2,23
