background,oberhausen_000000_000854.png
split,train
model,result_0784,0.3962352301894113,0.8462076539219441,-1,58
