background,heilbronn_000000_000506.png
split,train
model,result_0386,0.7111638827217344,0.36319387467455283,-2,219
model,result_0979,0.6478480328003928,0.37200630742573576,-4,220
model,result_0871,0.07480972869061153,0.4534740394207011,0,66
