background,konstanz_000000_001124.png
split,train
model,result_0385,0.28271922808985395,0.4962806774729339,-4,274
model,result_0991,0.042134740420712746,0.45306467890381663,4,349
