background,heidelberg_000000_000534.png
split,train
model,result_0389,0.9128613064785818,0.8047226847772355,0,44
