background,dresden_000000_000167.png
split,train
model,result_0499,0.3942503240470404,0.28477998726920883,0,299
