background,freiburg_000000_000365.png
split,train
model,result_0586,0.09432151914349707,0.4600446896670807,4,232
model,result_0989,0.6252877222114791,0.6364642205844285,1,252
