background,augsburg_000000_000606.png
split,train
model,result_0686,0.011203979609127446,0.44695117683960817,-1,117
model,result_0805,0.2546629316469169,0.5691219731237901,0,90
