background,nuremberg_000000_000488.png
split,train
model,result_0163,0.6999207704213548,0.5478921415948942,-3,191
model,result_0657,0.8400819244923916,0.5141640592706217,4,331
model,result_0914,0.531103085911196,0.2732932470477322,-1,277
