background,karlsruhe_000000_000806.png
split,train
model,result_0394,0.3388546819570186,0.9040535275801102,-3,199
model,result_0163,0.7574499374675169,0.7582005197827932,-3,144
model,result_0657,0.4203026735949056,0.929385765325264,-3,328
