background,wurzburg_000000_000177.png
split,train
model,result_0332,0.7265114557757023,0.9818047728930017,3,233
model,result_0385,0.34290686183351904,0.37932564921211787,4,359
model,result_0991,0.9127091478283365,0.43490655374026965,1,130
