background,dusseldorf_000031_000019.png
split,train
model,result_0862,0.47330542603555636,0.6806274008174278,-1,38
