background,dortmund_000000_000206.png
split,train
model,result_0173,0.43098210796285796,0.716888783835838,2,167
model,result_0751,0.902650093448373,0.7122454362100313,-3,272
model,result_0678,0.5282153177741541,0.28905408995296167,-3,219
