background,duisburg_000000_000056.png
split,train
model,result_0847,0.5487709003478506,0.44712320812309747,4,327
model,result_0646,0.3715934351763117,0.44816724073403347,0,207
