background,heidelberg_000000_000288.png
split,train
model,result_0861,0.8674677046774302,0.43356723328873537,-1,297
model,result_0882,0.8502714499340728,0.6353253392505536,4,130
