background,freiburg_000000_000793.png
split,train
model,result_0861,0.7166658239281974,0.5034984132656606,-3,49
