background,muhlheim-ruhr_000000_000469.png
split,train
model,result_0542,0.7335138611675068,0.6418115462764734,1,206
model,result_0674,0.1583433546034415,0.5639346947224166,3,229
