background,duisburg_000000_000609.png
split,train
model,result_0510,0.220894501160109,0.7691541482561681,-2,154
