background,muhlheim-ruhr_000000_000172.png
split,train
model,result_0283,0.7298334409551257,0.4371873833177793,2,224
model,result_0968,0.09685308354347699,0.9192465381102513,-4,217
model,result_0847,0.9318803080996426,0.8877514233328525,4,276
