background,muhlheim-ruhr_000000_000994.png
split,train
model,result_0191,0.7629542075662298,0.7620113693831102,4,59
model,result_0775,0.48490326563942454,0.6632446871452571,4,211
model,result_0075,0.01570630813040874,0.953185631906768,-2,81
