background,bamberg_000000_000328.png
split,train
model,result_0373,0.7619452013056274,0.9676642918910843,-3,11
