background,heilbronn_000000_000364.png
split,train
model,result_0332,0.8509300542458385,0.3322019224133943,3,328
model,result_0385,0.6605376266150563,0.5896697628808675,-4,263
