background,muhlheim-ruhr_000000_000781.png
split,train
model,result_0288,0.4270721100287498,0.4134203238536572,-1,313
model,result_0247,0.5305747791526625,0.4270092435816756,0,60
model,result_0239,0.0465698774893315,0.9932826462394504,3,136
