background,heidelberg_000000_000808.png
split,train
model,result_0199,0.5160098260801821,0.42519277729986793,-4,251
model,result_0060,0.3622857554726622,0.9867760256946081,-3,59
