background,heilbronn_000000_000010.png
split,train
model,result_0857,0.5865617855172118,0.5080437311296753,0,205
model,result_0795,0.7674576708523212,0.7118835355959021,0,231
model,result_0388,0.13233938388975974,0.7099298805806941,0,144
