background,bremen_000267_000019.png
split,train
model,result_0945,0.897999120103434,0.5058170327467002,4,49
