background,nuremberg_000000_000880.png
split,train
model,result_0847,0.6660155192344756,0.27632100326006476,1,263
model,result_0646,0.3458616295487612,0.5457311754100437,-1,32
model,result_0586,0.9295020273390521,0.7094091179584103,3,142
