background,bremen_000142_000019.png
split,train
model,result_0266,0.011756752279075022,0.7339672312229873,-4,91
model,result_0862,0.5892497158880018,0.32833684680682884,-2,261
