background,konstanz_000000_000830.png
split,train
model,result_0657,0.053783097349598186,0.5954413854830415,-1,88
model,result_0914,0.14467631927864633,0.36626944563420594,-4,168
model,result_0193,0.010531852994658197,0.8161849906193037,-4,172
