background,bremen_000033_000019.png
split,train
model,result_0562,0.0499420648654082,0.5737821691162496,-2,82
model,result_0215,0.4860747473675576,0.9012233486504231,-4,203
