background,freiburg_000000_000736.png
split,train
model,result_0739,0.43052184656503545,0.4749006882200709,3,302
