background,mannheim_000000_000038.png
split,train
model,result_0586,0.6851238880878177,0.4653461413074237,2,11
