background,bamberg_000000_000077.png
split,train
model,result_0784,0.723337611347951,0.6851229862460465,2,164
model,result_0924,0.13163656694977222,0.7955998668772295,1,49
model,result_0866,0.7602291643492757,0.6324922380367088,1,22
