background,augsburg_000000_000478.png
split,train
model,result_0319,0.5173103243838695,0.3978480506435806,1,298
model,result_0477,0.46576451270451624,0.3659268652015143,1,301
