background,dortmund_000000_000393.png
split,train
model,result_0039,0.8073343172441605,0.9977186450945668,4,348
model,result_0386,0.3096187731055515,0.6571132694364978,3,29
