background,dresden_000000_000169.png
split,train
model,result_0080,0.5846779204742627,0.37962774226404106,1,220
