background,freiburg_000000_000608.png
split,train
model,result_0793,0.11924247984512448,0.27456038371870883,1,47
model,result_0686,0.09322908363201621,0.850339440102562,2,26
model,result_0805,0.6391557612973634,0.48461468241884753,2,33
