background,saarbrucken_000000_000266.png
split,train
model,result_0332,0.7967052267326574,0.9474981282539269,-3,258
model,result_0385,0.683166608713646,0.27867638504099973,-4,197
model,result_0991,0.15662544426393654,0.2954978922695557,-1,260
