background,nuremberg_000000_000935.png
split,train
model,result_0357,0.7635727841481516,0.9332405719479896,-2,335
