background,heidelberg_000000_000625.png
split,train
model,result_0995,0.47397492133303487,0.4732695649987674,0,54
