background,schweinfurt_000000_000318.png
split,train
model,result_0164,0.9355063802460423,0.8252216513784646,-1,247
