background,augsburg_000000_000693.png
split,train
model,result_0199,0.445679080348646,0.6461276958980304,-1,48
model,result_0060,0.5577048135196102,0.32551746364589423,-3,340
model,result_0080,0.08919078334749087,0.49487769916293967,2,39
