background,karlsruhe_000000_000699.png
split,train
model,result_0295,0.6959109962642367,0.8335949859800147,-1,129
model,result_0127,0.8266705786642767,0.2722996882052041,1,174
model,result_0022,0.8458974759319584,0.4267247950894887,2,179
