background,konstanz_000000_001072.png
split,train
model,result_0945,0.7246834936008886,0.8539376171278523,-4,238
model,result_0612,0.8455454878149329,0.743518418487537,-3,194
model,result_0283,0.37731017073981277,0.6981513123075913,2,158
