background,oberhausen_000000_000514.png
split,train
model,result_0879,0.23004176411297805,0.26808110683424896,-1,252
model,result_0542,0.06965114665259842,0.6200692376753644,2,263
