background,bayreuth_000000_000337.png
split,train
model,result_0983,0.8920015548583302,0.49843165248155885,0,202
model,result_0996,0.300639637798097,0.4878710104940105,4,309
