background,freiburg_000000_000667.png
split,train
model,result_1000,0.4056322768135706,0.7699696513017833,0,143
