background,bayreuth_000000_000487.png
split,train
model,result_0288,0.5605014537847025,0.39870126339565404,4,314
