background,wuppertal_000000_000415.png
split,train
model,result_0855,0.24555465961131973,0.9483937548320437,3,177
