background,augsburg_000000_001062.png
split,train
model,result_0060,0.43951586174824653,0.4882656727954431,-3,75
model,result_0080,0.8487961787967344,0.75203168612043,-3,242
model,result_0857,0.3133473395987084,0.7773548742030159,1,245
