background,schweinfurt_000000_000706.png
split,train
model,result_0146,0.41459335565305855,0.5057134858044415,-4,308
model,result_0295,0.7568074115177951,0.29978183645660883,2,251
