background,duisburg_000000_000083.png
split,train
model,result_0694,0.3787791207217176,0.6094205685018685,-3,259
model,result_0319,0.8653834396112742,0.2734696467059014,0,231
