background,duisburg_000000_000798.png
split,train
model,result_0795,0.0032091007940783234,0.34344234658584805,-1,273
