background,hanover_000000_013094.png
split,train
model,result_0945,0.003316957310115942,0.6878785271602461,2,310
model,result_0612,0.9112516098737028,0.7835559843699942,0,62
model,result_0283,0.9323032611758083,0.4377627218187586,4,150
