background,konstanz_000000_001055.png
split,train
model,result_0218,0.5133490264279622,0.8207375538093251,-1,200
