background,schweinfurt_000000_000437.png
split,train
model,result_0694,0.14056163622504958,0.5669403650491232,-1,189
model,result_0319,0.6638390471440009,0.6364170675436492,3,90
model,result_0477,0.11152128674974504,0.28205344998293025,-4,21
