background,duisburg_000000_000262.png
split,train
model,result_0882,0.9707901556281316,0.42409371496135173,4,130
