background,oberhausen_000000_000081.png
split,train
model,result_0542,0.24062516249952226,0.9126970783333115,-4,206
