background,nuremberg_000000_001035.png
split,train
model,result_0995,0.4364958279292638,0.8595933536219362,-2,333
model,result_0969,0.10093014562969849,0.6245706527184693,-2,67
