background,wurzburg_000000_001158.png
split,train
model,result_0981,0.9724038255493467,0.9159417478692226,-3,51
