background,schweinfurt_000000_000027.png
split,train
model,result_0793,0.13372061099879928,0.8575715754984242,4,265
model,result_0686,0.01210195657477664,0.7901734285027707,2,346
