background,wuppertal_000000_000691.png
split,train
model,result_0164,0.7869461427442088,0.6724006504420064,1,4
