background,schweinfurt_000000_000662.png
split,train
model,result_0857,0.64045479369375,0.5486959793894132,-2,348
model,result_0795,0.2430496935052875,0.5482538733101232,0,296
model,result_0388,0.3972589185975556,0.3398103885813787,4,274
