background,muhlheim-ruhr_000000_000010.png
split,train
model,result_0051,0.3528232916947803,0.7749099001736774,3,102
model,result_0739,0.802909204055441,0.5687794593667633,4,26
model,result_0960,0.8614605522106511,0.6725736599157116,-3,354
