background,freiburg_000000_000393.png
split,train
model,result_0878,0.6935005696658079,0.9221408910176468,4,283
