background,oberhausen_000000_000868.png
split,train
model,result_0386,0.45509054852848163,0.3315586826602763,0,51
model,result_0979,0.6879420562545661,0.6033751849667622,3,29
