background,wurzburg_000000_000902.png
split,train
model,result_0324,0.044238523532889706,0.8226242071397049,-3,96
