background,saarbrucken_000000_000533.png
split,train
model,result_0061,0.7554497562625396,0.6831216715878368,1,344
model,result_0606,0.5886550343483268,0.4951386557884556,1,175
model,result_0082,0.7589057056556225,0.7097763145807525,1,244
