background,konstanz_000000_000849.png
split,train
model,result_0855,0.6676607259136441,0.6121824816773691,-4,235
model,result_0338,0.59680426886887,0.9894170204619487,3,279
