background,schweinfurt_000000_000693.png
split,train
model,result_0319,0.5858517481113492,0.46778424303388655,4,235
