background,augsburg_000000_001318.png
split,train
model,result_0606,0.5428706772018795,0.8035933713023307,1,204
model,result_0082,0.22447617651440677,0.9202276725057006,-2,39
model,result_0945,0.08851928413689603,0.9414193970050686,-4,84
