background,dortmund_000000_000047.png
split,train
model,result_0562,0.6440943169820612,0.33585191024841654,-3,346
model,result_0215,0.08559901146337923,0.4189313229897532,-2,269
model,result_0332,0.0875199883582416,0.894566528716026,4,292
