background,saarbrucken_000000_000159.png
split,train
model,result_0805,0.38945081202908416,0.6028366575960384,1,79
