background,konstanz_000000_000787.png
split,train
model,result_0499,0.3940156409313752,0.36482085943467324,-3,66
model,result_0844,0.6607535033512294,0.812930998608578,-2,104
model,result_0995,0.5554151379734477,0.8017492442179627,-4,178
