background,heilbronn_000000_000554.png
split,train
model,result_0385,0.21856041056438225,0.36760520276871106,-1,275
model,result_0991,0.7466297397800591,0.2640301823287331,-1,100
model,result_0373,0.048793698991769885,0.7978052905467495,2,58
