background,freiburg_000000_000374.png
split,train
model,result_0024,0.45570225884512994,0.7281177877651973,1,165
model,result_0288,0.585466087590609,0.28427694904642775,4,265
