background,karlsruhe_000000_000042.png
split,train
model,result_0612,0.43314005105813946,0.3216801136750107,4,86
model,result_0283,0.7605355324425246,0.9151493318619102,4,139
