background,schweinfurt_000000_000153.png
split,train
model,result_0657,0.5144707955331769,0.5132106055970928,-3,334
model,result_0914,0.026332039988973488,0.43420413686793735,-4,94
model,result_0193,0.8493517182286342,0.6456811909978455,3,47
