background,wurzburg_000000_000138.png
split,train
model,result_0039,0.15851686125481612,0.8451205811628366,1,166
model,result_0386,0.24615310461831907,0.9859437000518931,-2,187
model,result_0979,0.16970448220155143,0.29557787851387674,-2,51
