background,duisburg_000000_000377.png
split,train
model,result_0879,0.2944252590230849,0.7315647410792603,-4,197
model,result_0542,0.8437911265719114,0.28228801122178937,-3,306
