background,wurzburg_000000_000642.png
split,train
model,result_0080,0.22967930273605075,0.3516554088835925,0,357
model,result_0857,0.6821059239702401,0.5440188465201444,1,74
