background,karlsruhe_000000_000432.png
split,train
model,result_0844,0.7925130514829386,0.7881629461981654,-3,234
