background,oberhausen_000000_000338.png
split,train
model,result_0332,0.7506422444129556,0.3736037346367281,3,266
model,result_0385,0.2948899804615751,0.40792117740101363,3,334
