background,freiburg_000000_000420.png
split,train
model,result_0024,0.8436235880742033,0.2514130669057377,-3,265
model,result_0288,0.15202967161382885,0.6082950494807123,-2,166
