background,nuremberg_000000_000405.png
split,train
model,result_0557,0.9627135235958196,0.39151273687829724,1,116
model,result_0544,0.7906489675927708,0.3783408696858245,-4,336
model,result_0999,0.9897375183060205,0.5685844809304985,-1,285
