background,heilbronn_000000_000387.png
split,train
model,result_0283,0.04112252933843741,0.8007091689393228,-4,171
model,result_0968,0.8960935996093183,0.6793539233210489,-1,164
