background,muhlheim-ruhr_000000_000946.png
split,train
model,result_1000,0.18909631650107994,0.8980068567233188,3,76
model,result_0367,0.98930680436355,0.6655637072747784,0,186
