background,muhlheim-ruhr_000000_000679.png
split,train
model,result_0862,0.63501120584482,0.7157071361362827,1,82
model,result_0524,0.8437938918942457,0.8841444441476849,-1,246
