background,nuremberg_000000_000933.png
split,train
model,result_0036,0.3113553727221796,0.46360546987367957,2,186
