background,hanover_000000_051271.png
split,train
model,result_0981,0.6552680226557965,0.7490939647085553,3,329
