background,heidelberg_000000_000464.png
split,train
model,result_0332,0.8682269462643882,0.6150481804406737,2,98
