background,wurzburg_000000_000504.png
split,train
model,result_0004,0.6245575490759955,0.8061801526718777,0,132
model,result_0931,0.5077585575088996,0.6323799597770335,-1,143
