background,konstanz_000000_000472.png
split,train
model,result_0332,0.455148985078214,0.9046887183299737,3,246
