background,erlangen_000000_000093.png
split,train
model,result_0472,0.508480733299492,0.5826295997480038,3,280
model,result_0981,0.32160851205534313,0.5414574257607127,1,347
model,result_0527,0.6136634931660305,0.34216115462924634,1,284
