background,wurzburg_000000_000638.png
split,train
model,result_0979,0.9924400363210438,0.48556434326634024,4,70
