background,nuremberg_000000_000139.png
split,train
model,result_0060,0.7261312782087695,0.7926381747634123,3,197
