background,wurzburg_000000_000042.png
split,train
model,result_0247,0.714130034083305,0.4257027414360749,3,138
model,result_0239,0.38555256481352673,0.5341633277897853,4,176
