background,augsburg_000000_001351.png
split,train
model,result_0931,0.5587484707589571,0.4549984844398456,-4,244
