background,konstanz_000000_001319.png
split,train
model,result_0866,0.2657326705772919,0.6455542445522906,4,60
