background,oberhausen_000000_000130.png
split,train
model,result_0999,0.4291250436966477,0.9482296683314632,2,46
