background,bamberg_000000_000164.png
split,train
model,result_0857,0.7243137941408736,0.7186405978354943,-4,332
model,result_0795,0.799597278857851,0.7329067146654901,1,233
