background,nuremberg_000000_001021.png
split,train
model,result_0793,0.7740726249197174,0.35460075991139844,0,275
model,result_0686,0.21956720105038052,0.49526004191453665,0,171
