background,oberhausen_000000_000828.png
split,train
model,result_0632,0.08850207980341707,0.7774451282560161,0,350
