background,mannheim_000000_000851.png
split,train
model,result_0510,0.434215376148371,0.9567633010591757,-4,227
