background,konigswinter_000000_000105.png
split,train
model,result_0082,0.5321324692862609,0.7333363200642871,-2,142
