background,muhlheim-ruhr_000000_000068.png
split,train
model,result_0163,0.49786364551776174,0.8651068456639976,-2,90
model,result_0657,0.263005176662077,0.7987971768974822,-3,315
