background,wurzburg_000000_000981.png
split,train
model,result_0793,0.6385740333890322,0.2787183544555619,2,140
