background,dresden_000000_000222.png
split,train
model,result_0857,0.5025158651626999,0.5701579900317918,-2,46
