background,muhlheim-ruhr_000000_001077.png
split,train
model,result_0784,0.7732612772783166,0.8654977436566872,2,173
