background,heilbronn_000000_000627.png
split,train
model,result_0283,0.6083765160406536,0.33117165315121033,-2,99
