background,wurzburg_000000_000007.png
split,train
model,result_0173,0.33333460017451166,0.5182904580403462,-3,273
