background,wurzburg_000000_001297.png
split,train
model,result_0866,0.024265288813445918,0.38236300037310295,0,170
model,result_0983,0.5635505525233159,0.7859341830162893,-1,31
