background,aachen_000059_000019.png
split,train
model,result_0931,0.5139729363257144,0.8789423782692646,2,274
model,result_0123,0.8947619471263434,0.9801620676121143,-2,318
model,result_0472,0.9382330754197097,0.31760608192669065,2,78
