background,heilbronn_000000_000393.png
split,train
model,result_0562,0.9389316110967566,0.34649005734592453,2,210
