background,bayreuth_000000_000500.png
split,train
model,result_0557,0.33555934605428017,0.5922410623970413,2,283
model,result_0544,0.5324037812028997,0.2754717724509459,-3,168
