background,bremen_000001_000019.png
split,train
model,result_1000,0.8362317018704989,0.3350924538256481,-3,284
