background,bayreuth_000000_000785.png
split,train
model,result_0871,0.7188127253645168,0.7822874717248998,-3,11
model,result_0878,0.4874718078034218,0.7557220334676654,-2,350
