background,zurich_000049_000019.png
split,train
model,result_0524,0.5141645260870484,0.6505593108960651,4,277
model,result_0199,0.4310846702106327,0.5983796171560237,2,140
model,result_0060,0.27488569070165847,0.9304464162871007,-1,4
