background,wurzburg_000000_001610.png
split,train
model,result_0218,0.8611624341862629,0.7297538230696082,-1,97
model,result_0694,0.22256472378055647,0.31108140101068615,4,357
model,result_0319,0.29495113531015404,0.3602010733189101,-4,338
