background,augsburg_000000_000398.png
split,train
model,result_0051,0.6663574553940464,0.270022106297481,0,226
