background,dusseldorf_000141_000019.png
split,train
model,result_0960,0.4358098307002479,0.8143801945646438,2,158
