background,bremen_000152_000019.png
split,train
model,result_0999,0.20081207966549008,0.28470247116605446,2,81
