background,muhlheim-ruhr_000000_000656.png
split,train
model,result_0051,0.9973629253640298,0.9896407530078278,-1,131
