background,schweinfurt_000000_000139.png
split,train
model,result_0612,0.9112212557049618,0.49631085725047397,0,140
