background,schweinfurt_000000_000488.png
split,train
model,result_0484,0.5210095607382415,0.48203550305696996,2,145
model,result_0861,0.0984421104352744,0.905266083354526,-2,260
