background,muhlheim-ruhr_000000_001047.png
split,train
model,result_0606,0.5084377667046712,0.3008329751810632,1,297
