background,freiburg_000000_000055.png
split,train
model,result_0510,0.1852588382932091,0.8073710988890772,-3,146
