background,schweinfurt_000000_000008.png
split,train
model,result_0979,0.5144827486945848,0.7658484494444964,0,193
model,result_0871,0.9331727557649377,0.2902794015014477,3,44
