background,wurzburg_000000_000510.png
split,train
model,result_0218,0.7921105232235959,0.39424186191855404,4,25
