background,muhlheim-ruhr_000000_001077.png
split,train
model,result_0914,0.055230146470961916,0.4697030010185965,-1,343
