background,wurzburg_000000_000790.png
split,train
model,result_0215,0.9167592709004796,0.6259289447504129,-2,319
model,result_0332,0.039449987496242955,0.934522359306444,-2,47
model,result_0385,0.6646753984189872,0.937605322050846,-3,70
