background,wurzburg_000000_001357.png
split,train
model,result_0793,0.46911030412326205,0.6180792910337616,-1,286
