background,heilbronn_000000_000294.png
split,train
model,result_0036,0.43092902392580823,0.8471265041176426,1,55
model,result_1000,0.5143972072488873,0.5623658310123357,3,90
