background,karlsruhe_000000_000895.png
split,train
model,result_0239,0.68198154312682,0.5196334260082651,1,29
model,result_0051,0.024130054130870215,0.921050504154791,-2,108
model,result_0739,0.020638613678939155,0.3255024941621244,3,353
