background,augsburg_000000_000546.png
split,train
model,result_0524,0.4799352648519468,0.2972047978949929,4,292
