background,heidelberg_000000_000029.png
split,train
model,result_0163,0.14230769844705227,0.3839008076672499,-1,155
model,result_0657,0.10974513456984869,0.25537116150815786,1,146
