background,nuremberg_000000_001144.png
split,train
model,result_0061,0.06396940579241506,0.2694890277907731,1,193
model,result_0606,0.06364653807911003,0.4831389144126614,3,358
model,result_0082,0.1405641316119075,0.4514125393095286,2,186
