background,nuremberg_000000_000572.png
split,train
model,result_0472,0.8224416077878596,0.7747731941554405,-4,45
