background,freiburg_000000_000051.png
split,train
model,result_0192,0.3672163130923478,0.3183206373284243,4,258
