background,karlsruhe_000000_000406.png
split,train
model,result_0328,0.8994826464010356,0.28830232997671257,2,305
model,result_0879,0.2995045011641084,0.3728093780003112,0,226
