background,muhlheim-ruhr_000000_000003.png
split,train
model,result_0324,0.8262219047179648,0.5864590145199602,1,223
