background,schweinfurt_000000_000464.png
split,train
model,result_0855,0.16389662367320335,0.5581986072107781,-1,227
