background,duisburg_000000_000532.png
split,train
model,result_0855,0.4255978167902976,0.783781027496899,-2,126
model,result_0338,0.45682510858803427,0.9363011353417952,-3,280
model,result_0557,0.5531322205956454,0.331678040941077,2,281
