background,nuremberg_000000_000182.png
split,train
model,result_0389,0.9391617951383147,0.8540352883907018,-4,351
model,result_0164,0.188252270940359,0.8827035435823017,-1,94
model,result_0440,0.2350649456546977,0.3985430787523341,-3,242
