background,nuremberg_000000_000998.png
split,train
model,result_0039,0.6799813139887112,0.5427217004967737,-1,248
model,result_0386,0.660054197798677,0.9858114934946587,2,349
