background,ulm_000023_000019.png
split,train
model,result_0472,0.08946058759590114,0.278636620410317,-2,152
model,result_0981,0.9415013781452005,0.777986344042983,4,69
model,result_0527,0.9751432478138272,0.3854196292073478,3,151
