background,oberhausen_000000_000878.png
split,train
model,result_0283,0.3167944591769021,0.8561472731680058,-3,216
model,result_0968,0.17308111399268433,0.7144994342570411,-2,37
model,result_0847,0.36613852627307364,0.3723270901790553,4,40
