background,dusseldorf_000048_000019.png
split,train
model,result_0266,0.8363388656254304,0.8678154839317698,-4,278
