background,oberhausen_000000_000537.png
split,train
model,result_0686,0.4620587354767367,0.7941350773174369,1,256
model,result_0805,0.1749674105724952,0.3928328180921156,-1,161
model,result_0039,0.40337466826586066,0.40650667891551906,-2,109
