background,schweinfurt_000000_000127.png
split,train
model,result_0945,0.46042444545633754,0.9841104134211156,-2,344
model,result_0612,0.10779826082658472,0.36235905241654354,-1,278
