background,wurzburg_000000_001435.png
split,train
model,result_0949,0.16906283150581958,0.8437118754384086,-1,50
