background,schweinfurt_000000_000525.png
split,train
model,result_0477,0.8281355459458964,0.2523542861261262,4,64
