background,bayreuth_000000_000212.png
split,train
model,result_0542,0.28266920394192463,0.7127050945543626,2,334
