background,augsburg_000000_000933.png
split,train
model,result_0036,0.63344250295768,0.7699112301061118,-4,281
model,result_1000,0.24957299723039272,0.4089058659853761,-2,15
