background,nuremberg_000000_000821.png
split,train
model,result_0319,0.8421315906905411,0.7495188721054232,-4,19
model,result_0477,0.5034827157874564,0.6993961404196429,-1,144
