background,wurzburg_000000_000870.png
split,train
model,result_0154,0.4948778260211474,0.7868076080414949,4,302
model,result_0562,0.881577665442378,0.4370282903728059,0,219
model,result_0215,0.8741113234513347,0.8829892180713059,-2,212
