background,muhlheim-ruhr_000000_001004.png
split,train
model,result_0795,0.41704656146290153,0.5374689549126666,2,236
model,result_0388,0.32605139590898,0.879499616531233,-3,317
