background,dortmund_000000_000384.png
split,train
model,result_0004,0.3869766310264213,0.679203334622502,-2,122
