background,wurzburg_000000_001582.png
split,train
model,result_0968,0.9771651537967435,0.5016365258839113,2,257
model,result_0847,0.9398102785479583,0.38246860088686796,-2,236
