background,heidelberg_000000_001159.png
split,train
model,result_0694,0.5842496559664788,0.8201654098790999,-3,253
model,result_0319,0.39276140267910276,0.610669875486668,0,12
