background,muhlheim-ruhr_000000_001175.png
split,train
model,result_0123,0.43130948605112807,0.6600142122941985,0,33
model,result_0472,0.04379014803831871,0.8836359303278655,4,205
