background,dortmund_000000_000919.png
split,train
model,result_0996,0.7622808700418509,0.5815891562722728,3,23
