background,mannheim_000000_000995.png
split,train
model,result_0562,0.7158531683947409,0.27578894793824416,-2,121
model,result_0215,0.7177892741951425,0.7219249926859432,-3,318
model,result_0332,0.929071091188322,0.8795743627391304,-4,22
