background,konigswinter_000000_000006.png
split,train
model,result_0914,0.01590765636034508,0.6791010289219515,4,330
