background,nuremberg_000000_001243.png
split,train
model,result_0739,0.3828166034952889,0.34314681391513624,3,49
model,result_0960,0.7759816898057693,0.7744289216723271,-4,225
