background,schweinfurt_000000_000452.png
split,train
model,result_0979,0.26107364084880047,0.9959679321453359,-4,246
model,result_0871,0.07259743473536207,0.31875042251456065,-3,77
