background,heilbronn_000000_000208.png
split,train
model,result_0192,0.6612788466919957,0.9270942939827604,0,212
model,result_0218,0.7651074662738269,0.8070049409732233,-4,206
