background,karlsruhe_000000_000961.png
split,train
model,result_0844,0.15887775720075326,0.2902546030216472,-4,126
