background,nuremberg_000000_001074.png
split,train
model,result_0657,0.7425295192000633,0.8648717709317555,1,139
model,result_0914,0.8998956120661573,0.9285679950362264,-4,249
model,result_0193,0.6225534967169284,0.5467028733311495,3,318
