background,heidelberg_000000_000896.png
split,train
model,result_0357,0.5211934478536526,0.7903967734484086,4,260
model,result_0046,0.31301043080106095,0.311321929924374,4,275
model,result_0389,0.8908444823842614,0.7068794025862541,-2,222
