background,karlsruhe_000000_000881.png
split,train
model,result_0686,0.18176958812639665,0.959200084731356,3,320
model,result_0805,0.29602026289838956,0.303806277128441,2,253
model,result_0039,0.7978175977466067,0.550011083691407,-1,261
