background,wuppertal_000000_001063.png
split,train
model,result_0882,0.031139833098111636,0.29310310393124045,1,72
model,result_0467,0.9800937181995198,0.6859642413516251,-4,234
