background,oberhausen_000000_000020.png
split,train
model,result_0024,0.7204965064331202,0.6022136612716762,2,250
