background,schweinfurt_000000_000438.png
split,train
model,result_0394,0.2934794827798243,0.7174053552285873,-2,254
model,result_0163,0.2178319124669723,0.5937913650844594,1,46
model,result_0657,0.13825429130141798,0.8422574917924752,-2,16
