background,wuppertal_000000_000039.png
split,train
model,result_1000,0.4986931724450626,0.8681401628044642,2,284
model,result_0367,0.9915241319845528,0.624134336627751,2,242
