background,konigswinter_000000_000096.png
split,train
model,result_0857,0.9248698029129356,0.9935525806910135,-4,217
model,result_0795,0.5259574069106719,0.5901678404745341,4,147
model,result_0388,0.5398596405845842,0.8165211155963558,0,55
