background,augsburg_000000_001349.png
split,train
model,result_0795,0.19188623326650667,0.9275974909631706,3,27
