background,heidelberg_000000_001041.png
split,train
model,result_0385,0.48016860496539904,0.2959171206620738,4,121
model,result_0991,0.8536078105085623,0.8369982520958594,3,111
model,result_0373,0.13052774392008215,0.6354222106912879,-3,4
