background,heidelberg_000000_000330.png
split,train
model,result_0999,0.8051969527175661,0.8110330907669597,3,224
model,result_0510,0.49832190512151986,0.7090334529999198,2,349
