background,wurzburg_000000_001021.png
split,train
model,result_0586,0.4771683123450665,0.31536912129967154,2,161
