background,wuppertal_000000_000995.png
split,train
model,result_0215,0.1362710317880904,0.2733863827107422,-3,117
