background,muhlheim-ruhr_000000_000981.png
split,train
model,result_0075,0.11483634818982913,0.4989899740978423,3,212
