background,oberhausen_000000_000786.png
split,train
model,result_0914,0.4474532393146363,0.7600164561220024,2,253
model,result_0193,0.9229093484778753,0.5920481854550185,-2,2
model,result_0036,0.452007100981216,0.2918065111870648,-1,352
