background,augsburg_000000_001330.png
split,train
model,result_0266,0.9130676843175628,0.7082150222203291,0,358
model,result_0862,0.5152087765001503,0.8178809172212074,-3,50
model,result_0524,0.5124187493722259,0.5259107110596184,0,220
