background,muhlheim-ruhr_000000_001219.png
split,train
model,result_0847,0.01765290984162171,0.8868536869697283,4,350
model,result_0646,0.7562661519953827,0.48313594009737526,3,138
model,result_0586,0.6563995447781046,0.5686734131582943,-1,187
