background,nuremberg_000000_000192.png
split,train
model,result_0051,0.9073255707518604,0.7622350313375695,-4,10
model,result_0739,0.1878892046202495,0.8703962052412051,-2,32
