background,karlsruhe_000000_000232.png
split,train
model,result_0606,0.48598022221352244,0.8450213845154987,-4,115
model,result_0082,0.6497092915386894,0.8518016651769147,0,27
model,result_0945,0.4955396608681796,0.5987841385267954,2,335
