background,wuppertal_000000_000354.png
split,train
model,result_0612,0.3751847798032655,0.42819482727195757,4,340
model,result_0283,0.6790078592189667,0.34256808152036833,4,53
