background,dortmund_000000_000384.png
split,train
model,result_0051,0.5099947804858661,0.9094547197910777,2,314
