background,konstanz_000000_000466.png
split,train
model,result_1000,0.3556806200048316,0.7333757977694497,-1,356
model,result_0367,0.7691192503409386,0.59810540268522,-1,310
