background,bayreuth_000000_000767.png
split,train
model,result_0674,0.30084678152404176,0.4999799849317685,2,4
model,result_0146,0.16888281230579405,0.9149117060539056,-4,282
