background,strasbourg_000000_023694.png
split,train
model,result_0995,0.5176325811410911,0.4220210087578219,1,73
