background,muhlheim-ruhr_000000_001113.png
split,train
model,result_0367,0.08263395913827742,0.9325373300345352,0,19
model,result_0822,0.7968666382060448,0.8552191872260272,4,58
