background,oberhausen_000000_000873.png
split,train
model,result_0686,0.1732620277795459,0.7857228462975262,2,136
model,result_0805,0.07299765698268079,0.958416828138713,2,30
model,result_0039,0.9530229078040087,0.9491838836696311,2,153
