background,freiburg_000000_000465.png
split,train
model,result_0805,0.9084707186268131,0.25625934808507456,-3,181
model,result_0039,0.9150130851452465,0.469874001189593,2,200
