background,mannheim_000000_001046.png
split,train
model,result_0484,0.47293851227714057,0.7805093025462364,-1,214
