background,wuppertal_000000_001006.png
split,train
model,result_0866,0.7623791215488154,0.8671592910381534,-4,343
model,result_0983,0.3431956577531746,0.6976572127361452,-4,333
model,result_0996,0.03800213162403132,0.3173618258814501,-3,14
