background,schweinfurt_000000_000315.png
split,train
model,result_0319,0.4295012075571354,0.6798020365579723,3,299
