background,schweinfurt_000000_000311.png
split,train
model,result_0163,0.3449847672023557,0.7509780409858615,1,234
model,result_0657,0.14583987288363787,0.7398920986634852,-3,120
model,result_0914,0.13565426283159776,0.7677636453598391,1,63
