background,dresden_000000_000057.png
split,train
model,result_0855,0.40879377443506415,0.9135340347513284,-3,176
