background,bayreuth_000000_000100.png
split,train
model,result_0949,0.45786237988921685,0.9051505488301326,-3,180
