background,freiburg_000000_000124.png
split,train
model,result_0612,0.4010387624392866,0.8133222067707053,-1,190
model,result_0283,0.5777879523661825,0.7219763887780041,0,80
model,result_0968,0.22715485264858803,0.975539450540859,1,333
