background,oberhausen_000000_000390.png
split,train
model,result_0866,0.44909726773487646,0.6448830624562092,-4,97
model,result_0983,0.2313753574501859,0.7944118335180439,4,48
model,result_0996,0.7982230723202192,0.3111497948657265,-2,92
