background,karlsruhe_000000_000405.png
split,train
model,result_0036,0.15652765411184555,0.7245159510870182,-4,256
model,result_1000,0.0008444056254102161,0.7456156539776232,2,353
model,result_0367,0.7452039944197373,0.5960702239922603,2,294
