background,heidelberg_000000_000436.png
split,train
model,result_0678,0.34976594106900893,0.5647627589953029,1,2
