background,heidelberg_000000_000616.png
split,train
model,result_0979,0.04861814864961245,0.8643518299530877,-3,99
model,result_0871,0.9688924746553809,0.5317174110984147,0,256
