background,tubingen_000092_000019.png
split,train
model,result_0674,0.21521295595142464,0.864473050105591,0,28
model,result_0146,0.34449034866200545,0.5577998379559932,3,28
model,result_0295,0.5587022133939977,0.7874898544623911,-3,294
