background,freiburg_000000_000204.png
split,train
model,result_0914,0.8804720103379315,0.31212398912884043,-3,282
