background,oberhausen_000000_000373.png
split,train
model,result_0995,0.6695093933892479,0.3297956795954652,-3,323
