background,karlsruhe_000000_000413.png
split,train
model,result_0739,0.9821143814124285,0.25448598531617184,-3,202
model,result_0960,0.1453396606459516,0.9650796378478577,4,38
model,result_0632,0.71735812064871,0.4943503449465554,-4,179
