background,konstanz_000000_000580.png
split,train
model,result_0484,0.45183918266284995,0.8519625938593887,-2,48
