background,saarbrucken_000000_000487.png
split,train
model,result_0855,0.7992047069955801,0.5848603838562626,-4,36
model,result_0338,0.5941349622121415,0.46540708046539037,-4,175
model,result_0557,0.2538754567441939,0.8919604149075717,2,336
