background,muhlheim-ruhr_000000_000074.png
split,train
model,result_0295,0.8439747790829469,0.9162948603973282,2,169
model,result_0127,0.7584340092324381,0.8465685600700951,0,300
model,result_0022,0.21500192276045782,0.8199545378580915,2,74
