background,muhlheim-ruhr_000000_000612.png
split,train
model,result_0862,0.07451600759487409,0.4054074947837718,3,256
