background,wuppertal_000000_000661.png
split,train
model,result_0844,0.93481420573132,0.6444865296432344,0,174
model,result_0995,0.565626908942869,0.6694065553451489,3,131
model,result_0969,0.9632286129780244,0.6289075795055115,2,296
