background,konstanz_000000_000276.png
split,train
model,result_0440,0.39293080675169667,0.43706774666994597,3,328
model,result_0484,0.5516386263592067,0.9871145734945252,-2,289
