background,wurzburg_000000_000291.png
split,train
model,result_0324,0.5053673525813825,0.8630885026592798,2,262
model,result_0173,0.7896080783476263,0.32886381518912555,-4,311
