background,heidelberg_000000_001176.png
split,train
model,result_0388,0.7574077834802733,0.2730880142283861,2,157
model,result_0499,0.15425130537627973,0.6621622485064425,3,34
model,result_0844,0.27892732119110264,0.7730777562636896,3,222
