background,oberhausen_000000_000388.png
split,train
model,result_0562,0.5786405911583045,0.4638494674228612,-2,300
