background,augsburg_000000_001203.png
split,train
model,result_0022,0.6793495551629842,0.8687805525291109,3,135
model,result_0061,0.5985909237639242,0.6626817857607288,4,199
