background,zurich_000098_000019.png
split,train
model,result_0847,0.5702303841249785,0.676314119119188,-1,40
model,result_0646,0.8548692637222756,0.605122501406901,-1,297
model,result_0586,0.48274169672315936,0.966293212432398,3,225
