background,dortmund_000000_001013.png
split,train
model,result_0924,0.9887960807647198,0.94747693757007,2,122
model,result_0866,0.10172727334821197,0.5711666718764326,1,333
model,result_0983,0.43872039682512187,0.9439566306162543,-1,161
