background,dresden_000000_000152.png
split,train
model,result_0046,0.9959676099922081,0.5430060721739831,0,162
model,result_0389,0.5214143483709572,0.8556349804283124,2,27
