background,wuppertal_000000_000401.png
split,train
model,result_0803,0.11811493692286867,0.43872406711502,-2,236
