background,nuremberg_000000_000015.png
split,train
model,result_0173,0.918324375543522,0.8887569881678309,1,133
model,result_0751,0.45601229704665003,0.9789476456960055,-2,226
