background,dusseldorf_000134_000019.png
split,train
model,result_0544,0.5432711847666719,0.7758708967273513,0,41
