background,schweinfurt_000000_000595.png
split,train
model,result_0544,0.8885575741909261,0.7954941506281409,-4,1
model,result_0999,0.2884887633306793,0.4317617450013571,-4,41
model,result_0510,0.7080469390636261,0.795824766555063,2,92
