background,bayreuth_000000_000685.png
split,train
model,result_0332,0.004787850244119207,0.9957592539882736,4,275
model,result_0385,0.7439018960942085,0.6710530493626512,-2,92
model,result_0991,0.7879352979730874,0.6826642331394972,1,294
