background,dortmund_000000_000104.png
split,train
model,result_0472,0.3913041798615957,0.5766476023126208,-3,209
model,result_0981,0.7462047293667634,0.8735403871032072,3,117
model,result_0527,0.5411928005030346,0.40282065016732344,1,314
