background,schweinfurt_000000_000329.png
split,train
model,result_0218,0.4856558099279634,0.42850397804874485,4,286
model,result_0694,0.8064819272262613,0.7696020895513609,1,87
