background,heidelberg_000000_000632.png
split,train
model,result_0991,0.8962522879475582,0.47394380997956853,3,292
model,result_0373,0.3533521739823038,0.995018617201225,-2,281
