background,wuppertal_000000_000597.png
split,train
model,result_0484,0.2848111951856095,0.27292241635515513,1,360
model,result_0861,0.27918541592829194,0.7019659282450912,-4,293
model,result_0882,0.7698894737703478,0.724314053345931,1,175
