background,wuppertal_000000_000734.png
split,train
model,result_0164,0.7427621996850655,0.37466464826276735,-3,229
model,result_0440,0.6526160934863529,0.5025644416087498,2,36
model,result_0484,0.07656973386039267,0.524421470419814,3,307
