background,wurzburg_000000_000907.png
split,train
model,result_0218,0.607797823952613,0.8015684234390872,3,208
