background,augsburg_000000_000190.png
split,train
model,result_0795,0.38785588306850194,0.6460269711113651,-3,163
