background,strasbourg_000001_023271.png
split,train
model,result_0024,0.3692730422671444,0.4497960787224361,1,225
model,result_0288,0.8128628161373334,0.4226687528551819,-1,175
model,result_0247,0.026392624622628924,0.9168881189559531,1,158
