background,konstanz_000000_000206.png
split,train
model,result_0822,0.3543759495925525,0.9487155068475028,4,103
model,result_0855,0.12812369159397974,0.458866990183703,-4,246
model,result_0338,0.2900051858648056,0.9933623226109776,-3,172
