background,schweinfurt_000000_000653.png
split,train
model,result_0879,0.5218608590238616,0.7138847647853437,-2,22
