background,heidelberg_000000_000072.png
split,train
model,result_0239,0.860482538804066,0.9346384062518045,-1,191
model,result_0051,0.39754957261215895,0.7137672441430425,2,117
model,result_0739,0.9495917549920226,0.3692027044055999,4,137
