background,augsburg_000000_001128.png
split,train
model,result_0051,0.2845961379402695,0.8234433487885573,1,184
