background,wurzburg_000000_000970.png
split,train
model,result_0557,0.3985095953071772,0.8427777099421955,-1,91
