background,konstanz_000000_000271.png
split,train
model,result_0060,0.38576951800085657,0.35522656120230156,-2,74
model,result_0080,0.20883450157028483,0.5585358922247874,-4,51
