background,heilbronn_000000_000661.png
split,train
model,result_1000,0.21364685100749292,0.5802591043879866,4,352
model,result_0367,0.32062892893392936,0.9360318288768272,-4,151
