background,duisburg_000000_000388.png
split,train
model,result_0995,0.5791082360893699,0.5220188904997289,-1,175
model,result_0969,0.5458978836053526,0.2623593074895695,-3,31
