background,augsburg_000000_000744.png
split,train
model,result_0632,0.08386994630936873,0.6301148875882279,0,171
