background,karlsruhe_000000_000130.png
split,train
model,result_0995,0.8127290529347724,0.34117303696748924,-1,96
model,result_0969,0.28720611969206244,0.860597908459537,-4,245
model,result_0793,0.8465115580467121,0.5642755455782473,-3,51
