background,muhlheim-ruhr_000000_000724.png
split,train
model,result_0527,0.11286045099937247,0.3661414574023226,1,327
