background,karlsruhe_000000_001006.png
split,train
model,result_0199,0.30243411947340093,0.5093893294181591,2,340
model,result_0060,0.42040077700682765,0.3554145015325083,-4,90
