background,karlsruhe_000000_000040.png
split,train
model,result_0775,0.39422057538038036,0.3940313583984702,3,110
model,result_0075,0.6269372438093609,0.3816330485502961,-2,205
