background,saarbrucken_000000_000392.png
split,train
model,result_0022,0.9138457028288829,0.9612154925437305,-4,80
model,result_0061,0.7867268156628376,0.5291837787398395,3,251
model,result_0606,0.4389459762940239,0.8980995317532494,-2,298
