background,wurzburg_000000_000790.png
split,train
model,result_0822,0.060114140292316764,0.3851363819576551,-2,311
