background,freiburg_000000_000811.png
split,train
model,result_0686,0.5560168211320523,0.9098656488633539,4,46
