background,wuppertal_000000_000393.png
split,train
model,result_0871,0.3633877186351232,0.4928719545362907,-4,10
model,result_0878,0.11159502583147873,0.6932502901794375,-3,22
