background,heidelberg_000000_000710.png
split,train
model,result_0924,0.7953078113239943,0.4266475587720006,4,185
model,result_0866,0.1225600904863201,0.6408820922688743,3,327
model,result_0983,0.8491775467483191,0.32849659089637984,-2,62
