background,bremen_000041_000019.png
split,train
model,result_0051,0.1014349737638568,0.5805379409380049,-1,37
