background,bayreuth_000000_000453.png
split,train
model,result_0051,0.9889053228025555,0.8602147911057475,1,204
