background,wurzburg_000000_000998.png
split,train
model,result_0239,0.021876695169548044,0.9432809323544434,-1,183
model,result_0051,0.1470631583147638,0.29823927466183364,-1,113
model,result_0739,0.29387580946926295,0.9555378154028632,-2,70
