background,bremen_000234_000019.png
split,train
model,result_0632,0.7671745733968169,0.5621509759232564,-2,26
model,result_0357,0.21543161799656374,0.45973516286865945,-4,211
