background,schweinfurt_000000_000655.png
split,train
model,result_0945,0.8237558363756636,0.5495424292561291,2,257
