background,weimar_000079_000019.png
split,train
model,result_0477,0.8580570430722045,0.9392262480675331,1,251
