background,bamberg_000000_000413.png
split,train
model,result_0739,0.019781654978070606,0.9516245242032388,-4,45
