background,konstanz_000000_001176.png
split,train
model,result_0388,0.9895939475959937,0.8362588443284402,-2,178
model,result_0499,0.3322864131624709,0.8975507648256895,-1,304
model,result_0844,0.38968178426281463,0.6334860982782295,3,164
