background,dusseldorf_000213_000019.png
split,train
model,result_0239,0.34222968507785834,0.38344254307549486,-4,207
model,result_0051,0.7903508642696689,0.8185624447841,3,284
