background,wurzburg_000000_000010.png
split,train
model,result_0847,0.8248132647214982,0.27736617549744347,1,247
