background,duisburg_000000_000166.png
split,train
model,result_0164,0.33011091996321273,0.6356087249877822,-1,320
model,result_0440,0.1898674145112339,0.611127757887347,-4,356
model,result_0484,0.8909626584238427,0.3721697729655523,2,77
