background,nuremberg_000000_001148.png
split,train
model,result_0678,0.8578420701385203,0.5543550010335232,-3,92
model,result_0784,0.3956808619655551,0.5197552625509294,-1,242
model,result_0924,0.15291699562646832,0.4914121868441041,-4,179
