background,nuremberg_000000_001401.png
split,train
model,result_0674,0.3665731671548961,0.6568561137149955,4,143
