background,nuremberg_000000_000006.png
split,train
model,result_0036,0.4534774318110312,0.6900840057551078,2,127
model,result_1000,0.949562541405128,0.5853842484033789,4,24
