background,heidelberg_000000_000727.png
split,train
model,result_0046,0.39355262453340334,0.6847788803149897,-1,271
model,result_0389,0.6710855031343681,0.8379353698069707,2,85
model,result_0164,0.9013498329550066,0.4867301882939653,2,277
