background,karlsruhe_000000_001139.png
split,train
model,result_0477,0.5014056947228469,0.4813648110358561,-1,46
model,result_0949,0.8627938636816495,0.8074440203184385,3,70
