background,bochum_000000_014658.png
split,train
model,result_0173,0.30268308127961974,0.8604255654746323,0,273
