background,wurzburg_000000_001017.png
split,train
model,result_0878,0.016867942283109172,0.6968687410737124,-2,286
model,result_0004,0.7839906719371096,0.9440514942579337,-3,212
model,result_0931,0.2066794576380644,0.8983136515511404,1,190
