background,freiburg_000000_000064.png
split,train
model,result_0992,0.31655069311632034,0.36058334685285764,-1,309
