background,konstanz_000000_001075.png
split,train
model,result_0266,0.01884280216538259,0.37580651401750786,0,181
model,result_0862,0.5484374710589001,0.8098216165930114,-2,181
