background,dortmund_000000_000699.png
split,train
model,result_0657,0.5414634240127421,0.9702998128628352,0,311
model,result_0914,0.08600207754908451,0.946873137232862,1,247
