background,augsburg_000000_000583.png
split,train
model,result_0844,0.18834858410232114,0.7571505019869944,1,261
