background,mannheim_000000_000837.png
split,train
model,result_0484,0.20147541824359727,0.447677608694077,1,343
