background,bochum_000000_037829.png
split,train
model,result_0949,0.8833692929195791,0.5328402948210853,-1,69
model,result_0324,0.4587344708527391,0.6790356645760366,4,145
model,result_0173,0.9800233820555558,0.508028981349592,-1,157
