background,muhlheim-ruhr_000000_000262.png
split,train
model,result_0373,0.24867209480541907,0.6117551225419652,-3,104
model,result_0191,0.976611118175228,0.8071597824901114,-2,278
