background,dortmund_000000_000703.png
split,train
model,result_0440,0.5131861144579629,0.828167388994206,-3,297
model,result_0484,0.5461031756989353,0.26119497984916695,4,13
model,result_0861,0.8354089409335755,0.7052548155720868,3,356
