background,tubingen_000129_000019.png
split,train
model,result_0024,0.8999022737251331,0.328745732182263,-4,106
