background,frankfurt_000000_006589.png
split,train
model,result_0694,0.5615478499887785,0.25876538759152834,0,325
