background,konstanz_000000_000330.png
split,train
model,result_0295,0.3543100021672245,0.4456646007748153,4,193
model,result_0127,0.022923441262094446,0.26395428917179387,-4,258
