background,oberhausen_000000_000750.png
split,train
model,result_0154,0.5157739300369906,0.41393507110118827,0,144
