background,munster_000019_000019.png
split,train
model,result_0051,0.3852612414613281,0.9685476075742641,2,126
model,result_0739,0.2859068505957133,0.45009820390244903,1,310
