background,konstanz_000000_001256.png
split,train
model,result_0146,0.6450644100479093,0.4541136350839096,-3,4
model,result_0295,0.08059605860638486,0.5767651259407305,3,4
