background,schweinfurt_000000_000216.png
split,train
model,result_0060,0.024989112409047776,0.43685393875359824,-3,265
