background,bayreuth_000000_000088.png
split,train
model,result_0039,0.5656590134480097,0.5235542901624565,4,351
model,result_0386,0.8039251440184224,0.7220843628630519,-1,57
