background,dusseldorf_000157_000019.png
split,train
model,result_0385,0.046990650384098775,0.6825715758548537,3,18
