background,wurzburg_000000_001116.png
split,train
model,result_0542,0.5348309055840872,0.5359390654785574,-3,212
