background,nuremberg_000000_001181.png
split,train
model,result_0999,0.7552249524496051,0.4950977302684082,-1,283
