background,oberhausen_000000_000408.png
split,train
model,result_0862,0.936488484455264,0.5673212492054558,3,122
