background,troisdorf_000000_000114.png
split,train
model,result_0192,0.6646610278898254,0.871986538020179,-2,156
