background,bamberg_000000_000383.png
split,train
model,result_0996,0.42765832122432523,0.6032461395386892,-3,85
