background,freiburg_000000_000832.png
split,train
model,result_0878,0.5708993085419553,0.8796142491675885,0,39
