background,augsburg_000000_000268.png
split,train
model,result_0477,0.19924443044076123,0.7289371926549995,0,152
