background,nuremberg_000000_000558.png
split,train
model,result_0338,0.99792918832892,0.9191488610497726,1,186
model,result_0557,0.6045429150123881,0.6937152385185101,-4,315
