background,nuremberg_000000_000998.png
split,train
model,result_0146,0.7054192064324586,0.6201936870186269,1,356
model,result_0295,0.1524175498297602,0.5059592015285068,-1,95
