background,bayreuth_000000_000327.png
split,train
model,result_0795,0.24778474739439105,0.49866285463777404,0,180
model,result_0388,0.9275160855773061,0.7786380337344155,-1,148
model,result_0499,0.7932652250476441,0.3753629053398771,3,141
