background,konstanz_000000_000413.png
split,train
model,result_0678,0.184141474929144,0.43611033716391345,3,331
