background,augsburg_000000_000863.png
split,train
model,result_0871,0.8477594392010173,0.3916540266291949,-1,223
model,result_0878,0.4554245489431902,0.4014971971184059,-2,61
model,result_0004,0.9335764673661375,0.552939604941273,4,155
