background,augsburg_000000_000165.png
split,train
model,result_0046,0.2533288647534956,0.29013748962661134,3,17
model,result_0389,0.6555325645184293,0.9989563608533306,-4,277
model,result_0164,0.32010948712977705,0.5786339743033653,-4,169
