background,wurzburg_000000_000101.png
split,train
model,result_0283,0.01676339039256758,0.9497320693990058,2,303
model,result_0968,0.6156827073268891,0.2776596767738515,-1,66
