background,nuremberg_000000_000519.png
split,train
model,result_0004,0.5580142209404378,0.5990409307745037,-2,345
model,result_0931,0.677989262042579,0.869177162069724,0,42
model,result_0123,0.3275181127767156,0.3149461281620357,-3,256
