background,bayreuth_000000_000772.png
split,train
model,result_0154,0.7126169562399347,0.8346312139028225,3,32
