background,augsburg_000000_001136.png
split,train
model,result_0793,0.2746208291008584,0.9693334997754591,2,300
model,result_0686,0.916367255400027,0.5922763587935005,-4,290
model,result_0805,0.24743896614700933,0.824541801574719,-1,182
