background,wurzburg_000000_001497.png
split,train
model,result_0154,0.2142547695486492,0.4098077478510591,-4,228
model,result_0562,0.44370823016684935,0.6695409637697004,-3,10
model,result_0215,0.3353930944365451,0.2708892870187091,-2,296
