background,nuremberg_000000_001267.png
split,train
model,result_0163,0.3427016024489623,0.7067782156288839,0,212
model,result_0657,0.11227723148014279,0.8757573173748348,1,239
model,result_0914,0.9764259824140512,0.44279170544079016,-2,170
