background,wuppertal_000000_000573.png
split,train
model,result_0686,0.557629330081529,0.2573872182919291,0,46
model,result_0805,0.5692898438750226,0.5304427036462023,-3,326
