background,freiburg_000000_000683.png
split,train
model,result_0861,0.9074346113798507,0.510332376384217,0,213
