background,muhlheim-ruhr_000000_001157.png
split,train
model,result_0805,0.5198145407341842,0.761962700832003,-3,204
model,result_0039,0.36466045251224377,0.5037035172597055,-3,28
