background,schweinfurt_000000_000678.png
split,train
model,result_0051,0.4077558717302435,0.850370304293444,-2,113
model,result_0739,0.7945177527556819,0.42287908196888735,-2,238
model,result_0960,0.11422063887225364,0.39256214770276077,0,207
