background,muhlheim-ruhr_000000_000678.png
split,train
model,result_0991,0.5341442892685732,0.831483094315299,-2,171
model,result_0373,0.39643217639832806,0.6568129362533036,3,173
model,result_0191,0.49691242542389247,0.7861476403808972,-4,107
