background,strasbourg_000000_031602.png
split,train
model,result_0612,0.3542227873563468,0.3828436009564933,0,48
model,result_0283,0.9563449683190564,0.682818434054195,-4,331
model,result_0968,0.5307480216825013,0.9529919989786473,2,134
