background,karlsruhe_000000_001081.png
split,train
model,result_0862,0.5362818328824832,0.5532516360869942,-2,168
