background,mannheim_000000_000222.png
split,train
model,result_0979,0.4134022842569032,0.7700450410461902,3,259
