background,heilbronn_000000_000001.png
split,train
model,result_0992,0.15111872956863737,0.31109270223161267,2,182
model,result_0394,0.9636039861852886,0.9950727617175681,1,171
model,result_0163,0.4454303524559555,0.4937126378184893,1,198
