background,bremen_000188_000019.png
split,train
model,result_0606,0.5247170829273148,0.5017408504364468,-2,154
model,result_0082,0.1174421367654942,0.6646003157995314,4,270
model,result_0945,0.5018820739715092,0.7536301228521952,-1,138
