background,augsburg_000000_001147.png
split,train
model,result_0844,0.5013578513008105,0.7973913680892206,4,257
model,result_0995,0.8761786187688259,0.48184443882656086,-2,194
model,result_0969,0.8940448759108021,0.40892330758419765,2,105
