background,mannheim_000000_000218.png
split,train
model,result_0472,0.43174849909497603,0.6121426291479066,-4,42
