background,stuttgart_000049_000019.png
split,train
model,result_0949,0.6073338805967392,0.5918761311496076,2,220
model,result_0324,0.03582881250063874,0.8425461505906899,-1,323
model,result_0173,0.9623938217696101,0.9501403574209405,3,129
