background,heidelberg_000000_000623.png
split,train
model,result_0499,0.8265392932563923,0.5178719851888484,-3,347
