background,muhlheim-ruhr_000000_001085.png
split,train
model,result_0367,0.253609878929817,0.8319197497890133,-2,309
model,result_0822,0.7734214431331066,0.5040887163622771,-3,171
