background,oberhausen_000000_000177.png
split,train
model,result_0388,0.651673875668844,0.7645783726962264,-2,228
