background,dortmund_000000_000664.png
split,train
model,result_0328,0.03765889136226286,0.8430684635459021,-2,302
model,result_0879,0.3542104430776415,0.5260788102909479,-1,174
model,result_0542,0.016108479356485073,0.3061893219853147,0,352
