background,schweinfurt_000000_000122.png
split,train
model,result_0861,0.7571850147706904,0.5051402325784061,-2,82
