background,karlsruhe_000000_000105.png
split,train
model,result_0586,0.013331366643184683,0.44445726439914257,-3,287
model,result_0989,0.19838401069014144,0.7464177123431638,-3,296
