background,augsburg_000000_001444.png
split,train
model,result_0995,0.6829684070254088,0.4025595583745765,-2,125
model,result_0969,0.9634356418571216,0.48507786681645515,2,323
