background,karlsruhe_000000_000384.png
split,train
model,result_0324,0.009314983968953916,0.9463542257252849,4,279
