background,strasbourg_000001_032315.png
split,train
model,result_0123,0.016427445446902667,0.8427226967169358,-3,262
