background,augsburg_000000_000116.png
split,train
model,result_0983,0.5213932753117533,0.35901777612361496,1,205
model,result_0996,0.14832700426561618,0.3376734450542346,2,130
model,result_0266,0.8119031683947439,0.6371974202331847,-2,115
