background,duisburg_000000_000736.png
split,train
model,result_0632,0.12456673919687167,0.31204085037525153,4,62
