background,oberhausen_000000_000086.png
split,train
model,result_0477,0.4845104705087284,0.2957883877188199,1,41
model,result_0949,0.6314680068353334,0.630890511788664,1,150
model,result_0324,0.07501841958548106,0.8019488499406295,-3,350
