background,mannheim_000000_000748.png
split,train
model,result_0862,0.1053451390256539,0.5565437545832992,4,111
model,result_0524,0.5066006513551391,0.6412088072251086,3,164
model,result_0199,0.29296517898336627,0.6671072378755918,-2,275
