background,duisburg_000000_000823.png
split,train
model,result_0060,0.0596232638306643,0.4237329602194175,2,64
model,result_0080,0.1898101111027043,0.9871122806921708,2,133
