background,nuremberg_000000_001362.png
split,train
model,result_0199,0.06241266602677431,0.39450040467644065,-1,13
model,result_0060,0.6328910784295728,0.40928666445343365,3,179
