background,mannheim_000000_000636.png
split,train
model,result_0612,0.8352656315382817,0.4527849792112707,3,360
