background,dortmund_000000_000957.png
split,train
model,result_0004,0.7546295438769652,0.541005298536212,1,304
model,result_0931,0.09668148707005098,0.48133782583966844,-2,38
