background,mannheim_000000_000165.png
split,train
model,result_0247,0.7840554049819127,0.8691199366286011,-3,84
