background,bayreuth_000000_000697.png
split,train
model,result_0855,0.5583805443305645,0.7921749324910469,-3,350
model,result_0338,0.426660776462904,0.628329186254033,1,208
model,result_0557,0.3311053713603014,0.35745019218958973,-4,320
