background,augsburg_000000_001498.png
split,train
model,result_0657,0.833496536012269,0.5071674234346815,4,301
model,result_0914,0.39650992118360806,0.48268016749961173,3,134
