background,karlsruhe_000000_000535.png
split,train
model,result_0004,0.23507233402529804,0.6512943826247432,-4,97
