background,dortmund_000000_000651.png
split,train
model,result_0968,0.8634693783101736,0.9573281628746786,0,70
