background,troisdorf_000000_000036.png
split,train
model,result_0283,0.45995914344853817,0.9675684400582479,4,124
model,result_0968,0.9831489485761313,0.34870711746289584,2,63
model,result_0847,0.2267490473827808,0.7073118981541486,-3,232
