background,augsburg_000000_001094.png
split,train
model,result_0080,0.4465841775490559,0.9626550937112506,-1,288
model,result_0857,0.8345655181155959,0.7731503784045459,-2,354
model,result_0795,0.7475585618477416,0.9019420764453153,-3,231
