background,troisdorf_000000_000110.png
split,train
model,result_0855,0.7321150479456424,0.29063224668285204,3,301
model,result_0338,0.9739757074258786,0.8469280380004469,2,344
