background,heidelberg_000000_000994.png
split,train
model,result_0542,0.09446644543798932,0.6496042967339183,2,349
