background,heidelberg_000000_000562.png
split,train
model,result_0266,0.44512055925784955,0.7493023184731831,4,147
