background,bremen_000081_000019.png
split,train
model,result_0542,0.22274576035769833,0.3724832617104632,4,73
model,result_0674,0.6354353509442671,0.3297846543293458,4,126
model,result_0146,0.03364136616684177,0.737367918287752,-4,297
