background,stuttgart_000082_000019.png
split,train
model,result_0992,0.7405103184305508,0.28056252514090907,-3,216
model,result_0394,0.6688236788376077,0.7776757479690704,-2,189
model,result_0163,0.09459058629379691,0.9349624814749545,1,273
