background,wurzburg_000000_000377.png
split,train
model,result_0861,0.43120580237686823,0.8687208723296094,-2,251
