background,munster_000118_000019.png
split,train
model,result_0036,0.8067332564528006,0.7678009559670221,-1,194
