background,oberhausen_000000_000742.png
split,train
model,result_0239,0.061040140243376895,0.7020899606932912,0,262
model,result_0051,0.4658414010297436,0.49513144635297834,-2,275
