background,stuttgart_000045_000019.png
split,train
model,result_0739,0.3627942063434828,0.6339428110341431,-4,360
model,result_0960,0.7734210563316994,0.6234520189429378,-1,9
model,result_0632,0.39717063230530714,0.48104624615772174,1,132
