background,duisburg_000000_000282.png
split,train
model,result_0060,0.6334899065384256,0.6022267686346633,-4,149
model,result_0080,0.8371254536666405,0.4809671693772856,2,322
model,result_0857,0.5093582309718712,0.9684929842900606,-3,130
