background,konstanz_000000_000059.png
split,train
model,result_0949,0.5806018062646899,0.8659864076386679,-4,83
model,result_0324,0.6515265573729164,0.39713957885774887,-4,0
model,result_0173,0.5451239943961355,0.28656614122798835,3,66
