background,bremen_000181_000019.png
split,train
model,result_0879,0.7063762245242216,0.9092412703577027,0,287
model,result_0542,0.8627337474943265,0.5957951678056025,-1,200
model,result_0674,0.022734977317425353,0.385737996325216,3,349
