background,schweinfurt_000000_000426.png
split,train
model,result_0295,0.8623429879612338,0.743851422872783,-2,58
model,result_0127,0.2256805117335896,0.3559181412099689,4,38
