background,muhlheim-ruhr_000000_000065.png
split,train
model,result_0992,0.9721015846650196,0.6633542550376741,2,220
model,result_0394,0.07383812271748369,0.29426088813530005,-2,166
model,result_0163,0.9790081384090346,0.8019033770100915,-4,209
