background,oberhausen_000000_000893.png
split,train
model,result_0979,0.6338848291388078,0.7579095984632532,4,114
