background,freiburg_000000_000574.png
split,train
model,result_0931,0.10862320334501574,0.503601305366502,-1,83
model,result_0123,0.010810612979563428,0.5524549892039997,0,259
