background,nuremberg_000000_000252.png
split,train
model,result_0557,0.0295020221520772,0.9490965568554267,0,217
model,result_0544,0.7961181765595661,0.8256122593203663,0,210
model,result_0999,0.6842141206202054,0.4314177787016228,0,288
