background,karlsruhe_000000_000083.png
split,train
model,result_0992,0.4149281603474586,0.9188175166211094,-1,3
