background,konstanz_000000_000252.png
split,train
model,result_0857,0.7051732296100185,0.8556190163157184,-2,49
model,result_0795,0.16368583221870192,0.6657341158325549,1,143
