background,bayreuth_000000_000215.png
split,train
model,result_0861,0.2640333756974743,0.31974085959844745,1,21
model,result_0882,0.9632265680814347,0.4069676005786051,1,335
model,result_0467,0.9967643306470446,0.803282707607745,3,337
