background,augsburg_000000_001095.png
split,train
model,result_0844,0.13451487800798512,0.794187579297247,3,282
