background,augsburg_000000_000714.png
split,train
model,result_0968,0.886014269173425,0.5652080193962163,-1,212
