background,augsburg_000000_000643.png
split,train
model,result_0385,0.8199536474050169,0.7934584657387547,-4,270
model,result_0991,0.45028819775928597,0.8529825199732326,3,88
