background,duisburg_000000_000433.png
split,train
model,result_0678,0.007863741648659994,0.5632821751748383,-2,130
