background,freiburg_000000_000461.png
split,train
model,result_0674,0.2044653681012505,0.6355103894622128,2,99
