background,nuremberg_000000_000261.png
split,train
model,result_0775,0.8891141988952543,0.4037424004661723,0,102
