background,wurzburg_000000_001234.png
split,train
model,result_0739,0.9476190502970268,0.36311450206571966,3,16
