background,saarbrucken_000000_000107.png
split,train
model,result_0844,0.18992695685152128,0.598555066864945,2,294
model,result_0995,0.8742761310786913,0.8810926061549816,-2,221
model,result_0969,0.859750476070076,0.5940954332756223,3,79
