background,schweinfurt_000000_000253.png
split,train
model,result_0822,0.4710179439427258,0.41891331966130263,4,182
