background,monchengladbach_000000_019901.png
split,train
model,result_0215,0.7711738164443128,0.47819255331865673,0,267
model,result_0332,0.1974108377632956,0.5443764382910108,-2,298
model,result_0385,0.9663031232355851,0.9658245217233995,-1,352
