background,schweinfurt_000000_000597.png
split,train
model,result_0989,0.10138447072053547,0.7880877266421127,4,256
