background,dortmund_000000_000084.png
split,train
model,result_0193,0.6372524381633765,0.26773507201499536,0,235
