background,wurzburg_000000_000430.png
split,train
model,result_0995,0.7290099085200815,0.5376462440450863,0,93
model,result_0969,0.9010677845211014,0.2814927073732051,-2,326
