background,schweinfurt_000000_000444.png
split,train
model,result_0373,0.6328353082785781,0.7215980089285984,2,38
model,result_0191,0.9704786461331395,0.5907579096937916,0,69
