background,heidelberg_000000_001099.png
split,train
model,result_0992,0.8638415790780634,0.9398638454570221,0,14
