background,karlsruhe_000000_000777.png
split,train
model,result_0805,0.6738586794239496,0.868179505140755,4,59
model,result_0039,0.6729718594702635,0.9380216258329943,-3,51
