background,karlsruhe_000000_000944.png
split,train
model,result_0527,0.7520376571743398,0.41092671619093263,3,213
model,result_0602,0.46232225675462,0.6299721359042915,3,171
