background,wuppertal_000000_000528.png
split,train
model,result_0215,0.150119752374701,0.6933912620527429,-3,346
model,result_0332,0.32313632501749634,0.32223362941845984,-2,289
