background,dortmund_000000_000196.png
split,train
model,result_0192,0.016107101532580104,0.3313001635037969,-3,65
