background,augsburg_000000_000427.png
split,train
model,result_0602,0.9540406880551628,0.3844618036073422,1,99
model,result_0024,0.45101619611029375,0.3100888423980477,4,249
model,result_0288,0.7350644534486641,0.5061109229219007,0,305
