background,dortmund_000000_000440.png
split,train
model,result_0878,0.8714616574261841,0.9225511245260241,1,163
model,result_0004,0.5723984660659148,0.8583651976822844,-2,70
