background,augsburg_000000_000528.png
split,train
model,result_0751,0.9259409683721168,0.8808211151887946,-3,114
