background,augsburg_000000_001086.png
split,train
model,result_0968,0.4705241514907591,0.7578103125496057,-1,273
