background,karlsruhe_000000_000472.png
split,train
model,result_0060,0.8101001441635381,0.5609166466680768,-4,216
