background,muhlheim-ruhr_000000_000000.png
split,train
model,result_0024,0.9545209323064127,0.8090819548126548,3,8
model,result_0288,0.41716062005685617,0.972569833107119,1,172
model,result_0247,0.6187721224839187,0.4200638142480493,-3,3
