background,oberhausen_000000_000875.png
split,train
model,result_0979,0.5564120308267233,0.9242132915264304,2,56
model,result_0871,0.9135845955611801,0.8052497882917211,4,149
model,result_0878,0.1494968695180643,0.2907147365485644,-1,249
