background,nuremberg_000000_000971.png
split,train
model,result_0914,0.5333486601956925,0.7982729999606929,2,305
model,result_0193,0.013647352739717955,0.9376978325665734,-3,271
model,result_0036,0.7178304413135791,0.7800005873103758,-3,228
