background,konstanz_000000_001148.png
split,train
model,result_0542,0.683964119060919,0.6632790378611273,1,226
