background,wuppertal_000000_000452.png
split,train
model,result_0606,0.28113036432058125,0.25120536702737256,1,339
