background,augsburg_000000_000680.png
split,train
model,result_0586,0.4344140775738894,0.7053949435359,-3,101
model,result_0989,0.6502898405338978,0.6377891131638448,-3,161
model,result_0803,0.02786433854574244,0.8432420133603571,-1,351
