background,zurich_000110_000019.png
split,train
model,result_0878,0.06751411243890204,0.9026465128569415,1,122
model,result_0004,0.30369719871238,0.3211516442212028,1,343
model,result_0931,0.7522374947253478,0.596858238128054,3,351
