background,karlsruhe_000000_001144.png
split,train
model,result_0060,0.9178729930459522,0.6758728758346374,-1,120
