background,augsburg_000000_000222.png
split,train
model,result_0527,0.16796699527142078,0.5279094590525718,1,24
model,result_0602,0.8234461749469418,0.3125676127375184,-1,250
