background,muhlheim-ruhr_000000_000276.png
split,train
model,result_0051,0.664213056295701,0.2599354137232386,-1,205
model,result_0739,0.4922770886791902,0.4307894300091394,2,169
