background,wurzburg_000000_000934.png
split,train
model,result_0602,0.019459087513724938,0.4546295314355759,-1,217
model,result_0024,0.08447030959150092,0.8125323531021469,3,75
model,result_0288,0.557403438648605,0.7559468351365779,-3,339
