background,muhlheim-ruhr_000000_000511.png
split,train
model,result_0524,0.9376351622119101,0.9420525645318913,-3,70
model,result_0199,0.6365483990073849,0.4073043850794311,-4,128
