background,nuremberg_000000_000596.png
split,train
model,result_0247,0.20879395935451384,0.5387282490785547,-3,298
