background,wuppertal_000000_000583.png
split,train
model,result_0386,0.984942852792897,0.2943185049967274,-3,46
