background,nuremberg_000000_001062.png
split,train
model,result_0739,0.4268147333669513,0.7288731200144741,2,251
model,result_0960,0.04326128157497944,0.942580117587743,-1,58
