background,konstanz_000000_000290.png
split,train
model,result_0477,0.09375199130344358,0.818897611173332,1,343
model,result_0949,0.36756624862149057,0.7107665961012966,-4,62
model,result_0324,0.3235599439988325,0.37465655397351433,2,324
