background,muhlheim-ruhr_000000_000196.png
split,train
model,result_0983,0.5320341132789831,0.9796754105527096,2,23
