background,nuremberg_000000_000549.png
split,train
model,result_0215,0.2360220016987692,0.47539164769736375,-2,146
model,result_0332,0.8452864995002544,0.3003025590866544,4,320
