background,nuremberg_000000_000541.png
split,train
model,result_0674,0.586819773972555,0.6077878501569244,-4,347
