background,dortmund_000000_000360.png
split,train
model,result_0879,0.03730008663741924,0.9918899803989667,2,227
model,result_0542,0.5055586581293876,0.2871497148099066,4,352
