background,karlsruhe_000000_000440.png
split,train
model,result_0557,0.9557042290188603,0.8968703442506287,4,71
model,result_0544,0.5037445951443761,0.6021958734933284,-3,113
model,result_0999,0.08992628526883684,0.9594429745609112,-3,137
