background,mannheim_000000_001142.png
split,train
model,result_0784,0.5910103296886808,0.31783709580311537,0,86
model,result_0924,0.881897964306653,0.3163419492958392,-1,231
