background,schweinfurt_000000_000653.png
split,train
model,result_0215,0.619195091932116,0.7006553871422722,3,106
