background,muhlheim-ruhr_000000_000164.png
split,train
model,result_0968,0.6483435003554342,0.2731338423967261,0,300
