background,freiburg_000000_000771.png
split,train
model,result_0632,0.020460682240918127,0.6389975934540602,2,67
model,result_0357,0.4719852126199896,0.5396220439834756,2,246
model,result_0046,0.6633195065395183,0.6188465983968423,-1,287
