background,mannheim_000000_000824.png
split,train
model,result_0866,0.2812058372202819,0.5656302341507635,-3,73
model,result_0983,0.020397630928005617,0.989538135130485,0,296
