background,bremen_000170_000019.png
split,train
model,result_0146,0.48591880759209405,0.920131577255884,-4,158
model,result_0295,0.20747485268892196,0.6410109810401364,3,323
