background,augsburg_000000_000584.png
split,train
model,result_0879,0.33286462976648346,0.433262964543937,3,339
model,result_0542,0.06863337653489188,0.5988623740135929,-2,124
