background,bremen_000150_000019.png
split,train
model,result_0332,0.17102794223522344,0.7412843527010771,4,297
model,result_0385,0.8831749718482472,0.9284091271447887,-1,344
