background,heidelberg_000000_000470.png
split,train
model,result_0385,0.8087885212930134,0.5898046868035107,-2,303
