background,nuremberg_000000_001409.png
split,train
model,result_0606,0.469676590486813,0.40718164353926234,3,314
model,result_0082,0.42910902999942824,0.5073999639273226,1,86
