background,freiburg_000000_000063.png
split,train
model,result_0960,0.8423919091716886,0.39801539852920753,-1,66
