background,aachen_000130_000019.png
split,train
model,result_0775,0.40102122768706705,0.610461692910867,4,263
model,result_0075,0.44681498036688894,0.28021543894918777,2,222
