background,oberhausen_000000_000019.png
split,train
model,result_0879,0.9486814282189245,0.5230847516581103,-3,227
