background,karlsruhe_000000_000924.png
split,train
model,result_0389,0.8143248420579206,0.9064951655751099,-3,254
