background,dortmund_000000_000934.png
split,train
model,result_0878,0.07501857773452203,0.35387868477339013,3,102
