background,freiburg_000000_000224.png
split,train
model,result_0657,0.5985142088479705,0.7511350232373449,4,295
model,result_0914,0.3784548418709046,0.5362445809361167,-1,271
model,result_0193,0.08871389055078793,0.756219866307609,-2,131
