background,konstanz_000000_000222.png
split,train
model,result_0192,0.17882216990387345,0.6662409960486585,0,4
