background,konstanz_000000_000113.png
split,train
model,result_0123,0.4028805577408676,0.5462153533459924,3,149
model,result_0472,0.29071892703454316,0.8305149861064379,-4,337
model,result_0981,0.6494633795334908,0.6463872556626284,0,122
