background,dortmund_000000_000760.png
split,train
model,result_0602,0.40441891789228257,0.8823644938798847,3,14
model,result_0024,0.42883944962994414,0.508871747081032,-2,154
