background,augsburg_000000_000067.png
split,train
model,result_0878,0.9835087387972661,0.45913252872774535,-1,235
model,result_0004,0.28330202050360764,0.8615822101758484,-2,18
model,result_0931,0.9602829313854654,0.5569533061422671,-1,235
