background,stuttgart_000040_000019.png
split,train
model,result_0060,0.9068779306875625,0.29804708582431005,3,53
model,result_0080,0.5120298366735012,0.6884531216862824,3,216
model,result_0857,0.40836090810619163,0.751699035422901,-1,163
