background,lindau_000055_000019.png
split,train
model,result_0472,0.0611433633822791,0.8588842572320791,-4,182
model,result_0981,0.7894966292166083,0.4395786455944005,-4,294
model,result_0527,0.2142237122805415,0.9212369893346564,2,178
