background,konstanz_000000_001286.png
split,train
model,result_0751,0.7831290129685788,0.5046113038394966,1,288
model,result_0678,0.9895343095887406,0.9748514471252354,-3,125
