background,schweinfurt_000000_000440.png
split,train
model,result_0646,0.522981872961681,0.6833762413912927,1,276
model,result_0586,0.9074905899241994,0.32231758027646973,4,117
model,result_0989,0.9471299179521109,0.47915485375389477,-2,54
