background,nuremberg_000000_000151.png
split,train
model,result_0878,0.5959003996489426,0.8486779041612091,-3,227
model,result_0004,0.49306462056051226,0.5902567599024806,0,85
