background,mannheim_000000_000033.png
split,train
model,result_0632,0.8827951455613513,0.42413329755071727,-1,113
model,result_0357,0.520171119731071,0.9125308136987497,-3,48
