background,nuremberg_000000_001340.png
split,train
model,result_0557,0.8702477509486061,0.5722754444320937,-3,183
model,result_0544,0.20624562639021216,0.37079555633796624,-1,302
model,result_0999,0.24325256859393463,0.34588348442678607,-2,238
