background,freiburg_000000_000168.png
split,train
model,result_0215,0.3142969776235518,0.2789962271462022,-1,303
model,result_0332,0.5450761257426315,0.7163097308836506,-4,202
