background,bayreuth_000000_000519.png
split,train
model,result_0004,0.685792932296307,0.3628891199620005,4,237
