background,schweinfurt_000000_000183.png
split,train
model,result_0775,0.06666223641447477,0.373289424451664,-1,3
model,result_0075,0.10152320207365118,0.8678636458313169,3,359
model,result_0992,0.816995022380362,0.31300771188181364,2,210
