background,augsburg_000000_000494.png
split,train
model,result_0247,0.20458018643281273,0.7766297725114186,2,165
model,result_0239,0.47493835270495155,0.7728122082653042,0,298
model,result_0051,0.7057020689862252,0.7307555464239559,-3,121
