background,karlsruhe_000000_000620.png
split,train
model,result_0039,0.7912175164658665,0.6323641370784413,4,23
