background,oberhausen_000000_000892.png
split,train
model,result_0080,0.8280860036328864,0.9809351702580417,1,88
model,result_0857,0.026964880705064642,0.8234027195551337,-2,115
