background,wurzburg_000000_000902.png
split,train
model,result_0855,0.21854834264542777,0.562251200578225,4,207
