background,heilbronn_000000_000006.png
split,train
model,result_0061,0.34986347394030215,0.6495553896011291,4,217
