background,muhlheim-ruhr_000000_000864.png
split,train
model,result_0193,0.021949007729062275,0.9758214416278108,-2,307
