background,oberhausen_000000_000493.png
split,train
model,result_0866,0.5677614647861836,0.47100584151230673,-1,65
model,result_0983,0.7058529008418288,0.3214138084233763,2,328
model,result_0996,0.4837107622323693,0.9035369597994629,-4,239
