background,muhlheim-ruhr_000000_000717.png
split,train
model,result_0562,0.2937622544206534,0.6200568287487205,3,19
model,result_0215,0.3011959850706626,0.7977839823265155,4,221
model,result_0332,0.9156891537618909,0.9253607528012084,-1,334
