background,mannheim_000000_000560.png
split,train
model,result_0989,0.7680470116592735,0.9810433732843611,-4,133
model,result_0803,0.3729479295295449,0.30865292448324155,-2,42
