background,muhlheim-ruhr_000000_000321.png
split,train
model,result_0562,0.6468260971793522,0.8292789875312184,-1,115
model,result_0215,0.8598778275495105,0.348665582352093,4,31
