background,wurzburg_000000_000363.png
split,train
model,result_0855,0.5209004698074938,0.5741544788660005,1,80
model,result_0338,0.6275102990340934,0.4112497694859366,4,111
