background,freiburg_000000_000030.png
split,train
model,result_0866,0.9701520423863511,0.6703356539016626,3,39
