background,nuremberg_000000_001377.png
split,train
model,result_0751,0.17578539713008934,0.3300060281085371,3,317
