background,nuremberg_000000_000313.png
split,train
model,result_0602,0.007855075947458712,0.6362908672193888,-1,28
