background,mannheim_000000_000200.png
split,train
model,result_0510,0.6818233420190472,0.5741774450593325,2,167
model,result_0328,0.6377398096255583,0.3386443466723573,-1,292
model,result_0879,0.19501922367392288,0.5693799897775429,0,241
