background,mannheim_000000_000080.png
split,train
model,result_0080,0.5055844406634286,0.41212686642024166,0,85
model,result_0857,0.7953651575678174,0.8895099527558579,2,299
model,result_0795,0.4963559018752606,0.5303742109737986,-3,7
