background,konstanz_000000_001109.png
split,train
model,result_0046,0.7435590999858114,0.6070613793083356,-2,38
model,result_0389,0.948606731156639,0.7084468252243891,-3,159
