background,konstanz_000000_001263.png
split,train
model,result_0266,0.9130985251974028,0.2932000810213954,-3,147
model,result_0862,0.6891380119378097,0.8915810167892653,4,345
