background,karlsruhe_000000_000722.png
split,train
model,result_0373,0.8870177062775599,0.730258968048841,0,203
