background,wuppertal_000000_000997.png
split,train
model,result_0218,0.06808192854946304,0.8652889998865376,2,278
model,result_0694,0.737200840160992,0.33181996168639327,-4,89
