background,schweinfurt_000000_000164.png
split,train
model,result_0075,0.3217741873600658,0.9359880599379234,3,214
model,result_0992,0.10268208335548556,0.35668312740133135,4,118
model,result_0394,0.45185114108821867,0.8678687812054087,3,173
