background,konstanz_000000_000177.png
split,train
model,result_0193,0.22750214070000485,0.7909441330615329,0,231
model,result_0036,0.44436046258987405,0.32315543996319673,-2,182
