background,mannheim_000000_000590.png
split,train
model,result_0775,0.004838996417382946,0.6502697038230126,-2,138
model,result_0075,0.2702152195236137,0.349522136993877,1,239
