background,bamberg_000000_000108.png
split,train
model,result_0657,0.8174293651604525,0.2726004119022013,2,116
model,result_0914,0.16178293626160012,0.5750479174759136,-2,65
model,result_0193,0.4737353283741542,0.4705175317562446,2,172
