background,wuppertal_000000_000848.png
split,train
model,result_0440,0.6400306137530719,0.5298804693241268,-4,327
