background,wurzburg_000000_000462.png
split,train
model,result_0051,0.6392183490961927,0.41733318937805164,0,88
model,result_0739,0.5915304278231205,0.29820047880872136,1,144
model,result_0960,0.6446867681050027,0.5945872233623712,3,258
