background,erfurt_000017_000019.png
split,train
model,result_0288,0.9169235998424093,0.9737694839742592,0,347
