background,saarbrucken_000000_000545.png
split,train
model,result_0191,0.6012791727155745,0.6312170235518362,1,202
