background,dusseldorf_000030_000019.png
split,train
model,result_0499,0.26400525880848646,0.7678619390263005,4,262
model,result_0844,0.49572112421927295,0.8220852177643245,-1,297
model,result_0995,0.8222389895518868,0.8432264440083044,1,206
