background,heidelberg_000000_000358.png
split,train
model,result_0051,0.3336891566824868,0.8047307258903887,0,181
model,result_0739,0.6905227754539981,0.8047985603041267,-1,192
