background,wurzburg_000000_001420.png
split,train
model,result_0866,0.013950309673984806,0.6400555270052238,4,76
model,result_0983,0.9983617542459746,0.5492141579310699,3,325
