background,konstanz_000000_001123.png
split,train
model,result_0477,0.6315816638735328,0.5203726887459337,1,9
model,result_0949,0.08020192900191281,0.6006765921432146,3,284
model,result_0324,0.29951771602018284,0.4592794263688158,-3,287
