background,oberhausen_000000_000875.png
split,train
model,result_0394,0.5742406939822523,0.35599480776064174,-2,322
