background,freiburg_000000_000248.png
split,train
model,result_0288,0.303454092907267,0.6967779208773948,0,355
