background,wuppertal_000000_000659.png
split,train
model,result_0871,0.03686149191738708,0.3632266142521108,1,159
model,result_0878,0.24514229176433933,0.34005010600464236,2,321
model,result_0004,0.4016797535732527,0.2964757097963131,3,122
