background,wuppertal_000000_000192.png
split,train
model,result_0527,0.6860756912726629,0.6827288446175039,-2,33
model,result_0602,0.7102799555225843,0.5638591314701706,2,70
