background,bayreuth_000000_000296.png
split,train
model,result_0557,0.583999172934489,0.6040672104795686,4,324
