background,duisburg_000000_000101.png
split,train
model,result_0992,0.9778760494907875,0.3010918457308438,-2,24
