background,augsburg_000000_000942.png
split,train
model,result_0173,0.05198627335079742,0.3088291384000242,-1,190
model,result_0751,0.6386545219664167,0.3639928334065486,0,353
