background,dortmund_000000_000967.png
split,train
model,result_0061,0.10740491663642804,0.9712973911978081,-2,162
model,result_0606,0.4118034498456066,0.5598513420258608,3,303
