background,wuppertal_000000_000910.png
split,train
model,result_0080,0.2623891563156733,0.4897318142066921,0,296
