background,wuppertal_000000_000684.png
split,train
model,result_0004,0.7357084285655683,0.5072475040561815,3,24
model,result_0931,0.314384601566409,0.768709136304404,2,177
