background,troisdorf_000000_000126.png
split,train
model,result_0739,0.9892201898413736,0.4605633291152216,-1,352
model,result_0960,0.8863070854638907,0.25466394115334273,4,145
