background,lindau_000049_000019.png
split,train
model,result_0924,0.07115380366393798,0.6108203542997264,-2,239
