background,wurzburg_000000_000967.png
split,train
model,result_0866,0.5815460716596701,0.918010860244727,1,319
