background,augsburg_000000_000268.png
split,train
model,result_0882,0.08114644583339214,0.26336408243996157,-1,326
