background,muhlheim-ruhr_000000_000262.png
split,train
model,result_0871,0.4064519099023154,0.7788379008181845,-4,5
model,result_0878,0.28851004832678484,0.38228535249421963,2,303
