background,heidelberg_000000_000391.png
split,train
model,result_0199,0.46537020815951224,0.5516112540434205,0,294
model,result_0060,0.04200369926815528,0.3966625453494411,4,272
