background,muhlheim-ruhr_000000_000867.png
split,train
model,result_0394,0.5423585774317572,0.9365662575615347,3,38
model,result_0163,0.08554415923423775,0.41663417108321554,-3,36
model,result_0657,0.3797862793536836,0.9598702151157483,-3,77
