background,bayreuth_000000_000231.png
split,train
model,result_0882,0.026005780306414206,0.7116704894053127,-3,301
model,result_0467,0.17295442387113258,0.6070150965905592,4,200
