background,freiburg_000000_000726.png
split,train
model,result_0960,0.07128065326184863,0.6562998990897134,-4,69
