background,heidelberg_000000_000725.png
split,train
model,result_0024,0.22498067150313295,0.3423829174318979,3,92
model,result_0288,0.4406638602205569,0.9638767675475716,1,210
model,result_0247,0.5732279037602591,0.821748798996112,1,99
