background,augsburg_000000_000398.png
split,train
model,result_0123,0.32677557652220635,0.795315494313851,4,206
