background,konstanz_000000_000943.png
split,train
model,result_0061,0.2501181462553308,0.2881799398576109,-2,261
model,result_0606,0.20321670182491658,0.5988625521729841,-4,52
model,result_0082,0.18678486467232314,0.3742303682188288,4,101
