background,wuppertal_000000_000548.png
split,train
model,result_0082,0.800826635255004,0.5836258406665509,1,29
