background,troisdorf_000000_000086.png
split,train
model,result_0775,0.9280688444585447,0.40216417432996965,2,139
model,result_0075,0.04142957614428633,0.9186581494908126,-4,310
