background,bayreuth_000000_000101.png
split,train
model,result_0146,0.588802345827723,0.48292324771199746,3,255
model,result_0295,0.3166738090932236,0.8039401369246052,0,89
