background,wuppertal_000000_000948.png
split,train
model,result_0218,0.5334118659701923,0.9252188406248435,1,267
model,result_0694,0.35541834100150294,0.6762516358192209,3,147
model,result_0319,0.46977394896346103,0.908064680055764,2,315
