background,heidelberg_000000_000052.png
split,train
model,result_0979,0.15148689731509657,0.9072428976479243,2,36
model,result_0871,0.8162047858368521,0.9098278891416609,-3,68
model,result_0878,0.6754361365817555,0.7534893449344149,-4,341
