background,augsburg_000000_000938.png
split,train
model,result_0847,0.39688072782477724,0.8228443924358629,2,247
model,result_0646,0.5184947137811037,0.645015731185022,-3,294
model,result_0586,0.3548081104350973,0.4169106387868936,-3,166
