background,schweinfurt_000000_000204.png
split,train
model,result_0866,0.727710244112158,0.6454036679954118,3,244
model,result_0983,0.7280474951395727,0.718647316600032,0,197
