background,muhlheim-ruhr_000000_000567.png
split,train
model,result_0484,0.17186774706209695,0.5182774836499361,1,197
model,result_0861,0.08154553558868793,0.37539009616612196,-1,59
