background,konstanz_000000_000950.png
split,train
model,result_0163,0.43414405813086854,0.2827443729331772,2,132
