background,muhlheim-ruhr_000000_000999.png
split,train
model,result_0968,0.15410010687975906,0.4466004834168977,-4,324
model,result_0847,0.07000550954709106,0.9988087205337101,4,280
model,result_0646,0.0658963497828704,0.6787193154484704,-4,344
