background,nuremberg_000000_000940.png
split,train
model,result_0983,0.6834639490473711,0.9098413943079771,1,64
model,result_0996,0.729408143771417,0.8419771853574578,0,31
