background,muhlheim-ruhr_000000_001158.png
split,train
model,result_0632,0.7398619145204005,0.8098803059999156,-1,267
