background,bayreuth_000000_000296.png
split,train
model,result_0945,0.9808374778108784,0.906854555918428,-2,13
model,result_0612,0.6315520728724897,0.7838820541198277,1,165
