background,muhlheim-ruhr_000000_000314.png
split,train
model,result_0983,0.20631296186739445,0.2750526752556808,2,334
model,result_0996,0.09369157153844176,0.4752311751831241,2,77
