background,muhlheim-ruhr_000000_001098.png
split,train
model,result_0051,0.7654502258497783,0.6610929339880347,-4,85
model,result_0739,0.398090225195324,0.7591490212977249,0,248
