background,muhlheim-ruhr_000000_000568.png
split,train
model,result_0239,0.8985914947439627,0.2766738198756325,3,64
