background,dortmund_000000_000314.png
split,train
model,result_0586,0.5473345896238293,0.5629920451146855,-4,1
