background,dortmund_000000_000552.png
split,train
model,result_0319,0.08404677435977725,0.443862990328333,-3,183
