background,nuremberg_000000_001042.png
split,train
model,result_0499,0.9439556256918408,0.8621751378395018,-4,231
model,result_0844,0.7180110410906201,0.4897611987107265,2,85
model,result_0995,0.1295611048659524,0.8703650983145683,2,206
