background,saarbrucken_000000_000478.png
split,train
model,result_0878,0.4519202231513948,0.33134511167954883,-2,345
model,result_0004,0.6490828453300171,0.46970750041782583,4,294
