background,muhlheim-ruhr_000000_000416.png
split,train
model,result_0036,0.16891588514922207,0.38783491962922884,1,187
