background,heilbronn_000000_000077.png
split,train
model,result_0871,0.9411471256815079,0.48469181633390357,2,238
model,result_0878,0.3771409981875615,0.3188819967208496,3,40
