background,mannheim_000000_000009.png
split,train
model,result_0283,0.16879901628978422,0.7823722926169825,-3,321
model,result_0968,0.7150175345661045,0.4460450408278225,0,116
model,result_0847,0.4506380674715057,0.6654599585564973,2,38
