background,jena_000011_000019.png
split,train
model,result_0061,0.015410730412579676,0.5488970512412925,-3,75
model,result_0606,0.9253674901030577,0.9300401661685714,1,323
model,result_0082,0.6181724273544708,0.5153081810965396,-2,328
