background,freiburg_000000_000786.png
split,train
model,result_0775,0.6834862120797194,0.25531409184790876,2,280
model,result_0075,0.7802265528360747,0.6973147640101147,3,109
model,result_0992,0.34979887200093496,0.584113971167234,4,276
