background,konstanz_000000_000016.png
split,train
model,result_0979,0.5685820961951269,0.5335263138640757,3,136
