background,saarbrucken_000000_000549.png
split,train
model,result_0440,0.293363501090794,0.7104922655324816,-4,73
