background,dortmund_000000_000486.png
split,train
model,result_0193,0.8844371340407065,0.8652021121407082,4,263
model,result_0036,0.07427502892385718,0.8505861950996296,-4,83
model,result_1000,0.3581325798301537,0.5723418738033538,-4,302
