background,troisdorf_000000_000063.png
split,train
model,result_0557,0.41066705919886226,0.29895527047286663,-3,215
model,result_0544,0.7421414071964499,0.7021238378625811,3,157
model,result_0999,0.06720284071995597,0.40230707911396374,-4,265
