background,dortmund_000000_000188.png
split,train
model,result_0127,0.241978745532193,0.5535642164833265,-3,246
model,result_0022,0.6676046940603009,0.8893306134944792,3,89
model,result_0061,0.9176443704825569,0.9915225240115286,1,318
