background,freiburg_000000_000574.png
split,train
model,result_0960,0.8828863253911058,0.29780904899363225,-2,260
