background,konstanz_000000_000973.png
split,train
model,result_0931,0.9165698124612205,0.4460208641425745,4,168
model,result_0123,0.7932464221899866,0.6922317587073079,2,62
