background,muhlheim-ruhr_000000_000223.png
split,train
model,result_0983,0.6818442142490292,0.7570105654126801,-1,134
model,result_0996,0.6923504507524928,0.6135364859142765,2,246
