background,dortmund_000000_000780.png
split,train
model,result_0328,0.9844038173571212,0.9930613559080821,1,18
model,result_0879,0.18767713625452231,0.8567699362081281,-4,348
model,result_0542,0.6001605452789267,0.9724600585083978,4,233
