background,bad-honnef_000000_000032.png
split,train
model,result_0357,0.2062803336725766,0.8372183372739875,3,310
