background,muhlheim-ruhr_000000_000739.png
split,train
model,result_0467,0.6329441942874146,0.4731706520968767,-4,184
model,result_0154,0.9546597511131328,0.3076380535761718,-2,217
