background,schweinfurt_000000_000063.png
split,train
model,result_0283,0.4642506449622327,0.6083135271879507,-1,30
model,result_0968,0.395133785467741,0.7942612401831974,3,157
