background,mannheim_000000_001074.png
split,train
model,result_0385,0.44740061800522024,0.9497293502427001,0,152
