background,duisburg_000000_000320.png
split,train
model,result_0199,0.5243685591294103,0.5156710577909651,1,26
