background,wurzburg_000000_000171.png
split,train
model,result_0004,0.01470532483755116,0.529535217466059,-4,320
model,result_0931,0.5785733734225703,0.2868303504204268,4,275
model,result_0123,0.7036907462474249,0.9979677597543439,1,173
