background,schweinfurt_000000_000189.png
split,train
model,result_0154,0.7003848668259517,0.6857560030915706,1,339
