background,freiburg_000000_000324.png
split,train
model,result_0215,0.7818663302297815,0.6973277246403442,2,94
model,result_0332,0.3834758314488206,0.36913795769901003,3,37
model,result_0385,0.07750600476192648,0.6751952955718497,-1,22
