background,freiburg_000000_000750.png
split,train
model,result_0215,0.5933401808430507,0.8835337791487845,2,48
