background,dortmund_000000_000247.png
split,train
model,result_0199,0.953028044425276,0.8728390232768511,-3,167
model,result_0060,0.6465233346497059,0.8563064859047873,0,161
