background,wuppertal_000000_000647.png
split,train
model,result_0024,0.7535621176101469,0.8029636614608517,1,74
model,result_0288,0.2589758616610711,0.9971662191899996,-1,241
