background,wuppertal_000000_001005.png
split,train
model,result_0981,0.7643719307657864,0.8152200514314356,-1,224
model,result_0527,0.351610363563684,0.8226617343095258,4,271
model,result_0602,0.6613209914921575,0.6528899559636,1,142
