background,bayreuth_000000_000744.png
split,train
model,result_0163,0.34893700651436654,0.6106566966915652,4,240
model,result_0657,0.9309651771367001,0.5085602544616039,4,59
