background,karlsruhe_000000_000589.png
split,train
model,result_0283,0.19832968977049903,0.9051084485468276,-1,197
model,result_0968,0.09818711199387897,0.9383392179364076,1,134
