background,schweinfurt_000000_000422.png
split,train
model,result_0024,0.4769503723590761,0.9523842276433088,2,179
model,result_0288,0.20494530567011415,0.4349669530033955,-4,31
model,result_0247,0.36046147672107787,0.6509457798091216,-3,279
