background,muhlheim-ruhr_000000_000228.png
split,train
model,result_0385,0.08286889176100187,0.36098689426567443,-1,20
model,result_0991,0.773752004424094,0.6635643499857574,3,346
