background,dusseldorf_000033_000019.png
split,train
model,result_0367,0.6152235948375794,0.7304212803111374,-4,21
model,result_0822,0.09608516682620505,0.7757741642416999,4,193
model,result_0855,0.2214382379200055,0.6298912945640062,-2,179
