background,wurzburg_000000_001616.png
split,train
model,result_0992,0.6102565115991574,0.5507752926222909,-2,151
model,result_0394,0.09064141193449116,0.4473961685134394,-1,251
model,result_0163,0.8447521855389899,0.666418786790895,0,180
