background,oberhausen_000000_000471.png
split,train
model,result_0173,0.41670305706367006,0.7151739258766006,-4,336
model,result_0751,0.4027251194781585,0.42412435742995813,4,288
model,result_0678,0.9055750533143487,0.4325284120672916,-2,74
