background,schweinfurt_000000_000690.png
split,train
model,result_0960,0.9555682206798648,0.3744571649320807,2,7
model,result_0632,0.9087341414759853,0.2896968419399103,4,9
model,result_0357,0.8849647093082168,0.7285255783154101,1,1
