background,duisburg_000000_000106.png
split,train
model,result_0389,0.06323536779949412,0.47334380862608366,4,151
model,result_0164,0.11145022904476021,0.5412888400708814,-1,147
