background,bad-honnef_000000_000034.png
split,train
model,result_0992,0.6680952772808157,0.9826438398691179,-1,71
model,result_0394,0.5461000290665955,0.468609664481323,3,333
