background,wuppertal_000000_000764.png
split,train
model,result_0199,0.3270887748956136,0.2835036728247271,3,112
model,result_0060,0.5646476401067064,0.2781749911638477,-3,105
model,result_0080,0.7481380558688707,0.9766941012115359,-1,359
