background,karlsruhe_000000_000060.png
split,train
model,result_0960,0.2868091954916522,0.6895247758481152,1,265
model,result_0632,0.5271035340238862,0.5267709360166698,0,0
model,result_0357,0.3335683602523961,0.48568713625635584,3,117
