background,bamberg_000000_000184.png
split,train
model,result_0193,0.04405143549952417,0.9276308601419171,2,71
model,result_0036,0.5151635096405652,0.7551290492592276,-2,260
model,result_1000,0.12979259151944522,0.7505205808131177,-1,273
