background,frankfurt_000001_073243.png
split,train
model,result_0960,0.28616304267178894,0.30221658366239806,-2,43
model,result_0632,0.10137455214956859,0.5578766019268153,3,159
