background,wuppertal_000000_000388.png
split,train
model,result_0164,0.18789020265460932,0.5836025221350732,2,185
