background,heidelberg_000000_000046.png
split,train
model,result_0367,0.21843208324711116,0.6820880884007102,4,72
