background,wuppertal_000000_000538.png
split,train
model,result_0844,0.969664239836137,0.3569437702667025,2,184
model,result_0995,0.2731719163502332,0.9924537818470851,-1,196
