background,augsburg_000000_000182.png
split,train
model,result_0822,0.4469865170311442,0.30944429486321534,-1,346
