background,muhlheim-ruhr_000000_000369.png
split,train
model,result_0803,0.2883313916134619,0.45752306521215713,-2,302
model,result_0192,0.02958763276278431,0.27514023427017076,4,54
