background,augsburg_000000_001476.png
split,train
model,result_0357,0.6005006224560194,0.313437923972515,4,242
model,result_0046,0.25421157733101596,0.6130597753189644,-3,156
