background,bayreuth_000000_000437.png
split,train
model,result_0862,0.8798144654761513,0.345181183364419,3,22
