background,muhlheim-ruhr_000000_000940.png
split,train
model,result_0484,0.2171549157569722,0.2660504738078154,3,353
model,result_0861,0.7179354399690562,0.723025946995741,-2,116
model,result_0882,0.7428895104064108,0.9392472272238102,2,272
