background,troisdorf_000000_000090.png
split,train
model,result_0046,0.1672222303151235,0.6639938916045235,-2,22
