background,mannheim_000000_000076.png
split,train
model,result_0945,0.7070976195559053,0.47745420731729116,0,260
model,result_0612,0.027636857752856514,0.5969526887308222,4,32
