background,bamberg_000000_000289.png
split,train
model,result_0039,0.033609749319093774,0.8775482685057574,-3,132
