background,nuremberg_000000_001397.png
split,train
model,result_0979,0.31018600864722734,0.2512938277013445,-3,105
model,result_0871,0.7150945384299231,0.8508217199493633,1,8
model,result_0878,0.012856278371871532,0.405867391641468,-4,336
