background,nuremberg_000000_000971.png
split,train
model,result_0844,0.5064953991940346,0.31114839733598626,0,281
model,result_0995,0.44990033017219266,0.3656601010456415,-4,56
