background,nuremberg_000000_001019.png
split,train
model,result_0061,0.693376738292155,0.5636893803691421,4,233
model,result_0606,0.21665038077643106,0.8612536155931247,-2,348
model,result_0082,0.8262598791846972,0.7138248881105005,-4,192
