background,oberhausen_000000_000811.png
split,train
model,result_0051,0.8626296962737368,0.8613761718484805,-3,42
