background,schweinfurt_000000_000005.png
split,train
model,result_0793,0.9441233726011924,0.3245226640509432,-2,127
