background,karlsruhe_000000_000455.png
split,train
model,result_0844,0.05748205582607846,0.39486529753268707,0,116
model,result_0995,0.3946522965502819,0.7785706344236776,1,138
