background,wuppertal_000000_000918.png
split,train
model,result_1000,0.18826179196192605,0.7765251251127349,2,199
model,result_0367,0.4149572853490088,0.7800936282723815,-1,342
