background,karlsruhe_000000_000410.png
split,train
model,result_0123,0.4698201513051894,0.9426205271695427,-1,168
model,result_0472,0.8597072619181663,0.7101513362245536,-2,105
model,result_0981,0.09711601558752891,0.744432935711802,1,163
