background,freiburg_000000_000514.png
split,train
model,result_0332,0.6677146117925109,0.8179156355639606,0,32
model,result_0385,0.10616911525128214,0.9309336472666648,-4,296
