background,schweinfurt_000000_000253.png
split,train
model,result_0061,0.7888938890646318,0.8782227669698263,2,166
