background,troisdorf_000000_000108.png
split,train
model,result_0945,0.8560862985866382,0.6754909093553195,-1,45
model,result_0612,0.9632716273844296,0.918472992714977,0,77
