background,muhlheim-ruhr_000000_000713.png
split,train
model,result_0082,0.3895742065368867,0.8662553511660821,-1,350
model,result_0945,0.2948544109109553,0.912326906015864,-1,114
model,result_0612,0.4850470523313626,0.4834733008762645,3,335
