background,muhlheim-ruhr_000000_000928.png
split,train
model,result_0844,0.3638508821738936,0.4625894923901529,-2,57
model,result_0995,0.7519453834683545,0.8874568122576836,-4,63
model,result_0969,0.9383250401362148,0.29268754181987927,3,200
