background,mannheim_000000_001022.png
split,train
model,result_0386,0.9850552558292834,0.9295356297230535,4,176
