background,dusseldorf_000101_000019.png
split,train
model,result_0914,0.342772431503488,0.38841965765809555,2,133
model,result_0193,0.22122440423193845,0.7271861209948544,-3,57
