background,bayreuth_000000_000636.png
split,train
model,result_0632,0.26164396016147784,0.6048720594130559,-1,46
model,result_0357,0.7729347527008825,0.5742513995332507,-2,240
model,result_0046,0.3204053013772121,0.2780159490101881,-4,336
