background,darmstadt_000016_000019.png
split,train
model,result_0477,0.17730542199252797,0.30396824418962354,1,192
