background,stuttgart_000044_000019.png
split,train
model,result_0266,0.7247228241274722,0.26294232805675455,-3,21
model,result_0862,0.6319055060627841,0.8449374899785292,-3,89
