background,wuppertal_000000_000538.png
split,train
model,result_0193,0.652397822268717,0.3034827413796247,4,266
model,result_0036,0.39040586300338154,0.3949056093857211,1,285
