background,karlsruhe_000000_000351.png
split,train
model,result_0499,0.84042411235192,0.7041653476078761,-2,84
model,result_0844,0.9182324710610872,0.5856817796350439,4,92
