background,dresden_000000_000190.png
split,train
model,result_0477,0.46211176244481655,0.9144019816263755,3,21
model,result_0949,0.3016471981927199,0.43186192072910295,-1,254
