background,ulm_000036_000019.png
split,train
model,result_0266,0.09986174799455283,0.9062714967067985,-3,11
