background,wurzburg_000000_001071.png
split,train
model,result_0678,0.4287571235971609,0.5620011854906939,-2,140
model,result_0784,0.47867804185045626,0.6150140419977285,-2,91
