background,augsburg_000000_000505.png
split,train
model,result_0657,0.2622898894515442,0.8968130073946812,-2,100
model,result_0914,0.03587484536997809,0.27087639851321,3,343
