background,konstanz_000000_001095.png
split,train
model,result_0632,0.11792072494560102,0.8641578217787478,0,188
