background,karlsruhe_000000_001037.png
split,train
model,result_0871,0.27019140120360974,0.9943233257872873,1,73
model,result_0878,0.6743015829078369,0.9762825089537395,-3,53
model,result_0004,0.0450620022842797,0.7678524873046246,0,309
