background,dresden_000000_000417.png
split,train
model,result_0879,0.2604438959674976,0.7158973941393005,-4,11
model,result_0542,0.06342350515783157,0.3668834884441272,3,304
