background,konstanz_000000_000193.png
split,train
model,result_0606,0.15699997581446046,0.730196315273224,1,150
model,result_0082,0.7639616745337335,0.5655361028946918,3,169
model,result_0945,0.5188571333259023,0.4321975303134951,0,280
