background,saarbrucken_000000_000391.png
split,train
model,result_0154,0.25298359330375797,0.9150201126218678,1,214
model,result_0562,0.04303917331479612,0.37445723594158237,4,313
