background,wurzburg_000000_001343.png
split,train
model,result_0995,0.2976522661861344,0.6046662349754972,0,32
model,result_0969,0.22191636509567192,0.26908562199654407,4,240
