background,duisburg_000000_000489.png
split,train
model,result_0385,0.6484693972169331,0.6761388920187634,-3,216
model,result_0991,0.3646906751887491,0.38362908144516694,0,355
model,result_0373,0.3947661387889021,0.9449592489347823,2,235
