background,heilbronn_000000_000416.png
split,train
model,result_0968,0.2864707463753742,0.6120279702341005,-3,326
