background,konstanz_000000_001115.png
split,train
model,result_0632,0.42402906338263036,0.9774021190656662,0,324
