background,konstanz_000000_000791.png
split,train
model,result_0338,0.2068625599529872,0.7289746733342601,1,47
model,result_0557,0.6953867645920313,0.33678197444929947,1,287
