background,bayreuth_000000_000278.png
split,train
model,result_0024,0.8349778935281679,0.3384890970576351,1,37
model,result_0288,0.8990118099519807,0.9265378431751778,-2,23
