background,wurzburg_000000_001588.png
split,train
model,result_0146,0.5463838441046531,0.43866061498685355,-4,56
model,result_0295,2.8976203100050668e-05,0.830109953364304,0,197
model,result_0127,0.8210224865240581,0.41670662904839395,0,93
