background,mannheim_000000_000088.png
split,train
model,result_0646,0.3581932268615863,0.7896824750083015,-4,117
