background,wurzburg_000000_001220.png
split,train
model,result_0288,0.8383972029561454,0.3904373390484396,1,14
model,result_0247,0.8243599848059614,0.8670703112979248,1,7
model,result_0239,0.8210283589172946,0.7477051283632723,3,201
