background,wuppertal_000000_000798.png
split,train
model,result_0004,0.8826362448275386,0.535188028153875,4,110
model,result_0931,0.19445577417793558,0.2929412427908553,-4,295
model,result_0123,0.7968297195153003,0.31521836535396097,4,290
