background,wuppertal_000000_000757.png
split,train
model,result_0191,0.38562003614209006,0.4073768259812049,3,61
model,result_0775,0.45985257712892913,0.7814770900991899,-3,312
model,result_0075,0.6020434841219899,0.9673883488094921,-4,4
