background,konstanz_000000_000367.png
split,train
model,result_0146,0.913299812378544,0.881976968919184,-4,117
model,result_0295,0.40770650825106625,0.567252034395744,1,38
