background,konstanz_000000_000489.png
split,train
model,result_0678,0.9498300148756743,0.6273307560481556,2,312
model,result_0784,0.4652606598318991,0.45910663307843724,-1,172
