background,karlsruhe_000000_000548.png
split,train
model,result_0844,0.6998269274018004,0.33520525936847734,1,323
model,result_0995,0.3807365815804836,0.2854474722942463,-1,148
model,result_0969,0.41423488531179375,0.6580714224036193,-3,348
