background,oberhausen_000000_000012.png
split,train
model,result_0751,0.7956630179348652,0.5020575708062999,-4,199
