background,ulm_000035_000019.png
split,train
model,result_0295,0.9833684759202586,0.8307921366043384,-4,73
