background,oberhausen_000000_000221.png
split,train
model,result_0945,0.013725292874225636,0.68793640723474,4,175
model,result_0612,0.3305608266068423,0.9623197375447214,-2,131
