background,konstanz_000000_000750.png
split,train
model,result_0795,0.007491383025684417,0.25999751192218234,-3,347
model,result_0388,0.8225567698167545,0.831360561396605,1,265
