background,saarbrucken_000000_000376.png
split,train
model,result_0879,0.7975793018880981,0.7064736164471318,2,299
model,result_0542,0.39110002611550054,0.6850176759518052,-2,84
