background,jena_000116_000019.png
split,train
model,result_0924,0.20746824987610912,0.7581862495344135,1,279
model,result_0866,0.3046265441516559,0.7453139926549966,2,58
model,result_0983,0.9732643106935044,0.7780339816808551,-4,1
