background,wurzburg_000000_000274.png
split,train
model,result_0686,0.5614321464539529,0.2598775794089324,4,113
