background,wurzburg_000000_000286.png
split,train
model,result_0484,0.7885555369603653,0.7503532336240708,2,297
model,result_0861,0.23300910096238114,0.8067037213355532,1,106
model,result_0882,0.8153034678188866,0.2758962812642971,2,67
