background,wurzburg_000000_000180.png
split,train
model,result_0123,0.6616633116072811,0.9800003684996071,-1,262
model,result_0472,0.31148684914507074,0.25560701840112887,2,30
model,result_0981,0.6253578909414981,0.2764867868016025,-4,293
