background,augsburg_000000_000256.png
split,train
model,result_0385,0.040014391505652225,0.3055511708523263,-4,266
