background,wurzburg_000000_000417.png
split,train
model,result_0871,0.5040919124374614,0.31248034178045414,1,121
model,result_0878,0.6177242536078686,0.7612077428867777,-3,94
