background,bayreuth_000000_000397.png
split,train
model,result_0805,0.6172149274740605,0.5299255442685694,-1,117
model,result_0039,0.8254378432882039,0.6524672342972048,3,143
