background,wurzburg_000000_000681.png
split,train
model,result_0527,0.575190379112171,0.9420386767551907,0,123
