background,konstanz_000000_000419.png
split,train
model,result_0527,0.7665450277408045,0.6671091355650903,-1,87
