background,bremen_000126_000019.png
split,train
model,result_0080,0.9948931754734543,0.6150497773553621,2,18
model,result_0857,0.9505295202979196,0.4080414176247624,0,197
