background,saarbrucken_000000_000525.png
split,train
model,result_0389,0.24579115806895557,0.43606646271532135,2,245
model,result_0164,0.7393507182478595,0.28481457695654183,2,307
