background,wurzburg_000000_001439.png
split,train
model,result_0123,0.6118712815655422,0.9225569411231523,4,327
model,result_0472,0.6992636268251704,0.8683276887471106,1,117
