background,konigswinter_000000_000083.png
split,train
model,result_0931,0.8310860754169828,0.907953144837814,0,122
model,result_0123,0.15259435697522383,0.9176144101224039,-3,11
