background,muhlheim-ruhr_000000_000669.png
split,train
model,result_0191,0.6467752103494956,0.6234046610482348,1,5
model,result_0775,0.8171578071838881,0.7146795057242101,-2,195
model,result_0075,0.9806191803377095,0.5048173947842547,2,13
