background,muhlheim-ruhr_000000_000065.png
split,train
model,result_0524,0.4337467362008076,0.3005577049949967,2,306
model,result_0199,0.03904138647780253,0.8221455589666777,3,227
