background,dresden_000000_000051.png
split,train
model,result_0879,0.7565640184160124,0.4446772164867907,2,106
model,result_0542,0.8140044057773677,0.4858501172031575,1,84
