background,oberhausen_000000_000641.png
split,train
model,result_0386,0.9529129891043799,0.5964800726939058,2,326
