background,heidelberg_000000_000216.png
split,train
model,result_0803,0.12502031557800763,0.40343259098366646,-1,220
