background,muhlheim-ruhr_000000_000037.png
split,train
model,result_0646,0.42627251829491986,0.30960634481407473,-3,263
model,result_0586,0.8643109234054867,0.6263966037249125,1,271
