background,nuremberg_000000_001199.png
split,train
model,result_0199,0.25669506034537626,0.8288592611648888,4,153
model,result_0060,0.8616777271865949,0.5893673151247049,-3,105
