background,augsburg_000000_000611.png
split,train
model,result_0524,0.40255789353800286,0.7803042702613754,-3,137
model,result_0199,0.8910436340943473,0.34527641633115813,1,251
