background,augsburg_000000_000924.png
split,train
model,result_0861,0.25213924366050144,0.45275892599984957,-2,250
model,result_0882,0.2717042043430572,0.40570622380533644,-1,240
model,result_0467,0.8225483097319903,0.4757295049582393,-1,199
