background,duisburg_000000_000701.png
split,train
model,result_0678,0.37212751502655883,0.6541997043138891,-1,261
model,result_0784,0.526756830325863,0.798599191485207,1,351
