background,zurich_000082_000019.png
split,train
model,result_0542,0.02432216466423176,0.9757452296844968,-1,130
model,result_0674,0.8490038375007236,0.9257833090839787,3,68
model,result_0146,0.6845902126047393,0.7531846594363516,-3,128
