background,mannheim_000000_000572.png
split,train
model,result_0847,0.2534928168173485,0.8022139198278845,-3,340
model,result_0646,0.09871588515145624,0.9791693490350646,3,229
model,result_0586,0.8523548692133548,0.8778117083575114,0,154
