background,heidelberg_000000_000247.png
split,train
model,result_0060,0.7500600947920533,0.5164875294220401,-1,210
model,result_0080,0.11137088551027607,0.4685917906884535,1,307
model,result_0857,0.4265387108927743,0.947000001686556,-2,192
