background,wuppertal_000000_001078.png
split,train
model,result_0332,0.08157545042406034,0.2944421665348016,3,160
model,result_0385,0.48741107422637897,0.831643138518092,-2,100
