background,nuremberg_000000_000136.png
split,train
model,result_0527,0.2655999743661781,0.8654224291864026,-3,321
