background,nuremberg_000000_000044.png
split,train
model,result_0795,0.3838108886090358,0.9850858670808231,3,13
