background,wuppertal_000000_001015.png
split,train
model,result_0164,0.8225823415641753,0.7670348901892592,0,46
model,result_0440,0.8087623305761371,0.8420703216712553,0,114
model,result_0484,0.7929661950332708,0.7395065577753246,0,102
