background,karlsruhe_000000_000292.png
split,train
model,result_0855,0.3046942690910577,0.6060679522201737,1,310
