background,heidelberg_000000_000323.png
split,train
model,result_0995,0.11207485570192399,0.8905286429822649,2,1
