background,oberhausen_000000_000750.png
split,train
model,result_0036,0.15755676659878637,0.7516303578997285,-2,206
model,result_1000,0.4805166503250242,0.7831777010471944,3,7
model,result_0367,0.9410353681237016,0.9215675973535956,-4,88
