background,lindau_000028_000019.png
split,train
model,result_0472,0.927770867405948,0.7673180425235958,-3,297
model,result_0981,0.2729853123758048,0.9396556863095453,1,25
