background,konstanz_000000_000000.png
split,train
model,result_0924,0.09221077276254752,0.5577938155126613,0,81
model,result_0866,0.6310379524172718,0.8697421558957495,4,170
