background,saarbrucken_000000_000283.png
split,train
model,result_0857,0.7327260259769269,0.8667919594089732,0,281
model,result_0795,0.3963768391331246,0.4787708532873337,-1,250
model,result_0388,0.8472139132076791,0.45328445742840995,3,320
