background,augsburg_000000_000923.png
split,train
model,result_0061,0.42708969125518403,0.44211103846810373,0,124
