background,dortmund_000000_000077.png
split,train
model,result_0803,0.4047692456647506,0.506845314997246,-1,293
model,result_0192,0.6313271770103477,0.708635744753568,1,136
model,result_0218,0.40279691074924684,0.8943870977905757,3,256
