background,dortmund_000000_000888.png
split,train
model,result_0394,0.4426376190131607,0.5200288615971778,-4,347
