background,heidelberg_000000_000332.png
split,train
model,result_0075,0.6971716241360779,0.6811836435910584,-4,47
model,result_0992,0.5229033962769546,0.9558325685022252,-1,150
model,result_0394,0.3959505659698088,0.3625487590747354,1,333
