background,schweinfurt_000000_000046.png
split,train
model,result_0080,0.7785263813535599,0.6273799193000337,-3,166
