background,oberhausen_000000_000390.png
split,train
model,result_0191,0.795177077485201,0.39776034221900874,4,235
model,result_0775,0.8379462153478655,0.8756588072188398,-3,149
model,result_0075,0.7907662771783895,0.3500250069536577,4,353
