background,bayreuth_000000_000128.png
split,train
model,result_1000,0.11950599699455311,0.9373372965595801,-3,42
