background,augsburg_000000_001047.png
split,train
model,result_0995,0.7634690269189397,0.43038844574226937,3,245
model,result_0969,0.9659136391734334,0.9920688589730592,-4,190
