background,heilbronn_000000_000223.png
split,train
model,result_0357,0.8191995902948745,0.4885518838366732,-2,240
