background,dresden_000000_000069.png
split,train
model,result_0024,0.1751517602061613,0.29602191228863733,-3,251
