background,karlsruhe_000000_000259.png
split,train
model,result_0394,0.010916881326997863,0.4689640094233588,3,237
model,result_0163,0.2058417318572896,0.7804219450218277,-2,153
model,result_0657,0.7117116637763206,0.28727538502605376,-4,114
