background,wurzburg_000000_001551.png
split,train
model,result_0924,0.8492496664751786,0.7409040504734874,-4,338
model,result_0866,0.920169964047308,0.5129025907142376,2,248
model,result_0983,0.1402549024479045,0.975143372944894,-3,111
