background,bamberg_000000_000413.png
split,train
model,result_0586,0.286417796017003,0.8372385873607926,3,39
model,result_0989,0.3048040597266882,0.3380640493734168,0,358
