background,wurzburg_000000_001332.png
split,train
model,result_0332,0.6362297795047364,0.9311698885218564,0,153
model,result_0385,0.5516691463584402,0.3284521732205923,-1,294
model,result_0991,0.8267010848479103,0.3199410205986455,-4,35
