background,wurzburg_000000_000114.png
split,train
model,result_0146,0.7811554258004934,0.4768944155331349,3,29
