background,muhlheim-ruhr_000000_000503.png
split,train
model,result_0046,0.6146666200125086,0.716244117280625,-2,85
model,result_0389,0.5591958858863071,0.546723731018632,-2,96
