background,duisburg_000000_000276.png
split,train
model,result_0173,0.6620953677349857,0.6670034576449841,-3,34
model,result_0751,0.6082480616516226,0.4155401260245326,-3,37
model,result_0678,0.5544564249559321,0.4690581748295226,4,166
