background,konstanz_000000_000584.png
split,train
model,result_0367,0.9021530658210434,0.8919681314820296,-3,260
model,result_0822,0.09886100892906258,0.8792627329025791,1,49
