background,konstanz_000000_000382.png
split,train
model,result_0995,0.8345430165560298,0.5762424932749892,-3,320
model,result_0969,0.5884552590427565,0.5405195729117196,3,279
