background,dortmund_000000_000648.png
split,train
model,result_0388,0.8020460961376363,0.6089032198532902,-2,115
model,result_0499,0.14579285187348234,0.38208548761320066,1,149
model,result_0844,0.9908553448970943,0.63645742551489,-2,36
