background,augsburg_000000_000546.png
split,train
model,result_0527,0.47658499905131035,0.37418838366890894,-2,163
model,result_0602,0.8747837820936062,0.58399637965393,3,108
