background,nuremberg_000000_000065.png
split,train
model,result_0357,0.1218434606517963,0.3188084354154005,4,286
model,result_0046,0.02668412245751528,0.5539327449070905,-1,306
model,result_0389,0.9280281729882088,0.7906998821954552,1,227
