background,troisdorf_000000_000056.png
split,train
model,result_0674,0.8026204524609412,0.4906614255406354,-4,301
model,result_0146,0.05860169740040333,0.7225072710942557,0,223
