background,troisdorf_000000_000120.png
split,train
model,result_0510,0.7096811100403209,0.31050521979057927,-4,198
