background,muhlheim-ruhr_000000_000440.png
split,train
model,result_0046,0.38254196821142594,0.7059076081570076,-3,350
model,result_0389,0.49845565766496847,0.35963251244809086,3,214
model,result_0164,0.19179170794574085,0.2947548542691192,2,125
