background,nuremberg_000000_000207.png
split,train
model,result_0542,0.9171230819345603,0.5993634674688608,-4,48
model,result_0674,0.14421412042572146,0.7047660602558734,1,146
model,result_0146,0.30298136858487956,0.6315550535257413,2,349
