background,konstanz_000000_000113.png
split,train
model,result_0163,0.30279427766168676,0.7963457392544913,-3,252
