background,augsburg_000000_000076.png
split,train
model,result_0646,0.5599002810238481,0.5239737661530518,-2,249
model,result_0586,0.8428903552302508,0.6852471904549133,4,309
model,result_0989,0.5724686281327108,0.9704916640810186,-2,346
