background,muhlheim-ruhr_000000_000694.png
split,train
model,result_0878,0.11569467623633889,0.6610244561414927,-3,28
model,result_0004,0.3794075440698176,0.5153650153980012,1,326
