background,augsburg_000000_000683.png
split,train
model,result_0173,0.9527373753831333,0.7043438971794218,-3,89
model,result_0751,0.6625251556549239,0.8988550537716894,-2,210
