background,wurzburg_000000_001098.png
split,train
model,result_0266,0.64295308893969,0.41121103807069814,-4,189
