background,heilbronn_000000_000402.png
split,train
model,result_0969,0.07838348690772523,0.7614542613107308,3,109
