background,oberhausen_000000_000191.png
split,train
model,result_0562,0.16960189773153678,0.5971493120292486,-4,70
model,result_0215,0.7921960511214883,0.8423786394691893,-4,356
model,result_0332,0.4127202296878846,0.5830478593532329,1,134
