background,bamberg_000000_000001.png
split,train
model,result_0082,0.852159315237926,0.3981622442724282,-3,262
model,result_0945,0.4298810137845256,0.8356891893720528,4,157
