background,konstanz_000000_000000.png
split,train
model,result_1000,0.8475826263947193,0.8744758022514312,2,34
model,result_0367,0.7087746014773477,0.344688686975419,1,308
