background,karlsruhe_000000_000018.png
split,train
model,result_0173,0.17235581480103135,0.6897164708785761,-2,324
