background,augsburg_000000_001337.png
split,train
model,result_0844,0.5872904450424689,0.30256941159300466,-1,34
model,result_0995,0.5353377363640692,0.8218985303659203,-3,80
