background,weimar_000047_000019.png
split,train
model,result_0931,0.23249331690838204,0.29152533760342164,4,126
