background,dusseldorf_000079_000019.png
split,train
model,result_0803,0.007199318567693513,0.9559840152827487,-2,129
model,result_0192,0.5055894057264352,0.8322316491781623,4,183
