background,wurzburg_000000_001431.png
split,train
model,result_0524,0.28355349278304653,0.7208162091722946,2,130
