background,nuremberg_000000_001479.png
split,train
model,result_0914,0.04481497957289893,0.39853879187194485,2,44
