background,heidelberg_000000_000724.png
split,train
model,result_0586,0.38715553953178594,0.7010732790759346,4,316
model,result_0989,0.5865813533111635,0.9846965842015513,-4,75
