background,schweinfurt_000000_000522.png
split,train
model,result_0924,0.14423840343652372,0.6978408680935642,2,342
model,result_0866,0.6455219419189661,0.5617853043730124,1,205
