background,muhlheim-ruhr_000000_000662.png
split,train
model,result_0288,0.2469951196183907,0.7136169172076607,-1,131
model,result_0247,0.44778440375834117,0.9541815256474215,1,17
