background,schweinfurt_000000_000665.png
split,train
model,result_0218,0.352791463222063,0.7201957855458035,1,72
model,result_0694,0.6199451870681958,0.6074433501144813,-1,350
