background,freiburg_000000_000560.png
split,train
model,result_0385,0.4707879071033858,0.48555188372366087,1,43
model,result_0991,0.1754594672464278,0.6896993689606443,-1,214
