background,dortmund_000000_000725.png
split,train
model,result_0557,0.9455493242846641,0.8527997423497575,3,13
model,result_0544,0.3021180217276771,0.869625037210414,1,356
