background,freiburg_000000_000020.png
split,train
model,result_0385,0.8582348331099734,0.3730632149747909,4,245
model,result_0991,0.4600055407415571,0.3028888820981156,0,266
