background,wurzburg_000000_000078.png
split,train
model,result_0527,0.928292843663052,0.2991175624037734,2,120
