background,karlsruhe_000000_000521.png
split,train
model,result_0173,0.029245174102771276,0.8775206644767829,-3,24
model,result_0751,0.34161981796583185,0.7403619195686088,-4,253
