background,augsburg_000000_001361.png
split,train
model,result_0968,0.039836171758051986,0.554668743147507,1,267
model,result_0847,0.0035840501477718556,0.3223275072209586,-3,165
