background,nuremberg_000000_000436.png
split,train
model,result_0793,0.27410087889009216,0.48433937320478354,2,33
model,result_0686,0.20017596855330544,0.34714706801126693,-1,56
