background,wurzburg_000000_001270.png
split,train
model,result_0524,0.3498628995331131,0.44698981692024775,-4,174
model,result_0199,0.5568662780915231,0.35083386834509567,4,3
