background,nuremberg_000000_001266.png
split,train
model,result_0472,0.22697389185960182,0.9144091408902556,-4,226
