background,schweinfurt_000000_000685.png
split,train
model,result_0949,0.7372076845798926,0.9479447373121577,-4,356
model,result_0324,0.7983286495726869,0.6471804076072122,4,179
model,result_0173,0.660517971408063,0.7072023094837491,-4,321
