background,konstanz_000000_000492.png
split,train
model,result_0388,0.5021056745764378,0.6545046298783592,2,306
