background,muhlheim-ruhr_000000_000955.png
split,train
model,result_0855,0.029168869475108772,0.4365919137376093,2,59
model,result_0338,0.011679403912051911,0.9695045101889456,1,134
model,result_0557,0.4083553214312434,0.663035461946003,2,147
