background,schweinfurt_000000_000555.png
split,train
model,result_0467,0.4768593767053796,0.9432707308306776,1,223
model,result_0154,0.4669457795601847,0.8160206975193437,-4,238
model,result_0562,0.3412345141852745,0.6174080302908671,-3,21
