background,nuremberg_000000_000200.png
split,train
model,result_0477,0.38446927073939574,0.8101464101566005,-1,201
model,result_0949,0.7379440317454466,0.9024078098571794,-4,5
model,result_0324,0.47071518789086875,0.4003192507830351,4,246
