background,bayreuth_000000_000751.png
split,train
model,result_0527,0.25739975647215685,0.4383451679098557,3,55
model,result_0602,0.6456117505000109,0.7910743853129446,-2,192
model,result_0024,0.11202017769078387,0.7439293215619575,2,243
