background,bayreuth_000000_000359.png
split,train
model,result_0694,0.8503849955428758,0.8147929715172044,1,352
model,result_0319,0.3353793185904411,0.8549831273108746,4,241
