background,monchengladbach_000000_024637.png
split,train
model,result_0075,0.8091060122572931,0.5284099011070775,1,240
