background,schweinfurt_000000_000399.png
split,train
model,result_0784,0.4991765026737933,0.6685551851574069,-4,328
model,result_0924,0.880012188420049,0.3422912632220296,-3,87
model,result_0866,0.850040797646632,0.775615092614423,2,159
