background,bamberg_000000_000136.png
split,train
model,result_0544,0.27528416830482794,0.30172000755079426,2,175
