background,wurzburg_000000_000365.png
split,train
model,result_0173,0.29418095462048244,0.6284820767703441,-2,24
model,result_0751,0.055182716589786684,0.8642752817776018,-4,322
model,result_0678,0.28168572731980956,0.6252391000806907,1,213
