background,dortmund_000000_000349.png
split,train
model,result_0862,0.09518435266970515,0.6581165569947751,1,42
model,result_0524,0.26640610235169404,0.6217070916720163,0,236
model,result_0199,0.5377341453498138,0.518482370693256,3,267
