background,heilbronn_000000_000041.png
split,train
model,result_0844,0.238212230239624,0.6234149947276744,3,61
model,result_0995,0.16582289400501482,0.8504698925344849,0,181
