background,saarbrucken_000000_000094.png
split,train
model,result_0606,0.22169410402930678,0.6569630775784645,1,257
