background,freiburg_000000_000090.png
split,train
model,result_0861,0.6480382682472943,0.893012818579817,-4,264
