background,oberhausen_000000_000724.png
split,train
model,result_0524,0.3467885815159877,0.4956685262331588,3,340
model,result_0199,0.6802696863064648,0.5530321027204528,-3,260
