background,dresden_000000_000227.png
split,train
model,result_0192,0.04329569887909446,0.8066948847317699,3,300
model,result_0218,0.42148846887886493,0.9247681939575638,1,347
model,result_0694,0.8389109862968884,0.61728557445108,2,7
