background,oberhausen_000000_000333.png
split,train
model,result_0123,0.7806512465133442,0.914218592488309,-3,218
