background,bayreuth_000000_000639.png
split,train
model,result_0154,0.25522897473072037,0.2814128697456213,-3,359
