background,muhlheim-ruhr_000000_001013.png
split,train
model,result_0127,0.3092057553448263,0.48609056663243133,0,172
