background,heilbronn_000000_000261.png
split,train
model,result_0239,0.11081732726699967,0.9004646472247001,-2,308
model,result_0051,0.13807894548046262,0.9975286893119446,1,44
