background,monchengladbach_000000_009191.png
split,train
model,result_0467,0.410493588797319,0.6192967817871213,4,55
model,result_0154,0.4095878786403273,0.5183704903993585,-1,262
