background,muhlheim-ruhr_000000_000400.png
split,train
model,result_0288,0.0075243687837708295,0.6109928139018771,-2,150
model,result_0247,0.4743589388798566,0.884742692791874,2,312
