background,mannheim_000000_000633.png
split,train
model,result_0586,0.7091662773093181,0.871932227501365,0,131
model,result_0989,0.9375727698093114,0.5258205858874726,-4,134
model,result_0803,0.6370332779771097,0.9845085526549544,2,225
