background,heidelberg_000000_000626.png
split,train
model,result_0751,0.7240299282089839,0.5904798500967127,4,130
model,result_0678,0.17111202795033198,0.3985308919399273,1,317
model,result_0784,0.5406426615325453,0.541539162379411,-3,329
