background,heilbronn_000000_000041.png
split,train
model,result_0657,0.07759906147304663,0.9993145085469495,-2,274
model,result_0914,0.8569944526172448,0.3248873314132693,-4,158
