background,wurzburg_000000_000841.png
split,train
model,result_1000,0.28658786120742386,0.26283552070278615,3,48
