background,mannheim_000000_000662.png
split,train
model,result_0879,0.02755996988020304,0.8319239899059928,-2,326
