background,dresden_000000_000162.png
split,train
model,result_0394,0.5363266545471753,0.8880628774165678,-4,107
