background,konstanz_000000_001280.png
split,train
model,result_0646,0.02500232879618214,0.7220551018866976,3,212
