background,muhlheim-ruhr_000000_000469.png
split,train
model,result_0218,0.740103038841454,0.8368143575118304,0,280
model,result_0694,0.055671026027430015,0.5082673573031071,-1,69
model,result_0319,0.23723800794752514,0.4519323864714978,-2,128
