background,augsburg_000000_000472.png
split,train
model,result_0524,0.10513813209378897,0.9937492598394323,0,48
model,result_0199,0.8018619818311583,0.9177068658877083,-1,232
