background,schweinfurt_000000_000216.png
split,train
model,result_0367,0.8414480006063342,0.8851685981665459,0,252
model,result_0822,0.7660887742588781,0.6785086290093757,-2,281
