background,nuremberg_000000_000453.png
split,train
model,result_0751,0.33665248120749247,0.8392119632958766,-4,291
model,result_0678,0.22960832377448848,0.6713737795428409,-1,132
