background,bayreuth_000000_000328.png
split,train
model,result_0606,0.5880919737920203,0.5856626082823846,0,266
model,result_0082,0.6315040085825552,0.6529782510128227,0,165
