background,heilbronn_000000_000319.png
split,train
model,result_0386,0.6641366710250446,0.5659355508214138,-4,91
model,result_0979,0.5838001530995592,0.31805956410259884,2,9
model,result_0871,0.15077701872551008,0.8536328782417348,0,244
