background,augsburg_000000_001418.png
split,train
model,result_0784,0.16237928046690897,0.988396964233693,3,111
