background,karlsruhe_000000_000526.png
split,train
model,result_0394,0.9266990084963845,0.8892461010830862,-3,301
model,result_0163,0.41136642310359106,0.46019988821402336,-3,221
model,result_0657,0.6376486292840046,0.47993283983403434,0,95
