background,nuremberg_000000_000445.png
split,train
model,result_0075,0.017000805234902328,0.7008675711461532,-4,206
model,result_0992,0.7784293123583558,0.8892762968726495,3,165
model,result_0394,0.5069188633937728,0.7822573221213753,4,87
