background,konstanz_000000_001278.png
split,train
model,result_0024,0.9809337224154898,0.8832164388559098,1,53
