background,mannheim_000000_001156.png
split,train
model,result_0991,0.5092496411444397,0.9621917503212083,-1,236
model,result_0373,0.030638236009912778,0.7684241517000676,1,341
model,result_0191,0.7237820603832024,0.6498124281937596,-4,31
