background,karlsruhe_000000_000741.png
split,train
model,result_0080,0.7804316791553026,0.3369390087477451,-3,292
model,result_0857,0.6696863791209461,0.759250713243665,0,195
