background,karlsruhe_000000_000676.png
split,train
model,result_0999,0.698335987584962,0.36555680075592245,-3,296
