background,wuppertal_000000_000482.png
split,train
model,result_0163,0.6990057425325596,0.6585699770227873,-2,139
