background,heidelberg_000000_001177.png
split,train
model,result_0295,0.4020313177048228,0.41779464740291894,-2,40
