background,frankfurt_000001_028232.png
split,train
model,result_0510,0.7505655862753142,0.39092442090187374,0,336
model,result_0328,0.0218786515140571,0.3847686804343794,-3,127
