background,schweinfurt_000000_000234.png
split,train
model,result_0979,0.506067905992927,0.6356420466314773,3,14
model,result_0871,0.9158871426072757,0.742357627400217,3,92
