background,karlsruhe_000000_000613.png
split,train
model,result_0024,0.16783590583512753,0.7274073231703547,-2,192
model,result_0288,0.47502646247104285,0.29635993360443735,-3,249
model,result_0247,0.667995604993468,0.9471190673580789,4,128
