background,heilbronn_000000_000512.png
split,train
model,result_0969,0.0004331452437453809,0.9220901395956347,2,327
