background,saarbrucken_000000_000460.png
split,train
model,result_0080,0.6885912572165129,0.332930756033037,-1,230
model,result_0857,0.09201778913039493,0.7682564979448046,-4,1
model,result_0795,0.35852540686715817,0.28055453956389564,3,131
