background,muhlheim-ruhr_000000_001095.png
split,train
model,result_0694,0.6114770249562893,0.4768427745540422,3,87
model,result_0319,0.2574070238279961,0.6582539218948332,2,271
model,result_0477,0.48437575801108446,0.5601349445256505,-2,292
