background,duisburg_000000_000710.png
split,train
model,result_0193,0.25570516346331973,0.6096373607483285,-1,56
model,result_0036,0.08530979457969767,0.6154324705867209,-4,350
