background,dortmund_000000_000872.png
split,train
model,result_0557,0.6691140575785652,0.6006798165031902,4,186
