background,augsburg_000000_000414.png
split,train
model,result_0367,0.5223083606240114,0.3518692926907373,0,121
