background,wuppertal_000000_000229.png
split,train
model,result_0822,0.03615976958625888,0.2866217921952785,-2,219
model,result_0855,0.30028752415562865,0.3579678382571241,0,359
model,result_0338,0.26798427574094696,0.30277013390029534,-2,251
