background,muhlheim-ruhr_000000_000824.png
split,train
model,result_0338,0.8117094288091231,0.3931490182246139,-4,53
