background,konstanz_000000_001351.png
split,train
model,result_0338,0.3442981346736561,0.29235987865720225,-2,92
model,result_0557,0.28920327347425945,0.5543266937053848,-3,184
model,result_0544,0.8141673783606757,0.8672866510119064,-3,266
