background,muhlheim-ruhr_000000_000729.png
split,train
model,result_0861,0.22316626062727152,0.7943386531815274,4,52
model,result_0882,0.8813371778987722,0.7073213616392874,1,215
