background,duisburg_000000_000649.png
split,train
model,result_0542,0.17156348841290048,0.9121346739083546,3,296
model,result_0674,0.026854085706150665,0.49148522513164006,0,264
