background,mannheim_000000_001045.png
split,train
model,result_0646,0.6824118307328911,0.44834261329022806,-1,139
