background,bayreuth_000000_000666.png
split,train
model,result_0822,0.8103906542176392,0.37773999976958567,3,230
model,result_0855,0.009520928799353512,0.7802723916412206,-1,74
