background,dortmund_000000_000192.png
split,train
model,result_0606,0.3692488381446184,0.8110704004231777,0,25
model,result_0082,0.3917925614623985,0.7952987002952261,3,27
model,result_0945,0.8636441284581023,0.48201415725919805,1,57
