background,konigswinter_000000_000032.png
split,train
model,result_0024,0.8781919995051568,0.958441108436093,0,151
model,result_0288,0.059514716362896736,0.874857892071292,-2,291
