background,mannheim_000000_000095.png
split,train
model,result_0847,0.29744924008556684,0.3990843636340098,-2,5
