background,freiburg_000000_000380.png
split,train
model,result_0996,0.04543473405423337,0.6363208061470959,1,26
model,result_0266,0.4953856443184035,0.9980493882395891,4,325
model,result_0862,0.7938993334043686,0.45771197256805407,2,154
