background,schweinfurt_000000_000000.png
split,train
model,result_0866,0.5288461017925825,0.9883444618571944,2,111
model,result_0983,0.5627697342927118,0.7913649965895458,4,283
