background,muhlheim-ruhr_000000_001090.png
split,train
model,result_0945,0.02801113565375002,0.2604217645648673,-1,251
