background,konstanz_000000_001280.png
split,train
model,result_0992,0.6705470577326735,0.4929083321096389,-4,251
