background,weimar_000134_000019.png
split,train
model,result_0319,0.027996062544901612,0.2718741307156106,-1,102
