background,bayreuth_000000_000770.png
split,train
model,result_0857,0.004927884459887899,0.5432793603732184,4,208
model,result_0795,0.24844328523354786,0.8257629486156695,-3,292
model,result_0388,0.855718664151198,0.8013167503176494,2,359
