background,mannheim_000000_000148.png
split,train
model,result_0199,0.7216952730656886,0.8945686663172383,-3,154
model,result_0060,0.5433777894188956,0.3580138030859199,4,100
