background,karlsruhe_000000_000696.png
split,train
model,result_0739,0.6884462539879039,0.42420604505991466,0,116
