background,nuremberg_000000_000945.png
split,train
model,result_0386,0.21187190251450672,0.4588554402161561,-2,168
