background,erfurt_000079_000019.png
split,train
model,result_0968,0.10217950271641041,0.7932186047168973,-4,338
