background,augsburg_000000_000500.png
split,train
model,result_0847,0.5919680498810475,0.6339952943738049,2,21
