background,oberhausen_000000_000288.png
split,train
model,result_0960,0.3996352709569805,0.38908993341121767,-1,262
