background,oberhausen_000000_000238.png
split,train
model,result_0822,0.27762847745408226,0.8572479616393004,3,153
