background,karlsruhe_000000_000555.png
split,train
model,result_1000,0.6545283868212762,0.8419017275274255,2,185
