background,freiburg_000000_000715.png
split,train
model,result_0674,0.65867806372322,0.7588978347157449,-3,267
model,result_0146,0.15005396693438722,0.9659069135092403,-3,191
model,result_0295,0.9061284579066762,0.7829675332038275,1,171
