background,karlsruhe_000000_000364.png
split,train
model,result_0332,0.9618486327410644,0.5165189532529713,-3,134
