background,muhlheim-ruhr_000000_000649.png
split,train
model,result_0440,0.8938166417376777,0.3341765775466974,0,112
model,result_0484,0.16481006741827375,0.9963687185010646,1,297
