background,konstanz_000000_000098.png
split,train
model,result_0969,0.6103156868996316,0.3022594975902769,-3,265
model,result_0793,0.6712555413246881,0.4940481984970039,-1,9
