background,freiburg_000000_000363.png
split,train
model,result_0878,0.8063162440202303,0.9606305181551819,-3,37
model,result_0004,0.9380568148919274,0.826587150484424,-1,150
