background,oberhausen_000000_000792.png
split,train
model,result_0440,0.3672885630400371,0.6661914634569528,4,258
model,result_0484,0.5281008536804014,0.6283906870880349,1,312
