background,nuremberg_000000_001156.png
split,train
model,result_0914,0.10416974449043004,0.7013495974406883,1,356
model,result_0193,0.3814503880977521,0.7191619804574192,0,179
