background,dortmund_000000_000626.png
split,train
model,result_0562,0.0076820200917717685,0.5001222026056502,-2,262
