background,dortmund_000000_000593.png
split,train
model,result_0775,0.8292124627552355,0.6237842874689528,4,181
