background,konstanz_000000_000641.png
split,train
model,result_0394,0.6389377144698951,0.7582181653689302,3,107
