background,stuttgart_000089_000019.png
split,train
model,result_0866,0.7924413914472597,0.2958264032380631,-2,190
model,result_0983,0.9645192713372547,0.5153748439760717,2,241
