background,konigswinter_000000_000091.png
split,train
model,result_0803,0.32532590562201746,0.598642621030786,-2,269
model,result_0192,0.989168175821844,0.5608435314772368,1,267
model,result_0218,0.5471193692773932,0.8546831759699667,1,175
