background,karlsruhe_000000_000430.png
split,train
model,result_0968,0.3614344531246526,0.43944205068943076,-1,101
