background,erfurt_000026_000019.png
split,train
model,result_0751,0.9232912314547727,0.7684945745223273,2,359
