background,nuremberg_000000_000603.png
split,train
model,result_0247,0.20749133912073636,0.43264149745559877,1,260
model,result_0239,0.23264872882552046,0.5344154798148013,4,7
model,result_0051,0.3400753799599687,0.4469335637990435,-1,343
