background,bamberg_000000_000017.png
split,train
model,result_0674,0.8872840462954453,0.46139416546072143,0,286
model,result_0146,0.6711011086957474,0.5849272247932735,-3,271
model,result_0295,0.273626850382224,0.48848932878927953,-2,311
