background,muhlheim-ruhr_000000_000708.png
split,train
model,result_0847,0.6734491031677301,0.5068275273163159,4,355
model,result_0646,0.46461426461255706,0.8866978388494469,1,30
