background,heidelberg_000000_000462.png
split,train
model,result_0674,0.10297854200697543,0.6401722723611376,2,123
