background,erlangen_000000_000264.png
split,train
model,result_0247,0.016453353246707603,0.88878366583038,4,18
