background,oberhausen_000000_000642.png
split,train
model,result_0542,0.5719527785496097,0.8299297663613296,1,99
model,result_0674,0.03772301320276128,0.8732883263908332,2,224
model,result_0146,0.3902398980022811,0.32411479023841194,0,6
