background,muhlheim-ruhr_000000_001027.png
split,train
model,result_0857,0.6941038776389968,0.9480912468442899,-3,224
