background,bamberg_000000_000001.png
split,train
model,result_0163,0.9880511657115646,0.4641124675638011,-2,342
