background,ulm_000086_000019.png
split,train
model,result_0657,0.16787940599949525,0.881258608871986,1,53
model,result_0914,0.15745248188011185,0.6250805714458136,0,73
model,result_0193,0.5597862073711497,0.44694527834883746,-4,298
