background,nuremberg_000000_000053.png
split,train
model,result_0674,0.8767755050749032,0.445044157804466,4,7
