background,heidelberg_000000_000974.png
split,train
model,result_0999,0.8512185370161983,0.6409640775519837,2,191
