background,wurzburg_000000_000611.png
split,train
model,result_0288,0.5579145912836562,0.8775136985091323,4,110
