background,stuttgart_000139_000019.png
split,train
model,result_0266,0.9348862146506367,0.8321365299522945,0,97
