background,mannheim_000000_000900.png
split,train
model,result_1000,0.4666109957185155,0.8512378100291026,-2,39
model,result_0367,0.18863201647138428,0.5648690459934143,4,220
