background,freiburg_000000_000131.png
split,train
model,result_0004,0.9765807668195937,0.26242599876973954,0,126
model,result_0931,0.07214996028542986,0.6454054599145131,1,100
model,result_0123,0.827649509644319,0.8697334662801284,-3,185
