background,wurzburg_000000_000755.png
split,train
model,result_0949,0.46014101427053244,0.580653332080421,0,10
