background,heidelberg_000000_000880.png
split,train
model,result_0060,0.7363152304729393,0.8897157325051349,1,296
model,result_0080,0.20827977286338417,0.7080635332582437,-1,62
