background,heidelberg_000000_000454.png
split,train
model,result_0039,0.816789710570369,0.6287360205818731,0,122
model,result_0386,0.5053849459887838,0.2797359433112697,3,296
model,result_0979,0.852145262744582,0.4793768464773632,-4,90
