background,freiburg_000000_000287.png
split,train
model,result_0960,0.24829761332643774,0.43876107199546915,3,351
