background,augsburg_000000_000668.png
split,train
model,result_0163,0.6083867731623911,0.3042278629407898,2,292
