background,nuremberg_000000_000915.png
split,train
model,result_0991,0.9583293951340381,0.3490102096156559,-3,138
model,result_0373,0.3715720345730126,0.26363265881557263,4,47
