background,karlsruhe_000000_000960.png
split,train
model,result_0484,0.1114471498664501,0.8289100186560825,3,204
model,result_0861,0.4577506466674002,0.47341602391145743,4,81
