background,wurzburg_000000_000660.png
split,train
model,result_0989,0.4393910252962062,0.7018367922614824,-4,75
