background,freiburg_000000_000760.png
split,train
model,result_0995,0.34321263391624934,0.6660425070106596,2,210
model,result_0969,0.08043283837522364,0.8237828115274085,-4,185
model,result_0793,0.06097929233288768,0.7621389414124393,4,351
