background,wuppertal_000000_000039.png
split,train
model,result_0674,0.2762365555166535,0.9083347573733342,-1,140
model,result_0146,0.8591194501418428,0.5017530768555759,-4,281
