background,wurzburg_000000_000303.png
split,train
model,result_0995,0.2766094428007989,0.8733121983767849,3,314
model,result_0969,0.9882191229147708,0.338521160887412,-4,22
model,result_0793,0.7088338381288832,0.39549549197940864,-1,170
