background,wuppertal_000000_000229.png
split,train
model,result_0795,0.04542597282599803,0.7265862245640844,-1,86
model,result_0388,0.10498560414098945,0.8882117973952885,1,273
model,result_0499,0.5357055889659329,0.7861262172053891,-2,111
