background,schweinfurt_000000_000329.png
split,train
model,result_0472,0.20995219850514113,0.2667416042707568,1,126
model,result_0981,0.25940399516495427,0.6779452600704005,-2,228
