background,augsburg_000000_000015.png
split,train
model,result_0024,0.9755611337532833,0.6501920303800488,2,16
model,result_0288,0.20053265101260642,0.697572088482858,-4,285
