background,troisdorf_000000_000007.png
split,train
model,result_0646,0.9720885726398543,0.4506415441314252,-1,98
model,result_0586,0.8177792534508396,0.678885433169992,-2,92
model,result_0989,0.2246312582896619,0.9321176162424831,-4,157
