background,oberhausen_000000_000492.png
split,train
model,result_0385,0.8321459723269755,0.500022398396601,2,3
