background,karlsruhe_000000_000854.png
split,train
model,result_0527,0.1904864175969957,0.41895906808133404,1,102
model,result_0602,0.7648588331896148,0.27976347067664403,-3,300
model,result_0024,0.14463717628924833,0.6842132931107022,-4,148
