background,wuppertal_000000_001077.png
split,train
model,result_0999,0.5524380353668238,0.768313145570558,4,285
