background,oberhausen_000000_000759.png
split,train
model,result_0389,0.8262754459896814,0.7695798837505301,1,199
model,result_0164,0.43965167901594204,0.6696210994702703,3,351
model,result_0440,0.8781711213146329,0.37344897683809536,4,120
