background,augsburg_000000_000839.png
split,train
model,result_0061,0.21079432687027722,0.48519641365952765,2,297
model,result_0606,0.4258813551968823,0.9132889186188837,-1,227
