background,augsburg_000000_001465.png
split,train
model,result_0795,0.9051178427381433,0.25554671827780057,1,142
