background,muhlheim-ruhr_000000_000778.png
split,train
model,result_0822,0.8751671270027717,0.27856363195003875,-1,100
model,result_0855,0.6899498129337409,0.5853195384155263,-1,339
