background,augsburg_000000_000043.png
split,train
model,result_0061,0.24086074828903536,0.5927684225592809,3,237
model,result_0606,0.6905342731339513,0.5914185171203981,4,28
