background,karlsruhe_000000_000328.png
split,train
model,result_0524,0.6027740004680151,0.752560412039845,2,280
model,result_0199,0.8539827473428524,0.571307422210073,-3,48
