background,karlsruhe_000000_000805.png
split,train
model,result_0793,0.08852371983070273,0.43401294107485977,-3,33
model,result_0686,0.5221176798457212,0.2602844125954057,4,314
model,result_0805,0.26890011213670006,0.29682764220213825,-2,73
