background,saarbrucken_000000_000082.png
split,train
model,result_0283,0.033524130940616126,0.9444214397642261,-4,282
