background,wurzburg_000000_001434.png
split,train
model,result_0332,0.7460309942332054,0.8532022783075285,0,56
model,result_0385,0.7731866174300394,0.5169745610208684,-2,337
model,result_0991,0.9126246049768597,0.6684309924276058,-4,307
