background,freiburg_000000_000817.png
split,train
model,result_0562,0.2071953751398461,0.5338042680969548,-4,24
model,result_0215,0.6515161011861905,0.7907962287246258,4,339
