background,muhlheim-ruhr_000000_000586.png
split,train
model,result_0527,0.3479998881461178,0.34069529898464745,-1,148
model,result_0602,0.5643533928988534,0.5999657805653875,-4,243
model,result_0024,0.26961473822207827,0.7170086427465612,3,190
