background,wurzburg_000000_000194.png
split,train
model,result_0862,0.9096996830838928,0.7341935837733585,2,295
model,result_0524,0.38097471469200883,0.6484049976045312,-1,146
