background,frankfurt_000000_011007.png
split,train
model,result_0544,0.21511514783762287,0.4853027115868909,-2,238
model,result_0999,0.9833094799240554,0.33096123749319256,2,239
