background,mannheim_000000_000235.png
split,train
model,result_0542,0.1365552329117733,0.37953903474277306,0,59
