background,wurzburg_000000_000874.png
split,train
model,result_0861,0.19587454396610415,0.4206378916289818,-2,193
model,result_0882,0.8108916221200296,0.5649535007123613,-2,190
