background,karlsruhe_000000_000724.png
split,train
model,result_0247,0.06163429828886635,0.41524186990898554,-3,249
model,result_0239,0.5220648544573261,0.9933092791878059,-4,166
model,result_0051,0.3903283331520019,0.5022893878242566,-3,257
