background,oberhausen_000000_000335.png
split,train
model,result_0960,0.04553299327245375,0.5993173008146747,0,220
model,result_0632,0.22910980456157548,0.7277841980921892,4,92
model,result_0357,0.19918625251956223,0.9090400323294336,3,211
