background,karlsruhe_000000_000536.png
split,train
model,result_0805,0.7535607719285419,0.7106673720030026,-3,341
model,result_0039,0.05901431283421621,0.8400002492006398,-3,20
