background,oberhausen_000000_000426.png
split,train
model,result_0386,0.998551149283128,0.840231975460738,-3,273
model,result_0979,0.5798367177305188,0.8883305033370967,2,208
model,result_0871,0.839279971561067,0.6108783369564499,3,191
