background,heidelberg_000000_000261.png
split,train
model,result_0999,0.7219221587120026,0.8681276046888787,-3,334
