background,cologne_000142_000019.png
split,train
model,result_0694,0.7900789559381084,0.6001972212291552,-4,348
model,result_0319,0.16031922617184835,0.6165460582248594,-3,199
