background,duisburg_000000_000199.png
split,train
model,result_0338,0.22202730807925053,0.3817801723566133,-3,139
model,result_0557,0.22739981359454864,0.31909341422488535,3,85
