background,wurzburg_000000_000146.png
split,train
model,result_0632,0.8973628982524435,0.8155416173472236,4,189
model,result_0357,0.7933915438987589,0.6891556027137266,2,271
