background,wuppertal_000000_000362.png
split,train
model,result_0080,0.5286720951594027,0.4582678204484696,-3,64
model,result_0857,0.003009575796765862,0.6338127645070986,3,162
