background,wurzburg_000000_001220.png
split,train
model,result_0338,0.22361289045367372,0.8680520175584338,-4,63
model,result_0557,0.9798164014506336,0.266010823128636,-3,21
