background,freiburg_000000_000626.png
split,train
model,result_0784,0.6695785362287204,0.3732402103586985,3,161
model,result_0924,0.6194014666616793,0.3930459783892859,-3,2
