background,wurzburg_000000_000710.png
split,train
model,result_0960,0.23340304497231013,0.8619507571430364,-3,175
model,result_0632,0.1327524828234644,0.34164241567564757,-4,176
