background,nuremberg_000000_001045.png
split,train
model,result_0082,0.42351155048833444,0.6662407541506318,4,255
model,result_0945,0.6308837267330564,0.45115592035270513,3,60
