background,dortmund_000000_000726.png
split,train
model,result_0914,0.62866221827862,0.2668897662797734,-4,127
model,result_0193,0.22224017359239412,0.4812107334936716,-4,354
