background,konstanz_000000_001091.png
split,train
model,result_0324,0.10860728164354005,0.6042750931210148,2,62
model,result_0173,0.9551206399805471,0.8281808708744544,4,0
model,result_0751,0.8161569842811295,0.3911205712188186,0,16
