background,oberhausen_000000_000341.png
split,train
model,result_0127,0.18767751740764316,0.9630659159011147,2,49
model,result_0022,0.3824379799237688,0.7997522098102929,3,355
model,result_0061,0.9187257076890174,0.4365897960559907,-4,343
