background,mannheim_000000_000958.png
split,train
model,result_0805,0.6224565731603352,0.7001916531734322,-1,107
