background,mannheim_000000_000625.png
split,train
model,result_0544,0.1881912558832487,0.407227530662876,4,266
model,result_0999,0.0243214997387039,0.6697424963574364,2,215
model,result_0510,0.7121193738981897,0.5602158744128122,1,123
