background,mannheim_000000_000935.png
split,train
model,result_0373,0.5792222535890612,0.6355469964202993,0,91
model,result_0191,0.06950912873006854,0.6163029483534468,-4,28
