background,freiburg_000000_000070.png
split,train
model,result_0295,0.4159518778955964,0.9109645618360482,1,123
model,result_0127,0.2477983374179481,0.4651136216658001,0,106
model,result_0022,0.1918865631389195,0.6272837499496859,0,217
