background,bayreuth_000000_000818.png
split,train
model,result_0686,0.32107044857578215,0.33093754799091224,-2,281
model,result_0805,0.04131856953187629,0.2756610193790907,1,102
