background,dortmund_000000_000616.png
split,train
model,result_0239,0.741983388137793,0.8718899486630678,4,32
model,result_0051,0.2667514558617958,0.7494324116988416,4,216
model,result_0739,0.9641501911724653,0.31265643801711196,-3,34
