background,muhlheim-ruhr_000000_000669.png
split,train
model,result_0332,0.8784348819044531,0.8963817258176512,-3,82
model,result_0385,0.7326799149030347,0.9690259627613954,-4,333
model,result_0991,0.38919277070803737,0.7743842147112028,1,22
