background,augsburg_000000_000253.png
split,train
model,result_0004,0.04901513144869041,0.5083936765306266,-1,230
