background,dortmund_000000_000569.png
split,train
model,result_0542,0.6471700480727227,0.6253028344206544,4,159
model,result_0674,0.27967414278321534,0.46495307900061633,-2,80
model,result_0146,0.7193785917784362,0.6134453137098884,-4,241
