background,strasbourg_000000_000751.png
split,train
model,result_0394,0.0712649786949121,0.26515100883709264,-4,256
