background,karlsruhe_000000_000936.png
split,train
model,result_0879,0.6103333469474277,0.8740515877718725,-3,345
