background,muhlheim-ruhr_000000_000918.png
split,train
model,result_0996,0.4292263093772144,0.3920799609295753,-3,359
model,result_0266,0.49794502110521965,0.3537471814793317,-3,109
