background,wuppertal_000000_000919.png
split,train
model,result_0239,0.28983382235237354,0.28658034724165526,-2,175
model,result_0051,0.9240012095900989,0.2824421272571165,-3,90
model,result_0739,0.37145512617823184,0.7004206166885176,-4,103
