background,augsburg_000000_000898.png
split,train
model,result_0983,0.7052950193682577,0.5140494309782936,2,38
model,result_0996,0.7210111915277972,0.3972767999177712,0,110
model,result_0266,0.3664584887122396,0.7929166736111757,1,353
