background,mannheim_000000_001111.png
split,train
model,result_0472,0.8061027902043222,0.9785918557474436,4,37
model,result_0981,0.3001079750828728,0.3177779143939954,-4,192
