background,nuremberg_000000_000152.png
split,train
model,result_0389,0.3589577788147277,0.5733619879602542,-3,85
model,result_0164,0.7846738586471391,0.8447704733239247,-4,109
model,result_0440,0.048695885481001344,0.6790409702620281,1,240
