background,dortmund_000000_000680.png
split,train
model,result_0319,0.9706441518576447,0.3939234428701074,0,119
