background,augsburg_000000_000623.png
split,train
model,result_0060,0.8698054700640371,0.9534615185172253,3,119
