background,duisburg_000000_000617.png
split,train
model,result_0678,0.6984731193384462,0.44006740553396717,0,145
model,result_0784,0.8058137965300788,0.4327969844494698,-2,102
