background,muhlheim-ruhr_000000_000049.png
split,train
model,result_0882,0.5535315427856045,0.7678476274258772,3,348
model,result_0467,0.348533199665396,0.963785311058836,-2,195
model,result_0154,0.8166255319576636,0.8197541541554523,-2,175
