background,dusseldorf_000182_000019.png
split,train
model,result_0751,0.706353595449337,0.45444371699661507,4,253
model,result_0678,0.502847701975574,0.7145020952853071,-4,120
model,result_0784,0.8544272829015702,0.4261962014843611,3,308
