background,heilbronn_000000_000621.png
split,train
model,result_0924,0.1618684446343297,0.6462348029201372,3,17
