background,weimar_000122_000019.png
split,train
model,result_0477,0.8001527583920987,0.39671786136923237,2,49
model,result_0949,0.8057537395314139,0.27130746604541633,3,30
model,result_0324,0.45859832005937884,0.5435755472673124,-4,152
