background,wurzburg_000000_000950.png
split,train
model,result_0996,0.3592879868068286,0.5251044086375233,-1,193
