background,oberhausen_000000_000622.png
split,train
model,result_0524,0.30658597814245925,0.4476856995335686,4,353
model,result_0199,0.8578738900316744,0.29434371758896005,-3,229
