background,duisburg_000000_000240.png
split,train
model,result_0283,0.07678751095824121,0.8091051212365182,-1,129
model,result_0968,0.17373556834003823,0.6654294673994845,-3,191
model,result_0847,0.03543966426112688,0.323865659356301,-4,357
