background,muhlheim-ruhr_000000_000175.png
split,train
model,result_0981,0.4299614850559368,0.29257838814706194,-4,77
model,result_0527,0.516717981065811,0.8025176093179047,1,112
