background,wuppertal_000000_000705.png
split,train
model,result_0822,0.8205120449738833,0.39513329021002247,-4,214
