background,duisburg_000000_000336.png
split,train
model,result_0191,0.744188305344513,0.4541204786474363,-3,351
model,result_0775,0.46585078384653267,0.7015290692196021,-2,326
model,result_0075,0.18585229366344647,0.7024915451741724,1,277
