background,muhlheim-ruhr_000000_000751.png
split,train
model,result_0163,0.35630176272717806,0.6681119427760656,1,241
model,result_0657,0.43162972236635244,0.39061165873163417,4,42
