background,bayreuth_000000_000387.png
split,train
model,result_0805,0.08558956494836334,0.6791597240952586,1,182
model,result_0039,0.125652070071115,0.5713887552534918,2,200
