background,duisburg_000000_000643.png
split,train
model,result_0036,0.6509229135640346,0.5113053502924246,3,197
model,result_1000,0.630504146142042,0.40801697256307756,-1,165
