background,bayreuth_000000_000522.png
split,train
model,result_0646,0.6669330357934508,0.5880162294915139,-2,270
model,result_0586,0.9494363584397956,0.8809576337188517,-1,137
