background,hanover_000000_050398.png
split,train
model,result_0739,0.40403070676323416,0.9301272400485237,-4,220
model,result_0960,0.8231925119241472,0.25726454006563115,2,265
model,result_0632,0.16802125033451165,0.4399736901281417,3,120
