background,stuttgart_000155_000019.png
split,train
model,result_0991,0.46501844082604116,0.5577287032966214,-4,66
