background,bayreuth_000000_000435.png
split,train
model,result_0606,0.46832621221679516,0.9732134552401603,0,181
