background,augsburg_000000_001002.png
split,train
model,result_0678,0.7898948360483296,0.568616309424556,0,249
