background,karlsruhe_000000_001023.png
split,train
model,result_0784,0.6388440022080759,0.29754590227196054,1,229
model,result_0924,0.8615483992203691,0.8894496711448975,-2,84
