background,bayreuth_000000_000100.png
split,train
model,result_0991,0.6919319961651995,0.8675602850982309,3,197
