background,schweinfurt_000000_000665.png
split,train
model,result_0288,0.785529001277335,0.9512438442628952,3,51
model,result_0247,0.7466363065485914,0.5792893522818441,3,74
