background,konstanz_000000_000916.png
split,train
model,result_0879,0.854336107651778,0.28191088329154856,3,211
model,result_0542,0.35207877498521933,0.6694526422094136,-1,67
model,result_0674,0.6753265289599019,0.8195839901738574,4,255
