background,nuremberg_000000_000278.png
split,train
model,result_0686,0.8486655102362851,0.9823130957122395,-2,277
