background,wurzburg_000000_000383.png
split,train
model,result_0192,0.9522452677226054,0.4462354979225365,2,337
model,result_0218,0.6709060696813195,0.42713722272661236,4,312
