background,augsburg_000000_000235.png
split,train
model,result_0751,0.16424920500475604,0.32494894050349804,0,141
model,result_0678,0.9153636035194698,0.7936826060060651,4,19
