background,dusseldorf_000046_000019.png
split,train
model,result_0871,0.9838311793248634,0.9201019041770714,-4,295
model,result_0878,0.5026729586099137,0.4934555783203579,4,282
model,result_0004,0.9051627178390451,0.9426445851198175,-1,253
