background,konstanz_000000_000796.png
split,train
model,result_0674,0.8247729753240745,0.7637941473103773,2,190
model,result_0146,0.07335448923410959,0.4229960319246635,-3,260
