background,freiburg_000000_000108.png
split,train
model,result_0046,0.4970942625308723,0.26504074482265066,2,149
