background,augsburg_000000_000117.png
split,train
model,result_0440,0.6987174591728224,0.9155984530058912,-2,243
model,result_0484,0.2506663839303801,0.9742351420481561,4,192
