background,wurzburg_000000_000974.png
split,train
model,result_0924,0.3656609685688914,0.9643589771584631,3,62
model,result_0866,0.23679178675768686,0.441932829659204,0,107
