background,heilbronn_000000_000491.png
split,train
model,result_1000,0.1501109527961062,0.667203817662815,4,150
model,result_0367,0.7217946101410122,0.589041151348685,-3,70
