background,wuppertal_000000_000980.png
split,train
model,result_0847,0.6326707580198715,0.9194721303288224,-2,191
