background,schweinfurt_000000_000001.png
split,train
model,result_0866,0.8920571121634789,0.3995235902991834,0,353
