background,oberhausen_000000_000678.png
split,train
model,result_0373,0.27154812216570146,0.38123235217093593,-1,221
model,result_0191,0.5536541687688284,0.43148891799166816,3,39
model,result_0775,0.4426538223183134,0.8671781009264625,-2,235
