background,wurzburg_000000_000081.png
split,train
model,result_0914,0.2886384708171984,0.8941097454420165,-3,49
model,result_0193,0.9290685852708528,0.7405730407912041,2,89
