background,nuremberg_000000_000490.png
split,train
model,result_0544,0.7157709075133734,0.9291522222644012,4,115
model,result_0999,0.42385169958277746,0.28695838223214115,-3,217
model,result_0510,0.04533657156390536,0.8313164132014766,-3,355
