background,bayreuth_000000_000846.png
split,train
model,result_0319,0.09353859492691097,0.5296672201370043,3,217
model,result_0477,0.4658292266591688,0.9397744248958291,3,323
