background,ulm_000078_000019.png
split,train
model,result_0173,0.7857223764764432,0.8155663565476163,2,214
