background,augsburg_000000_000187.png
split,train
model,result_0039,0.866509952644077,0.3111079946158203,4,33
