background,dusseldorf_000005_000019.png
split,train
model,result_0127,0.9348938807056553,0.7736557001895386,-1,336
model,result_0022,0.8525412542657329,0.8463116113835404,-3,250
