background,dortmund_000000_000192.png
split,train
model,result_0862,0.4009263717789635,0.9061246982945135,-2,86
model,result_0524,0.8616530239267595,0.7027116251139595,2,162
model,result_0199,0.3764456464666823,0.8757141411175214,-3,26
