background,oberhausen_000000_000803.png
split,train
model,result_0467,0.9970606036857154,0.2687290892430979,-4,322
