background,bamberg_000000_000301.png
split,train
model,result_0992,0.39433920312816506,0.6112976373005234,-4,23
model,result_0394,0.27793218549081744,0.32531075672540377,3,305
