background,heidelberg_000000_000014.png
split,train
model,result_0060,0.3027964583044196,0.7056308706088266,-1,109
model,result_0080,0.14032338085474583,0.35820389332735875,0,61
