background,wurzburg_000000_000964.png
split,train
model,result_0999,0.021602205859311607,0.49864681143116396,-2,313
model,result_0510,0.9688856212530137,0.6778077358044221,-3,241
