background,augsburg_000000_001446.png
split,train
model,result_0467,0.3063970920432716,0.562927659080937,-2,248
model,result_0154,0.05357470773350559,0.6291342249862112,-2,234
model,result_0562,0.16866064880217124,0.4379054228654601,-3,153
