background,karlsruhe_000000_001100.png
split,train
model,result_0357,0.0918640800679823,0.6709492101809766,-4,341
model,result_0046,0.11136738930407086,0.4958839287829036,3,204
model,result_0389,0.4740927759243808,0.6179991706065987,2,101
