background,muhlheim-ruhr_000000_000517.png
split,train
model,result_0795,0.7449518289520488,0.5893762262148821,4,105
model,result_0388,0.026720967504632154,0.32130197564712154,1,321
