background,dusseldorf_000046_000019.png
split,train
model,result_0060,0.0015205411665505375,0.7640339026144468,4,89
model,result_0080,0.6424520463546803,0.5639366802302447,-4,315
