background,augsburg_000000_001097.png
split,train
model,result_0080,0.08186820530607686,0.5933711965202697,2,44
model,result_0857,0.23498100207167383,0.5489613865701746,-1,280
