background,wuppertal_000000_000320.png
split,train
model,result_0266,0.23326211183396095,0.9801019995348319,2,138
