background,hanover_000000_051059.png
split,train
model,result_0394,0.14524582853761137,0.9948249976852684,3,261
model,result_0163,0.8178141480180939,0.804092836866143,0,230
model,result_0657,0.69039427330518,0.2783608046314251,-4,188
