background,augsburg_000000_000019.png
split,train
model,result_0995,0.06810578319298066,0.6536317094788202,-2,94
model,result_0969,0.19019854677509962,0.39222627774199825,-2,195
model,result_0793,0.5205283192056308,0.2643626287178108,-1,214
