background,heidelberg_000000_000975.png
split,train
model,result_0388,0.6123056231566645,0.7170987682314033,-4,302
model,result_0499,0.2536588381916831,0.34426793365683084,2,12
