background,heidelberg_000000_000360.png
split,train
model,result_0805,0.2651097461378018,0.6565814878787264,-4,152
