background,aachen_000130_000019.png
split,train
model,result_0024,0.15614711258873704,0.5701480970983372,-2,73
