background,augsburg_000000_000361.png
split,train
model,result_0751,0.298675036723997,0.3661580046026146,-4,92
model,result_0678,0.7968517881364644,0.25085475438161287,2,173
model,result_0784,0.8630611536071026,0.890992091819691,0,358
