background,wurzburg_000000_000423.png
split,train
model,result_0983,0.583195719706326,0.640974625305132,-2,264
model,result_0996,0.4407063890329288,0.659291138031384,2,245
