background,stuttgart_000173_000019.png
split,train
model,result_0969,0.6329811067592861,0.8114937236328664,-2,87
model,result_0793,0.6585467006204133,0.760231032375447,-3,186
model,result_0686,0.5975797932238364,0.39567565107230196,4,147
