background,heidelberg_000000_000117.png
split,train
model,result_1000,0.7306905921463965,0.31876088152342275,-2,83
model,result_0367,0.48934013734495607,0.35608205521013275,4,89
