background,muhlheim-ruhr_000000_001166.png
split,train
model,result_0319,0.3529808472731627,0.5476926960839114,-1,2
model,result_0477,0.30955437190227053,0.613183224665762,-3,14
model,result_0949,0.4316694124313226,0.9215819281995514,4,345
