background,saarbrucken_000000_000252.png
split,train
model,result_0544,0.29102704554054215,0.9700056113910149,1,95
model,result_0999,0.06582913672243751,0.28886139766444346,-1,11
model,result_0510,0.9503886835392821,0.47722935793295895,2,321
