background,augsburg_000000_000280.png
split,train
model,result_0163,0.7608620915977938,0.7939020233767524,-4,344
model,result_0657,0.37669506078396153,0.8704232804441987,-3,318
