background,muhlheim-ruhr_000000_000219.png
split,train
model,result_0046,0.518836542604308,0.46991557542771184,-1,284
model,result_0389,0.3345763626622623,0.9902812924081603,2,360
model,result_0164,0.8477064138459904,0.3309929177046494,1,243
