background,freiburg_000000_000044.png
split,train
model,result_0061,0.029396232176177928,0.45870525953702806,1,292
model,result_0606,0.2672038174871527,0.9917084433752955,1,15
