background,karlsruhe_000000_000968.png
split,train
model,result_0983,0.6181730578770699,0.7671191574309557,0,232
