background,troisdorf_000000_000082.png
split,train
model,result_0855,0.08451846333484936,0.7551370511687912,4,266
