background,wurzburg_000000_000515.png
split,train
model,result_0467,0.4181810159092505,0.9449534355856355,-3,0
model,result_0154,0.825842722862592,0.6777360028081181,-2,239
model,result_0562,0.25613809674857935,0.6701461841459124,1,141
