background,augsburg_000000_000588.png
split,train
model,result_0847,0.7404894217288442,0.9246556040936226,-3,197
model,result_0646,0.6477255556886098,0.47018306306110486,2,335
