background,muhlheim-ruhr_000000_000588.png
split,train
model,result_0004,0.19739537124484063,0.7856786317928637,3,186
