background,duisburg_000000_000026.png
split,train
model,result_0602,0.957941964879085,0.710272501030873,-3,19
model,result_0024,0.47174862237944737,0.8455740112515184,-2,240
model,result_0288,0.9512928034948205,0.5180568930496694,-2,224
