background,wurzburg_000000_001564.png
split,train
model,result_0022,0.8393881198279118,0.8466371023584184,-3,127
