background,bayreuth_000000_000626.png
split,train
model,result_0004,0.4717740558098078,0.40790972383302854,0,42
model,result_0931,0.9242593875800879,0.7511827706852023,2,276
model,result_0123,0.24314846673467194,0.3849712683338144,-3,312
