background,konstanz_000000_001252.png
split,train
model,result_0385,0.39253652742528866,0.41852918528539174,2,56
model,result_0991,0.9190739934413619,0.32415852213921165,-1,346
model,result_0373,0.37190168985734406,0.31786144549460316,-4,177
