background,oberhausen_000000_000423.png
split,train
model,result_0192,0.12347009188024549,0.6418902883921981,-2,334
model,result_0218,0.5381098211800004,0.3341034852485948,0,110
