background,duisburg_000000_000803.png
split,train
model,result_0288,0.013207016332961397,0.30970419349791956,-1,143
model,result_0247,0.5975185194001681,0.5851170913632474,2,327
model,result_0239,0.9990418397143505,0.5739226172741101,-1,270
