background,ulm_000036_000019.png
split,train
model,result_0332,0.6814313252343607,0.6836513759602999,-3,256
