background,dortmund_000000_000382.png
split,train
model,result_0324,0.12380332196267518,0.37345478090211576,3,60
model,result_0173,0.1346572210182273,0.5038673786591716,3,24
model,result_0751,0.6125236588689189,0.500635511891657,4,5
