background,konstanz_000000_000410.png
split,train
model,result_0338,0.32160787779134026,0.8817057947421689,-1,261
model,result_0557,0.8027846506728501,0.7757686527265015,0,56
