background,muhlheim-ruhr_000000_000021.png
split,train
model,result_0389,0.04150507371939949,0.2907070834783059,0,24
