background,nuremberg_000000_001409.png
split,train
model,result_0024,0.43340505666147633,0.40657912813988206,-1,204
model,result_0288,0.6257795495963431,0.7257130939545277,4,242
model,result_0247,0.30236747962997723,0.9870607730349057,-2,68
