background,augsburg_000000_000194.png
split,train
model,result_0024,0.5872230969668415,0.5194994164493716,-2,287
