background,muhlheim-ruhr_000000_001006.png
split,train
model,result_0995,0.7783000908069581,0.6242354958419309,-3,322
model,result_0969,0.8756181736859788,0.41774275025392515,-3,315
