background,schweinfurt_000000_000531.png
split,train
model,result_0999,0.9997616471726193,0.5318668779819311,0,164
model,result_0510,0.8624313471442234,0.8231380801849946,-3,308
model,result_0328,0.03531005625771444,0.6266447515381753,-2,136
