background,wurzburg_000000_001294.png
split,train
model,result_0357,0.2730560284839151,0.8627077863982769,3,273
