background,wuppertal_000000_000930.png
split,train
model,result_0164,0.08947122757536963,0.6853524897926749,4,287
model,result_0440,0.003799691583600606,0.48097725796389845,-1,145
model,result_0484,0.649255276884487,0.4804989843094504,-2,243
