background,karlsruhe_000000_000770.png
split,train
model,result_0527,0.191991935499901,0.41824153148284543,2,200
model,result_0602,0.2564603997708732,0.31940843957771614,-4,80
model,result_0024,0.14302637013884267,0.5534966726715655,-3,286
