background,karlsruhe_000000_000746.png
split,train
model,result_0981,0.8008851699273613,0.6972830626722576,3,181
model,result_0527,0.2670200374856885,0.5102617154616128,0,311
