background,konigswinter_000000_000093.png
split,train
model,result_0931,0.4937472954196409,0.43036482333160914,-3,316
model,result_0123,0.07035096564877497,0.8638200442994703,-4,231
model,result_0472,0.3499990741466168,0.5276007227491455,3,301
