background,saarbrucken_000000_000447.png
split,train
model,result_0562,0.6735529611456829,0.832090938571936,4,18
model,result_0215,0.3012869171652157,0.4081417895855354,-1,331
model,result_0332,0.3073561252149877,0.5561429102557075,-2,25
