background,muhlheim-ruhr_000000_001139.png
split,train
model,result_0036,0.0653306669806969,0.521504056472139,0,222
