background,wurzburg_000000_000875.png
split,train
model,result_0968,0.912318328503693,0.6318322633470481,4,5
