background,jena_000001_000019.png
split,train
model,result_0163,0.32110284750183793,0.3503743600850787,-1,107
model,result_0657,0.8873706524434072,0.8592627319360986,-1,276
