background,dortmund_000000_000628.png
split,train
model,result_0678,0.8129436710353279,0.9613444745521835,1,221
model,result_0784,0.5289551931612752,0.804672028723888,2,184
