background,weimar_000012_000019.png
split,train
model,result_0357,0.4658257578813141,0.9378595541360342,4,185
model,result_0046,0.35830326192390294,0.9148992277610819,-4,244
model,result_0389,0.05419088695754992,0.29388511574043363,-4,358
