background,schweinfurt_000000_000698.png
split,train
model,result_0602,0.8659772428115052,0.9018682465888659,3,47
model,result_0024,0.8297858662836562,0.8043292647225758,-3,311
