background,jena_000107_000019.png
split,train
model,result_0861,0.48404317891381976,0.45770224851875685,-1,236
model,result_0882,0.13048190959155404,0.35879014479637306,4,217
