background,oberhausen_000000_000375.png
split,train
model,result_0784,0.6371703970184849,0.9019940168628441,-4,124
model,result_0924,0.04092153566947032,0.4810886467031877,-1,254
