background,konstanz_000000_001271.png
split,train
model,result_0324,0.1643517159502581,0.8689985232425889,3,167
model,result_0173,0.7534810782377666,0.690911041297516,1,132
