background,heidelberg_000000_000726.png
split,train
model,result_0612,0.02253842960792518,0.8820946508437161,0,328
model,result_0283,0.7533570180782033,0.8413517219167403,-1,21
model,result_0968,0.461474540390016,0.41505817196738326,0,280
