background,wurzburg_000000_000011.png
split,train
model,result_0022,0.3998392709031453,0.5524676516901297,1,304
model,result_0061,0.6604365721009903,0.9923079601471124,0,151
model,result_0606,0.009629036028810711,0.8993532500893437,1,153
