background,augsburg_000000_000906.png
split,train
model,result_0879,0.5605300389986833,0.5415640656667795,2,5
model,result_0542,0.3505760609479016,0.6296002240457768,-4,156
model,result_0674,0.5542774857904084,0.6647293187328299,1,172
