background,hanover_000000_051271.png
split,train
model,result_0805,0.6771059929040651,0.7497181064887162,2,224
model,result_0039,0.4143024740090543,0.6984486928973443,3,331
model,result_0386,0.8195922609854343,0.8380184153352943,3,94
