background,karlsruhe_000000_000948.png
split,train
model,result_0646,0.9493044383386883,0.9557192996395891,-3,223
model,result_0586,0.07290256706746445,0.29836782979037624,-1,184
model,result_0989,0.4469848299645286,0.5057151935349168,-2,93
