background,bayreuth_000000_000232.png
split,train
model,result_0924,0.6319316352022593,0.5450990288035105,-4,266
model,result_0866,0.008634365844581104,0.9644172861238098,1,324
model,result_0983,0.6884268382047424,0.7147406917203479,-4,326
