background,heidelberg_000000_000705.png
split,train
model,result_0082,0.39247604443288886,0.6438077662044477,4,313
