background,monchengladbach_000000_009615.png
split,train
model,result_0924,0.79997867221389,0.8483453511955692,4,182
model,result_0866,0.558856057394615,0.633219505752649,2,308
model,result_0983,0.9156655824473358,0.7611180171192307,0,20
