background,bayreuth_000000_000834.png
split,train
model,result_0871,0.3650933599952967,0.7913375229060485,4,136
model,result_0878,0.7449061622394442,0.31659800634807234,4,65
model,result_0004,0.3576827920394312,0.5474622261006583,3,214
