background,nuremberg_000000_001098.png
split,train
model,result_0945,0.3463786968811837,0.7344859235098323,1,29
model,result_0612,0.9812308549396468,0.6557437636996424,4,279
