background,dortmund_000000_000681.png
split,train
model,result_0367,0.5723923360157627,0.968446162786266,0,345
