background,mannheim_000000_000815.png
split,train
model,result_0945,0.043698222245055596,0.48055919917678774,-3,113
model,result_0612,0.3601316612164962,0.2543477920002809,4,197
