background,freiburg_000000_000654.png
split,train
model,result_0632,0.7021680394201781,0.7730890544472439,2,340
model,result_0357,0.4034867137566399,0.9804966183804789,-4,103
model,result_0046,0.09417236532702133,0.7806155499502914,-1,137
