background,augsburg_000000_000990.png
split,train
model,result_0295,0.9268345967480164,0.6210006988364014,2,131
model,result_0127,0.784135748588864,0.5221675655291884,-4,118
model,result_0022,0.4149823765466226,0.5938732475764777,-2,314
