background,dortmund_000000_000760.png
split,train
model,result_0373,0.583874243239119,0.9151630574187312,4,61
model,result_0191,0.8843624175202767,0.9028139136466328,4,287
