background,schweinfurt_000000_000519.png
split,train
model,result_0586,0.34017451145373645,0.7082055920322705,-4,33
