background,wurzburg_000000_000081.png
split,train
model,result_0060,0.7651985719508037,0.5186931837012771,-2,118
model,result_0080,0.03479576202266921,0.5770814981573904,3,209
