background,wurzburg_000000_000330.png
split,train
model,result_0510,0.15292560706785785,0.5418682551262807,3,302
model,result_0328,0.9547473883631783,0.3374493445583859,1,276
model,result_0879,0.8961732925059734,0.46857780975310004,4,80
