background,erlangen_000000_000211.png
split,train
model,result_0385,0.7415973561616529,0.4097355485539079,-2,140
