background,bayreuth_000000_000768.png
split,train
model,result_0694,0.11210576263090455,0.38586251903767554,-3,353
