background,stuttgart_000081_000019.png
split,train
model,result_0266,0.5226594249710297,0.7519275214282619,4,309
model,result_0862,0.054800476066626524,0.971393460339423,-4,245
model,result_0524,0.7364720266319987,0.699951233456137,1,25
