background,heilbronn_000000_000359.png
split,train
model,result_0388,0.5929086838646604,0.6069260197748881,-1,54
model,result_0499,0.03707600322768423,0.4882427018801795,0,91
