background,saarbrucken_000000_000439.png
split,train
model,result_0960,0.21452332304265487,0.6343535938750144,-3,317
model,result_0632,0.9122134129313764,0.290612870690568,4,19
model,result_0357,0.9929216570166508,0.32253675189886605,-1,281
