background,schweinfurt_000000_000217.png
split,train
model,result_0979,0.035054510619491275,0.33158061230503777,2,278
