background,karlsruhe_000000_000480.png
split,train
model,result_0542,0.0036828987012078596,0.500139008603915,0,254
model,result_0674,0.43724749050263023,0.6748114452115781,3,301
