background,karlsruhe_000000_000716.png
split,train
model,result_0694,0.3701103371099983,0.7144050969398814,-3,8
