background,karlsruhe_000000_000530.png
split,train
model,result_0061,0.03527007539890725,0.4284609068261081,0,243
