background,dortmund_000000_000818.png
split,train
model,result_0686,0.8633252535268434,0.7164916890490391,-2,283
