background,troisdorf_000000_000052.png
split,train
model,result_0386,0.19918273987877289,0.6781170476251321,-4,18
model,result_0979,0.5785169180394134,0.8528726353040447,3,168
model,result_0871,0.9405813567899066,0.44889778544393405,4,238
