background,wuppertal_000000_000601.png
split,train
model,result_0338,0.7828995762524288,0.5579200354090205,-4,179
model,result_0557,0.3927443233975103,0.28879199295042524,0,234
model,result_0544,0.9146470317906611,0.4885879203831177,1,107
