background,konstanz_000000_000184.png
split,train
model,result_0215,0.9108683599485946,0.28929735658288536,-1,337
model,result_0332,0.09787741285564189,0.6372054843517628,0,294
model,result_0385,0.15718053616905248,0.4797371748810094,-4,124
