background,oberhausen_000000_000357.png
split,train
model,result_0999,0.1582657137172876,0.9080559117955771,-3,352
model,result_0510,0.03170595940056797,0.33091530140533365,0,358
model,result_0328,0.7979898609646358,0.40927310152309176,1,181
