background,muhlheim-ruhr_000000_000960.png
split,train
model,result_0544,0.5322882341755256,0.9722204835415471,-2,305
model,result_0999,0.12256188533747259,0.4136305791550653,4,62
model,result_0510,0.3805840340544495,0.8131119887444181,1,112
