background,hamburg_000000_080438.png
split,train
model,result_0477,0.374068438703148,0.5793713821697496,4,114
model,result_0949,0.30082633537238324,0.6910297751297214,-4,293
model,result_0324,0.2761680602912395,0.964142252385999,-4,53
