background,wuppertal_000000_000862.png
split,train
model,result_0192,0.49673801828915354,0.5096949351286086,3,310
model,result_0218,0.7993730744901636,0.9880142895123074,1,360
