background,duisburg_000000_000194.png
split,train
model,result_0484,0.4230370421274535,0.9817820527598441,4,156
model,result_0861,0.5746306739174897,0.46359841507658495,0,307
model,result_0882,0.8573889938350017,0.9818584423937021,1,132
