background,duisburg_000000_000093.png
split,train
model,result_0154,0.8504000582297353,0.4387499641202289,3,84
model,result_0562,0.41408008946676544,0.29774587376139794,0,236
model,result_0215,0.6906820484647056,0.41778853526490856,-2,230
