background,mannheim_000000_000910.png
split,train
model,result_0795,0.5078245178344453,0.988693151682569,3,327
model,result_0388,0.8931371805758522,0.9886163838060301,3,111
model,result_0499,0.797601670256061,0.2569781969740993,2,294
