background,duisburg_000000_000652.png
split,train
model,result_0999,0.6859201961216668,0.4720658831580049,-4,155
