background,dortmund_000000_001093.png
split,train
model,result_0332,0.25651947282713017,0.5478057757561979,-3,41
model,result_0385,0.26654921037346824,0.3264328240185975,2,83
model,result_0991,0.9788557526614737,0.5767994403327712,0,223
