background,heidelberg_000000_000622.png
split,train
model,result_0266,0.5294613034154,0.4630289359530382,4,46
model,result_0862,0.3174373892736797,0.9000825562421639,4,239
