background,heidelberg_000000_000077.png
split,train
model,result_0477,0.353217841512271,0.5769678859810781,4,174
