background,duisburg_000000_000460.png
split,train
model,result_0775,0.9308984148631548,0.5884678425085786,-4,258
