background,mannheim_000000_000528.png
split,train
model,result_0784,0.40610599859704266,0.7647554101007492,-3,323
model,result_0924,0.9251874743216634,0.42132399691904876,-4,0
model,result_0866,0.15172458352387252,0.7643068425031551,-2,214
