background,wurzburg_000000_001528.png
split,train
model,result_0164,0.9310103095984674,0.9397649855939006,0,51
model,result_0440,0.3518785012607061,0.5202652591109651,4,169
