background,wurzburg_000000_000898.png
split,train
model,result_0996,0.8743823354465683,0.9025303460886605,3,284
model,result_0266,0.7889627371338628,0.4079050191204122,-3,310
