background,zurich_000105_000019.png
split,train
model,result_0612,0.22019345073585816,0.283034162849391,4,51
model,result_0283,0.8064552597617376,0.9211503063962444,3,347
model,result_0968,0.40719204042169965,0.7750052922211266,2,99
