background,dortmund_000000_001003.png
split,train
model,result_0319,0.9030021473872651,0.55595431506655,3,34
model,result_0477,0.06297237717564241,0.8063453618458871,1,335
