background,dortmund_000000_000668.png
split,train
model,result_0239,0.8448610586558919,0.48439839381634997,2,169
