background,karlsruhe_000000_000303.png
split,train
model,result_0510,0.6536076909914706,0.9536147972648278,-4,225
model,result_0328,0.10201657105267081,0.9419286279085344,0,277
