background,heilbronn_000000_000001.png
split,train
model,result_0192,0.8612030899123234,0.6396275357161911,4,336
