background,schweinfurt_000000_000675.png
split,train
model,result_0367,0.7150664584747601,0.3599043629707347,-1,78
model,result_0822,0.03331900860074932,0.2627652801447672,-3,131
