background,karlsruhe_000000_000479.png
split,train
model,result_0051,0.5032084616183219,0.2767337532357935,-3,243
