background,mannheim_000000_000938.png
split,train
model,result_0046,0.20688580855520977,0.4518024453617151,-1,260
model,result_0389,0.9557351513295707,0.40652039765861836,-4,51
model,result_0164,0.11220149859767414,0.46257525370090324,-4,165
