background,nuremberg_000000_000935.png
split,train
model,result_0239,0.5234085157904272,0.3817272680149517,0,233
