background,augsburg_000000_001436.png
split,train
model,result_0945,0.4409374154306771,0.8153793090982873,0,28
model,result_0612,0.26468321897579783,0.30264776088432316,1,139
model,result_0283,0.31610716384813664,0.3889340711503356,4,280
