background,konstanz_000000_000757.png
split,train
model,result_0969,0.7323382947214693,0.2644702928400456,2,39
