background,muhlheim-ruhr_000000_001151.png
split,train
model,result_0983,0.23310430090046863,0.49533355289904557,-3,263
model,result_0996,0.4129010448136545,0.4176146229107263,1,168
model,result_0266,0.19340054146968866,0.37335191285844227,-4,308
