background,wuppertal_000000_001000.png
split,train
model,result_0586,0.2973853801977622,0.2845019262942513,0,218
