background,dortmund_000000_000365.png
split,train
model,result_0324,0.602535741794211,0.5522022166100499,3,357
model,result_0173,0.8570215744232109,0.681393118625576,-1,156
