background,augsburg_000000_000344.png
split,train
model,result_0218,0.5236164258261556,0.38346781942935404,2,266
model,result_0694,0.49093926432563817,0.8817224152359818,-2,75
model,result_0319,0.49991736163512845,0.6433665913696079,3,99
