background,augsburg_000000_001071.png
split,train
model,result_0784,0.156478095701013,0.5243385942592903,2,242
model,result_0924,0.6530546048839102,0.28047869654434177,1,109
model,result_0866,0.8274596504744909,0.6791412604744539,0,56
