background,nuremberg_000000_001016.png
split,train
model,result_0394,0.1267337406490694,0.5767449678865623,-2,161
model,result_0163,0.05485086198591149,0.816043429576608,-4,344
model,result_0657,0.3515497438288401,0.5647284100724784,1,139
