background,augsburg_000000_001341.png
split,train
model,result_0562,0.9795595518744025,0.6720359683529201,-3,134
