background,nuremberg_000000_000135.png
split,train
model,result_0586,0.6059601370098902,0.8587175063356319,2,159
model,result_0989,0.7169601416772923,0.6212232399059102,-2,94
