background,nuremberg_000000_000901.png
split,train
model,result_0394,0.910891890106673,0.7360382524001268,0,277
model,result_0163,0.620674801346688,0.450359633041389,3,105
