background,muhlheim-ruhr_000000_000342.png
split,train
model,result_0686,0.667758326624239,0.9599127746272965,1,234
model,result_0805,0.896195006882149,0.7841875849474121,1,139
