background,heilbronn_000000_000399.png
split,train
model,result_0751,0.15794749669787356,0.7393237326906675,2,268
model,result_0678,0.14194421210003283,0.5661655724171333,-2,148
model,result_0784,0.7611940263329207,0.5327732055591783,4,335
