background,zurich_000092_000019.png
split,train
model,result_0678,0.3385622079900925,0.3148729596293591,-4,229
model,result_0784,0.9304139805536998,0.6273589700105994,-1,139
model,result_0924,0.1327182226027036,0.5353714576469116,3,276
