background,saarbrucken_000000_000272.png
split,train
model,result_0527,0.39637661561151005,0.5710211528061034,-3,173
model,result_0602,0.23110909442364846,0.937052970120392,-3,360
model,result_0024,0.14412874267481635,0.8838570679212874,-1,85
