background,mannheim_000000_001157.png
split,train
model,result_0991,0.7571039664293204,0.8860572982196689,-4,41
