background,troisdorf_000000_000010.png
split,train
model,result_0472,0.8928070735266463,0.4896431838145333,3,239
model,result_0981,0.9648612642750244,0.328067739259456,0,144
model,result_0527,0.1955611916238844,0.34648041791631423,-3,339
