background,heidelberg_000000_000975.png
split,train
model,result_0163,0.4814089511015627,0.6414272244619261,3,285
model,result_0657,0.11371177152088396,0.7027520371014374,2,36
model,result_0914,0.67640145530678,0.3637549510929191,1,304
