background,oberhausen_000000_000550.png
split,train
model,result_0283,0.24414489471538103,0.2596503905606673,1,289
model,result_0968,0.5348479455215844,0.451050852733084,2,123
model,result_0847,0.5680026406310208,0.6114878098650799,2,221
