background,heilbronn_000000_000339.png
split,train
model,result_0999,0.47304727924372325,0.7692618157189102,-1,271
model,result_0510,0.6618409204656686,0.8211540100826654,1,116
model,result_0328,0.8610951476231119,0.37586510322885924,2,163
