background,dortmund_000000_000630.png
split,train
model,result_0803,0.5204039312711577,0.6744348011558773,1,165
model,result_0192,0.21360366646269469,0.39239505799963953,1,284
