background,bayreuth_000000_000757.png
split,train
model,result_0996,0.45429437429628305,0.3251527200520524,-3,170
