background,augsburg_000000_001226.png
split,train
model,result_0218,0.104036668926629,0.4755222188878313,0,144
model,result_0694,0.8779506374367121,0.33673829145616374,-4,172
