background,nuremberg_000000_000933.png
split,train
model,result_0332,0.6287526314287751,0.7055279973302622,3,136
model,result_0385,0.16699966626959373,0.7482543174288094,0,249
