background,dortmund_000000_000680.png
split,train
model,result_1000,0.016201280367036275,0.5563521934205109,4,51
model,result_0367,0.9252407124934108,0.5451028817150958,0,304
