background,wuppertal_000000_001039.png
split,train
model,result_0082,0.4389561179539365,0.3982974414587661,2,7
model,result_0945,0.15443218847313012,0.8453002383016444,-4,174
