background,konstanz_000000_001310.png
split,train
model,result_0968,0.8112580519607934,0.3447034967497762,-4,341
model,result_0847,0.7198314469305429,0.3447295389651397,-4,242
