background,konstanz_000000_000016.png
split,train
model,result_0472,0.16076280342152693,0.47594712890596624,2,73
model,result_0981,0.1362155724941312,0.757706223747701,-1,13
model,result_0527,0.22732757926028324,0.34499234517986443,2,177
