background,duisburg_000000_000659.png
split,train
model,result_0288,0.3023836304959939,0.33892837064368475,4,76
