background,dortmund_000000_000010.png
split,train
model,result_0004,0.657140915951618,0.5964902199228506,3,359
model,result_0931,0.6409566127455559,0.9817998800256686,-4,30
