background,saarbrucken_000000_000253.png
split,train
model,result_0844,0.2322278202740169,0.7022543114409179,-3,123
model,result_0995,0.8458547267992387,0.6777626397579066,4,309
model,result_0969,0.8674301546272124,0.25777209933660294,2,17
