background,konstanz_000000_000171.png
split,train
model,result_0524,0.0407058702190668,0.42716886926953956,-4,53
model,result_0199,0.4078773543073215,0.7122050019383664,4,84
