background,wuppertal_000000_000767.png
split,train
model,result_0123,0.3231272843541997,0.7818703569447891,4,190
model,result_0472,0.8488097993732692,0.43509353884113017,0,321
model,result_0981,0.06986324121075527,0.3417845594632829,3,51
