background,nuremberg_000000_000768.png
split,train
model,result_0992,0.7539670036980077,0.7521058572693321,4,176
model,result_0394,0.41574664889401447,0.35190822088896256,2,63
