background,konstanz_000000_000043.png
split,train
model,result_0657,0.8821582322793964,0.9545942506623788,2,360
model,result_0914,0.8444371120721643,0.42381684895087257,1,98
model,result_0193,0.20393257695090838,0.9775544344736768,1,20
