background,frankfurt_000001_041354.png
split,train
model,result_0024,0.6815399766736029,0.6556379583663476,-4,236
