background,dortmund_000000_000986.png
split,train
model,result_0338,0.30455645399329134,0.42219678716630815,1,72
model,result_0557,0.44564203037090244,0.8860544329604463,-3,120
