background,dortmund_000000_001085.png
split,train
model,result_0991,0.4638774853383012,0.7229967664358237,3,340
