background,nuremberg_000000_000881.png
split,train
model,result_0036,0.8417996016546454,0.7912618793915905,-4,203
model,result_1000,0.08553675779218795,0.8285209276659462,-1,188
