background,muhlheim-ruhr_000000_000435.png
split,train
model,result_0357,0.4659407516997076,0.7980428093557934,1,261
