background,dortmund_000000_000206.png
split,train
model,result_0440,0.7785801036511157,0.7124337609056286,3,304
model,result_0484,0.7709125811140488,0.7062675407445914,-2,28
model,result_0861,0.9651051935992316,0.3986115543816252,-3,77
