background,heidelberg_000000_000622.png
split,train
model,result_0191,0.680657985331043,0.3723223187230561,-3,286
model,result_0775,0.1908165964168993,0.4069627268972516,4,108
