background,nuremberg_000000_000987.png
split,train
model,result_0995,0.6230221092933159,0.7281105566682458,-3,300
model,result_0969,0.11893345375267195,0.41589495334867643,1,7
