background,heidelberg_000000_000687.png
split,train
model,result_0046,0.5323940640945589,0.2781378291651293,-2,94
