background,mannheim_000000_000290.png
split,train
model,result_0386,0.354993257342351,0.705410974507409,-4,202
model,result_0979,0.7529753878909063,0.8772419573794523,-2,31
