background,mannheim_000000_000070.png
split,train
model,result_0146,0.6838639245295866,0.6678053173902498,-2,59
