background,bremen_000155_000019.png
split,train
model,result_0389,0.8009596590217654,0.7409302167358569,3,74
