background,dortmund_000000_000666.png
split,train
model,result_0524,0.3227401735923344,0.8826578662109302,2,7
model,result_0199,0.06735509628959968,0.7854520928330253,0,211
