background,saarbrucken_000000_000526.png
split,train
model,result_0686,0.18250056516008595,0.8078059950118313,-4,172
