background,dusseldorf_000059_000019.png
split,train
model,result_0544,0.03398756818339588,0.5581063376650229,1,50
