background,freiburg_000000_000608.png
split,train
model,result_0146,0.6919425735095575,0.9979698323338054,2,182
