background,bremen_000059_000019.png
split,train
model,result_0775,0.839626073174283,0.35573658506609385,2,275
model,result_0075,0.9919665670060527,0.6741189748167121,-3,31
model,result_0992,0.8120037189417069,0.39473721289536157,4,72
