background,konstanz_000000_000255.png
split,train
model,result_0878,0.280385366050935,0.7798713277960562,-2,234
model,result_0004,0.9107904604948294,0.7906647049470779,4,53
model,result_0931,0.19340488857210814,0.7103100330081742,3,23
