background,bremen_000034_000019.png
split,train
model,result_0332,0.34346515360038754,0.32129806390557325,-3,200
model,result_0385,0.30061624965172784,0.7078908377321877,1,14
model,result_0991,0.11994683141536655,0.9193729735443197,-1,60
