background,duisburg_000000_000455.png
split,train
model,result_0632,0.7171510227041735,0.8030110560962861,-3,291
model,result_0357,0.6451492280982856,0.9019153288488186,-4,47
model,result_0046,0.8196328648826086,0.6393609284649675,4,14
