background,mannheim_000000_000063.png
split,train
model,result_0357,0.9985703815131066,0.3221664897764204,3,145
