background,schweinfurt_000000_000700.png
split,train
model,result_0164,0.4525634150141742,0.7985608630784368,4,132
