background,aachen_000007_000019.png
split,train
model,result_0878,0.7199419649429002,0.6172531376508102,-2,298
model,result_0004,0.07255146849255034,0.8534842274871927,0,130
