background,muhlheim-ruhr_000000_000391.png
split,train
model,result_0968,0.08648038931287261,0.8165143137824896,0,320
