background,mannheim_000000_000843.png
split,train
model,result_0191,0.58821285219166,0.3205312694610106,-2,34
model,result_0775,0.49417175117471457,0.7480076711588209,-2,196
model,result_0075,0.3439427331571513,0.8396731396997634,-1,90
