background,saarbrucken_000000_000154.png
split,train
model,result_0949,0.7243806281352096,0.3694426181066558,-1,282
