background,karlsruhe_000000_000082.png
split,train
model,result_0857,0.8455158972468163,0.5322306121530298,-4,310
model,result_0795,0.2564720765319696,0.49637309106695604,2,237
