background,muhlheim-ruhr_000000_000738.png
split,train
model,result_0338,0.9104911470645181,0.67601650720486,-2,41
model,result_0557,0.22783447992659078,0.8132308337173069,-4,10
model,result_0544,0.4215510968393412,0.34862454854678526,1,216
