background,augsburg_000000_001500.png
split,train
model,result_0440,0.5032363825600583,0.5033683984936149,1,93
