background,konstanz_000000_000966.png
split,train
model,result_0060,0.7978724285227338,0.2545570412336846,-3,309
