background,augsburg_000000_000066.png
split,train
model,result_0146,0.049227037070733726,0.4408488840338973,-1,237
model,result_0295,0.16957262226592973,0.5896232899974199,-1,193
