background,heidelberg_000000_000820.png
split,train
model,result_0878,0.1441231201891573,0.709815459454515,1,89
model,result_0004,0.10082671183439929,0.98640284139464,-4,359
