background,nuremberg_000000_000593.png
split,train
model,result_0999,0.37047634142397523,0.35141625931610515,2,7
model,result_0510,0.13312639579724106,0.9924548399332409,-1,254
