background,heidelberg_000000_000093.png
split,train
model,result_0146,0.27379554731891564,0.8297780567026898,-3,277
