background,nuremberg_000000_000100.png
split,train
model,result_0154,0.8748509831480454,0.9052483744159802,-3,20
model,result_0562,0.5313576813885714,0.5274413766462449,4,314
model,result_0215,0.2540144535063442,0.3609366550528512,-3,8
