background,karlsruhe_000000_000629.png
split,train
model,result_0861,0.052112991883576876,0.2608839936269388,-3,21
model,result_0882,0.6214297053083078,0.5723858679640559,2,278
model,result_0467,0.13964521637667526,0.575572909524815,-1,185
