background,dortmund_000000_000921.png
split,train
model,result_0239,0.0948142257872654,0.9487502131801604,4,226
