background,heidelberg_000000_000338.png
split,train
model,result_0949,0.6669445246881236,0.6331969140775483,4,275
