background,mannheim_000000_000600.png
split,train
model,result_0080,0.4545122278929772,0.33012797272842775,3,76
model,result_0857,0.7292577080023679,0.3354333621136608,2,60
