background,wurzburg_000000_000336.png
split,train
model,result_0793,0.5429254551306606,0.6764531872417023,0,62
model,result_0686,0.5861814917047312,0.38048909177703816,4,148
