background,dresden_000000_000183.png
split,train
model,result_0004,0.38225392049571316,0.5844801816175939,2,213
model,result_0931,0.8391916363112918,0.4029537248079369,4,110
model,result_0123,0.02326018589445855,0.8835341522746879,-3,211
