background,schweinfurt_000000_000681.png
split,train
model,result_0844,0.2693255303858051,0.7850298696268978,3,287
