background,erfurt_000099_000019.png
split,train
model,result_0239,0.5426310512347162,0.8107630238746457,1,53
model,result_0051,0.37176178548874506,0.5507381604808289,-2,243
model,result_0739,0.13168587448936597,0.6313059757318469,2,345
