background,schweinfurt_000000_000627.png
split,train
model,result_0981,0.2601825670196869,0.8128787931787724,-2,260
model,result_0527,0.9946579590427046,0.5053878047571664,-3,128
