background,monchengladbach_000000_000076.png
split,train
model,result_0239,0.25592700458789985,0.9484832779433955,3,347
model,result_0051,0.42805626040962186,0.31647040321534026,-2,288
