background,jena_000050_000019.png
split,train
model,result_0793,0.3119703087606761,0.44462523657373687,3,309
model,result_0686,0.7384431607954188,0.9830466383159663,-3,252
model,result_0805,0.47309995853593356,0.7685823499636231,-4,235
