background,muhlheim-ruhr_000000_001049.png
split,train
model,result_0775,0.5757501608229074,0.28695306514664265,-3,161
