background,muhlheim-ruhr_000000_000035.png
split,train
model,result_0924,0.42076667789762756,0.8060337447156882,-1,298
