background,heilbronn_000000_000133.png
split,train
model,result_0924,0.9975651114788094,0.8267600459077447,3,293
