background,saarbrucken_000000_000084.png
split,train
model,result_0960,0.45571074374404585,0.9402239299772642,-4,125
