background,oberhausen_000000_000811.png
split,train
model,result_0612,0.3388904145564159,0.6137254189080739,-2,318
