background,heidelberg_000000_000960.png
split,train
model,result_0803,0.7758660271663329,0.6307245450455785,-4,26
model,result_0192,0.3542222168610225,0.7234584718304271,2,356
