background,konstanz_000000_001371.png
split,train
model,result_0945,0.6010290995513059,0.46697667368217727,1,320
