background,wurzburg_000000_000900.png
split,train
model,result_0739,0.3250993785854669,0.7352177573845051,0,218
model,result_0960,0.11232037364863812,0.3872703544916013,0,66
model,result_0632,0.4595590970925737,0.9819067313942075,1,64
