background,mannheim_000000_000669.png
split,train
model,result_0247,0.8127447912496099,0.6838555759990828,1,9
model,result_0239,0.7857242115800802,0.43610261844180587,-2,27
model,result_0051,0.6322301424198076,0.7532516978829715,-1,264
