background,bayreuth_000000_000101.png
split,train
model,result_1000,0.24778160195988752,0.7474744617266303,-3,343
