background,oberhausen_000000_000191.png
split,train
model,result_0646,0.30204970377476503,0.7102495885509508,4,266
model,result_0586,0.4811805420424333,0.907033833560815,4,6
model,result_0989,0.6842173145127877,0.3735894140402318,3,352
