background,augsburg_000000_001033.png
split,train
model,result_0822,0.8006352957439834,0.7796638785863323,-3,135
model,result_0855,0.4445053210564305,0.6171260101409025,4,28
model,result_0338,0.5590576322586431,0.2528824826321654,-2,222
