background,dresden_000000_000024.png
split,train
model,result_0440,0.6286575695556078,0.966428055536213,4,25
model,result_0484,0.9412130195340431,0.7658350636483271,-4,155
model,result_0861,0.11588382910981998,0.8075872859516209,1,342
