background,karlsruhe_000000_000389.png
split,train
model,result_0844,0.543584998941475,0.699813174007108,-1,284
model,result_0995,0.022269648873672665,0.33119518696103817,3,142
model,result_0969,0.2858046755692787,0.6404169990276689,4,172
