background,augsburg_000000_000212.png
split,train
model,result_0586,0.3729142564817213,0.7803091913181879,2,327
