background,muhlheim-ruhr_000000_000124.png
split,train
model,result_0127,0.2738719383819438,0.5018659298756044,-3,310
