background,augsburg_000000_000528.png
split,train
model,result_0467,0.37602262397960207,0.5344751018388845,0,326
model,result_0154,0.10233630168246832,0.2615813820250963,-4,132
