background,schweinfurt_000000_000504.png
split,train
model,result_0036,0.9762274627344725,0.5634371945425588,1,15
model,result_1000,0.965848113146528,0.9690800159763595,-4,170
model,result_0367,0.6552176386413446,0.9698168436555599,-2,97
