background,troisdorf_000000_000106.png
split,train
model,result_0024,0.6618814079786033,0.30531033260549445,-1,152
model,result_0288,0.21836087291941375,0.45233030978778244,-3,207
model,result_0247,0.8578818189032522,0.3967065017774649,4,282
