background,wurzburg_000000_000801.png
split,train
model,result_0996,0.0808714866821475,0.6477295989783617,-2,146
model,result_0266,0.34272026393351396,0.9903833793373984,1,107
model,result_0862,0.908563231792261,0.6587935936100014,2,310
