background,konstanz_000000_000176.png
split,train
model,result_0871,0.5876937329985167,0.25207106466357276,-4,28
model,result_0878,0.3588058533956009,0.3831901667444817,2,238
model,result_0004,0.4930616856152741,0.9985480409029641,-4,57
