background,duisburg_000000_000717.png
split,train
model,result_0193,0.45271224249326547,0.9251957190906086,-1,11
model,result_0036,0.7118446383006489,0.49283680717451617,2,71
