background,schweinfurt_000000_000069.png
split,train
model,result_0612,0.27281117505256014,0.5178593104438045,-4,4
model,result_0283,0.32161682434093175,0.4089219527229707,0,240
