background,oberhausen_000000_000637.png
split,train
model,result_0173,0.2238321778330855,0.28075573721320063,-3,329
model,result_0751,0.5120291213360472,0.7202348393073381,3,269
