background,wurzburg_000000_000001.png
split,train
model,result_0328,0.3841967256250989,0.5082908332143345,-2,349
