background,karlsruhe_000000_000075.png
split,train
model,result_0866,0.44549048146450654,0.2583624572961769,1,282
model,result_0983,0.1070590109583095,0.3701489369853914,-2,208
