background,heidelberg_000000_000677.png
split,train
model,result_0542,0.024823112672843206,0.3590522428825874,-3,281
model,result_0674,0.6215368978615864,0.7978534645539951,3,290
model,result_0146,0.31972387019837323,0.5307449289756421,1,106
