background,heidelberg_000000_000959.png
split,train
model,result_0039,0.974156695766078,0.9706493121281715,4,79
model,result_0386,0.8055386132227873,0.653082424083698,2,284
model,result_0979,0.7784651742407963,0.6231591528997441,-2,145
