background,dortmund_000000_000864.png
split,train
model,result_0163,0.5528660674972916,0.4193121332896235,2,282
