background,konstanz_000000_001058.png
split,train
model,result_0751,0.03560956454180697,0.6542600445037623,1,6
model,result_0678,0.28511224946203895,0.5503677017667032,-4,250
