background,oberhausen_000000_000395.png
split,train
model,result_0288,0.23065457548758228,0.5756579188330723,-1,29
model,result_0247,0.5122648399228522,0.6755341484154911,4,175
