background,bayreuth_000000_000056.png
split,train
model,result_0862,0.9092386661563284,0.7389260259909305,4,57
model,result_0524,0.657711683679768,0.35027575629457774,-2,303
model,result_0199,0.7371748406096934,0.863536494823051,-4,185
