background,augsburg_000000_001038.png
split,train
model,result_0154,0.7817989041796403,0.6848236478570084,-2,268
model,result_0562,0.1260381946860869,0.5606456067327766,2,42
