background,muhlheim-ruhr_000000_000989.png
split,train
model,result_0871,0.8377667761134057,0.8857092096772882,4,120
