background,duisburg_000000_000242.png
split,train
model,result_0394,0.1764537404542077,0.6744299281400467,-2,93
model,result_0163,0.34042522616759774,0.8767692116111137,1,125
