background,oberhausen_000000_000308.png
split,train
model,result_0283,0.022230531455493585,0.7571928659390701,-3,173
model,result_0968,0.4652116414008759,0.596579031890281,3,22
