background,ulm_000034_000019.png
split,train
model,result_0586,0.23893761406530012,0.2965316475787415,0,280
model,result_0989,0.3280739631758828,0.784572469051837,0,116
