background,karlsruhe_000000_000943.png
split,train
model,result_0878,0.5975085853724872,0.34045373570437104,-1,115
