background,mannheim_000000_001006.png
split,train
model,result_0024,0.9624373806360785,0.2714872962526167,-1,223
model,result_0288,0.045811518657525196,0.7021423381530361,-3,80
model,result_0247,0.10412470889620828,0.3378093217096755,-2,323
