background,zurich_000083_000019.png
split,train
model,result_0882,0.2401270418519733,0.6474416639051459,0,13
model,result_0467,0.5283857945909176,0.3381204284599984,-4,308
model,result_0154,0.7248993337375715,0.9281668891981627,1,139
