background,wurzburg_000000_000188.png
split,train
model,result_0123,0.09379033939559944,0.4681429675405617,0,293
