background,saarbrucken_000000_000553.png
split,train
model,result_0440,0.045278226449787407,0.2847869382849271,1,257
model,result_0484,0.9992950190919547,0.42025348260680834,1,217
