background,karlsruhe_000000_000936.png
split,train
model,result_0989,0.18340028561342914,0.5428227885667133,1,1
model,result_0803,0.040521165032637474,0.2887612887409156,-4,211
model,result_0192,0.4291530599314337,0.3770399886803785,-3,80
