background,heilbronn_000000_000157.png
split,train
model,result_0562,0.8884496552308488,0.7469117540774127,-2,231
model,result_0215,0.16244715646182473,0.5000442614949755,-2,247
