background,hamburg_000000_043944.png
split,train
model,result_0882,0.2619281130176204,0.9121351073113961,2,75
model,result_0467,0.2446260710320145,0.4941157560659587,1,97
