background,muhlheim-ruhr_000000_000165.png
split,train
model,result_0847,0.7738421624135424,0.35037949922277056,-2,124
