background,wuppertal_000000_000498.png
split,train
model,result_0338,0.44431731694874177,0.7554171945013949,-2,284
model,result_0557,0.4230042433746526,0.8567547493292885,2,41
model,result_0544,0.6460987738396987,0.7567773669537474,-4,156
