background,dortmund_000000_000650.png
split,train
model,result_0332,0.015321345628330985,0.3164579052351659,4,287
