background,mannheim_000000_000033.png
split,train
model,result_0931,0.6626192696114603,0.573474378104055,0,129
model,result_0123,0.4024797275852384,0.9792397268276073,-1,48
model,result_0472,0.8208420721035151,0.8170584569610368,2,284
