background,duisburg_000000_000647.png
split,train
model,result_0822,0.5882805882809362,0.2856107703854541,0,112
