background,hanover_000000_034141.png
split,train
model,result_0606,0.6747340343546535,0.7321111358024598,-3,262
model,result_0082,0.5409999448791164,0.7215215849011114,0,173
model,result_0945,0.9066590193525328,0.34784312196352696,-3,139
