background,schweinfurt_000000_000157.png
split,train
model,result_0861,0.6192013252392224,0.3529115187149184,-3,315
model,result_0882,0.49651340452114645,0.48229469339465814,1,276
model,result_0467,0.6119065373507976,0.8301629486203652,-1,271
