background,muhlheim-ruhr_000000_000301.png
split,train
model,result_0822,0.09324873194630856,0.4531510611926247,3,177
