background,konstanz_000000_000900.png
split,train
model,result_0193,0.47239136270506665,0.3783880796291213,-2,186
model,result_0036,0.14883893704229967,0.35501018859063427,3,149
model,result_1000,0.7964334374510279,0.469764537439164,0,296
