background,bayreuth_000000_000312.png
split,train
model,result_0239,0.8319819526368708,0.649041298682862,2,161
model,result_0051,0.8589434578209449,0.40124860462074763,0,160
model,result_0739,0.9185408064766258,0.9674915450157078,4,356
