background,nuremberg_000000_000717.png
split,train
model,result_0283,0.499177311251062,0.44377354695991555,2,42
model,result_0968,0.17323629708301758,0.827603384650196,1,161
