background,karlsruhe_000000_000552.png
split,train
model,result_0544,0.5685748478682122,0.4502530970231381,0,40
