background,dortmund_000000_000373.png
split,train
model,result_0960,0.25500333382651275,0.9844934386811433,-2,155
model,result_0632,0.6529697484328807,0.5387027346076898,-2,353
model,result_0357,0.6298830537768974,0.66763195243969,1,86
