background,wurzburg_000000_001264.png
split,train
model,result_0995,0.3857659005170738,0.5480729783330672,-3,130
model,result_0969,0.4275035548100139,0.6345612876776541,-1,95
model,result_0793,0.6035532904637787,0.7431640217142259,-4,341
