background,duisburg_000000_000491.png
split,train
model,result_0266,0.21029111941343293,0.4414218347641658,0,140
model,result_0862,0.15698523407570786,0.6189114642866956,-3,296
