background,bamberg_000000_000431.png
split,train
model,result_0127,0.34362660038823545,0.3378556182444988,3,59
model,result_0022,0.5051479546378075,0.5425329912136125,-3,215
model,result_0061,0.9319880300110942,0.9473377587951468,-2,226
