background,erlangen_000000_000182.png
split,train
model,result_0036,0.6995716400919687,0.559427984445282,0,18
model,result_1000,0.13371739274389205,0.4773539837655991,-2,52
