background,stuttgart_000084_000019.png
split,train
model,result_0163,0.44518790743749626,0.6119626767025192,0,58
