background,augsburg_000000_000168.png
split,train
model,result_0266,0.47311670427069397,0.5854041625548333,-2,120
model,result_0862,0.8151231063408977,0.8538259867009793,-4,295
model,result_0524,0.8809809049633545,0.7641540840055743,-2,79
