background,konstanz_000000_000239.png
split,train
model,result_0999,0.7576832712686057,0.6623410693464529,-2,288
