background,augsburg_000000_000624.png
split,train
model,result_0080,0.826620189535032,0.9940560691940434,-4,254
model,result_0857,0.7203517540078892,0.3229754449604491,0,192
