background,augsburg_000000_000687.png
split,train
model,result_0855,0.8678542905088513,0.28928249738582656,1,89
