background,erlangen_000000_000122.png
split,train
model,result_0022,0.3002649531260655,0.5363963820135291,0,294
model,result_0061,0.04378666157881472,0.43048750076844916,-4,150
