background,mannheim_000000_001074.png
split,train
model,result_0394,0.19997400370216722,0.6021145155180403,-4,116
