background,freiburg_000000_000140.png
split,train
model,result_0542,0.4398947911712706,0.8161978031396333,0,28
