background,dortmund_000000_000127.png
split,train
model,result_0606,0.42111311020055975,0.35030166854344713,-2,141
model,result_0082,0.060743983737479135,0.9372742988842404,-3,316
