background,bad-honnef_000000_000012.png
split,train
model,result_0146,0.29293952183051997,0.9575490377734781,1,143
