background,bayreuth_000000_000104.png
split,train
model,result_0739,0.2059970663863433,0.294640558989827,3,358
model,result_0960,0.9948138563209503,0.5082525197971499,0,346
