background,freiburg_000000_000211.png
split,train
model,result_0949,0.9500726135099068,0.8027005070209547,1,316
