background,schweinfurt_000000_000153.png
split,train
model,result_0857,0.21056565985656983,0.9098177929991174,-3,302
model,result_0795,0.17747195561149687,0.8825513213370126,1,38
