background,konstanz_000000_001197.png
split,train
model,result_0862,0.009647707380057158,0.5343453909384834,2,253
model,result_0524,0.7091203467541463,0.4403044649586716,2,125
model,result_0199,0.45629276437518274,0.6200452376322724,0,133
