background,wurzburg_000000_001473.png
split,train
model,result_0146,0.16001573397726787,0.7443535275118582,2,355
model,result_0295,0.792854187418057,0.991546407584029,0,297
model,result_0127,0.6993514892473284,0.27125287202579984,-2,174
