background,bayreuth_000000_000488.png
split,train
model,result_0524,0.6881729868549896,0.6945232263948085,4,310
