background,nuremberg_000000_000457.png
split,train
model,result_0646,0.45087592893279904,0.6851603340080491,1,264
model,result_0586,0.3766548210604326,0.3005012476697711,-4,221
model,result_0989,0.4906909354790391,0.8826805931985547,-3,54
