background,schweinfurt_000000_000540.png
split,train
model,result_0060,0.2740303690577006,0.8234132663979401,-3,322
