background,oberhausen_000000_000786.png
split,train
model,result_0586,0.3114876227152904,0.4005472219115245,3,255
model,result_0989,0.5509154654611942,0.5795497574379018,0,345
