background,dortmund_000000_000141.png
split,train
model,result_0173,0.6151547012109434,0.7540485214890893,2,188
model,result_0751,0.8047393817333075,0.896655504621773,-1,327
