background,augsburg_000000_001002.png
split,train
model,result_0686,0.038125318207541725,0.4936669004977141,2,235
model,result_0805,0.06352152212448547,0.48866044033782985,-2,135
