background,muhlheim-ruhr_000000_001129.png
split,train
model,result_0484,0.04213215476355636,0.838367421803396,0,256
