background,augsburg_000000_001260.png
split,train
model,result_0288,0.07512620932271641,0.7871758559115598,-1,42
model,result_0247,0.8363809317127762,0.2731930738168298,-1,185
