background,dortmund_000000_000890.png
split,train
model,result_0945,0.059819324442309973,0.39214367108727344,2,57
model,result_0612,0.6726628277806297,0.3443885951748734,4,157
model,result_0283,0.46486587587459904,0.30481765244151227,-1,161
