background,monchengladbach_000000_009191.png
split,train
model,result_0862,0.7638000739223819,0.29726781097823396,0,266
