background,dortmund_000000_000906.png
split,train
model,result_0332,0.7877745686521879,0.7317324668499738,-2,258
