background,bremen_000181_000019.png
split,train
model,result_0981,0.43558458129507494,0.4033575220046669,3,179
model,result_0527,0.6478777609201363,0.6639564567609617,2,317
