background,mannheim_000000_001170.png
split,train
model,result_0051,0.6298353812707824,0.47284914417796176,4,175
model,result_0739,0.9193743338814016,0.8254115115014197,-3,80
model,result_0960,0.9860591935039409,0.9369102077036993,0,287
