background,bamberg_000000_000115.png
split,train
model,result_0239,0.7652785906338172,0.8160803557134524,-3,314
model,result_0051,0.9493820266106807,0.6509223484916326,-4,128
