background,muhlheim-ruhr_000000_000973.png
split,train
model,result_0051,0.8907606896887699,0.9371626709363079,3,81
