background,augsburg_000000_000116.png
split,train
model,result_0847,0.2546338565980102,0.9942370498109887,2,95
model,result_0646,0.812776533406334,0.2692967748411777,1,112
model,result_0586,0.7873769105107551,0.934433995800977,4,182
