background,bayreuth_000000_000728.png
split,train
model,result_0862,0.23342986173041347,0.286456884925851,-4,140
model,result_0524,0.9354718385921453,0.7708253712222408,4,151
