background,saarbrucken_000000_000154.png
split,train
model,result_0389,0.5785534496750173,0.6990486517193234,1,57
model,result_0164,0.6835134312550835,0.5861467027021919,4,223
