background,freiburg_000000_000110.png
split,train
model,result_0996,0.984596542861972,0.9889007026913139,-3,241
model,result_0266,0.552741241241044,0.792620549746275,-1,138
model,result_0862,0.3394805975595757,0.2559015398533044,-2,179
