background,dresden_000000_000015.png
split,train
model,result_0004,0.44793497785456116,0.5723447094964484,-3,278
