background,heilbronn_000000_000568.png
split,train
model,result_0082,0.6077607997617456,0.7076915608774952,-4,82
model,result_0945,0.229892924356074,0.9510468456112414,-2,31
model,result_0612,0.6086553725075359,0.8834896608888823,-3,293
