background,karlsruhe_000000_000035.png
split,train
model,result_0024,0.38134865045954336,0.37555095279900275,-3,319
model,result_0288,0.14498727711458914,0.5784792675066064,-2,348
