background,duisburg_000000_000439.png
split,train
model,result_0999,0.2474816076571018,0.6331461178146539,-1,222
model,result_0510,0.7822667309772041,0.3623818516738076,0,97
