background,wurzburg_000000_001479.png
split,train
model,result_0154,0.4672243831063029,0.9674587050102281,1,111
