background,konstanz_000000_001008.png
split,train
model,result_0075,0.25572113498002136,0.7309118983817259,4,292
model,result_0992,0.8950689799794813,0.2759847573497609,3,96
