background,karlsruhe_000000_000340.png
split,train
model,result_0969,0.35844348163685014,0.3481141350671531,-2,115
model,result_0793,0.17341884383607664,0.9233944666112335,2,318
