background,muhlheim-ruhr_000000_001130.png
split,train
model,result_1000,0.2583777265492906,0.3311765128542106,0,85
model,result_0367,0.3637459654628198,0.657048710140713,-3,247
