background,wuppertal_000000_000946.png
split,train
model,result_0288,0.2738127610376635,0.7313806290537245,2,221
model,result_0247,0.5873947036644396,0.4163783296462051,1,5
