background,konstanz_000000_000831.png
split,train
model,result_0373,0.2348842027320407,0.8365186283614429,-2,18
model,result_0191,0.8740960898766844,0.582098216007867,0,4
model,result_0775,0.5795119896351678,0.7277081109992751,-2,309
