background,karlsruhe_000000_000941.png
split,train
model,result_0477,0.04729693037016536,0.3477987294578709,0,321
model,result_0949,0.7888746855747526,0.3333686761945155,2,63
model,result_0324,0.6439242267725929,0.9584783310208372,4,219
