background,bad-honnef_000000_000076.png
split,train
model,result_0193,0.13073044493899433,0.29891335083003995,-4,166
model,result_0036,0.9041525090641522,0.6818103648818736,4,137
