background,heidelberg_000000_000640.png
split,train
model,result_0542,0.3440526405430644,0.8779941684716768,4,185
model,result_0674,0.35947916202808883,0.6155391711374725,-3,245
