background,strasbourg_000000_002183.png
split,train
model,result_0924,0.03633029815886446,0.917936010850725,4,91
model,result_0866,0.20941747975058456,0.93198629823963,-4,35
model,result_0983,0.7277941243038428,0.6427005169011588,2,73
