background,heilbronn_000000_000394.png
split,train
model,result_0367,0.7851886105151343,0.8953946364681129,2,264
model,result_0822,0.45415528104101544,0.32068580153325943,-2,160
model,result_0855,0.6095431254860887,0.9669565050918802,3,102
