background,wuppertal_000000_000390.png
split,train
model,result_0739,0.20306560846966237,0.55767977332748,-4,306
