background,oberhausen_000000_000892.png
split,train
model,result_0385,0.938469534075398,0.27566337064901036,-4,320
model,result_0991,0.4190741351443621,0.4945676136599105,-3,130
