background,wurzburg_000000_001617.png
split,train
model,result_0981,0.8914150919199264,0.9827723105185877,2,135
model,result_0527,0.9045662797321553,0.30506936451943645,4,40
model,result_0602,0.09124067107533773,0.9762121330163457,-4,31
