background,konstanz_000000_000448.png
split,train
model,result_0004,0.9000706279378106,0.7868455563200447,1,170
