background,duisburg_000000_000217.png
split,train
model,result_0199,0.3967616223172066,0.25667762039307646,3,349
