background,heidelberg_000000_000789.png
split,train
model,result_0878,0.05584777349947878,0.30015458437265813,4,5
