background,nuremberg_000000_001341.png
split,train
model,result_0855,0.3754211345178996,0.7790427521840844,4,234
model,result_0338,0.6083483012348265,0.4818886044763772,-1,273
model,result_0557,0.1698875104820664,0.7246090417833608,-4,31
