background,dresden_000000_000043.png
split,train
model,result_0192,0.844192271717379,0.8642082888593259,-3,103
model,result_0218,0.02637343254277069,0.9155140337905247,0,304
model,result_0694,0.4589793512239174,0.9723771927611895,3,169
