background,wurzburg_000000_000399.png
split,train
model,result_0871,0.9026066824549092,0.5028175711795599,4,231
