background,augsburg_000000_001003.png
split,train
model,result_0389,0.9543874737289416,0.5267419987766677,-4,44
model,result_0164,0.8207411640935303,0.43281046551911473,-1,227
