background,wuppertal_000000_001015.png
split,train
model,result_0024,0.08791850776149146,0.6218161496457703,3,9
