background,saarbrucken_000000_000053.png
split,train
model,result_0467,0.5247303309644151,0.4498548537702237,0,198
