background,augsburg_000000_000080.png
split,train
model,result_0979,0.4767035464218212,0.6374648463010081,-3,318
model,result_0871,0.7426340574901782,0.9516025074927358,-2,332
