background,augsburg_000000_001453.png
split,train
model,result_0022,0.5950833804262615,0.6293073711000535,4,107
