background,heidelberg_000000_000057.png
split,train
model,result_0373,0.8924125252853813,0.47369311841603434,-3,1
