background,schweinfurt_000000_000253.png
split,train
model,result_0751,0.37261249928999085,0.5269001103912626,-4,342
model,result_0678,0.374915692464557,0.9008491607535813,0,3
model,result_0784,0.24337630153294798,0.8844529928431573,1,282
