background,heidelberg_000000_000994.png
split,train
model,result_0386,0.7273028798009276,0.7047264873990636,-2,255
model,result_0979,0.6715117154600931,0.31746243098442156,-1,312
