background,wurzburg_000000_001385.png
split,train
model,result_0855,0.2664033235063462,0.8284838290754232,1,351
