background,freiburg_000000_000608.png
split,train
model,result_0075,0.790281419859515,0.8210908228287074,4,296
model,result_0992,0.47507251539964745,0.2566275749433313,-2,277
