background,wurzburg_000000_000642.png
split,train
model,result_0283,0.7723911289627158,0.902280268306257,4,335
model,result_0968,0.6934299064349055,0.5992076502776991,-4,294
model,result_0847,0.6383614965308193,0.6928676423957859,3,305
