background,nuremberg_000000_000041.png
split,train
model,result_0991,0.9024488559661531,0.3688672763405091,1,349
model,result_0373,0.8252065847410597,0.25677148849293163,2,69
