background,saarbrucken_000000_000272.png
split,train
model,result_0991,0.024230355785338165,0.6419472598022182,-1,327
