background,karlsruhe_000000_001141.png
split,train
model,result_0324,0.9212001963337972,0.508664949546789,2,245
model,result_0173,0.21606679320304145,0.7538150426700335,-2,290
model,result_0751,0.4093681759332445,0.32724859530750305,2,153
