background,freiburg_000000_000119.png
split,train
model,result_0164,0.8137923617593925,0.2917656056557777,1,308
model,result_0440,0.1779082721601748,0.454625940456446,4,17
