background,dresden_000000_000226.png
split,train
model,result_0981,0.09187296341748208,0.7600005382202656,2,205
model,result_0527,0.7284892312081698,0.5280924105127137,-3,96
model,result_0602,0.4041174365551048,0.4897180547919732,-4,174
