background,heidelberg_000000_000391.png
split,train
model,result_0855,0.5251669788721726,0.9953314215206808,2,201
model,result_0338,0.6907436074440085,0.6738145121756249,-4,80
model,result_0557,0.5917188169033046,0.38792873500527436,-1,42
