background,dortmund_000000_000519.png
split,train
model,result_0914,0.7292565780807099,0.2536770857606018,-3,139
