background,augsburg_000000_000067.png
split,train
model,result_0871,0.06575598348300227,0.8552651159410284,3,219
