background,nuremberg_000000_000607.png
split,train
model,result_0004,0.924914776410467,0.6469828821159032,0,278
model,result_0931,0.5996498236075986,0.8362386427930086,-2,258
