background,heilbronn_000000_000544.png
split,train
model,result_0960,0.5376877672590861,0.253689613208975,-3,245
model,result_0632,0.971772985725145,0.6737826915046595,4,181
model,result_0357,0.7833309540845748,0.9853988576540983,-4,44
