background,bayreuth_000000_000823.png
split,train
model,result_0024,0.38587568095447256,0.4677964575103269,3,109
model,result_0288,0.12198432910458734,0.5851014297956874,4,128
model,result_0247,0.3867010057429927,0.8323247564165621,-1,135
