background,erlangen_000000_000156.png
split,train
model,result_0862,0.774342900517614,0.7904983920917782,3,7
model,result_0524,0.05715106096284439,0.4599452511836335,-3,183
model,result_0199,0.7740556838271372,0.5963474505224156,-4,305
