background,bamberg_000000_000153.png
split,train
model,result_0046,0.08044875560391762,0.8550136156574768,0,8
