background,frankfurt_000001_035864.png
split,train
model,result_0004,0.33887632208142426,0.887264112525127,-1,192
model,result_0931,0.439447684153105,0.781248180730618,-3,330
