background,oberhausen_000000_000662.png
split,train
model,result_0871,0.7772771534920541,0.4380681759169633,2,99
model,result_0878,0.6484124959925691,0.8176181284560813,-2,340
model,result_0004,0.03162101180949184,0.8267328216611389,-4,120
