background,bamberg_000000_000092.png
split,train
model,result_0524,0.6202386181557829,0.4591835412609964,-1,267
model,result_0199,0.9537554216505656,0.3109322535274436,0,283
