background,oberhausen_000000_000473.png
split,train
model,result_1000,0.5524196212537178,0.39416471391372265,3,352
model,result_0367,0.4570047301311403,0.353165262351089,4,90
