background,nuremberg_000000_001428.png
split,train
model,result_0795,0.1712486585143902,0.2686167053319236,1,51
model,result_0388,0.38031736349780054,0.49041726257609686,-1,198
