background,duisburg_000000_000810.png
split,train
model,result_0542,0.03404972158279629,0.8508422296312446,2,206
