background,muhlheim-ruhr_000000_000751.png
split,train
model,result_0844,0.9520283675701611,0.6210594173598305,0,0
model,result_0995,0.887938812019348,0.5015960313828131,-2,278
model,result_0969,0.8527340505802492,0.8769847773653516,4,0
