background,wuppertal_000000_001021.png
split,train
model,result_0996,0.25891979563914036,0.6770442559039614,2,89
