background,wuppertal_000000_000362.png
split,train
model,result_0191,0.14979370508814782,0.6941081728946372,-2,303
model,result_0775,0.9424821070525202,0.4349339814712187,-2,281
model,result_0075,0.5568579729075283,0.6802751482153447,3,293
