background,wuppertal_000000_000735.png
split,train
model,result_0154,0.5757966975222537,0.38045497620017354,-2,205
