background,muhlheim-ruhr_000000_000948.png
split,train
model,result_0283,0.8211189197419451,0.29125957429206195,1,82
model,result_0968,0.012179496144192892,0.5822842837831007,3,49
model,result_0847,0.33783765744473226,0.31712588509199463,4,5
