background,wuppertal_000000_000875.png
split,train
model,result_0979,0.8560390700750905,0.9709363037784395,4,336
