background,duisburg_000000_000131.png
split,train
model,result_0646,0.9110586946789849,0.3661923305474703,-3,123
model,result_0586,0.9764027967959963,0.37768313370198836,-4,329
model,result_0989,0.322598918955291,0.7349763443034275,4,283
