background,augsburg_000000_001429.png
split,train
model,result_0657,0.46374277560262667,0.9525790759668535,1,126
model,result_0914,0.19914596837477516,0.3530814042273285,-2,49
model,result_0193,0.5682322287100218,0.9292711774214604,4,154
