background,augsburg_000000_001171.png
split,train
model,result_0039,0.8707467869873211,0.6905367243560108,2,200
model,result_0386,0.7370314535326207,0.28520749128334894,4,54
