background,mannheim_000000_000944.png
split,train
model,result_0266,0.6171009724797595,0.998445024270422,-1,111
