background,muhlheim-ruhr_000000_001170.png
split,train
model,result_0857,0.490711194295255,0.8167071902501357,-1,232
