background,muhlheim-ruhr_000000_000763.png
split,train
model,result_0674,0.31375113484119765,0.8253954249537606,-2,40
model,result_0146,0.22418433124000503,0.888927687251003,-4,264
model,result_0295,0.9160072887131777,0.36778129691771894,-2,325
