background,mannheim_000000_000994.png
split,train
model,result_0239,0.6291445862629735,0.8032445761391461,-3,216
model,result_0051,0.20624635433829774,0.635494252871073,2,164
model,result_0739,0.5901273304002894,0.33364744419248127,2,291
