background,dortmund_000000_000791.png
split,train
model,result_0239,0.4569889502644553,0.2714807768526054,2,88
