background,mannheim_000000_000179.png
split,train
model,result_0803,0.43774910510256615,0.7322732153697746,-4,319
model,result_0192,0.7851731231810674,0.8511047325651039,2,93
