background,duisburg_000000_000434.png
split,train
model,result_0544,0.7131692478474665,0.5319509190507439,-1,7
model,result_0999,0.7464339219846969,0.9110566064627141,4,62
model,result_0510,0.9701404550972812,0.29345029660391875,-1,46
