background,muhlheim-ruhr_000000_000804.png
split,train
model,result_0914,0.44688835036140895,0.6688476477432332,3,57
