background,heidelberg_000000_000561.png
split,train
model,result_0338,0.08865839677941634,0.7645181654326352,0,47
