background,augsburg_000000_000625.png
split,train
model,result_0586,0.5924110678861505,0.7243251602938985,2,97
