background,wurzburg_000000_001588.png
split,train
model,result_0969,0.6685144952134118,0.25014792269893604,0,18
model,result_0793,0.1583809874435541,0.41921572233076165,-1,199
