background,bad-honnef_000000_000036.png
split,train
model,result_0332,0.5858260428571285,0.663920133637652,-2,247
model,result_0385,0.8899664583287161,0.9615960701976671,-1,306
