background,augsburg_000000_001125.png
split,train
model,result_0803,0.036311800630421276,0.7466801727113224,-2,323
model,result_0192,0.7564309984829385,0.8952638855257056,3,75
