background,mannheim_000000_000216.png
split,train
model,result_0477,0.46748298047441084,0.8054333842145082,-2,47
model,result_0949,0.9665371757528751,0.48098215363533847,0,325
model,result_0324,0.8870233858037418,0.46501651340343814,4,352
