background,nuremberg_000000_001081.png
split,train
model,result_0373,0.550239597092838,0.9312419709561746,3,257
model,result_0191,0.9917925654320643,0.6016866352223282,2,82
