background,dortmund_000000_001093.png
split,train
model,result_0960,0.22011843918570695,0.704060406777471,-4,300
model,result_0632,0.6442456275112848,0.45073947261362346,-3,161
model,result_0357,0.11142032276074632,0.2853541545727084,-2,266
