background,muhlheim-ruhr_000000_001048.png
split,train
model,result_0822,0.503368033951004,0.7797903927084902,-3,360
model,result_0855,0.41000590420846805,0.9795078624454374,2,247
