background,bayreuth_000000_000118.png
split,train
model,result_0388,0.5011574338063175,0.38165318210018684,3,24
model,result_0499,0.9119244881175884,0.9042541382383973,-4,31
model,result_0844,0.04856049042768751,0.37694890909603096,-4,314
