background,karlsruhe_000000_000032.png
split,train
model,result_0996,0.22945938075729255,0.3180302913032517,1,76
model,result_0266,0.7448673831067819,0.7654129714984811,1,271
