background,mannheim_000000_001121.png
split,train
model,result_0527,0.4605636854854387,0.33349372467597227,4,226
