background,schweinfurt_000000_000597.png
split,train
model,result_0945,0.5709844186525822,0.7712105418639008,2,61
model,result_0612,0.8458963917151101,0.7944803512911913,-3,262
model,result_0283,0.5043496884481066,0.4177900079622065,-3,151
