background,mannheim_000000_000651.png
split,train
model,result_0367,0.06208544048670528,0.3339347199570508,-1,336
