background,wurzburg_000000_000136.png
split,train
model,result_0039,0.7129365237994174,0.9589503000307238,-3,221
model,result_0386,0.9256814033489815,0.7777588321782418,-1,357
