background,oberhausen_000000_000645.png
split,train
model,result_0191,0.4576640496959813,0.3908078988208238,-2,169
model,result_0775,0.1428659820896906,0.834608717687479,0,165
model,result_0075,0.7488548748772937,0.8124272634162197,0,257
