background,bayreuth_000000_000675.png
split,train
model,result_0847,0.36788063676925464,0.32215297291850153,4,355
model,result_0646,0.03909121797122195,0.9249543432672777,0,347
