background,konstanz_000000_000363.png
split,train
model,result_0995,0.4845458017592097,0.6977916199755186,-4,158
