background,oberhausen_000000_000831.png
split,train
model,result_0266,0.48322074483113975,0.5162615714638457,-3,10
model,result_0862,0.7486962299044673,0.8243782074276372,1,303
model,result_0524,0.8052301630839325,0.6812843543861733,-1,57
