background,dresden_000000_000178.png
split,train
model,result_0283,0.2046057731424391,0.5596608702977965,0,82
model,result_0968,0.8113900898970458,0.5887392063368315,3,276
model,result_0847,0.2357158192127573,0.6673306586820277,-4,68
