background,wurzburg_000000_001353.png
split,train
model,result_0123,0.047924019958715314,0.7051811064957098,-4,7
model,result_0472,0.26960906986821764,0.3923132434927106,1,262
model,result_0981,0.21910580395923185,0.2617321523743102,2,253
