background,augsburg_000000_000909.png
split,train
model,result_0060,0.6755378147381601,0.42181365055561293,4,70
model,result_0080,0.6478129607856413,0.45419889354524756,-4,81
