background,mannheim_000000_000000.png
split,train
model,result_0524,0.26821183852677255,0.9616701617460623,1,238
