background,mannheim_000000_000917.png
split,train
model,result_0991,0.7063626466147575,0.7640655786594885,2,132
model,result_0373,0.24183295694201323,0.6326801286954779,2,128
model,result_0191,0.34424561717659086,0.31662738038225113,2,98
