background,heilbronn_000000_000163.png
split,train
model,result_0163,0.5880659047143678,0.522732036778955,0,98
model,result_0657,0.424912183950494,0.9763575552496492,-4,91
model,result_0914,0.18863787342785776,0.9609380648760847,3,217
