background,oberhausen_000000_000876.png
split,train
model,result_0324,0.7821827581369252,0.8748995036315781,3,320
model,result_0173,0.3291702134065321,0.30239077188395314,1,295
