background,bayreuth_000000_000726.png
split,train
model,result_0632,0.5065525330258805,0.8675157084431115,2,44
model,result_0357,0.08332663328182566,0.27087886171951947,-3,255
model,result_0046,0.9079234581044003,0.4602224672969242,1,304
