background,konstanz_000000_000106.png
split,train
model,result_0969,0.7478140966383273,0.5757167519144774,4,189
