background,wurzburg_000000_000657.png
split,train
model,result_0484,0.4599472419325564,0.39970203230455603,3,241
