background,bayreuth_000000_000231.png
split,train
model,result_0154,0.6292074488614373,0.756556715268095,-1,179
model,result_0562,0.27780773281146176,0.5930137042896386,0,130
model,result_0215,0.08595686235736555,0.8900054454869505,-4,22
