background,nuremberg_000000_000184.png
split,train
model,result_0199,0.12560954737311192,0.8829988163869064,-1,137
model,result_0060,0.8731232884074029,0.8747085669002048,-1,83
