background,karlsruhe_000000_000056.png
split,train
model,result_0193,0.33766979169386857,0.36368595633012035,3,209
model,result_0036,0.42067075771967555,0.6306468281993398,0,41
