background,heidelberg_000000_000108.png
split,train
model,result_0036,0.4026059470254987,0.8999456927642476,-1,129
