background,heilbronn_000000_000256.png
split,train
model,result_0960,0.8724890298570782,0.9481802278822848,-4,62
model,result_0632,0.815859813090946,0.29371261735122633,3,317
