background,muhlheim-ruhr_000000_001091.png
split,train
model,result_0822,0.7128839180316223,0.805284285104456,-2,207
