background,bayreuth_000000_000215.png
split,train
model,result_0283,0.9564374076681257,0.9388004125489793,0,209
model,result_0968,0.4374803571420188,0.9263322796433124,-2,48
model,result_0847,0.6588687033071705,0.7501893661772694,-4,146
