background,wurzburg_000000_000865.png
split,train
model,result_0862,0.4654190260975498,0.6484628351647408,-3,64
model,result_0524,0.7086964313696643,0.9584337874675022,-1,230
model,result_0199,0.5399217396717243,0.6008651061832351,-1,311
