background,dortmund_000000_000382.png
split,train
model,result_0154,0.3327527870399223,0.9943667830907115,-2,77
model,result_0562,0.35835964259829944,0.8670486486006717,2,183
model,result_0215,0.8194651720051563,0.2576146071113069,2,340
