background,heilbronn_000000_000555.png
split,train
model,result_0562,0.2099644783338056,0.9284336542484304,2,272
model,result_0215,0.8598677892343863,0.7786600112105752,1,317
model,result_0332,0.7792745964021208,0.9373018588673898,0,156
