background,nuremberg_000000_001021.png
split,train
model,result_0338,0.9433538802052153,0.6315934273961633,2,72
model,result_0557,0.7645821814103488,0.38237381306809737,3,4
