background,wurzburg_000000_000618.png
split,train
model,result_0678,0.6036266923741405,0.85394003697216,-3,213
model,result_0784,0.26008290364482367,0.8921130636049064,4,63
