background,wurzburg_000000_001391.png
split,train
model,result_0061,0.3504495508672161,0.6447883201594714,2,115
model,result_0606,0.13097602333168956,0.4098014151738767,-2,72
model,result_0082,0.5168880615221301,0.4573551110892654,1,42
