background,karlsruhe_000000_001016.png
split,train
model,result_0968,0.03549687089219222,0.2882511820097645,3,307
model,result_0847,0.01832480841768136,0.6093284041022745,4,281
model,result_0646,0.11088795143248531,0.3250749289332713,3,90
