background,muhlheim-ruhr_000000_000892.png
split,train
model,result_0154,0.40368321377162764,0.3697426711634286,1,153
