background,dortmund_000000_000405.png
split,train
model,result_0039,0.1406438478851164,0.5660462913720545,0,94
model,result_0386,0.24614365020049156,0.4284225721583024,-4,28
model,result_0979,0.980466968769623,0.4755309953569271,-1,356
