background,oberhausen_000000_000549.png
split,train
model,result_0981,0.8567527688116786,0.6568477402513733,4,313
model,result_0527,0.5118153762742734,0.34347025283280036,1,203
