background,augsburg_000000_000615.png
split,train
model,result_0324,0.16769491756327315,0.34121647251434867,1,198
model,result_0173,0.824386333762172,0.4183555054991551,4,313
model,result_0751,0.4818183451627479,0.8840805516629259,-3,98
