background,saarbrucken_000000_000453.png
split,train
model,result_0373,0.40246024745413067,0.907860577581339,0,327
model,result_0191,0.3905141541583803,0.6484719153044839,4,219
model,result_0775,0.7209666002436189,0.42531489954222124,-3,159
