background,wurzburg_000000_001207.png
split,train
model,result_0562,0.27564925472266133,0.5782633363431644,2,334
model,result_0215,0.7512860638363243,0.5276403189704975,-3,87
