background,dortmund_000000_000799.png
split,train
model,result_0499,0.386874212212325,0.8434411378496126,-1,98
model,result_0844,0.6748894811955292,0.3903042655754234,2,201
