background,augsburg_000000_001368.png
split,train
model,result_0367,0.4354675094283492,0.4074950020455395,-1,289
model,result_0822,0.5766922371578254,0.42346542050779046,4,260
model,result_0855,0.7443043045574874,0.6612080668122575,1,107
