background,nuremberg_000000_000882.png
split,train
model,result_0472,0.9308940327831912,0.450333067709964,4,337
model,result_0981,0.5905343495563024,0.6212146837151427,-4,342
model,result_0527,0.1248988390689787,0.3987123520215681,-4,54
