background,bayreuth_000000_000333.png
split,train
model,result_0199,0.32596493380051805,0.9480995271540376,0,70
model,result_0060,0.5322159634375255,0.6216747100504374,-2,349
model,result_0080,0.329699747316341,0.33579238002461675,-2,94
