background,karlsruhe_000000_000555.png
split,train
model,result_0914,0.4215117302409931,0.664170316559265,4,327
