background,heilbronn_000000_000674.png
split,train
model,result_0373,0.738056049781981,0.880781974907937,3,348
model,result_0191,0.2474021850577015,0.4796638450129397,-1,104
