background,dresden_000000_000197.png
split,train
model,result_0751,0.6224627316793214,0.9267859421880527,4,114
model,result_0678,0.8481373629348256,0.25046621111747547,-2,222
model,result_0784,0.9213177380499334,0.5233966448892609,3,88
