background,wuppertal_000000_000224.png
split,train
model,result_0805,0.1272445716618027,0.8465822945801375,4,86
