background,wuppertal_000000_000857.png
split,train
model,result_0847,0.9282512767024327,0.45834110870451994,4,140
model,result_0646,0.23768753868734938,0.7810517140338877,-2,75
