background,freiburg_000000_000365.png
split,train
model,result_0385,0.4838986080042119,0.9901671529239996,-4,133
