background,muhlheim-ruhr_000000_000397.png
split,train
model,result_0199,0.9736554412724978,0.4948925166103629,1,76
model,result_0060,0.5421609399206769,0.9049628518901925,-1,193
