background,freiburg_000000_000308.png
split,train
model,result_0960,0.5288477858664311,0.4678869443600337,2,232
model,result_0632,0.986429005148604,0.2746817852424863,-1,273
