background,schweinfurt_000000_000422.png
split,train
model,result_0024,0.8128065729129256,0.5654176238628115,1,194
