background,muhlheim-ruhr_000000_001103.png
split,train
model,result_0775,0.9567013168875262,0.6505753414533144,1,115
model,result_0075,0.27605820115650226,0.7058356249241959,-4,302
model,result_0992,0.4661156327066419,0.8376606513300004,1,68
