background,wuppertal_000000_000766.png
split,train
model,result_0477,0.23907717656427574,0.8909060193100998,0,297
