background,augsburg_000000_000990.png
split,train
model,result_0440,0.7931380630716888,0.2806301140694965,-3,217
