background,karlsruhe_000000_000707.png
split,train
model,result_0218,0.5002775178468579,0.5159670594636124,4,312
model,result_0694,0.19918124411295712,0.6999304836678113,3,100
