background,nuremberg_000000_000583.png
split,train
model,result_0646,0.8759191420648872,0.2559582905974454,0,288
model,result_0586,0.7019648747950924,0.8146594638796243,-2,339
