background,augsburg_000000_000365.png
split,train
model,result_0991,0.9143969264714144,0.7496039756793061,-1,126
model,result_0373,0.576403044830788,0.9352360928649891,-1,186
