background,freiburg_000000_000313.png
split,train
model,result_0357,0.8619441761407955,0.958553899873339,1,239
