background,nuremberg_000000_000149.png
split,train
model,result_0127,0.9900835118325454,0.5031062494977072,-2,205
model,result_0022,0.5498291131380241,0.734721522569564,1,80
