background,karlsruhe_000000_000363.png
split,train
model,result_0999,0.18736581159391086,0.3893723515079497,-4,208
model,result_0510,0.7765507667140357,0.8974435205612071,-2,267
