background,wuppertal_000000_000595.png
split,train
model,result_0036,0.8253175052349454,0.4211575657885186,-4,130
model,result_1000,0.14170262118400467,0.5603232343777754,1,255
