background,wurzburg_000000_000527.png
split,train
model,result_0751,0.5360288297851541,0.7231795237974852,-2,246
model,result_0678,0.5704440338231597,0.3947421587026648,0,321
model,result_0784,0.47671828768982116,0.530055865386655,-3,79
