background,augsburg_000000_000270.png
split,train
model,result_0499,0.8394018612843422,0.5923259676877966,2,345
