background,bayreuth_000000_000222.png
split,train
model,result_0995,0.24649537345144346,0.5326912278960616,-1,48
model,result_0969,0.5486418990739886,0.922988488661705,4,251
