background,nuremberg_000000_000704.png
split,train
model,result_0612,0.053831865989465655,0.31493497732870024,0,325
model,result_0283,0.7032316568169416,0.40445932367130666,4,225
model,result_0968,0.17731601585401113,0.33590011172258494,-1,43
