background,weimar_000047_000019.png
split,train
model,result_0996,0.7276980960643824,0.6876184829204135,-3,126
model,result_0266,0.6419565224547453,0.7924253324549142,3,286
model,result_0862,0.0740406557560328,0.5687428818985301,-3,223
