background,zurich_000108_000019.png
split,train
model,result_0524,0.12526038756603475,0.6857818236840971,-4,268
model,result_0199,0.1753454620459186,0.698533713978549,3,322
