background,bamberg_000000_000260.png
split,train
model,result_0472,0.3160103770847217,0.5372692821872435,-4,235
model,result_0981,0.43808577064548204,0.959508713757659,-4,135
