background,konstanz_000000_001198.png
split,train
model,result_0882,0.588264761274429,0.39929264001044956,-4,284
