background,konstanz_000000_000433.png
split,train
model,result_0036,0.92643019799183,0.30417106976065356,-3,190
model,result_1000,0.12576147534215354,0.5024213565057226,1,278
model,result_0367,0.31719213245838784,0.42644984663133445,3,320
