background,karlsruhe_000000_000457.png
split,train
model,result_0612,0.09916019152994893,0.6660637559983151,3,148
model,result_0283,0.17376217321251386,0.31595455083149926,3,232
model,result_0968,0.14301637039368997,0.6277279964559912,-4,111
