background,karlsruhe_000000_000586.png
split,train
model,result_0945,0.49247096695120207,0.7187986797043191,-2,23
model,result_0612,0.5681601285277776,0.42593076743137415,-2,154
