background,freiburg_000000_000514.png
split,train
model,result_0022,0.5876179360602106,0.7229413027048999,-1,321
model,result_0061,0.5655381056476315,0.7190413658877004,-1,109
model,result_0606,0.2208349698672083,0.8213110835846771,-1,186
