background,oberhausen_000000_000726.png
split,train
model,result_0510,0.3487763555664338,0.3239220920990175,-1,96
