background,wuppertal_000000_000838.png
split,train
model,result_0882,0.28986079597994496,0.3955890365837006,-2,166
model,result_0467,0.08220545744166508,0.9639897567262795,-3,273
model,result_0154,0.8165574638774946,0.5474314664808619,-1,282
