background,augsburg_000000_001364.png
split,train
model,result_0373,0.9191466649584084,0.858887825162282,-3,236
model,result_0191,0.7845950055039148,0.9550866966700422,2,15
