background,konstanz_000000_000264.png
split,train
model,result_0646,0.6124248192118807,0.9943004398568324,-2,77
model,result_0586,0.22101057072134545,0.9319996832739703,2,62
model,result_0989,0.18807241537345631,0.5821988059773414,3,108
