background,saarbrucken_000000_000271.png
split,train
model,result_0080,0.17080471115648,0.8703178456177223,2,243
model,result_0857,0.15023460795985144,0.3451003801074677,0,192
