background,freiburg_000000_000601.png
split,train
model,result_0694,0.41573015318610684,0.7271004372145264,2,210
model,result_0319,0.2758787593068288,0.42691292955279375,4,65
