background,wurzburg_000000_000277.png
split,train
model,result_0164,0.5060197084792969,0.36143465704831124,-3,2
model,result_0440,0.5087155877403526,0.32582225727121994,4,6
