background,erlangen_000000_000158.png
split,train
model,result_0739,0.7914613512308487,0.52894283803346,3,46
