background,wuppertal_000000_000579.png
split,train
model,result_0266,0.012656039465574476,0.5193568969760699,4,142
model,result_0862,0.7760184458786308,0.6313095468312591,-1,36
