background,heilbronn_000000_000114.png
split,train
model,result_0389,0.7657056465791867,0.6420833969456041,2,95
model,result_0164,0.14193784191667125,0.9600395539588642,3,166
