background,nuremberg_000000_000150.png
split,train
model,result_0527,0.06921819012754937,0.828578610012759,3,214
model,result_0602,0.24614876279831466,0.9174137922420541,1,108
