background,karlsruhe_000000_000731.png
split,train
model,result_0295,0.896958778434735,0.5847832209066264,4,267
model,result_0127,0.22648429783304058,0.6273343371959752,-3,64
model,result_0022,0.5129885066308019,0.6276811822679288,4,302
