background,jena_000116_000019.png
split,train
model,result_0154,0.8485722681640929,0.9187719475528461,-4,126
