background,dortmund_000000_000081.png
split,train
model,result_0191,0.6764086515931568,0.541493015422063,-3,167
model,result_0775,0.8203352336210138,0.5984814028095468,-3,298
