background,wuppertal_000000_000221.png
split,train
model,result_0844,0.8408048535770068,0.9857205579741105,-4,211
