background,konstanz_000000_000486.png
split,train
model,result_0357,0.6526642854630667,0.8928186116484514,-4,132
model,result_0046,0.03781553382315739,0.31519395871024836,2,293
model,result_0389,0.17871800004455018,0.4687933540115618,-1,145
