background,wurzburg_000000_000353.png
split,train
model,result_0440,0.3791843475843656,0.8130011383260525,-4,86
model,result_0484,0.09322240052081243,0.6282173545842458,4,285
model,result_0861,0.0766327200357435,0.451041903646875,1,274
