background,bamberg_000000_000135.png
split,train
model,result_0924,0.8225480208307709,0.5031018764998024,-3,2
