background,wuppertal_000000_000893.png
split,train
model,result_0082,0.6775728768345398,0.5155645370314925,-1,221
model,result_0945,0.22560830686425803,0.8063051522568442,4,201
