background,heilbronn_000000_000696.png
split,train
model,result_0467,0.29594510769560045,0.2965790740877967,2,102
model,result_0154,0.37397038236642566,0.44641856615794107,-3,162
