background,heilbronn_000000_000061.png
split,train
model,result_1000,0.25367175015917687,0.7607821902597413,3,287
model,result_0367,0.17749953423032172,0.7109668110191274,-3,247
