background,heilbronn_000000_000159.png
split,train
model,result_1000,0.8197120356782103,0.8860105224308681,0,40
