background,augsburg_000000_000535.png
split,train
model,result_0154,0.5489951085468026,0.793507823618193,2,312
