background,duisburg_000000_000004.png
split,train
model,result_0632,0.1502629224775912,0.7950536296093387,-2,289
model,result_0357,0.1836594104791961,0.3125880583720118,3,92
model,result_0046,0.5805773503845494,0.4613118019371447,-2,187
