background,bayreuth_000000_000482.png
split,train
model,result_0602,0.7270848303749785,0.6939779774105481,3,23
model,result_0024,0.20935236474442742,0.9260395411641884,-4,154
model,result_0288,0.5824775113901024,0.7385842447224912,0,245
