background,wuppertal_000000_000496.png
split,train
model,result_0784,0.7327880811526595,0.44684220345209624,0,169
