background,heilbronn_000000_000649.png
split,train
model,result_0544,0.11337500413779256,0.8636415679076952,1,23
model,result_0999,0.2965749690968984,0.8661353261917732,-3,113
model,result_0510,0.15578803538640862,0.8710729249010063,4,42
