background,schweinfurt_000000_000163.png
split,train
model,result_0499,0.21157487191469304,0.7062067889081658,2,50
