background,frankfurt_000001_064651.png
split,train
model,result_0586,0.5335434975773069,0.7851263389506347,1,112
model,result_0989,0.07499412956917895,0.7984512667789938,1,14
