background,karlsruhe_000000_000802.png
split,train
model,result_0606,0.3532944058078523,0.6990877492149532,-1,9
model,result_0082,0.6384669615568196,0.6940258687348049,1,169
model,result_0945,0.9236277145833403,0.8225936184591203,-4,121
