background,augsburg_000000_001293.png
split,train
model,result_0694,0.3214872343538947,0.7834832240409602,-3,222
model,result_0319,0.0029750950161192558,0.6319433945586234,-3,275
model,result_0477,0.6575290588421697,0.9922901157709052,3,121
