background,dresden_000000_000176.png
split,train
model,result_0467,0.88455501182214,0.7662424972090702,1,127
model,result_0154,0.7273161894435827,0.6312359970368441,-2,47
model,result_0562,0.8200096217929063,0.9174412088816742,2,298
