background,saarbrucken_000000_000023.png
split,train
model,result_0924,0.7652197448030111,0.5011504388182154,0,303
model,result_0866,0.6221644770654636,0.7304596371219326,-4,55
