background,wurzburg_000000_000422.png
split,train
model,result_0484,0.8009106911286424,0.4781180332929351,1,178
