background,konstanz_000000_000275.png
split,train
model,result_0803,0.43862533686617633,0.6595177901087241,-3,7
model,result_0192,0.15485036725293333,0.6275069867029377,-3,249
