background,zurich_000081_000019.png
split,train
model,result_0385,0.8688724834844263,0.7275301036316679,-3,158
