background,mannheim_000000_001142.png
split,train
model,result_0844,0.21146261075140171,0.258373769713193,-1,153
