background,nuremberg_000000_000585.png
split,train
model,result_0931,0.9186787011550127,0.7491281143392254,4,121
