background,saarbrucken_000000_000316.png
split,train
model,result_0612,0.5050479649845505,0.8615246408159157,1,301
