background,schweinfurt_000000_000407.png
split,train
model,result_0394,0.7560001877668339,0.3228338493966397,-4,203
