background,mannheim_000000_000944.png
split,train
model,result_0060,0.1160236809060533,0.6077147577020074,1,133
model,result_0080,0.054892792831865656,0.874219654039458,3,119
