background,wurzburg_000000_001055.png
split,train
model,result_0866,0.1264624295004254,0.9007484906909947,-1,133
