background,wurzburg_000000_001005.png
split,train
model,result_0739,0.9688601048121628,0.3330285571263453,-1,344
model,result_0960,0.8987499565309995,0.5344722686740658,0,136
