background,nuremberg_000000_001034.png
split,train
model,result_0146,0.8465292301611886,0.9044043454898549,-2,127
model,result_0295,0.3596458860340487,0.8823638011444841,-4,241
