background,schweinfurt_000000_000682.png
split,train
model,result_0795,0.5088687548217448,0.7512329276147954,-4,88
