background,konstanz_000000_000003.png
split,train
model,result_0036,0.10285306747251433,0.5434653051865098,-4,221
model,result_1000,0.1288707288568458,0.41568071858092853,4,98
