background,muhlheim-ruhr_000000_000672.png
split,train
model,result_0844,0.08433743709303465,0.6715347117210527,1,267
