background,freiburg_000000_000205.png
split,train
model,result_0046,0.3836750082346677,0.5182086023780628,4,198
model,result_0389,0.3177512813655706,0.8336149764768426,-1,49
model,result_0164,0.7835522638039584,0.7428001357927755,-1,114
