background,konstanz_000000_000792.png
split,train
model,result_0283,0.4990955206630653,0.662972677843553,0,349
model,result_0968,0.9601199724924012,0.34487949703717136,-1,182
model,result_0847,0.417759419255771,0.7987004728786035,-1,59
