background,schweinfurt_000000_000656.png
split,train
model,result_0192,0.0689496814840368,0.5464020569632851,-1,141
model,result_0218,0.5674996441223054,0.6048412454018811,-1,229
