background,augsburg_000000_001063.png
split,train
model,result_0199,0.10772986319583056,0.8102005199084159,-4,111
model,result_0060,0.17415337389255914,0.7170065958559358,1,103
