background,saarbrucken_000000_000142.png
split,train
model,result_0123,0.5432025849442703,0.41957365854002027,-4,68
