background,oberhausen_000000_000230.png
split,train
model,result_0678,0.9954508486763342,0.8799546506570133,0,280
model,result_0784,0.6730394810690774,0.9122549692979862,1,260
model,result_0924,0.5013762138275225,0.6696715029587741,0,158
