background,karlsruhe_000000_001112.png
split,train
model,result_0472,0.37803044698959254,0.2916502301007384,0,80
model,result_0981,0.07271408993933515,0.9813845486552065,-4,275
model,result_0527,0.5562241739880556,0.308653041409758,2,31
