background,schweinfurt_000000_000652.png
split,train
model,result_0191,0.27568709083619136,0.7595244292355938,2,156
model,result_0775,0.8659018128107024,0.6936648557009304,-4,113
