background,wurzburg_000000_000686.png
split,train
model,result_0803,0.8509967785873206,0.6675062387978072,-3,286
