background,wurzburg_000000_000642.png
split,train
model,result_0024,0.7593991899296634,0.3275797122925016,-1,350
