background,zurich_000111_000019.png
split,train
model,result_0193,0.5574617475621667,0.7159222148804263,3,217
