background,augsburg_000000_001313.png
split,train
model,result_0283,0.4678090149732602,0.9111834944354669,-1,172
model,result_0968,0.009158265697487233,0.5767665707236829,0,45
