background,bayreuth_000000_000650.png
split,train
model,result_0979,0.8366929172124984,0.5061929404647005,-3,223
model,result_0871,0.0995030231880425,0.7183642558300485,2,38
model,result_0878,0.07293482532992557,0.8459351762789915,-1,338
