background,duisburg_000000_000273.png
split,train
model,result_0173,0.6517422329596344,0.2509769902277188,-3,38
model,result_0751,0.6921046367015576,0.843744939157999,1,338
model,result_0678,0.2820803287834063,0.2908788825591755,-4,45
