background,nuremberg_000000_000015.png
split,train
model,result_0332,0.35259602455605543,0.5516413483754066,4,169
model,result_0385,0.6267770567255834,0.3217299113024812,-1,338
