background,muhlheim-ruhr_000000_000855.png
split,train
model,result_0739,0.3913142380860527,0.9787276292666566,0,151
model,result_0960,0.6691882260054615,0.481920692490733,1,175
