background,aachen_000155_000019.png
split,train
model,result_0484,0.3821723859928262,0.6333189525662823,-1,68
model,result_0861,0.1493609537903836,0.4504890257490738,-1,359
