background,schweinfurt_000000_000198.png
split,train
model,result_0914,0.5411573791470534,0.5418844302459415,-1,303
