background,dusseldorf_000009_000019.png
split,train
model,result_0855,0.1965956438792258,0.9689434965777318,0,145
model,result_0338,0.0914561842525482,0.7836535464420242,-4,93
model,result_0557,0.014717019894696648,0.6139095248871096,-1,313
