background,wurzburg_000000_000888.png
split,train
model,result_0039,0.6315881035934185,0.4427461746360921,1,329
