background,saarbrucken_000000_000030.png
split,train
model,result_0154,0.1406209460899055,0.8672018953077207,2,114
model,result_0562,0.5173540574684422,0.8415447355625492,-2,228
model,result_0215,0.04909144182524694,0.8302676648741678,4,135
