background,ulm_000088_000019.png
split,train
model,result_0945,0.5576502497296572,0.8444168502174134,1,129
