background,nuremberg_000000_000910.png
split,train
model,result_0632,0.46674349570300167,0.28523229085920343,-1,136
model,result_0357,0.0033301841304914648,0.34216511774111263,1,129
model,result_0046,0.05945999462549456,0.907881314754152,2,342
