background,konstanz_000000_000563.png
split,train
model,result_0332,0.21518934626614705,0.8667219671402986,2,53
