background,freiburg_000000_000295.png
split,train
model,result_0510,0.2980829307312174,0.9097039999636926,1,121
