background,wurzburg_000000_001550.png
split,train
model,result_0373,0.16273210379164027,0.3972873770455737,2,117
model,result_0191,0.9240852785503118,0.47107878746361503,-2,325
model,result_0775,0.4646928909158232,0.7767854125897438,1,25
