background,heilbronn_000000_000668.png
split,train
model,result_0385,0.9464269868441656,0.6060007987905812,-1,160
