background,konstanz_000000_000453.png
split,train
model,result_0338,0.8382581947992762,0.48629446523046316,4,336
model,result_0557,0.2543389042864087,0.6872739311875601,4,94
model,result_0544,0.38735525922503433,0.8001070072192936,3,311
