background,freiburg_000000_000207.png
split,train
model,result_0440,0.6658328326004507,0.6161894832519774,-2,345
model,result_0484,0.32780105845285934,0.8109180740216039,3,187
