background,dortmund_000000_000447.png
split,train
model,result_0510,0.39178711871288874,0.4372585034241856,-2,134
