background,konstanz_000000_001212.png
split,train
model,result_0036,0.9900626824117623,0.2687045836084516,0,297
