background,nuremberg_000000_000571.png
split,train
model,result_0678,0.7301865926029796,0.9298632274122323,3,102
model,result_0784,0.2784402560588688,0.6394794403157638,-2,170
