background,cologne_000077_000019.png
split,train
model,result_0332,0.6657032313565637,0.9341554191981258,-3,268
model,result_0385,0.5587557756543228,0.503231103262133,0,17
model,result_0991,0.089781117228937,0.8837050906564259,1,105
