background,augsburg_000000_001420.png
split,train
model,result_0606,0.12918810678290094,0.6920770473052067,2,273
