background,stuttgart_000073_000019.png
split,train
model,result_0123,0.22822540652521772,0.2648669049815735,4,130
