background,karlsruhe_000000_000236.png
split,train
model,result_0795,0.3008717226614699,0.7275683774420956,3,30
model,result_0388,0.49538355885044194,0.515270908036747,-4,87
model,result_0499,0.4534960968056244,0.9219893078394854,3,219
