background,karlsruhe_000000_000401.png
split,train
model,result_0080,0.11965747488534018,0.7232237502014909,2,335
model,result_0857,0.9749492444931529,0.67683333696483,4,104
