background,heilbronn_000000_000593.png
split,train
model,result_0127,0.628724075063622,0.9560788058090413,-3,191
model,result_0022,0.6238879578421552,0.9382011131836784,-2,302
