background,freiburg_000000_000832.png
split,train
model,result_0060,0.8575424148313004,0.7036093115832976,2,197
model,result_0080,0.8848818596318471,0.5151135670268315,-2,193
model,result_0857,0.3849456916814782,0.8625440781815298,4,104
