background,duisburg_000000_000506.png
split,train
model,result_0871,0.7367636459469159,0.6668848599638197,4,211
model,result_0878,0.690335170460605,0.31147567667618364,-1,275
model,result_0004,0.1822845646629222,0.7815525867854725,-1,35
