background,bayreuth_000000_000537.png
split,train
model,result_0775,0.7346158247037877,0.3537016924532343,-1,57
