background,dortmund_000000_000304.png
split,train
model,result_0861,0.0698871520840354,0.7579906560348126,-2,97
