background,augsburg_000000_000588.png
split,train
model,result_0319,0.4554204333944848,0.9765710246645527,-2,360
model,result_0477,0.1965829482849485,0.6242736370985524,-1,99
model,result_0949,0.8472360120523981,0.9397185508920434,-4,330
