background,wurzburg_000000_000472.png
split,train
model,result_0793,0.477231266965812,0.9592878613994252,-1,342
model,result_0686,0.5108682865534252,0.8187733876294359,0,123
model,result_0805,0.020169855623439648,0.3670334696136438,4,122
