background,heidelberg_000000_000247.png
split,train
model,result_0218,0.05413122124089309,0.5140988204523715,2,120
