background,freiburg_000000_000707.png
split,train
model,result_0606,0.28580240394475454,0.4374230444094096,1,99
model,result_0082,0.8431270806812631,0.8847117535573106,-1,1
