background,muhlheim-ruhr_000000_000381.png
split,train
model,result_0882,0.009737685137818142,0.2795092829026765,3,242
model,result_0467,0.3848954656644705,0.7962450047730669,-3,55
model,result_0154,0.12147471585059577,0.9809965710635176,-1,193
