background,konstanz_000000_000573.png
split,train
model,result_0949,0.7758598213700696,0.43293450199325256,3,35
model,result_0324,0.8652114087874652,0.7642467023220273,2,55
