background,oberhausen_000000_000343.png
split,train
model,result_0367,0.6474053319531194,0.9211721802074029,0,293
model,result_0822,0.10512996841769229,0.5716419023153232,1,352
