background,wurzburg_000000_000195.png
split,train
model,result_0039,0.3312950378565833,0.49908476850118666,3,318
