background,muhlheim-ruhr_000000_000445.png
split,train
model,result_0857,0.3981483505117078,0.8896133817726563,-2,186
model,result_0795,0.6974075533569617,0.34596482527577277,-2,95
model,result_0388,0.8579775227958504,0.5141629278366738,2,165
