background,bayreuth_000000_000591.png
split,train
model,result_0467,0.19440453281774495,0.9607997669393105,-2,213
