background,lindau_000046_000019.png
split,train
model,result_0389,0.428277694465375,0.30508882026483575,-4,31
model,result_0164,0.3878521864215543,0.4561923493484864,-2,351
