background,augsburg_000000_000388.png
split,train
model,result_0632,0.3000950444165934,0.9862121117224434,0,257
model,result_0357,0.6793307523552106,0.8806997945523802,-2,153
