background,karlsruhe_000000_001019.png
split,train
model,result_0866,0.865098890069411,0.8967603639602659,-2,4
model,result_0983,0.5860032918137993,0.28454556443173096,4,200
