background,wurzburg_000000_000131.png
split,train
model,result_0472,0.4240654795025294,0.8202200941928373,2,290
model,result_0981,0.676560800475055,0.7160657653383435,-1,360
model,result_0527,0.35819217576467344,0.7505656734922803,3,272
