background,freiburg_000000_000810.png
split,train
model,result_0163,0.20496345826207696,0.9750457283428218,-3,49
model,result_0657,0.07044481759102206,0.9566064635468887,-1,280
