background,oberhausen_000000_000828.png
split,train
model,result_0878,0.8291990110787408,0.5323447127997866,1,111
model,result_0004,0.791680090057453,0.8180783087079803,4,298
model,result_0931,0.33622797811661687,0.3856147359738299,2,243
