background,tubingen_000102_000019.png
split,train
model,result_0612,0.5507409906186765,0.4994771610163038,1,94
model,result_0283,0.24891767324664915,0.8516778549907531,-2,217
model,result_0968,0.5244434845637652,0.8839053243630577,3,302
