background,mannheim_000000_000178.png
split,train
model,result_0266,0.5751757074749113,0.6735122930842367,2,350
