background,muhlheim-ruhr_000000_000168.png
split,train
model,result_0524,0.1485418133930383,0.43077362221717563,-3,204
model,result_0199,0.9318229538463674,0.7138501485171627,4,96
