background,augsburg_000000_000130.png
split,train
model,result_0822,0.5455620876076105,0.9888364079485057,3,301
model,result_0855,0.4324172787178272,0.4060753829122497,-1,40
