background,dortmund_000000_000601.png
split,train
model,result_0542,0.9749921960789362,0.3109119405503773,4,132
