background,heidelberg_000000_000468.png
split,train
model,result_0795,0.040855939880282355,0.8622643409815856,0,175
model,result_0388,0.695815182618643,0.7336172050848675,-4,21
model,result_0499,0.19804163903471939,0.9806306064675386,1,123
