background,muhlheim-ruhr_000000_000899.png
split,train
model,result_0163,0.3110295746440591,0.35912294834505204,-1,197
model,result_0657,0.4531697579721662,0.5363229869763465,-2,39
