background,wurzburg_000000_001619.png
split,train
model,result_0861,0.14996940117359658,0.6130414550501322,2,139
model,result_0882,0.3681515074490601,0.5890859389432331,4,217
model,result_0467,0.7384263652116301,0.5061740842093397,-2,117
