background,wurzburg_000000_000007.png
split,train
model,result_0981,0.7806723227643539,0.7933614273339481,4,33
model,result_0527,0.7292415264528019,0.8818082189929174,3,321
