background,dortmund_000000_000375.png
split,train
model,result_0477,0.8904400069991244,0.8943256445617471,-2,194
model,result_0949,0.24360755720847904,0.40628367871665344,2,293
model,result_0324,0.011510571574478323,0.8245685422574506,4,221
