background,tubingen_000121_000019.png
split,train
model,result_0871,0.5139673208660461,0.44605911323161007,-1,26
model,result_0878,0.848398784777985,0.27713373276285186,-3,170
