background,freiburg_000000_000232.png
split,train
model,result_0857,0.9670045931092033,0.42541436488328366,-1,199
model,result_0795,0.29636379947944813,0.6559748638081022,-1,202
