background,karlsruhe_000000_000498.png
split,train
model,result_0847,0.19450495418777203,0.9224538255875065,-4,197
model,result_0646,0.5022566366006361,0.9894276830571435,-3,9
