background,konstanz_000000_000599.png
split,train
model,result_0945,0.2009826673963393,0.40292536235207643,-2,84
