background,erlangen_000000_000174.png
split,train
model,result_0945,0.1486983627457945,0.46300902853829967,3,317
model,result_0612,0.862962198841696,0.4190521252059465,3,11
