background,konstanz_000000_000222.png
split,train
model,result_0082,0.5472002975878105,0.821451691093201,-4,315
