background,augsburg_000000_000497.png
split,train
model,result_0803,0.2709586243515648,0.5378004877026966,-3,178
