background,heilbronn_000000_000709.png
split,train
model,result_0674,0.9910193462995043,0.9916789269322066,1,198
