background,wuppertal_000000_000546.png
split,train
model,result_0386,0.7893141895726152,0.5152046232014494,-3,360
model,result_0979,0.18634679773745844,0.7921655670687003,4,352
