background,saarbrucken_000000_000003.png
split,train
model,result_0467,0.4202108252501001,0.6027648257497038,0,121
model,result_0154,0.9377807725355253,0.3275287740208529,-3,182
