background,wuppertal_000000_000791.png
split,train
model,result_0022,0.7223327012857251,0.44166735318802164,4,146
model,result_0061,0.3229919134787065,0.37574790017274784,2,151
