background,dortmund_000000_000125.png
split,train
model,result_0004,0.8362974966666585,0.9041702068803694,3,133
model,result_0931,0.6223015375089039,0.7844070536544708,-4,64
