background,duisburg_000000_000742.png
split,train
model,result_0499,0.16452232846269654,0.7644630338259379,-4,335
model,result_0844,0.5573506616912932,0.8516098725116227,0,250
model,result_0995,0.35026925183869106,0.7185814708185303,2,39
