background,konstanz_000000_000663.png
split,train
model,result_0847,0.1037576406929136,0.6226085445592026,-2,317
model,result_0646,0.293480097912184,0.5082745320838523,3,309
