background,mannheim_000000_000732.png
split,train
model,result_0192,0.04239518375903073,0.6076655201144894,3,104
model,result_0218,0.2922657018341056,0.4075817888350618,2,104
