background,heilbronn_000000_000522.png
split,train
model,result_0046,0.9110628196156534,0.7077282331463117,-1,246
model,result_0389,0.44220940279928134,0.844197611066782,2,249
model,result_0164,0.09748625877789985,0.8069902899884781,0,155
