background,hanover_000000_034560.png
split,train
model,result_0784,0.42452030409848485,0.3321881465533767,-2,341
model,result_0924,0.052801458013165714,0.6239480146467578,-4,107
model,result_0866,0.7355673540488699,0.389832985691284,2,323
