background,mannheim_000000_000042.png
split,train
model,result_0657,0.40868239225232983,0.32584475832587373,-2,105
model,result_0914,0.04543659301795655,0.37363939375102745,-1,153
