background,wuppertal_000000_000999.png
split,train
model,result_0805,0.7282693680608198,0.530050644249899,0,222
