background,konstanz_000000_001022.png
split,train
model,result_0357,0.6827284469750241,0.8002020694697414,-1,132
model,result_0046,0.11235981427849917,0.46299160692174995,-2,345
model,result_0389,0.4599207690201734,0.8619996914105273,3,120
