background,schweinfurt_000000_000696.png
split,train
model,result_0440,0.21491517259164306,0.7848159167890082,-2,291
