background,karlsruhe_000000_000609.png
split,train
model,result_0022,0.09200464011677523,0.9249171609915458,-2,256
