background,karlsruhe_000000_000048.png
split,train
model,result_0191,0.9983839387063304,0.573021123570517,4,326
