background,duisburg_000000_000313.png
split,train
model,result_0544,0.6625160781805843,0.3437625703940085,1,204
