background,augsburg_000000_000087.png
split,train
model,result_0193,0.5394827114696786,0.621668074776132,0,218
