background,wuppertal_000000_000599.png
split,train
model,result_0945,0.6121048559449653,0.7029021658540706,1,85
model,result_0612,0.1734808291268639,0.7184348842416692,3,17
