background,konstanz_000000_000453.png
split,train
model,result_0694,0.7740148618075379,0.25947358916619423,-1,159
model,result_0319,0.558675267512044,0.7179182203537395,-3,305
