background,muhlheim-ruhr_000000_001087.png
split,train
model,result_0805,0.9524273211725857,0.7388509171392275,1,302
model,result_0039,0.12268570370460552,0.25994814309903674,-3,149
