background,konstanz_000000_000413.png
split,train
model,result_0602,0.8987555604122198,0.633279141228966,2,60
model,result_0024,0.17437229425401835,0.9731779520541141,3,310
model,result_0288,0.5744490362154008,0.9254470387044313,1,340
