background,wurzburg_000000_001329.png
split,train
model,result_0373,0.042737705090375444,0.530554989904675,0,265
