background,karlsruhe_000000_000311.png
split,train
model,result_0805,0.8424494882468823,0.364111047279851,3,36
model,result_0039,0.08363030558257378,0.3320175836923506,-3,184
model,result_0386,0.44056810432907234,0.8987464431905317,1,338
