background,nuremberg_000000_001361.png
split,train
model,result_0694,0.13152437193553057,0.6402886307715601,3,322
model,result_0319,0.5430443743714544,0.5157388765407396,2,338
model,result_0477,0.1748130103711718,0.33830615652771234,1,233
