background,bremen_000263_000019.png
split,train
model,result_0995,0.6905705773486891,0.8257554619611525,4,71
model,result_0969,0.2009292934749668,0.30914850561136054,3,53
