background,konstanz_000000_001115.png
split,train
model,result_0215,0.4364031213976307,0.9822243564744005,1,106
