background,konstanz_000000_001258.png
split,train
model,result_0996,0.9172693239669074,0.5062163551033878,-1,356
model,result_0266,0.23138856553593656,0.4209806718018455,4,242
