background,wurzburg_000000_000286.png
split,train
model,result_0989,0.6545510053200452,0.5403868642722939,3,24
model,result_0803,0.1603221580906492,0.6758071525090465,-2,144
model,result_0192,0.10854495548462928,0.3463236849848103,-3,250
