background,schweinfurt_000000_000053.png
split,train
model,result_0524,0.6278073766256564,0.3135660433077362,-4,147
model,result_0199,0.12144679778111023,0.587027154675182,2,260
model,result_0060,0.34327749113604655,0.9796836606522873,0,225
