background,heilbronn_000000_000256.png
split,train
model,result_0328,0.045568886161108546,0.312184152583821,-4,281
model,result_0879,0.5476591780954625,0.3909709564872039,-2,82
model,result_0542,0.5047705905519684,0.9663892561205544,-3,338
