background,mannheim_000000_000177.png
split,train
model,result_0612,0.030392262711945617,0.48574551568267643,1,109
