background,heidelberg_000000_000685.png
split,train
model,result_0060,0.37432081588167565,0.895667979961011,-2,10
