background,saarbrucken_000000_000440.png
split,train
model,result_0960,0.17129952976427032,0.99886537266194,-1,97
