background,bremen_000183_000019.png
split,train
model,result_0239,0.6877262269122856,0.6293923678332335,-1,181
