background,augsburg_000000_000214.png
split,train
model,result_0247,0.06501477502044928,0.9041938633954458,2,39
model,result_0239,0.39906597707101776,0.28501401795776904,-2,280
model,result_0051,0.46105436829250446,0.8623868533502905,4,288
