background,bayreuth_000000_000032.png
split,train
model,result_0357,0.9067340753194243,0.38190164985362063,1,338
model,result_0046,0.36219973679184037,0.7176248720874402,0,213
model,result_0389,0.9404271797358795,0.4370205797029465,-1,76
