background,troisdorf_000000_000116.png
split,train
model,result_0386,0.7807984685840627,0.9702520756695481,-1,298
model,result_0979,0.05703464475855147,0.9983954954929065,1,230
