background,wuppertal_000000_000907.png
split,train
model,result_0996,0.08416419531215957,0.8086407252916985,-3,140
