background,lindau_000040_000019.png
split,train
model,result_0992,0.29720842734812114,0.38313068484581025,0,272
model,result_0394,0.5394911334647394,0.5015656372600892,-4,122
