background,oberhausen_000000_000581.png
split,train
model,result_0082,0.5238591812375437,0.48820725339651916,-2,19
