background,oberhausen_000000_000512.png
split,train
model,result_0283,0.8367691619550744,0.44887254099724905,-4,263
model,result_0968,0.9482730011151027,0.4397545570034858,0,112
