background,konigswinter_000000_000082.png
split,train
model,result_0389,0.5497955218016336,0.7346305734892224,2,340
