background,wurzburg_000000_001550.png
split,train
model,result_0373,0.35315235799755595,0.2948812770534914,-1,21
model,result_0191,0.9161924810087478,0.7945606240470333,-2,192
