background,dortmund_000000_000499.png
split,train
model,result_0857,0.6909083021044905,0.4831761877923315,-4,118
model,result_0795,0.8548159615448122,0.9083124888272995,3,275
