background,augsburg_000000_001445.png
split,train
model,result_0882,0.12405480957635118,0.9563697087707226,4,180
model,result_0467,0.3879638080373443,0.3478762068387131,3,56
model,result_0154,0.37627912476828784,0.5613426539523306,2,225
