background,wurzburg_000000_000556.png
split,train
model,result_0784,0.18775372530620493,0.5921926997933182,2,14
