background,nuremberg_000000_000047.png
split,train
model,result_0046,0.38752979860813375,0.6809583163672166,0,27
model,result_0389,0.700557041409008,0.6375049205667664,3,69
model,result_0164,0.3605674811306113,0.5558974162963335,-1,306
