background,saarbrucken_000000_000104.png
split,train
model,result_0192,0.042392367807770115,0.5028231608992711,-3,110
