background,muhlheim-ruhr_000000_000259.png
split,train
model,result_0857,0.7895912191385582,0.572347820532726,3,270
model,result_0795,0.30765379369654566,0.5584764471357848,2,161
