background,schweinfurt_000000_000040.png
split,train
model,result_0192,0.8822822781764036,0.6565026761503192,1,151
model,result_0218,0.2282097376459482,0.9835595630237612,-3,89
model,result_0694,0.9682734572612038,0.5552234063004576,-4,360
