background,strasbourg_000001_042558.png
split,train
model,result_0510,0.8908608571429806,0.9391692280996167,-2,241
model,result_0328,0.2165065773369378,0.8547276873744988,-2,251
