background,muhlheim-ruhr_000000_000763.png
split,train
model,result_0080,0.095567340216689,0.7666362400110581,-1,24
model,result_0857,0.6312018551090216,0.5868269549900086,-4,168
model,result_0795,0.6504353992681817,0.35839654329128945,-3,144
