background,augsburg_000000_001267.png
split,train
model,result_0467,0.7057024523981003,0.27178593123463657,2,291
model,result_0154,0.9873787720666308,0.5911745049913001,-1,143
