background,bayreuth_000000_000725.png
split,train
model,result_0855,0.2906370902782519,0.264399626004136,3,171
model,result_0338,0.23411700711150862,0.942159552522645,-2,213
model,result_0557,0.3308158815609322,0.3752334627025057,-3,22
