background,wuppertal_000000_000903.png
split,train
model,result_0657,0.3068086181092412,0.5476171755574084,-4,22
