background,konstanz_000000_001230.png
split,train
model,result_0751,0.7650644821978807,0.25311824904206137,2,335
model,result_0678,0.18285648855615533,0.6018920620141947,1,82
model,result_0784,0.39093961526411036,0.4861164666280051,4,82
