background,augsburg_000000_001033.png
split,train
model,result_0795,0.2831421546397974,0.4148912393956662,-2,243
model,result_0388,0.08466477340724332,0.6644378215485685,-4,104
model,result_0499,0.040537879284443856,0.6058723569714161,2,245
