background,karlsruhe_000000_000762.png
split,train
model,result_0192,0.7663678460353778,0.827055140383514,0,125
