background,karlsruhe_000000_000868.png
split,train
model,result_0266,0.892591586102849,0.6530878096490568,4,178
model,result_0862,0.847210752927515,0.26046733746356043,-4,272
model,result_0524,0.867377349246086,0.952468531960914,2,212
