background,karlsruhe_000000_000292.png
split,train
model,result_0472,0.8887556223422507,0.6253963395858363,4,161
model,result_0981,0.8012866521471307,0.8638545838128141,4,16
