background,heidelberg_000000_000557.png
split,train
model,result_0524,0.27229599131292703,0.46987244283882,-3,200
