background,erfurt_000044_000019.png
split,train
model,result_0123,0.8987518119754866,0.4255851623211877,0,220
