background,karlsruhe_000000_000494.png
split,train
model,result_0266,0.8520898650326115,0.3756574680670788,-3,291
