background,bamberg_000000_000187.png
split,train
model,result_0606,0.9042869763775593,0.6026245070374474,-3,146
