background,wurzburg_000000_000996.png
split,train
model,result_0440,0.5850219784136675,0.7962620186286953,4,277
model,result_0484,0.2752375749602093,0.7131467459618422,3,278
