background,dortmund_000000_000884.png
split,train
model,result_0472,0.20124474384960622,0.7676538657289192,-4,255
model,result_0981,0.7047273331053638,0.4191376914586877,-4,90
