background,konstanz_000000_000342.png
split,train
model,result_0968,0.7060058617379008,0.3040512650058016,-4,188
model,result_0847,0.10699030382619601,0.5960120549529637,-4,95
model,result_0646,0.2596707076994367,0.4257868800723843,-2,180
