background,munster_000037_000019.png
split,train
model,result_0319,0.578394332885122,0.6480559974205589,-3,204
model,result_0477,0.6443388439321847,0.695678148326889,1,97
