background,oberhausen_000000_000175.png
split,train
model,result_0288,0.6824482309374067,0.5442892003187245,3,97
