background,frankfurt_000001_060135.png
split,train
model,result_0968,0.895289244851346,0.9621827929415102,-2,277
model,result_0847,0.7724422596328535,0.9831853302152201,3,191
