background,wurzburg_000000_001298.png
split,train
model,result_0995,0.7485144379960119,0.8411637593690516,1,218
