background,bayreuth_000000_000444.png
split,train
model,result_0694,0.0983444587432214,0.7716074557961186,1,332
model,result_0319,0.07200066782078696,0.9843080516024539,-3,81
