background,freiburg_000000_000284.png
split,train
model,result_0632,0.9794236383210078,0.5138705550026363,-2,125
model,result_0357,0.7381057354058237,0.6157873620157039,4,211
model,result_0046,0.16880907385527155,0.8277409913376368,3,244
