background,lindau_000003_000019.png
split,train
model,result_0879,0.9498481557587195,0.3277326177933324,-1,270
model,result_0542,0.1951299136785669,0.6812773089038316,-1,15
model,result_0674,0.8127423183242222,0.7885956052425694,-2,276
