background,wurzburg_000000_001016.png
split,train
model,result_0467,0.9337641925890009,0.7486281436383679,1,302
model,result_0154,0.36910912223258174,0.9096840924532492,-4,224
model,result_0562,0.28000063792168983,0.8144172422324901,-3,46
