background,konstanz_000000_000240.png
split,train
model,result_0218,0.2998801927273337,0.4058483064827762,-1,231
model,result_0694,0.06993788311675508,0.32191834633912875,3,217
model,result_0319,0.7499628263575636,0.67338567862518,-2,241
