background,freiburg_000000_000514.png
split,train
model,result_0373,0.7552894593187774,0.3140180732861123,4,285
