background,nuremberg_000000_000158.png
split,train
model,result_0060,0.5025784172841516,0.8679686591795864,3,33
model,result_0080,0.43999880845808736,0.3980282643542932,-1,253
model,result_0857,0.12525071081026395,0.6780731542503686,4,60
