background,nuremberg_000000_000972.png
split,train
model,result_0795,0.8660136415666049,0.45147939662007575,4,344
model,result_0388,0.9137276764496914,0.6432328009996936,-3,61
