background,troisdorf_000000_000049.png
split,train
model,result_0862,0.07221905985598664,0.552323506827176,0,230
