background,freiburg_000000_000062.png
split,train
model,result_0969,0.4416810930450126,0.9506398462311014,3,31
model,result_0793,0.16458949298218728,0.44578110851519975,2,146
model,result_0686,0.6367002274333019,0.32914181388451563,-4,257
