background,hanover_000000_051271.png
split,train
model,result_0992,0.2566466736173675,0.8473359309026196,-3,298
model,result_0394,0.9326095900759837,0.6572128499641101,4,296
model,result_0163,0.06387389258593368,0.963139384499615,-4,94
