background,wurzburg_000000_000785.png
split,train
model,result_0805,0.36310121744597534,0.5199513131798784,-3,273
