background,augsburg_000000_000612.png
split,train
model,result_0328,0.20935649010992796,0.46077750059445965,-4,234
model,result_0879,0.0956304336398417,0.7031826412919645,-2,187
model,result_0542,0.3897393258609524,0.4574445165426681,-4,202
