background,konstanz_000000_000308.png
split,train
model,result_0288,0.24067362669495684,0.5408457883330633,0,240
model,result_0247,0.16915779442046475,0.8666621531101157,-2,98
model,result_0239,0.9330803267199731,0.49757102717431295,-1,66
