background,augsburg_000000_000141.png
split,train
model,result_0338,0.6750394700109604,0.927377440237635,-2,180
