background,augsburg_000000_000215.png
split,train
model,result_0332,0.4427549947550913,0.36463670688503313,3,33
