background,augsburg_000000_001180.png
split,train
model,result_0192,0.3856829189552585,0.37681008422686635,-2,165
model,result_0218,0.6620209040117875,0.9037001446614903,0,75
model,result_0694,0.7605452163773739,0.6459713311925012,-4,324
