background,heilbronn_000000_000089.png
split,train
model,result_0191,0.08860708617697222,0.7014575508858916,-1,255
