background,karlsruhe_000000_000304.png
split,train
model,result_0123,0.26687027324049495,0.8475962778621854,0,31
model,result_0472,0.8125013076422821,0.58777120768297,-2,334
model,result_0981,0.3219198418182301,0.35054473286788546,-3,76
