background,nuremberg_000000_000565.png
split,train
model,result_0544,0.5374138170993418,0.6996238746702317,3,305
model,result_0999,0.8923252923243993,0.679775718320323,3,30
model,result_0510,0.38901477523331296,0.4525227097225515,2,227
