background,dusseldorf_000199_000019.png
split,train
model,result_0123,0.2665316043869279,0.7081017222182348,-3,94
model,result_0472,0.7219552072159775,0.8008045770894816,-2,144
