background,strasbourg_000001_039231.png
split,train
model,result_0239,0.7407192417208598,0.5231785453192656,3,288
model,result_0051,0.057047566276294925,0.9289452212217609,4,31
model,result_0739,0.027611064952184572,0.5409913481609069,3,56
