background,augsburg_000000_001305.png
split,train
model,result_0332,0.9006306172313321,0.9361342979318183,-2,2
model,result_0385,0.291472895508591,0.5521461592881185,-1,153
model,result_0991,0.32951214783230875,0.3708929277448346,0,59
