background,dusseldorf_000182_000019.png
split,train
model,result_0266,0.6946922554270725,0.9206662398585965,2,344
