background,saarbrucken_000000_000439.png
split,train
model,result_0154,0.4577798319053281,0.5221207440321916,-1,170
model,result_0562,0.84083616247659,0.815981287039834,4,191
