background,nuremberg_000000_000910.png
split,train
model,result_0968,0.5533802908365965,0.6775141873805428,4,122
model,result_0847,0.3237261583083192,0.5636513079904947,4,301
