background,karlsruhe_000000_000364.png
split,train
model,result_0024,0.7196704867758208,0.4430615563559741,0,29
model,result_0288,0.2865627673934228,0.6988727164659312,-1,299
