background,dortmund_000000_000760.png
split,train
model,result_0960,0.6421458231537251,0.8504566945131806,3,157
model,result_0632,0.6765159449641112,0.6778725117657367,-2,140
model,result_0357,0.4677301893963933,0.7286641073206176,1,202
