background,nuremberg_000000_001051.png
split,train
model,result_0163,0.5281899066948714,0.7782295954476381,-4,264
