background,konstanz_000000_001103.png
split,train
model,result_0051,0.2650969603110158,0.5470386044904889,-3,70
model,result_0739,0.041202267313968255,0.3579350092693466,-1,139
model,result_0960,0.7136003225796864,0.8256013433451965,1,103
