background,muhlheim-ruhr_000000_000894.png
split,train
model,result_0394,0.659468783127781,0.9288775346278755,0,184
model,result_0163,0.17053041018045645,0.9314910871555645,-4,153
model,result_0657,0.6078441565642707,0.35733221065915344,-1,28
