background,heidelberg_000000_000562.png
split,train
model,result_0080,0.4720267927020466,0.31104141803263663,-2,22
model,result_0857,0.6105468421057019,0.8062418645242635,-3,262
model,result_0795,0.8714188456503641,0.5443167701260454,4,137
