background,duisburg_000000_000372.png
split,train
model,result_0192,0.7968918193770804,0.6704837636626626,-3,26
model,result_0218,0.8075048831449372,0.4225591721792664,-2,165
