background,oberhausen_000000_000881.png
split,train
model,result_0784,0.8316306645336294,0.4316237703461073,0,236
model,result_0924,0.014938118708367809,0.5362256604667102,3,244
model,result_0866,0.27901173308687943,0.37641673123964015,1,315
