background,wuppertal_000000_000899.png
split,train
model,result_0855,0.4328957132735588,0.38375188079656,3,195
model,result_0338,0.2641369154728951,0.8996401954403088,3,34
