background,mannheim_000000_000550.png
split,train
model,result_0606,0.968489517543451,0.2919036945816129,3,264
model,result_0082,0.09831241597550655,0.9368000189275034,3,117
model,result_0945,0.8247407445148959,0.7125479679577175,-1,173
