background,konstanz_000000_001237.png
split,train
model,result_0324,0.8184547572324059,0.9706432071970077,-1,244
model,result_0173,0.5821015547641564,0.878146087626727,4,177
