background,bayreuth_000000_000241.png
split,train
model,result_0051,0.6773441864785974,0.4508515659470287,3,153
