background,schweinfurt_000000_000472.png
split,train
model,result_0467,0.2864217076589082,0.6060192270265795,4,168
model,result_0154,0.7530945531441721,0.9745365030472134,-3,311
model,result_0562,0.4871960913468135,0.5609315381168833,0,95
