background,heilbronn_000000_000637.png
split,train
model,result_0989,0.5899684909203158,0.7612353230198452,2,66
model,result_0803,0.9801873238591221,0.4776659780818716,4,190
