background,saarbrucken_000000_000027.png
split,train
model,result_0542,0.5761876581864144,0.6128663336899123,-3,30
