background,bayreuth_000000_000096.png
split,train
model,result_0154,0.05975573565224368,0.6780514502956858,-3,268
model,result_0562,0.4751566281380316,0.6645213651840924,-1,100
model,result_0215,0.6063325991343249,0.878623963120884,2,0
