background,frankfurt_000000_002963.png
split,train
model,result_0173,0.8956913119335861,0.6643078645571163,2,44
model,result_0751,0.591545317036057,0.3803421177974804,-1,333
model,result_0678,0.687318394964249,0.6216052405586701,2,279
