background,wurzburg_000000_000025.png
split,train
model,result_0060,0.7274179663442749,0.2782243091619158,-2,96
model,result_0080,0.16014094787275324,0.7385068004981645,-2,176
model,result_0857,0.7742306826768299,0.6617278111604454,-4,284
