background,dortmund_000000_000531.png
split,train
model,result_0394,0.7826402633070368,0.567344220757012,3,121
model,result_0163,0.7765195909624532,0.7236864985813776,4,56
model,result_0657,0.09059794409382604,0.4784947061638841,-3,253
