background,troisdorf_000000_000008.png
split,train
model,result_0082,0.8682945232667018,0.28278889931904383,2,207
