background,heidelberg_000000_000262.png
split,train
model,result_0082,0.5994431049971288,0.9068682654609255,1,141
model,result_0945,0.2643058802015663,0.9390496333029854,-1,97
model,result_0612,0.3513591146756515,0.7225036354709421,-3,131
