background,freiburg_000000_000841.png
split,train
model,result_0983,0.0034255114643905182,0.28616319318419614,4,354
