background,dortmund_000000_000886.png
split,train
model,result_0394,0.508625418711479,0.9284853092861453,-4,238
