background,saarbrucken_000000_000279.png
split,train
model,result_0694,0.9556501120836297,0.6157190985420596,-1,179
model,result_0319,0.7737438700809329,0.2772576919162262,0,245
