background,bochum_000000_014658.png
split,train
model,result_0154,0.8869713426634125,0.5183265776115424,0,207
