background,muhlheim-ruhr_000000_001006.png
split,train
model,result_0440,0.33247799542026957,0.7719126870517671,1,91
model,result_0484,0.6475471174948163,0.6582182918664353,4,72
model,result_0861,0.9610556868692853,0.6980478280829279,-1,287
