background,muhlheim-ruhr_000000_000780.png
split,train
model,result_0386,0.23798156089836975,0.8974929373468008,-2,132
model,result_0979,0.3820677779157218,0.8839066511875232,-3,211
