background,schweinfurt_000000_000489.png
split,train
model,result_0022,0.1982041882012292,0.9817287777822185,-3,235
