background,heidelberg_000000_000662.png
split,train
model,result_0857,0.9757124793999226,0.39512112518841935,3,261
