background,strasbourg_000001_015220.png
split,train
model,result_0861,0.5706463889353309,0.39677730379553316,2,323
model,result_0882,0.4736639075982818,0.8965570063064526,-1,175
model,result_0467,0.09046555955187252,0.5153646890152624,-1,266
