background,dortmund_000000_000637.png
split,train
model,result_0266,0.16403776883321242,0.7882173059790767,2,295
model,result_0862,0.4131809243347798,0.7363161682095756,-3,122
