background,konstanz_000000_000426.png
split,train
model,result_0914,0.7910089289877762,0.769549760705741,0,151
model,result_0193,0.7148553677961932,0.2970400963918942,-4,106
