background,konstanz_000000_000573.png
split,train
model,result_0855,0.8681261290833427,0.9194650911585709,3,312
model,result_0338,0.6973098678667292,0.4021637462188379,3,342
model,result_0557,0.24769317255925516,0.6604014885498379,-1,99
