background,dusseldorf_000187_000019.png
split,train
model,result_0612,0.4255478462806702,0.48064676125095895,-1,130
model,result_0283,0.32935884367259005,0.8708344928879885,1,67
