background,bayreuth_000000_000142.png
split,train
model,result_0146,0.9658055930210303,0.47056396821297114,-3,232
