background,muhlheim-ruhr_000000_000966.png
split,train
model,result_0484,0.015609973368013175,0.49237123157032264,2,53
model,result_0861,0.0038122690442797813,0.7475479764224591,1,201
model,result_0882,0.3922971337028325,0.9060594236964171,-1,188
