background,karlsruhe_000000_000451.png
split,train
model,result_0477,0.9359766772549741,0.3108854527942838,-2,231
model,result_0949,0.14471268288580397,0.6245057932885341,-3,131
