background,jena_000014_000019.png
split,train
model,result_0295,0.14270555916645578,0.6825830980576798,-4,196
model,result_0127,0.41116723074541384,0.32434510005170203,-2,201
