background,schweinfurt_000000_000507.png
split,train
model,result_0657,0.19699856549765127,0.4840163900525002,-1,143
model,result_0914,0.20572894805825437,0.8629747697753523,-1,139
model,result_0193,0.3751949996692012,0.5242899790254655,-1,269
