background,oberhausen_000000_000073.png
split,train
model,result_0612,0.9151164970449579,0.6578707810890787,2,176
model,result_0283,0.7801641606665635,0.9405036064425972,-1,251
