background,bayreuth_000000_000606.png
split,train
model,result_0173,0.5135611371013793,0.6670404910397483,3,7
