background,bayreuth_000000_000144.png
split,train
model,result_0694,0.47416177705115803,0.8999838974302863,3,77
