background,freiburg_000000_000381.png
split,train
model,result_0602,0.1957758795203176,0.43355066669801007,0,192
model,result_0024,0.4862210860265681,0.6116426874417396,1,267
model,result_0288,0.31199186543562984,0.8841802673850295,-2,228
