background,bayreuth_000000_000051.png
split,train
model,result_0499,0.6694236079620035,0.720951848710079,-2,53
model,result_0844,0.7880304530951886,0.6623503225995077,2,346
