background,duisburg_000000_000229.png
split,train
model,result_0866,0.5033210757281386,0.33414238241563554,-2,33
model,result_0983,0.4304612396548223,0.9248926423760894,-2,172
model,result_0996,0.11848916845723101,0.8213158930776387,4,140
