background,konstanz_000000_000824.png
split,train
model,result_0060,0.6146367505152391,0.48274273779635224,-1,204
model,result_0080,0.6069170662487917,0.8477346967143125,4,329
model,result_0857,0.39523911112504817,0.7792240106773983,-2,357
