background,duisburg_000000_000374.png
split,train
model,result_0080,0.7803643522094994,0.5532176678143572,-4,331
model,result_0857,0.29052205436129774,0.36539515642200815,3,246
