background,wurzburg_000000_000387.png
split,train
model,result_0061,0.14457670175558857,0.48136853291190085,3,283
model,result_0606,0.5031599536606975,0.8987796809311396,2,103
