background,strasbourg_000001_044219.png
split,train
model,result_0960,0.4140951182708642,0.733702156847591,4,313
model,result_0632,0.2600969664045546,0.392075407664924,0,287
model,result_0357,0.055206246243751256,0.2584227296685955,0,342
