background,konstanz_000000_001316.png
split,train
model,result_0367,0.2485327410998438,0.5520253107379138,-3,254
