background,augsburg_000000_000379.png
split,train
model,result_0931,0.11542055956259056,0.2789105243165369,-4,181
