background,augsburg_000000_001160.png
split,train
model,result_0784,0.7487393627584019,0.4285708412348974,-1,49
