background,augsburg_000000_001096.png
split,train
model,result_0931,0.3415524486834334,0.5838937436032261,4,299
model,result_0123,0.557582319931399,0.8430960480596837,4,122
model,result_0472,0.43269822718627715,0.755979892779182,4,139
