background,bayreuth_000000_000831.png
split,train
model,result_0319,0.7941116444337196,0.628209111172951,4,88
model,result_0477,0.7928010460978023,0.43452433077251856,4,207
model,result_0949,0.9960417646929449,0.6193102283448253,2,240
