background,konstanz_000000_001426.png
split,train
model,result_0674,0.8846296241345186,0.7688470668450307,-4,307
