background,wuppertal_000000_000217.png
split,train
model,result_0914,0.15692951246964704,0.3191459320790292,1,24
model,result_0193,0.4028692397357382,0.5417710206389472,2,215
