background,dortmund_000000_000846.png
split,train
model,result_0991,0.836149707095017,0.31548049678054746,2,154
