background,konstanz_000000_000312.png
split,train
model,result_0803,0.6667490011501561,0.43727680724930285,0,184
model,result_0192,0.9632655257187225,0.8108812069285276,0,282
