background,bayreuth_000000_000266.png
split,train
model,result_0775,0.9476586160341866,0.7449108779881951,1,28
model,result_0075,0.5878011587378187,0.508112248115238,1,273
model,result_0992,0.9241685355906267,0.5769889893705868,2,189
