background,krefeld_000000_032845.png
split,train
model,result_0844,0.8383198293611126,0.35536762267340977,0,196
model,result_0995,0.6429363863465221,0.3502679769841694,-4,252
