background,muhlheim-ruhr_000000_000816.png
split,train
model,result_0477,0.13249222335463073,0.31270866582384044,0,38
