background,schweinfurt_000000_000476.png
split,train
model,result_0154,0.8607652664626987,0.8380615858248266,4,74
model,result_0562,0.015435585983339384,0.8943491177021308,2,188
model,result_0215,0.6632257820507407,0.2619029049059637,-1,302
