background,heidelberg_000000_000725.png
split,train
model,result_0061,0.08440548042611962,0.7627870924513251,4,201
