background,wurzburg_000000_000807.png
split,train
model,result_0338,0.5358218042633727,0.6081147942169924,1,58
model,result_0557,0.3498918964666874,0.9550306164034891,-1,167
