background,wurzburg_000000_001477.png
split,train
model,result_0857,0.22175306770261627,0.7878730118622834,2,204
model,result_0795,0.9401480244924557,0.9429812532098018,-2,77
