background,augsburg_000000_000880.png
split,train
model,result_0388,0.7341949934308996,0.8565044223231151,0,112
