background,muhlheim-ruhr_000000_000041.png
split,train
model,result_0123,0.3620018528335477,0.4538694814181192,1,132
