background,dortmund_000000_000641.png
split,train
model,result_0036,0.9583537441723425,0.5211967466259424,-3,327
model,result_1000,0.5828213108012227,0.7493602821367642,2,358
