background,nuremberg_000000_001045.png
split,train
model,result_0328,0.8431862380176494,0.8463045442367866,3,4
model,result_0879,0.8551072230734971,0.702437639076813,2,345
model,result_0542,0.9764619175528698,0.9247292642136224,-1,193
