background,augsburg_000000_001046.png
split,train
model,result_0857,0.20067534141674104,0.8154062861379126,-4,270
