background,wurzburg_000000_000692.png
split,train
model,result_0979,0.20691730510567818,0.5614241923356827,0,198
model,result_0871,0.825703797442894,0.44248591318937963,4,196
model,result_0878,0.17094073150877465,0.7941216807535431,0,68
