background,nuremberg_000000_000791.png
split,train
model,result_0080,0.6911779570946736,0.8914653394044936,-2,29
model,result_0857,0.787740832090814,0.5785681511195147,0,348
model,result_0795,0.5618612595614157,0.7264416483810912,2,293
