background,nuremberg_000000_000145.png
split,train
model,result_0386,0.07059839629848663,0.4431987136675788,-3,253
model,result_0979,0.5550509090557353,0.7874358464842341,4,78
