background,mannheim_000000_000732.png
split,train
model,result_0739,0.5269372443494268,0.34392239979674355,2,156
model,result_0960,0.29202606411734655,0.4382117988026095,0,64
