background,dortmund_000000_000116.png
split,train
model,result_0004,0.9357431582804265,0.741949424292201,2,109
model,result_0931,0.37205158965729956,0.6799010623731204,4,93
model,result_0123,0.0815372304947577,0.9517859298512216,-4,52
