background,karlsruhe_000000_000262.png
split,train
model,result_0739,0.2540327501889068,0.3093902309719442,3,58
