background,heidelberg_000000_000567.png
split,train
model,result_0215,0.9364933916647125,0.30753047813711387,3,197
model,result_0332,0.3725660972727711,0.43136439219287004,3,155
