background,wurzburg_000000_000837.png
split,train
model,result_0992,0.043835552016660784,0.7595751562580834,-4,350
model,result_0394,0.8419173050858922,0.9010970990422612,-1,272
model,result_0163,0.7941182588358258,0.6218007949085751,0,313
