background,augsburg_000000_000186.png
split,train
model,result_0989,0.1486626534181723,0.7138322969066122,1,281
