background,hanover_000000_013094.png
split,train
model,result_0686,0.5601454821240319,0.4823413673627618,2,156
model,result_0805,0.8389566925064508,0.7547039734158655,0,135
model,result_0039,0.1719149470076322,0.7574428822571475,3,189
