background,duisburg_000000_000663.png
split,train
model,result_0793,0.10749782797979446,0.6522180605460255,1,217
model,result_0686,0.8339135685752889,0.8119585485137282,-4,247
model,result_0805,0.21505435873328316,0.27962121121194794,-3,206
