background,heilbronn_000000_000012.png
split,train
model,result_0051,0.2772047252048755,0.8455312164766706,-4,312
model,result_0739,0.002443897815608942,0.25746476684192,2,228
model,result_0960,0.021796085291995726,0.8633139640184666,2,286
