background,karlsruhe_000000_000877.png
split,train
model,result_0931,0.9731002239048903,0.8050631431215531,-3,49
model,result_0123,0.39656360246989963,0.6238303707320849,2,178
model,result_0472,0.06279369874533336,0.33349214095010293,1,356
