background,wuppertal_000000_000207.png
split,train
model,result_0510,0.8303142907919506,0.9500419604687192,-1,265
model,result_0328,0.11919606215996104,0.4440738828583396,3,28
model,result_0879,0.7435899762715265,0.4071410055353115,2,160
