background,dusseldorf_000031_000019.png
split,train
model,result_0373,0.3068710100800244,0.25687716198877425,-4,45
model,result_0191,0.4140418152765264,0.5883727446427129,-4,126
