background,nuremberg_000000_000502.png
split,train
model,result_0924,0.05036024854453358,0.9770456959321443,-2,138
