background,oberhausen_000000_000707.png
split,train
model,result_0046,0.7741992489961167,0.572141107549042,1,80
model,result_0389,0.7461979312587377,0.6177946453546279,4,211
model,result_0164,0.03100190082787635,0.9628734822924698,-4,112
