background,dortmund_000000_000731.png
split,train
model,result_0477,0.6888789552595862,0.7207968083472213,2,357
