background,heidelberg_000000_000107.png
split,train
model,result_0606,0.7294434318467236,0.7590401924294251,-3,223
