background,konigswinter_000000_000080.png
split,train
model,result_0075,0.13568068435110614,0.5001175446518233,-1,196
model,result_0992,0.2209275758154562,0.5053472117828665,4,191
