background,karlsruhe_000000_000430.png
split,train
model,result_0855,0.5489190091338848,0.47874498357014644,-2,97
model,result_0338,0.3190985691434478,0.5472585935185879,1,95
model,result_0557,0.6301458445408,0.294057490669013,-3,186
