background,heidelberg_000000_000685.png
split,train
model,result_0164,0.7505222808596228,0.49251492619128145,-1,229
