background,nuremberg_000000_001004.png
split,train
model,result_0164,0.12211193133768106,0.31915880968977717,3,298
model,result_0440,0.3999521849192532,0.5228417976208057,2,201
model,result_0484,0.5491968906563862,0.31717130610674404,3,181
