background,karlsruhe_000000_000572.png
split,train
model,result_0039,0.509912318559154,0.2916185075703625,-4,195
