background,duisburg_000000_000215.png
split,train
model,result_0992,0.18112376157019483,0.2982576120583802,3,92
model,result_0394,0.7052754997248285,0.5630004023483548,-2,114
