background,mannheim_000000_001025.png
split,train
model,result_0739,0.4188811185752286,0.37193766956966146,-1,309
model,result_0960,0.6150703756707765,0.49312570766712827,4,302
