background,duisburg_000000_000655.png
split,train
model,result_0862,0.6625298951345392,0.274951534462681,4,290
model,result_0524,0.668269511447529,0.7946618985174115,2,233
