background,bamberg_000000_000146.png
split,train
model,result_0739,0.24771707548619948,0.8399249041450829,-2,286
model,result_0960,0.24057398661240414,0.7601330282983172,1,253
model,result_0632,0.009786135170375299,0.8345907063866631,-1,86
