background,muhlheim-ruhr_000000_000039.png
split,train
model,result_0857,0.2764664203441385,0.8324858843070189,1,85
model,result_0795,0.7644954811761812,0.3746963532936259,-1,277
model,result_0388,0.63913480103372,0.801669431319558,0,262
