background,duisburg_000000_000540.png
split,train
model,result_0075,0.5461826593805242,0.6467434918492698,3,349
model,result_0992,0.8929200112299449,0.4290145737738831,0,325
