background,bayreuth_000000_000562.png
split,train
model,result_0164,0.21204583164455348,0.9115499194972991,-1,318
model,result_0440,0.11948632614777177,0.5170003972455034,-3,57
model,result_0484,0.052101188490496386,0.8062969325840682,0,44
