background,bayreuth_000000_000177.png
split,train
model,result_0051,0.5275694938393579,0.9368971079908666,4,94
