background,muhlheim-ruhr_000000_000892.png
split,train
model,result_0562,0.20460649909536088,0.7877747535988773,1,275
model,result_0215,0.3906272197750297,0.5145532940289759,-3,20
model,result_0332,0.26839451656367674,0.7530137266333099,-3,354
