background,heilbronn_000000_000424.png
split,train
model,result_0995,0.3988795911841889,0.618578217375368,4,181
model,result_0969,0.6822637512015612,0.7835673479271879,4,91
model,result_0793,0.2105879697496822,0.39957314573442443,3,243
