background,muhlheim-ruhr_000000_001192.png
split,train
model,result_0979,0.43325566883576483,0.30642234653973166,2,45
model,result_0871,0.14513961916414364,0.4274647236278557,-3,198
