background,bayreuth_000000_000603.png
split,train
model,result_0510,0.7413406436395337,0.638398065519448,1,4
model,result_0328,0.7966285811239153,0.9799022147606888,1,229
model,result_0879,0.9743727120271074,0.8083302204864838,1,319
