background,muhlheim-ruhr_000000_000765.png
split,train
model,result_0060,0.5469447490819229,0.5553134360473779,4,333
model,result_0080,0.3476252304320494,0.9684924998893705,2,22
model,result_0857,0.015065651781689504,0.5938465033124201,-3,321
