background,oberhausen_000000_000228.png
split,train
model,result_0472,0.1347244470708745,0.7056429472085372,-2,305
model,result_0981,0.44211700052986724,0.7330564656888146,-2,198
model,result_0527,0.44259811552153694,0.7247530893290693,-3,104
