background,freiburg_000000_000581.png
split,train
model,result_0051,0.9565999506178898,0.607705736071861,2,340
model,result_0739,0.392716960569483,0.3217847005965899,-4,229
model,result_0960,0.31393334349120705,0.5134758392985184,-4,190
