background,wurzburg_000000_001598.png
split,train
model,result_0775,0.163999897274133,0.3065109542789485,4,153
model,result_0075,0.8151052668307398,0.9419188688278909,-3,78
