background,konstanz_000000_000339.png
split,train
model,result_0146,0.36447366916608415,0.9616004977596687,-1,252
model,result_0295,0.5385960001360157,0.972767673912532,2,6
model,result_0127,0.1929838541404686,0.6525269686837671,1,143
