background,nuremberg_000000_001429.png
split,train
model,result_0657,0.02236251946850587,0.40246110909393745,0,249
