background,wuppertal_000000_000591.png
split,train
model,result_0075,0.08909627471969428,0.8917594888684857,4,306
model,result_0992,0.5244921126039778,0.5509180638108137,-3,36
model,result_0394,0.3438693474678506,0.9022843769934417,-4,226
