background,karlsruhe_000000_000107.png
split,train
model,result_0215,0.10704097973261428,0.6460579643603855,0,234
model,result_0332,0.04932498838385424,0.9478363703052496,-1,144
