background,nuremberg_000000_000993.png
split,train
model,result_0332,0.35908510319238574,0.4241760597866575,-2,333
