background,oberhausen_000000_000753.png
split,train
model,result_0046,0.2717977250178778,0.8285421229601354,3,8
