background,saarbrucken_000000_000362.png
split,train
model,result_0945,0.9995880417456007,0.3360200000005579,0,41
model,result_0612,0.25226034398519415,0.3120726125854706,2,136
model,result_0283,0.13939804096220465,0.2738643611041078,3,305
