background,oberhausen_000000_000902.png
split,train
model,result_0844,0.9237027364494665,0.8745912531934777,3,260
model,result_0995,0.8633572490511083,0.2687334187802478,0,252
