background,konstanz_000000_001276.png
split,train
model,result_0795,0.19237487782745932,0.8612886356550251,3,350
model,result_0388,0.7703678458413167,0.5800151914842588,-4,235
model,result_0499,0.9759341245402922,0.9709102424775705,3,341
