background,duisburg_000000_000516.png
split,train
model,result_0557,0.08656469081742624,0.6095009400760654,1,124
