background,mannheim_000000_000497.png
split,train
model,result_0127,0.25169570100293825,0.5728915951527558,4,65
model,result_0022,0.4239780762371408,0.7768049129012558,-4,43
model,result_0061,0.6147889568417926,0.5161414494842076,-2,247
