background,augsburg_000000_000214.png
split,train
model,result_0295,0.17028267186709511,0.5718751408314742,3,183
model,result_0127,0.048945398782039296,0.5836455560345154,-2,3
model,result_0022,0.8800110203509323,0.69652360986618,4,279
