background,mannheim_000000_000410.png
split,train
model,result_0602,0.8386933587942141,0.5309075162351189,-1,25
model,result_0024,0.994786909937961,0.34315515864733637,-3,350
