background,zurich_000093_000019.png
split,train
model,result_0332,0.15235672024171576,0.845251018863341,0,18
