background,oberhausen_000000_000021.png
split,train
model,result_0879,0.9800008644858803,0.8255078592775928,-4,282
