background,mannheim_000000_001076.png
split,train
model,result_0080,0.06085428371156121,0.7730289911025175,2,120
model,result_0857,0.21676641087145143,0.9973738355552129,3,48
model,result_0795,0.6940929825849238,0.784982655641288,-3,67
