background,bayreuth_000000_000107.png
split,train
model,result_0805,0.04374626543067961,0.3826992516657678,-4,143
