background,wurzburg_000000_001265.png
split,train
model,result_0949,0.4780450920506326,0.9369886716497169,4,134
