background,heidelberg_000000_000691.png
split,train
model,result_0979,0.16983888728172003,0.4663409536162319,1,164
model,result_0871,0.09206128026751415,0.3211062949738769,-2,61
