background,bremen_000106_000019.png
split,train
model,result_0968,0.039474272225193174,0.5698427409676589,-1,9
model,result_0847,0.12899766954811775,0.6813148018642724,-1,128
model,result_0646,0.26499454305737236,0.6421776867653406,3,310
