background,mannheim_000000_000528.png
split,train
model,result_0855,0.8782094757490447,0.5802158939606534,4,359
