background,zurich_000120_000019.png
split,train
model,result_0039,0.9270252235705565,0.40844772238370564,0,111
model,result_0386,0.08292662609514789,0.4413489661910849,2,352
