background,bayreuth_000000_000463.png
split,train
model,result_0060,0.6434106467042093,0.5912005421574879,0,228
