background,nuremberg_000000_001388.png
split,train
model,result_0332,0.6915057978556911,0.2706006663626621,0,321
