background,karlsruhe_000000_000592.png
split,train
model,result_0024,0.5056820037336035,0.5088641018753814,-1,25
