background,schweinfurt_000000_000643.png
split,train
model,result_0024,0.05084145611896329,0.31119963435624065,1,252
model,result_0288,0.8280314703804698,0.42379048188662216,3,27
model,result_0247,0.0772049857487006,0.7237352272742347,-1,124
