background,heilbronn_000000_000626.png
split,train
model,result_0968,0.08359625549105687,0.4071556982864508,4,358
