background,dortmund_000000_000314.png
split,train
model,result_0879,0.7156629331649048,0.6623401430525644,3,118
