background,strasbourg_000001_007657.png
split,train
model,result_0440,0.6658109824219223,0.3604243143270698,0,283
