background,bayreuth_000000_000030.png
split,train
model,result_0542,0.559711166317643,0.8294989904376022,-4,21
