background,mannheim_000000_000062.png
split,train
model,result_0332,0.6205252344091389,0.9790698347619091,3,65
model,result_0385,0.7529214460642347,0.6970726368406472,1,97
