background,bad-honnef_000000_000036.png
split,train
model,result_0949,0.3530609025252589,0.662788457685754,1,117
