background,wurzburg_000000_000830.png
split,train
model,result_0440,0.6135241810898014,0.2885073035654556,3,257
