background,muhlheim-ruhr_000000_001043.png
split,train
model,result_0586,0.2720802782094135,0.5762698636322425,-2,141
model,result_0989,0.6242025463071398,0.5072489149137124,2,14
model,result_0803,0.6233684889455909,0.38920780815261313,1,95
