background,nuremberg_000000_000984.png
split,train
model,result_0338,0.2657797142378352,0.3742833337877941,-3,304
