background,muhlheim-ruhr_000000_000317.png
split,train
model,result_0039,0.22473632025030787,0.6340211741229409,-2,8
model,result_0386,0.9555596251920991,0.8847438403526302,4,27
