background,konstanz_000000_000140.png
split,train
model,result_0751,0.02107747920686487,0.5653398834352079,2,237
model,result_0678,0.677626331695215,0.9297345125696808,2,183
