background,karlsruhe_000000_000041.png
split,train
model,result_0193,0.46625551507660223,0.6441356450002678,-3,206
