background,wuppertal_000000_000763.png
split,train
model,result_0004,0.017235367771956778,0.8321302195715493,3,187
model,result_0931,0.270313431591787,0.6360689951896055,4,279
model,result_0123,0.30716487219897526,0.8810095474190842,-3,44
