background,heilbronn_000000_000628.png
split,train
model,result_0239,0.7990887663074057,0.7486466389892714,2,11
model,result_0051,0.28912727537530303,0.8700165876940904,3,335
