background,oberhausen_000000_000725.png
split,train
model,result_0080,0.05270314914995733,0.6537886496853931,3,24
