background,freiburg_000000_000615.png
split,train
model,result_0075,0.1835855543204089,0.9169645502803119,3,112
model,result_0992,0.26846400419952654,0.28525208505503863,4,202
model,result_0394,0.03944080780967507,0.5129056965705041,3,8
