background,freiburg_000000_000208.png
split,train
model,result_0855,0.35598594873401945,0.32808107440849393,2,63
