background,konstanz_000000_000403.png
split,train
model,result_0046,0.7225090717135851,0.8342363682903917,4,306
model,result_0389,0.714935194018667,0.30838432156948486,2,58
model,result_0164,0.4016440935184885,0.3089881833722487,-4,152
