background,dortmund_000000_000515.png
split,train
model,result_0949,0.08565678083073358,0.6681305733739673,2,159
