background,schweinfurt_000000_000013.png
split,train
model,result_0080,0.762051733397564,0.7033312759262407,-1,227
model,result_0857,0.8825089975920054,0.8304863333354999,1,279
model,result_0795,0.09809904888961496,0.4082565405143649,3,232
