background,bayreuth_000000_000521.png
split,train
model,result_0191,0.40440386735564027,0.7572853813176725,3,146
model,result_0775,0.8451978571966088,0.2882436448661597,1,341
