background,duisburg_000000_000437.png
split,train
model,result_0557,0.8080290380112173,0.7532472293281157,4,182
model,result_0544,0.46244003657560706,0.585461949594813,-1,23
