background,wurzburg_000000_001564.png
split,train
model,result_0357,0.15687579201102375,0.46590015288108755,-4,98
model,result_0046,0.9206240882296021,0.46813078486296095,-3,353
model,result_0389,0.5746822876364508,0.8290897337532491,0,285
