background,wurzburg_000000_000029.png
split,train
model,result_0389,0.30320219162381246,0.5248564694100166,3,277
model,result_0164,0.8072715965688164,0.6763298285255827,3,7
