background,muhlheim-ruhr_000000_000652.png
split,train
model,result_0215,0.9174926640069327,0.9865478845758926,4,278
