background,nuremberg_000000_000934.png
split,train
model,result_0805,0.002950627455399424,0.9189186283838342,-2,174
model,result_0039,0.9299633294759113,0.42746513902464556,-2,83
