background,troisdorf_000000_000108.png
split,train
model,result_0924,0.7733431736453862,0.6956674918273509,-4,263
model,result_0866,0.9115836431124937,0.31794906837800785,2,20
