background,saarbrucken_000000_000025.png
split,train
model,result_0440,0.3439516992194581,0.9948884508283584,1,16
