background,muhlheim-ruhr_000000_000833.png
split,train
model,result_0440,0.5777503083744531,0.3008978516268718,4,20
model,result_0484,0.26418614888403114,0.9921137025057462,4,17
model,result_0861,0.6775809304101387,0.49329473474616947,0,127
