background,wurzburg_000000_000801.png
split,train
model,result_0193,0.7237515505749555,0.5098650736458561,3,228
model,result_0036,0.19755510942524657,0.3339714577045789,-2,85
