background,mannheim_000000_000064.png
split,train
model,result_0822,0.3782863709177624,0.8534209925699341,3,88
model,result_0855,0.09429952442896916,0.2644219767881402,0,30
model,result_0338,0.6765358620905092,0.5744670246577823,-4,63
