background,bremen_000213_000019.png
split,train
model,result_0385,0.7003524211557975,0.5425788911791086,-4,290
