background,muhlheim-ruhr_000000_000934.png
split,train
model,result_0879,0.07212696525718343,0.4644294246856622,-3,70
model,result_0542,0.41209155574470446,0.9105278959518958,-1,162
