background,muhlheim-ruhr_000000_000366.png
split,train
model,result_0784,0.637365828092074,0.46395273640258544,-4,264
model,result_0924,0.8254227925565973,0.8278437893809925,3,25
model,result_0866,0.8163141090967088,0.9649860843320871,3,190
