background,krefeld_000000_014673.png
split,train
model,result_0472,0.8022123860318439,0.5919970191651043,-2,1
model,result_0981,0.31094214467804626,0.9097479151665926,-2,211
