background,heilbronn_000000_000075.png
split,train
model,result_0674,0.09534284409812588,0.28612996806098934,-1,177
