background,dortmund_000000_000989.png
split,train
model,result_0981,0.8044871330854746,0.2594607544863171,4,240
