background,stuttgart_000080_000019.png
split,train
model,result_0775,0.7782036194821768,0.8669024295382315,2,157
