background,bamberg_000000_000086.png
split,train
model,result_0983,0.6633379148809773,0.8743827483359932,3,59
model,result_0996,0.6740881625902512,0.42580653982745453,-4,106
model,result_0266,0.8529156712684683,0.7714247136239397,-1,229
