background,konstanz_000000_001396.png
split,train
model,result_0855,0.10261180574980044,0.5573766579650988,1,330
model,result_0338,0.3682110277741272,0.6936040639357614,-3,74
