background,muhlheim-ruhr_000000_001110.png
split,train
model,result_0674,0.30553539329429813,0.6490521721831295,2,83
model,result_0146,0.06318046924858156,0.48672603362338207,-2,63
model,result_0295,0.5186745373540772,0.8086828834925666,-1,170
