background,muhlheim-ruhr_000000_000568.png
split,train
model,result_0477,0.22173061099720937,0.5683929682843586,3,48
model,result_0949,0.315723839777697,0.6597287505636762,4,280
model,result_0324,0.054639290242227356,0.3783765349586906,3,135
