background,muhlheim-ruhr_000000_001049.png
split,train
model,result_0793,0.25229782408154233,0.7525491580780376,4,158
