background,heilbronn_000000_000124.png
split,train
model,result_0332,0.9946845806545208,0.6448216948263706,-1,180
model,result_0385,0.9289251582859047,0.9309502148072263,-2,129
model,result_0991,0.3217066232902991,0.507472291334277,3,195
