background,wuppertal_000000_000033.png
split,train
model,result_0192,0.02392390830681046,0.32468828304492975,-2,86
model,result_0218,0.9386654858641542,0.28798602407503426,4,236
model,result_0694,0.5697451527145456,0.4123257840221948,2,343
