background,oberhausen_000000_000803.png
split,train
model,result_0602,0.6560001444263786,0.6196273730841886,3,51
model,result_0024,0.38755492901871436,0.48559690251491344,-4,45
