background,augsburg_000000_001208.png
split,train
model,result_0606,0.8635507309472912,0.6678683678951118,1,64
model,result_0082,0.11063923555475808,0.9921628490152841,3,132
model,result_0945,0.8677911968848383,0.9436819214498455,1,4
