background,wurzburg_000000_001228.png
split,train
model,result_0082,0.33441708470871545,0.6808302810907363,2,55
