background,konstanz_000000_001212.png
split,train
model,result_0288,0.9066863045158792,0.9892485715990893,-1,3
model,result_0247,0.8939491104375122,0.5219988897854447,0,227
