background,mannheim_000000_000515.png
split,train
model,result_0751,0.020240963742303775,0.6758193909952344,4,206
model,result_0678,0.6814009021420987,0.5445331757699984,-3,107
model,result_0784,0.4820496617092075,0.6681126278837987,4,180
