background,karlsruhe_000000_000076.png
split,train
model,result_0022,0.5009767227715047,0.6572051008302938,1,231
