background,duisburg_000000_000076.png
split,train
model,result_0805,0.5437484907996953,0.4947476538170036,4,248
model,result_0039,0.5342659941733144,0.6463026127401376,-1,62
