background,duisburg_000000_000003.png
split,train
model,result_0979,0.9508120794928103,0.29627724917058534,0,285
