background,muhlheim-ruhr_000000_000774.png
split,train
model,result_0367,0.981483440190345,0.5166723558843898,-4,128
model,result_0822,0.17374152653465813,0.9961851162433719,-2,95
