background,muhlheim-ruhr_000000_001158.png
split,train
model,result_0612,0.15956668015133824,0.30457815985628556,-1,273
