background,augsburg_000000_000903.png
split,train
model,result_0510,0.2706698576859963,0.6808371365050722,3,203
model,result_0328,0.7631374911978314,0.7384351283348599,-4,340
model,result_0879,0.9256440491263097,0.2956830994796119,2,308
