background,wurzburg_000000_001067.png
split,train
model,result_0199,0.6026848359051198,0.5132844101134117,3,268
