background,heidelberg_000000_001149.png
split,train
model,result_0319,0.720599967040806,0.9537620758535046,-2,291
model,result_0477,0.32688062946997953,0.8870710375767343,1,199
model,result_0949,0.14884646372071297,0.7233209682641529,0,127
