background,augsburg_000000_000686.png
split,train
model,result_0386,0.12586003587702255,0.5705556125736474,4,226
