background,wuppertal_000000_000734.png
split,train
model,result_0969,0.541099663590663,0.892876133870898,0,84
model,result_0793,0.43386685803422687,0.8149353311139155,4,27
model,result_0686,0.5816786284091781,0.6030280733425124,1,273
