background,duisburg_000000_000698.png
split,train
model,result_0440,0.7707517104698125,0.5854195937728811,3,68
