background,munster_000125_000019.png
split,train
model,result_0324,0.29681495485755405,0.5334869965783117,-2,229
model,result_0173,0.8401821768459427,0.7707263553323707,-1,70
