background,heilbronn_000000_000718.png
split,train
model,result_0979,0.6561739780683211,0.5987581402409998,-2,263
