background,wurzburg_000000_000096.png
split,train
model,result_0332,0.7124377885745177,0.5405577859215459,0,60
