background,oberhausen_000000_000379.png
split,train
model,result_0524,0.40929064607181076,0.9060329160397349,-1,120
