background,freiburg_000000_000839.png
split,train
model,result_0999,0.23287634981039373,0.9477400941520667,-3,354
model,result_0510,0.4072812634509776,0.8487916048411261,-3,310
