background,augsburg_000000_001021.png
split,train
model,result_0164,0.9327086438114021,0.3536159039607204,2,4
model,result_0440,0.8627072635399969,0.7574933833364058,-4,132
