background,saarbrucken_000000_000240.png
split,train
model,result_0674,0.9673155826955381,0.599747184104316,4,144
model,result_0146,0.10177184105337722,0.5713618049761556,2,72
model,result_0295,0.9423198584668732,0.5613749723231121,0,311
