background,jena_000006_000019.png
split,train
model,result_0924,0.7971118589226643,0.529252988046539,4,91
