background,freiburg_000000_000659.png
split,train
model,result_0989,0.38178520075049416,0.6497214513911895,0,108
