background,wurzburg_000000_000956.png
split,train
model,result_0793,0.6432418240640663,0.895420501704763,1,149
model,result_0686,0.42551583041801655,0.3033722846962772,-4,92
model,result_0805,0.17066444743303866,0.46172789917171436,3,196
