background,augsburg_000000_000870.png
split,train
model,result_0861,0.8117753318249483,0.29794822799691034,-4,65
model,result_0882,0.670171853584838,0.99987782863346,-1,283
model,result_0467,0.6053105582529777,0.6098149691926167,-2,234
