background,freiburg_000000_000705.png
split,train
model,result_0499,0.9911255358356726,0.8870180362335179,-4,273
