background,nuremberg_000000_001074.png
split,train
model,result_0969,0.91551730773924,0.8132422906637886,0,46
model,result_0793,0.45864692616958846,0.6703857914406001,-1,187
model,result_0686,0.7325057713044202,0.550110392925638,-2,336
