background,nuremberg_000000_001021.png
split,train
model,result_0499,0.8529810344869788,0.3601857942640361,1,81
model,result_0844,0.7158918156921866,0.7510626643914529,-1,167
