background,heidelberg_000000_000844.png
split,train
model,result_0080,0.42522942138204955,0.8748077550044082,-4,179
