background,konstanz_000000_000022.png
split,train
model,result_0751,0.5177587084248348,0.528031624426085,1,69
model,result_0678,0.2790233585432629,0.5429246397877625,-2,305
model,result_0784,0.49952962827877756,0.6939305694985176,-3,131
