background,saarbrucken_000000_000132.png
split,train
model,result_0046,0.5440684721520609,0.699548250260347,1,91
model,result_0389,0.15269364010198982,0.2833209091576274,1,45
