background,dortmund_000000_000920.png
split,train
model,result_0822,0.35959897740249247,0.5483406349596452,4,172
