background,oberhausen_000000_000431.png
split,train
model,result_0328,0.9510120322593397,0.2763081366351063,-4,269
model,result_0879,0.4427051908716183,0.9338087551988522,-2,156
