background,schweinfurt_000000_000197.png
split,train
model,result_0386,0.4252975902659284,0.8125079354009325,-4,253
model,result_0979,0.683621366314135,0.7481133975063832,0,319
model,result_0871,0.6878022216653904,0.6431361659664816,2,193
