background,heilbronn_000000_000114.png
split,train
model,result_0945,0.3233014389823069,0.3184697029694621,-1,294
