background,schweinfurt_000000_000137.png
split,train
model,result_0882,0.5579528598036974,0.3318334438276478,-1,330
model,result_0467,0.05889497242289676,0.7798887608624256,0,55
