background,schweinfurt_000000_000591.png
split,train
model,result_0527,0.8189189741324763,0.884793673424499,4,312
