background,dortmund_000000_001069.png
split,train
model,result_0805,0.9177551139030056,0.5134500048096392,-1,196
