background,muhlheim-ruhr_000000_000326.png
split,train
model,result_0386,0.5805131596257924,0.9298085968733278,-2,60
