background,augsburg_000000_000073.png
split,train
model,result_0871,0.856105811205898,0.2596057989187134,4,163
model,result_0878,0.41379569562254737,0.9866988329845755,2,279
