background,wurzburg_000000_000341.png
split,train
model,result_0562,0.1893620109608899,0.27583601744515734,3,255
