background,oberhausen_000000_000819.png
split,train
model,result_0862,0.11093517620639637,0.7296252851773087,-1,111
model,result_0524,0.13801798810472887,0.7561210519584619,-2,129
