background,karlsruhe_000000_001114.png
split,train
model,result_0373,0.8886146480471125,0.7378222622962249,4,165
