background,bamberg_000000_000070.png
split,train
model,result_0510,0.8630843463175482,0.9463378723177578,-4,261
model,result_0328,0.8767673166220252,0.7642772891651577,-4,63
model,result_0879,0.10234613615910393,0.5069122651177922,-2,320
