background,muhlheim-ruhr_000000_000868.png
split,train
model,result_0328,0.9201171763442249,0.347906205965698,-1,94
