background,oberhausen_000000_000299.png
split,train
model,result_0440,0.35465469255733717,0.9143544398826676,3,343
