background,karlsruhe_000000_000552.png
split,train
model,result_0484,0.05390239583698442,0.6629213750652698,-2,146
