background,wurzburg_000000_000207.png
split,train
model,result_0996,0.04802556551930415,0.915373732784146,2,144
model,result_0266,0.04413450303765509,0.49680028558914224,-4,149
