background,heidelberg_000000_000820.png
split,train
model,result_0979,0.7688702436121173,0.6058786994481169,-4,245
