background,karlsruhe_000000_000548.png
split,train
model,result_0969,0.4112770299244817,0.7064312040375806,1,299
model,result_0793,0.9808489604825333,0.28995565468358514,-1,199
model,result_0686,0.4105017638712709,0.9648008112679235,-1,238
