background,wurzburg_000000_001042.png
split,train
model,result_0510,0.8562743730131857,0.33243181000021016,-3,314
model,result_0328,0.2726401375171339,0.27672532357938806,-4,73
model,result_0879,0.6482788604304367,0.2952616223389549,3,45
