background,konstanz_000000_000021.png
split,train
model,result_0847,0.4613877914469626,0.589144222608395,2,79
model,result_0646,0.2794379821576335,0.32139019798938506,1,25
