background,freiburg_000000_000596.png
split,train
model,result_0602,0.9165284116188466,0.671100804668951,-3,354
model,result_0024,0.9693911741561564,0.5453443577968967,-4,239
model,result_0288,0.42238136590847786,0.607230652377039,3,213
