background,muhlheim-ruhr_000000_000669.png
split,train
model,result_0191,0.2900904120981812,0.6908969140695365,2,76
model,result_0775,0.2905781662264233,0.34870599937078095,-2,68
