background,augsburg_000000_001104.png
split,train
model,result_0039,0.3511997177143772,0.4063916016353891,0,217
