background,heilbronn_000000_000267.png
split,train
model,result_0499,0.10369145401491575,0.633744340524794,2,276
model,result_0844,0.7355810429430729,0.9832408271524038,1,297
model,result_0995,0.7191567137923269,0.9577696478900684,-4,343
