background,erlangen_000000_000133.png
split,train
model,result_0960,0.4154053198522534,0.6169998224273991,-2,311
model,result_0632,0.7360739652430236,0.6500952830545126,1,186
