background,augsburg_000000_001089.png
split,train
model,result_0878,0.5981366586918595,0.2662130260088589,1,99
