background,dortmund_000000_001095.png
split,train
model,result_0878,0.5639091388681504,0.6509519362168876,0,344
