background,konstanz_000000_000607.png
split,train
model,result_0039,0.9071148218217207,0.9313323694660719,3,221
