background,nuremberg_000000_000571.png
split,train
model,result_0527,0.4703049785774922,0.35099213975495314,3,215
model,result_0602,0.7424532004723023,0.7710026438624253,3,15
model,result_0024,0.1772658572408331,0.6555933931748092,0,146
