background,wuppertal_000000_000875.png
split,train
model,result_0191,0.08066584976239799,0.49432942213972764,3,345
