background,dresden_000000_000175.png
split,train
model,result_0082,0.7578437178403075,0.550663889183922,1,280
