background,dresden_000000_000160.png
split,train
model,result_0924,0.6255040933589021,0.393281903324074,-1,298
model,result_0866,0.40265454367709086,0.8869166227515201,1,12
