background,bayreuth_000000_000176.png
split,train
model,result_0319,0.04116189047922569,0.7936237764144404,-2,146
model,result_0477,0.6173954651325131,0.9977996403331052,2,95
model,result_0949,0.42082315606682186,0.46848128318876514,4,339
