background,oberhausen_000000_000343.png
split,train
model,result_0288,0.15158916933550615,0.9944943952466483,1,70
model,result_0247,0.23749986659802624,0.7700672171993139,3,36
model,result_0239,0.7508202674618056,0.2750875801912095,-3,92
