background,mannheim_000000_000732.png
split,train
model,result_0319,0.5513260614960049,0.35189227251128463,-1,287
model,result_0477,0.2074781354196399,0.5473700950982954,-3,346
model,result_0949,0.8756032362695422,0.7442760274598661,3,289
