background,schweinfurt_000000_000595.png
split,train
model,result_0039,0.7477793009192467,0.5589459910679195,3,71
