background,augsburg_000000_000072.png
split,train
model,result_0295,0.7727531384434823,0.8218756174407763,-2,225
model,result_0127,0.13132235393519165,0.25710669434977856,2,101
model,result_0022,0.9922902655232406,0.9883746732717607,1,316
