background,konstanz_000000_000623.png
split,train
model,result_0022,0.31978841865657825,0.7645418715605556,-2,64
model,result_0061,0.08013717188495206,0.6226029016515182,3,309
model,result_0606,0.41991592933198507,0.7888652805884471,3,80
