background,konstanz_000000_000413.png
split,train
model,result_0793,0.4023624629604964,0.32467024017927215,4,55
