background,muhlheim-ruhr_000000_000568.png
split,train
model,result_0484,0.7130349471443215,0.6892213291051722,1,124
model,result_0861,0.9003118606709313,0.9446159684953603,1,56
model,result_0882,0.04259004171572722,0.8842693187276196,-2,109
