background,muhlheim-ruhr_000000_000987.png
split,train
model,result_0992,0.6579062263398944,0.4871544579992084,-3,156
model,result_0394,0.56142083529065,0.4767220477023667,4,290
model,result_0163,0.5381242502777337,0.6503130208577409,3,317
