background,konstanz_000000_000730.png
split,train
model,result_0373,0.3242501418185545,0.30609945582263565,3,351
