background,nuremberg_000000_000558.png
split,train
model,result_0022,0.6364320459940339,0.7811843441790416,4,186
model,result_0061,0.7643154164709011,0.552271278957213,-3,260
model,result_0606,0.18910568423477292,0.45245171148359864,4,13
