background,muhlheim-ruhr_000000_001066.png
split,train
model,result_0983,0.626765198465247,0.4775904508647404,-3,276
model,result_0996,0.13418335019289696,0.40659862148146564,-2,216
model,result_0266,0.8325056926371136,0.9126998587447718,2,70
