background,konstanz_000000_000249.png
split,train
model,result_0080,0.5043436149138562,0.9778740663033594,3,217
model,result_0857,0.026595789352423904,0.8932914765083034,0,219
