background,dortmund_000000_000204.png
split,train
model,result_0983,0.4038210621434911,0.7522013260066365,4,28
model,result_0996,0.39748694861062184,0.8199926462598881,3,28
