background,schweinfurt_000000_000258.png
split,train
model,result_0510,0.13374914696917284,0.8958754004815588,-1,225
model,result_0328,0.8499562007187661,0.3762864353563562,4,199
