background,nuremberg_000000_000498.png
split,train
model,result_0992,0.28837803924047734,0.32835762001997587,-3,48
model,result_0394,0.6382496388283493,0.8478823525391206,3,19
model,result_0163,0.08832733930454673,0.6211220987726866,-3,35
