background,oberhausen_000000_000306.png
split,train
model,result_0931,0.6309197099728072,0.9388772232120928,0,162
model,result_0123,0.5928086857289016,0.7215222918474316,1,313
model,result_0472,0.6762371972941934,0.7210153690577077,-4,318
