background,wuppertal_000000_000989.png
split,train
model,result_0510,0.9443206991793252,0.7678954758725937,-3,69
model,result_0328,0.993022833715565,0.8271111689423655,-3,267
