background,heidelberg_000000_000685.png
split,train
model,result_0960,0.9147638174558518,0.7277799639499785,-2,337
