background,wurzburg_000000_000029.png
split,train
model,result_0999,0.23693184131173295,0.28898613759538133,0,1
model,result_0510,0.927666138034291,0.9577075270501535,0,213
model,result_0328,0.0404516414081183,0.8314989103240396,2,54
