background,muhlheim-ruhr_000000_000965.png
split,train
model,result_0544,0.996574041934968,0.7972320435126307,4,70
