background,duisburg_000000_000053.png
split,train
model,result_0586,0.2712255929340156,0.5800357224900271,0,303
model,result_0989,0.8264872075129216,0.7483595558963222,-3,6
