background,saarbrucken_000000_000461.png
split,train
model,result_0981,0.22047384470994247,0.5475584625411467,3,307
