background,bayreuth_000000_000028.png
split,train
model,result_0991,0.7569116664731896,0.7866998696990382,-4,338
