background,karlsruhe_000000_000777.png
split,train
model,result_0467,0.19247452464926662,0.839091748754751,2,58
model,result_0154,0.415160983810406,0.7433052080948995,4,125
model,result_0562,0.6719173335351845,0.7486755481704466,2,337
