background,dortmund_000000_001000.png
split,train
model,result_0855,0.4216649463759917,0.7689929278594422,-1,259
model,result_0338,0.9038533334468223,0.7923498879851767,-2,127
