background,karlsruhe_000000_000525.png
split,train
model,result_0803,0.7851214916023213,0.3436016774308075,2,356
model,result_0192,0.23591772190712545,0.2875614958806594,1,92
model,result_0218,0.47486479614386745,0.651076438181414,-4,47
