background,oberhausen_000000_000880.png
split,train
model,result_0082,0.4067263063588824,0.6281736809683781,-4,265
model,result_0945,0.7326802386016462,0.27402177635298336,0,304
model,result_0612,0.9807594441477724,0.3700407905086396,1,319
