background,heidelberg_000000_000369.png
split,train
model,result_0199,0.03344807590926546,0.5387815760515673,-2,252
model,result_0060,0.3190098330699912,0.9050985241023131,-2,149
