background,troisdorf_000000_000091.png
split,train
model,result_0024,0.08620069230607896,0.42198568914677614,-3,246
model,result_0288,0.410922385616897,0.43493875796766646,-1,224
