background,heidelberg_000000_000152.png
split,train
model,result_0855,0.4860594027781717,0.3541727362085552,-3,347
model,result_0338,0.826325246818129,0.3270188575355326,-1,131
