background,schweinfurt_000000_000299.png
split,train
model,result_0979,0.883981852726444,0.4880735554153486,1,197
model,result_0871,0.8860200978091779,0.7158440654542907,-2,329
