background,heilbronn_000000_000330.png
split,train
model,result_0857,0.01850151230795727,0.45299729709743974,-3,74
model,result_0795,0.13556965063618154,0.6044727603077621,3,116
