background,dortmund_000000_000817.png
split,train
model,result_0472,0.5621207377604717,0.9096795895204618,3,58
