background,wurzburg_000000_001311.png
split,train
model,result_0394,0.23142026009065675,0.8497332847122651,-1,227
