background,konstanz_000000_000258.png
split,train
model,result_0328,0.23212518534397142,0.7483492590173291,1,219
