background,augsburg_000000_000989.png
split,train
model,result_0686,0.2821324883489774,0.8977910703901442,3,203
model,result_0805,0.7348921001484426,0.472482703900841,-1,65
