background,mannheim_000000_000853.png
split,train
model,result_0191,0.4112540589296736,0.3713906156509656,0,197
model,result_0775,0.4817053389795303,0.7202028091204116,2,176
model,result_0075,0.23433987240074394,0.6757571748266571,-3,173
