background,muhlheim-ruhr_000000_001028.png
split,train
model,result_0215,0.5450354020550098,0.5978080909790512,2,50
model,result_0332,0.45880633888317857,0.6786878687830911,0,21
model,result_0385,0.7303738958837026,0.7767720000632645,4,95
