background,muhlheim-ruhr_000000_000817.png
split,train
model,result_0795,0.9851534025588633,0.5946632485092368,-2,248
model,result_0388,0.6072255341328223,0.4792225530497032,-4,217
model,result_0499,0.7482997063879528,0.896397622218353,-2,7
