background,heidelberg_000000_000247.png
split,train
model,result_0082,0.9868051398247066,0.9651769180494167,-4,252
