background,konstanz_000000_001056.png
split,train
model,result_0218,0.7938224352783151,0.6878064918213932,-3,228
model,result_0694,0.6389126799553575,0.7193877144105038,3,174
model,result_0319,0.8750407161241799,0.8643135587388178,-3,156
