background,konstanz_000000_000342.png
split,train
model,result_0847,0.7138743464029643,0.38609532912279315,1,290
model,result_0646,0.11296379064290252,0.5509984487009054,3,181
model,result_0586,0.9604116324021287,0.4067802063231264,-2,217
