background,schweinfurt_000000_000142.png
split,train
model,result_0739,0.7072331534240804,0.9124771649345408,4,215
model,result_0960,0.8180941125878342,0.779475306046576,3,255
model,result_0632,0.46997919182807024,0.47844490460939093,-4,360
