background,saarbrucken_000000_000002.png
split,train
model,result_0146,0.4495571967679016,0.44769327422693117,-3,133
