background,bayreuth_000000_000494.png
split,train
model,result_0247,0.8608051075044779,0.9307555671345407,1,62
model,result_0239,0.6324979685866021,0.9731803085839403,-3,334
