background,nuremberg_000000_001018.png
split,train
model,result_0295,0.6643845943796037,0.5982109932396985,-2,100
model,result_0127,0.015254397195659464,0.4259977623242084,1,43
