background,augsburg_000000_000720.png
split,train
model,result_0861,0.022022782271396535,0.6199709019507755,-3,267
model,result_0882,0.1836742384979111,0.3489386868709915,-3,54
model,result_0467,0.9742480287281593,0.5198332470193054,2,256
