background,oberhausen_000000_000134.png
split,train
model,result_0338,0.09600628381600651,0.3319425006720884,-1,324
model,result_0557,0.5343278972592962,0.5467654768394286,-2,110
model,result_0544,0.6093273063136675,0.40444643378841927,1,116
