background,muhlheim-ruhr_000000_000730.png
split,train
model,result_0989,0.5276551450213375,0.31581011907488754,-3,199
