background,schweinfurt_000000_000077.png
split,train
model,result_0586,0.8308441138702481,0.6472276959268286,-4,35
model,result_0989,0.715321877741176,0.6018698062419852,-2,41
model,result_0803,0.4394831488703229,0.912439175477241,-4,260
