background,muhlheim-ruhr_000000_000186.png
split,train
model,result_0924,0.20714920132150128,0.4485384630557706,-4,92
