background,dortmund_000000_000042.png
split,train
model,result_0247,0.753626738454398,0.8179933175676561,4,259
model,result_0239,0.9916888867942097,0.2985404172674303,1,251
model,result_0051,0.4632034258565745,0.8640782116173824,4,80
