background,nuremberg_000000_000987.png
split,train
model,result_0931,0.6142411119639581,0.3350486596809277,3,255
model,result_0123,0.4749536928413435,0.26053860272398904,1,352
