background,bayreuth_000000_000538.png
split,train
model,result_0855,0.460198734360037,0.9537838605952133,3,2
model,result_0338,0.3473999103627543,0.9759358636776607,-2,134
