background,bayreuth_000000_000659.png
split,train
model,result_0855,0.6798681365492408,0.5717801811615453,-1,184
model,result_0338,0.04265304031814143,0.5978855557743588,0,291
