background,konstanz_000000_001213.png
split,train
model,result_0678,0.927052021184438,0.4709500198281501,-1,145
