background,wuppertal_000000_000005.png
split,train
model,result_0036,0.5309454407614363,0.87738266205919,-4,47
