background,konstanz_000000_000088.png
split,train
model,result_0784,0.4918763682562727,0.9747122133684306,2,126
model,result_0924,0.0930590719532175,0.6316428422758988,1,220
model,result_0866,0.25786841764399615,0.6390555221283448,-4,170
