background,frankfurt_000001_080830.png
split,train
model,result_0510,0.6932468110464617,0.60465076910584,1,248
