background,konstanz_000000_000641.png
split,train
model,result_0328,0.358950180022783,0.252616999514453,2,202
model,result_0879,0.20608871531429906,0.9989564650719318,1,304
