background,oberhausen_000000_000062.png
split,train
model,result_0051,0.43784559425584035,0.6037333996261465,4,201
model,result_0739,0.5293031359172781,0.46837848104842794,3,344
