background,augsburg_000000_000292.png
split,train
model,result_0388,0.47076025061705784,0.35007265895674505,3,139
model,result_0499,0.7632175832699751,0.3058398795719932,3,168
