background,mannheim_000000_000663.png
split,train
model,result_0215,0.5900483779082737,0.9072843506746806,-4,282
