background,heidelberg_000000_000090.png
split,train
model,result_0082,0.7973765632792997,0.970815537587008,-4,193
model,result_0945,0.8451664169544058,0.5617447853476147,4,204
model,result_0612,0.23071968398418585,0.30837401721188135,1,302
