background,konstanz_000000_000316.png
split,train
model,result_0524,0.21920749481232527,0.769120097200789,-1,312
model,result_0199,0.8467223619093269,0.5967543851164705,0,34
model,result_0060,0.24342921568488485,0.5513432359034754,0,50
