background,weimar_000008_000019.png
split,train
model,result_0051,0.5488265175108856,0.2556092573531816,4,182
model,result_0739,0.4629785751112008,0.28082703665505454,-2,240
