background,oberhausen_000000_000008.png
split,train
model,result_0477,0.4429541387858682,0.47610496851843326,-1,170
