background,heilbronn_000000_000052.png
split,train
model,result_0440,0.04744731912912781,0.27646509426489674,3,312
model,result_0484,0.6350911055378771,0.6206370055869465,-4,234
model,result_0861,0.5291854167101198,0.9174649537178963,-4,18
