background,duisburg_000000_000209.png
split,train
model,result_0979,0.5815974251499694,0.3660248195475966,1,22
model,result_0871,0.9526669785364538,0.51752928286012,-2,86
