background,frankfurt_000000_012121.png
split,train
model,result_0674,0.2590420558149913,0.44117630008957676,3,340
