background,stuttgart_000123_000019.png
split,train
model,result_0931,0.7916257863930849,0.3036420852094973,0,161
model,result_0123,0.43774170460275874,0.8370138829985542,2,118
