background,wurzburg_000000_001058.png
split,train
model,result_0805,0.829448320060436,0.9447411639944814,-1,222
model,result_0039,0.3234595948474903,0.5294246210966065,4,277
model,result_0386,0.2858978207578312,0.6434682955933938,-1,241
