background,heilbronn_000000_000339.png
split,train
model,result_0979,0.5093701442419135,0.46499827521116205,3,238
model,result_0871,0.5050593841312444,0.553729944836685,-3,272
