background,dortmund_000000_000177.png
split,train
model,result_0992,0.2852940221825585,0.8314376526658426,1,348
model,result_0394,0.5517183869448873,0.42778161104726287,-4,211
