background,karlsruhe_000000_000715.png
split,train
model,result_0739,0.45098158866574223,0.45072387798562946,0,355
