background,heilbronn_000000_000502.png
split,train
model,result_0646,0.16885531276500299,0.5419530735478033,0,358
model,result_0586,0.2867693800945508,0.8669439564991172,-3,221
