background,heilbronn_000000_000265.png
split,train
model,result_0440,0.13969073449516944,0.6870486331134842,-2,55
model,result_0484,0.47853731402596167,0.8771330172188462,3,171
