background,oberhausen_000000_000445.png
split,train
model,result_0612,0.12312660569196543,0.6070177502211194,3,17
model,result_0283,0.21890105607322152,0.35168464705165436,-2,245
