background,strasbourg_000000_012934.png
split,train
model,result_0991,0.4861618792385982,0.5027370542220772,-1,204
model,result_0373,0.08139161968407294,0.7768353616277435,-1,148
model,result_0191,0.2945972076863159,0.4637762670760257,-4,103
