background,konstanz_000000_000807.png
split,train
model,result_0861,0.7611765784289728,0.7477138466675896,-1,155
model,result_0882,0.22318389289556828,0.9289181370223494,-1,313
model,result_0467,0.30606509331628373,0.5636880392079479,2,284
