background,saarbrucken_000000_000039.png
split,train
model,result_0931,0.30472701463539775,0.773190032348336,-3,15
model,result_0123,0.8067483868671985,0.5642404725646206,4,166
