background,muhlheim-ruhr_000000_000758.png
split,train
model,result_0945,0.9512314671792932,0.3148664555655076,3,121
model,result_0612,0.6636302954404395,0.9422916110077271,-3,252
model,result_0283,0.7462671204712797,0.6895400551106747,-1,59
