background,augsburg_000000_001057.png
split,train
model,result_0082,0.5674604397656219,0.9900505398833248,3,314
