background,muhlheim-ruhr_000000_001066.png
split,train
model,result_0060,0.6784178385023345,0.99505261735729,0,229
