background,duisburg_000000_000381.png
split,train
model,result_0674,0.0767543619824621,0.9751783305487911,1,6
