background,dresden_000000_000169.png
split,train
model,result_0945,0.01563842875296806,0.8491201994504141,4,259
model,result_0612,0.3107214077077416,0.41428397626041913,-1,281
model,result_0283,0.9106822555585194,0.31422019656202616,-1,212
