background,muhlheim-ruhr_000000_001156.png
split,train
model,result_0527,0.6506472794305526,0.6133851890648986,2,351
