background,dresden_000000_000388.png
split,train
model,result_0215,0.9014062976615302,0.5532148356251161,-2,307
model,result_0332,0.5970941866300327,0.616788831325652,1,325
model,result_0385,0.7153445044712629,0.3074319183283949,-3,114
