background,augsburg_000000_000926.png
split,train
model,result_0127,0.9518258572586169,0.4526869722132707,2,44
model,result_0022,0.8391103181026451,0.766522325003954,3,200
model,result_0061,0.8379981664510394,0.870707728373372,-4,66
