background,hamburg_000000_030279.png
split,train
model,result_0999,0.7154333706381597,0.8341282006088562,-3,226
model,result_0510,0.4832393200652021,0.4058371838250277,3,320
