background,konstanz_000000_000012.png
split,train
model,result_0388,0.310823631342412,0.6927008927433476,-3,161
