background,wurzburg_000000_000958.png
split,train
model,result_0218,0.31814710188791506,0.5295913529972496,-1,148
model,result_0694,0.6854701208056323,0.8419829413215633,4,290
model,result_0319,0.18254354256652028,0.7721369282324373,-1,184
