background,dortmund_000000_000209.png
split,train
model,result_0632,0.8844855677196579,0.495535589120755,0,21
model,result_0357,0.12878693293188237,0.9734444914227699,-4,4
