background,bamberg_000000_000321.png
split,train
model,result_0602,0.9984426337599701,0.5726037327719178,-3,1
model,result_0024,0.39700609626460703,0.526130743456414,0,123
model,result_0288,0.24589900556790734,0.46627146005175035,-4,99
