background,konstanz_000000_001108.png
split,train
model,result_0945,0.7005870085921675,0.9443178132066475,3,31
