background,freiburg_000000_000212.png
split,train
model,result_0678,0.9804933388964835,0.5787918089270523,3,70
