background,augsburg_000000_000347.png
split,train
model,result_0051,0.5203163901496518,0.40334391016051796,2,106
model,result_0739,0.018928305930333345,0.9880314451925134,4,140
