background,wurzburg_000000_000911.png
split,train
model,result_0632,0.6683631273261224,0.8556446891828124,4,330
model,result_0357,0.05560897660452435,0.4474218692138884,1,357
model,result_0046,0.694759879312658,0.682596409588188,1,192
