background,heidelberg_000000_000040.png
split,train
model,result_0060,0.1640519450642971,0.44496313582469915,1,356
model,result_0080,0.5092026709472768,0.5824525629819876,-1,35
model,result_0857,0.023461892132002227,0.9748761096086281,0,274
