background,muhlheim-ruhr_000000_000095.png
split,train
model,result_0022,0.4563742434625895,0.3104335396650266,-3,250
