background,dortmund_000000_000189.png
split,train
model,result_0389,0.9020975227768566,0.30543594072643787,2,301
model,result_0164,0.11582162158962517,0.7661070304883876,-3,77
model,result_0440,0.47047562413557886,0.916104983955828,1,203
