background,saarbrucken_000000_000025.png
split,train
model,result_0386,0.6888236263624982,0.6850079408805098,-3,147
model,result_0979,0.9966013891853488,0.3384436837258298,2,58
