background,wurzburg_000000_000892.png
split,train
model,result_0192,0.08747138495153695,0.4128872438810546,-2,158
model,result_0218,0.08841137558344037,0.797581188878413,4,83
