background,heidelberg_000000_000106.png
split,train
model,result_0557,0.08872536377036877,0.37298313959668494,-2,14
