background,saarbrucken_000000_000252.png
split,train
model,result_0373,0.6621001431738209,0.6334660285097365,2,91
model,result_0191,0.48289901426867277,0.9795294073766303,0,98
model,result_0775,0.6121014476318167,0.7745516795083947,4,195
