background,wurzburg_000000_001453.png
split,train
model,result_0793,0.9642479013122233,0.8739658066104642,0,252
