background,freiburg_000000_000623.png
split,train
model,result_0562,0.942958585958579,0.6165767838317392,-2,228
model,result_0215,0.345460121406986,0.9403704985716128,2,170
model,result_0332,0.2936376307195251,0.28835064230247914,-2,77
