background,wurzburg_000000_001324.png
split,train
model,result_0862,0.028813918288276175,0.5703139113930284,1,350
model,result_0524,0.25961826419761747,0.6373041115389884,-3,21
