background,konstanz_000000_000463.png
split,train
model,result_0215,0.16119535672536123,0.8591666331727901,3,97
model,result_0332,0.4700879293392948,0.3849821432555382,1,41
model,result_0385,0.3076131017618149,0.5270660052550191,1,118
