background,stuttgart_000057_000019.png
split,train
model,result_0239,0.878799897184226,0.3505367723833647,0,49
