background,augsburg_000000_001169.png
split,train
model,result_0061,0.1263282466706218,0.43667205644736296,-4,61
model,result_0606,0.34999913061612886,0.5427398479900258,4,205
model,result_0082,0.6275215627597557,0.34285212326073056,4,94
