background,augsburg_000000_000879.png
split,train
model,result_0995,0.42745488154464906,0.6367285617056108,-3,338
model,result_0969,0.9133654773406311,0.7909782531692748,-2,266
