background,konstanz_000000_001287.png
split,train
model,result_0389,0.0969608331179227,0.33663893168899806,3,353
model,result_0164,0.8818885534654972,0.9998046652313818,-4,107
