background,freiburg_000000_000552.png
split,train
model,result_0632,0.9206296215339338,0.8589567560505965,-4,162
model,result_0357,0.7070848529516096,0.9073655221715526,4,327
model,result_0046,0.3467265409992084,0.6373660215068587,-4,196
