background,strasbourg_000000_018616.png
split,train
model,result_0562,0.8653790545278843,0.7762858275980091,3,171
