background,oberhausen_000000_000240.png
split,train
model,result_0039,0.33305545959304816,0.5440696406832095,4,290
model,result_0386,0.8914464820236353,0.6005117503218758,2,92
model,result_0979,0.9610955345010623,0.5983154971015039,-4,219
