background,wurzburg_000000_000921.png
split,train
model,result_0164,0.5550063302366948,0.3430112584254668,-3,299
model,result_0440,0.5578192645727751,0.4346872456272577,4,125
