background,wurzburg_000000_000650.png
split,train
model,result_0080,0.027198376612552422,0.9383591338247534,-1,217
model,result_0857,0.5558459630883467,0.7507258803247193,1,9
model,result_0795,0.31500456844321445,0.7579048630329683,-3,206
