background,duisburg_000000_000494.png
split,train
model,result_0283,0.9314213407365751,0.7270311513026742,4,156
model,result_0968,0.5289003309949792,0.8533333981545392,2,78
