background,freiburg_000000_000515.png
split,train
model,result_0389,0.739411212993482,0.73471656199525,4,227
