background,wurzburg_000000_000497.png
split,train
model,result_0004,0.2515656782850857,0.8244436193540211,-3,190
