background,bayreuth_000000_000522.png
split,train
model,result_0991,0.3465829615060685,0.8408726580092569,2,128
model,result_0373,0.3475188901192301,0.41504219039865575,-4,74
model,result_0191,0.5541549777466364,0.6904596899307074,0,84
