background,tubingen_000141_000019.png
split,train
model,result_0146,0.34763332224436816,0.4345529174244904,4,284
