background,nuremberg_000000_000128.png
split,train
model,result_0674,0.2340959481830276,0.8660445830347234,-2,312
model,result_0146,0.7130860477922268,0.8349887132896714,3,218
model,result_0295,0.12258377940604848,0.5536570140297407,2,188
