background,muhlheim-ruhr_000000_000672.png
split,train
model,result_0882,0.191572423087235,0.9162639044565752,-3,153
model,result_0467,0.3784843205276759,0.4009668520943945,4,315
model,result_0154,0.8893820227578908,0.7086895711108829,4,60
