background,dortmund_000000_000947.png
split,train
model,result_0338,0.4308953847658855,0.5563646388902714,0,227
model,result_0557,0.8283211659795842,0.877637114004038,3,13
model,result_0544,0.5797504160065677,0.9119314590395121,-3,5
