background,muhlheim-ruhr_000000_000505.png
split,train
model,result_0046,0.9362982020954874,0.6565476566777452,4,141
model,result_0389,0.1488445694991557,0.28856308619806026,4,39
model,result_0164,0.9722026587516265,0.41573493476001533,1,106
