background,konstanz_000000_000400.png
split,train
model,result_0332,0.001238014393700304,0.4023072601200721,1,52
model,result_0385,0.03624051595786559,0.27515431958475745,-2,234
