background,nuremberg_000000_000815.png
split,train
model,result_0847,0.9986647544717123,0.3928762893781297,0,33
