background,mannheim_000000_000003.png
split,train
model,result_0992,0.42494856578559637,0.5098652886528645,4,243
model,result_0394,0.13547891022492653,0.30823135451243966,0,164
model,result_0163,0.1562692786238813,0.42942936008116933,-2,56
