background,oberhausen_000000_000222.png
split,train
model,result_0949,0.9136280894417834,0.5610915496806146,3,16
model,result_0324,0.15516179605560987,0.4061125134198873,3,247
model,result_0173,0.8248069952979812,0.9365417372381251,-2,266
