background,konstanz_000000_000901.png
split,train
model,result_0218,0.32539410673450586,0.41942235179496934,4,332
