background,freiburg_000000_000494.png
split,train
model,result_0968,0.42349885467562676,0.5091858873553218,-4,25
