background,freiburg_000000_000786.png
split,train
model,result_0999,0.5235409531966801,0.7798022646930474,2,90
model,result_0510,0.34353483631349313,0.6013352223200391,3,319
