background,heilbronn_000000_000336.png
split,train
model,result_0388,0.9581446761579226,0.48274056224183554,3,360
model,result_0499,0.2166713446018691,0.7194729781703701,-2,178
model,result_0844,0.07822489419644063,0.2547801665761624,0,220
