background,lindau_000048_000019.png
split,train
model,result_0046,0.23179061416483648,0.3063166385245184,-3,90
model,result_0389,0.8454787753060896,0.9013618135648014,-4,105
model,result_0164,0.7066547156317202,0.9098267686335545,2,43
