background,mannheim_000000_000289.png
split,train
model,result_0960,0.4939284011329308,0.3667045465826205,-2,344
model,result_0632,0.4849714098013379,0.5178941364143309,3,250
model,result_0357,0.8303446109172687,0.3028612942671344,-2,286
