background,bamberg_000000_000193.png
split,train
model,result_0192,0.0009981278418520478,0.6414237733768856,-4,24
model,result_0218,0.5981911971724034,0.8772502403842706,3,205
model,result_0694,0.9488060463112619,0.5899262048759579,2,147
