background,stuttgart_000185_000019.png
split,train
model,result_0295,0.8911364769850587,0.4596521321063812,-3,239
model,result_0127,0.16185841421065328,0.3842066192538577,-2,182
model,result_0022,0.9650908629207936,0.3016625740660498,-2,91
