background,dusseldorf_000168_000019.png
split,train
model,result_0082,0.9105828215729795,0.8456502026724924,1,133
model,result_0945,0.81363240877551,0.3784091393805312,3,183
model,result_0612,0.9753537588025416,0.3435490457525901,1,186
