background,wurzburg_000000_000966.png
split,train
model,result_0996,0.32283586556442523,0.8491733157522513,2,123
model,result_0266,0.6902515914670606,0.7745133136033865,3,350
