background,heilbronn_000000_000704.png
split,train
model,result_0367,0.0666243085679269,0.5742416685452414,2,345
