background,dusseldorf_000039_000019.png
split,train
model,result_0199,0.2547443150853086,0.3860533354666184,-1,334
model,result_0060,0.19932656418722705,0.6035201105765025,1,271
