background,freiburg_000000_000131.png
split,train
model,result_0931,0.3786912058646532,0.8236953598106355,-3,76
