background,mannheim_000000_000800.png
split,train
model,result_0542,0.02935771220748218,0.8088109490556077,0,14
model,result_0674,0.18718035977817993,0.49708053426623644,1,85
