background,karlsruhe_000000_000953.png
split,train
model,result_0283,0.9177612104448108,0.6827598914705566,4,30
