background,dusseldorf_000075_000019.png
split,train
model,result_0857,0.0029930823228839776,0.5203654268859939,1,268
