background,stuttgart_000059_000019.png
split,train
model,result_0527,0.12205289421968757,0.7764844256682177,4,322
model,result_0602,0.7136291631324424,0.9333871760812664,-4,36
model,result_0024,0.5804485189260676,0.8628496729022702,-1,145
