background,wurzburg_000000_000695.png
split,train
model,result_0871,0.7746829758358206,0.319786622643422,3,227
model,result_0878,0.39629258969569137,0.8563761325669956,2,124
model,result_0004,0.8764366428094545,0.6646876778040749,-1,8
