background,heilbronn_000000_000518.png
split,train
model,result_0862,0.4214944808797052,0.3399650463977743,-3,296
model,result_0524,0.8718912235593479,0.4568267154875436,1,260
