background,augsburg_000000_000622.png
split,train
model,result_0686,0.45449344285112125,0.3546663633777871,0,304
model,result_0805,0.5033117598678469,0.633692547235171,1,101
model,result_0039,0.7104841638426374,0.8213880194317065,-3,94
