background,mannheim_000000_000013.png
split,train
model,result_0075,0.9975862298399715,0.7722669010778163,0,170
