background,aachen_000159_000019.png
split,train
model,result_0949,0.09094482524099368,0.4396662613674315,-2,112
model,result_0324,0.694299552447427,0.7908127841577411,1,125
model,result_0173,0.7419062313442831,0.8039641941362063,-4,176
