background,konstanz_000000_000980.png
split,train
model,result_0969,0.28559318167377556,0.7964738632273104,1,60
model,result_0793,0.790824498252705,0.43757164231747103,4,115
model,result_0686,0.5548283982674704,0.4450650668832461,-3,20
