background,wurzburg_000000_001563.png
split,train
model,result_0146,0.39665562863165893,0.5893191664650641,-4,16
model,result_0295,0.9571648631992825,0.9858431971319901,-2,293
model,result_0127,0.3850161077239983,0.3655775733582868,-3,328
