background,muhlheim-ruhr_000000_000956.png
split,train
model,result_0862,0.8578016796073376,0.3451566832178598,3,28
