background,monchengladbach_000000_028216.png
split,train
model,result_1000,0.5126407910419704,0.25052538538915087,0,228
model,result_0367,0.34978918847073515,0.5863922644188085,2,157
