background,saarbrucken_000000_000038.png
split,train
model,result_0914,0.5506838150718517,0.35376976233258894,1,124
model,result_0193,0.8749672933182745,0.6110881629771826,3,239
model,result_0036,0.36228365795611683,0.8896113072512533,0,103
