background,wuppertal_000000_000545.png
split,train
model,result_0882,0.6057579989048811,0.922010845463124,-3,38
model,result_0467,0.28462889929124124,0.9149641600781234,-3,280
