background,augsburg_000000_001035.png
split,train
model,result_0060,0.9835768932761375,0.5241000123591539,0,261
model,result_0080,0.3605705091626328,0.768938445518978,4,112
model,result_0857,0.7271075491277549,0.30736783288539726,4,353
