background,schweinfurt_000000_000565.png
split,train
model,result_0127,0.9824825392633353,0.8396968679831136,-4,192
model,result_0022,0.9478802998943489,0.7696677381190249,1,173
