background,duisburg_000000_000393.png
split,train
model,result_1000,0.10319017891635973,0.2529378320785719,4,337
