background,konstanz_000000_001252.png
split,train
model,result_0795,0.9219234692862752,0.3701042507578979,-4,354
