background,oberhausen_000000_000854.png
split,train
model,result_0989,0.12996778308313017,0.8888593313653659,-1,5
model,result_0803,0.4537424898346891,0.4087413255479322,0,93
