background,saarbrucken_000000_000306.png
split,train
model,result_0968,0.22394057354354557,0.9758186911441726,2,110
model,result_0847,0.8636383000938918,0.7656266165288002,-1,249
