background,augsburg_000000_000002.png
split,train
model,result_0022,0.04560944014393664,0.9766832621847538,4,193
model,result_0061,0.31563348788280543,0.2901113294755129,-3,268
model,result_0606,0.9849519539128753,0.36288986290270586,4,194
