background,mannheim_000000_000612.png
split,train
model,result_0266,0.2673225857370082,0.5496635785370203,4,269
model,result_0862,0.8603950982662085,0.6254307144526821,-3,316
model,result_0524,0.31102141347364143,0.8589392158581675,-4,131
