background,wurzburg_000000_000013.png
split,train
model,result_0075,0.9763541150531165,0.5422043847999531,2,232
model,result_0992,0.7727619219136361,0.8255314486334487,-2,280
