background,bayreuth_000000_000818.png
split,train
model,result_0606,0.6524895799295792,0.9272493332890237,1,34
