background,bayreuth_000000_000743.png
split,train
model,result_0803,0.936476416565232,0.4652099244013812,-3,126
model,result_0192,0.08817649681943651,0.9168068123365708,2,30
