background,heilbronn_000000_000600.png
split,train
model,result_0805,0.0019584445370924852,0.7555954477742488,1,9
model,result_0039,0.34073352965153403,0.9276583556899445,-1,284
