background,schweinfurt_000000_000131.png
split,train
model,result_0989,0.30255614779557527,0.38139426273970334,-3,175
model,result_0803,0.6349702062271105,0.8149850315426284,4,178
model,result_0192,0.9866760613812816,0.6787102428064162,2,347
