background,freiburg_000000_000035.png
split,train
model,result_0989,0.39598173641365797,0.8677522502391906,2,334
