background,heilbronn_000000_000519.png
split,train
model,result_0949,0.041370274669468854,0.36416821119084253,0,217
model,result_0324,0.13389755547351134,0.7995104839636844,-4,91
