background,dortmund_000000_000709.png
split,train
model,result_0557,0.5080950381846826,0.906346885053292,-1,320
model,result_0544,0.8866455571315536,0.2907926189273311,-3,243
