background,konstanz_000000_001021.png
split,train
model,result_0499,0.002129196396971955,0.9194583480239688,-1,199
model,result_0844,0.20098526257422278,0.7246878627183255,1,210
