background,schweinfurt_000000_000575.png
split,train
model,result_0036,0.9948078502723696,0.4420769318903447,1,225
model,result_1000,0.901681526019051,0.9418428453611041,2,36
model,result_0367,0.33616173508972325,0.890906516188417,3,185
