background,bayreuth_000000_000454.png
split,train
model,result_0847,0.5288653518706565,0.8570847335933875,3,92
