background,mannheim_000000_000064.png
split,train
model,result_0386,0.4198784597038544,0.7959820263332008,4,15
model,result_0979,0.315045764691124,0.7256103427555401,-3,39
