background,bayreuth_000000_000549.png
split,train
model,result_0775,0.5672004569120833,0.5660654056571022,0,305
model,result_0075,0.39284544472390814,0.5595806217712964,1,53
