background,dortmund_000000_000745.png
split,train
model,result_0154,0.1954733480721237,0.2650968884699742,1,252
