background,nuremberg_000000_001375.png
split,train
model,result_0857,0.42982097599026603,0.5944939481298621,4,5
