background,augsburg_000000_001222.png
split,train
model,result_0075,0.19273163317897968,0.8193972614207521,3,22
model,result_0992,0.7324348321842753,0.8395199225243096,0,318
