background,karlsruhe_000000_000852.png
split,train
model,result_0861,0.5050044117123639,0.8151250227898398,1,254
model,result_0882,0.6027651815430513,0.5768163116725558,-1,239
model,result_0467,0.18739100503131012,0.6858918744449987,0,16
