background,saarbrucken_000000_000290.png
split,train
model,result_0803,0.41101954768988735,0.7627229530760664,-4,8
model,result_0192,0.9901161420689332,0.6604612435243833,1,151
model,result_0218,0.688341950507038,0.5630048617472887,-1,232
