background,bayreuth_000000_000684.png
split,train
model,result_0542,0.22297959201376638,0.5811692733459761,-3,7
model,result_0674,0.48193439274074856,0.26564942577519973,-4,320
model,result_0146,0.5701703689736111,0.8762020887623975,0,270
