background,wurzburg_000000_000274.png
split,train
model,result_0862,0.5900135034920143,0.34098962349622874,-1,47
model,result_0524,0.5649202578405381,0.8497187916068862,-1,223
