background,dortmund_000000_000469.png
split,train
model,result_0199,0.49016708043896173,0.46841899901707734,1,23
model,result_0060,0.5561739681679946,0.9122746632996784,-3,103
