background,saarbrucken_000000_000371.png
split,train
model,result_0562,0.6925229189990063,0.5691116086017508,-1,94
