background,bayreuth_000000_000524.png
split,train
model,result_0163,0.4114466985649202,0.4766975924615008,2,60
model,result_0657,0.40230295407305716,0.8646553679374387,2,330
