background,augsburg_000000_000416.png
split,train
model,result_0983,0.15938678910225734,0.6984354272361508,-3,147
