background,bochum_000000_018195.png
split,train
model,result_0039,0.3222519628429391,0.3462860886799395,4,39
model,result_0386,0.22539732750737673,0.9968967655146862,0,63
