background,mannheim_000000_000904.png
split,train
model,result_0051,0.2296487752628228,0.4003017096534509,0,33
model,result_0739,0.6655273257985881,0.2893526129719548,-4,343
