background,freiburg_000000_000582.png
split,train
model,result_0319,0.0940067486033559,0.8705996257313791,1,307
model,result_0477,0.6225613400492495,0.9517796332631974,3,102
model,result_0949,0.0187645124571878,0.7894478296143195,-2,123
