background,nuremberg_000000_000911.png
split,train
model,result_0051,0.21178372899152953,0.9264858073573621,4,360
