background,freiburg_000000_000094.png
split,train
model,result_0154,0.8631554158421724,0.857818683605356,0,146
