background,bayreuth_000000_000180.png
split,train
model,result_0775,0.8729685231562627,0.290743411312813,4,236
model,result_0075,0.5049845425509294,0.537085429158033,-4,111
