background,nuremberg_000000_000278.png
split,train
model,result_0173,0.045555888521987,0.5352371090743419,0,273
model,result_0751,0.2938838644687648,0.29277695781214463,4,313
