background,bamberg_000000_000377.png
split,train
model,result_0004,0.533521037707853,0.33320076530804266,3,330
model,result_0931,0.787994742459474,0.4366547183115541,-1,312
