background,dusseldorf_000105_000019.png
split,train
model,result_0338,0.4267606236858297,0.9063293687357252,1,116
model,result_0557,0.9082409892917044,0.31504019603866595,-3,337
model,result_0544,0.718210657200628,0.48412205929543284,4,47
