background,freiburg_000000_000142.png
split,train
model,result_0039,0.571344779061432,0.25447542661536954,4,187
