background,wurzburg_000000_000690.png
split,train
model,result_0524,0.39054053566685876,0.9519996141899404,3,314
model,result_0199,0.5344330411076892,0.9265108564658882,-3,97
model,result_0060,0.45998158447166015,0.7105943467248795,-4,308
