background,jena_000011_000019.png
split,train
model,result_0332,0.8678775178665565,0.5169983573407317,2,11
