background,schweinfurt_000000_000028.png
split,train
model,result_0795,0.5200984841730218,0.31087416996628636,0,255
