background,heidelberg_000000_000899.png
split,train
model,result_0822,0.9202530762065438,0.6846016542465849,-2,96
model,result_0855,0.479690406882607,0.6267608247029413,-1,43
model,result_0338,0.7284164470319098,0.7683956414912214,2,162
