background,saarbrucken_000000_000502.png
split,train
model,result_0373,0.972163247291349,0.2659039926599439,0,77
