background,augsburg_000000_000719.png
split,train
model,result_0857,0.3168966914091208,0.7921160112605662,2,50
model,result_0795,0.9334169870192209,0.48743322427161956,-3,48
