background,darmstadt_000073_000019.png
split,train
model,result_0191,0.9616972604987337,0.4289484716599153,3,39
model,result_0775,0.6258477604458678,0.9727457369496825,-2,47
