background,mannheim_000000_000633.png
split,train
model,result_0924,0.37068722754856476,0.5903754871140808,1,154
model,result_0866,0.5149112974491338,0.7437043640696558,-3,41
model,result_0983,0.08409566357785847,0.9462513934257424,3,116
