background,heidelberg_000000_000485.png
split,train
model,result_0562,0.5585711771882977,0.7247898171973851,3,64
