background,frankfurt_000001_071288.png
split,train
model,result_0678,0.9407032043750864,0.815659593201367,-2,9
model,result_0784,0.556256422404644,0.2842010513626809,4,234
model,result_0924,0.9714704636201568,0.9464866396418906,-1,299
