background,dortmund_000000_000720.png
split,train
model,result_0632,0.7329697746887717,0.8318964546681492,1,151
model,result_0357,0.5478648540107866,0.6047604349742736,-3,92
model,result_0046,0.3100322011405682,0.36130952249604126,-1,186
