background,oberhausen_000000_000288.png
split,train
model,result_0367,0.21806108904286348,0.3893897090188073,4,321
model,result_0822,0.2056171668964789,0.4731093391967288,-2,116
