background,heilbronn_000000_000162.png
split,train
model,result_0646,0.38259744039974564,0.6790475786425516,4,9
model,result_0586,0.3693450529741946,0.6222241262864344,-4,258
