background,karlsruhe_000000_000269.png
split,train
model,result_0373,0.5282025279266915,0.5036498430619509,-3,72
model,result_0191,0.36056670708311256,0.643102159883397,-1,325
model,result_0775,0.9081996608194783,0.2791972230600368,-2,239
