background,freiburg_000000_000476.png
split,train
model,result_0477,0.07288741266569498,0.7547759451089978,1,231
