background,konigswinter_000000_000041.png
split,train
model,result_0295,0.6381239106339341,0.7017980669434394,2,302
model,result_0127,0.8068457632420041,0.489335839304901,3,322
model,result_0022,0.9200764376530969,0.8209187438903058,1,185
