background,konstanz_000000_000464.png
split,train
model,result_0510,0.21411681725625675,0.820966948859698,-3,180
