background,muhlheim-ruhr_000000_000310.png
split,train
model,result_0924,0.9840429554482191,0.7175872839918396,3,356
model,result_0866,0.6237622921848734,0.9372983374312661,3,357
