background,nuremberg_000000_001031.png
split,train
model,result_0861,0.08667689577267512,0.5070807594072384,1,83
model,result_0882,0.33984205635112275,0.8887220152255257,-3,261
