background,dusseldorf_000216_000019.png
split,train
model,result_0646,0.20701485904212502,0.32235205858407634,4,340
