background,mannheim_000000_001033.png
split,train
model,result_0154,0.11215418813239242,0.35639047358300113,0,307
model,result_0562,0.8806219485274369,0.3249074121129899,-3,76
