background,bayreuth_000000_000643.png
split,train
model,result_0678,0.07239907275937285,0.4122574034557088,2,291
model,result_0784,0.5707483818197595,0.9456062221039969,-4,252
