background,wurzburg_000000_001227.png
split,train
model,result_0871,0.8526419551378082,0.3233452240415239,2,180
model,result_0878,0.6182408813384538,0.8084417367395951,-3,272
