background,saarbrucken_000000_000035.png
split,train
model,result_0968,0.7642133883042952,0.8674039093801628,4,276
model,result_0847,0.7744840928250378,0.2808841293400337,2,104
