background,freiburg_000000_000713.png
split,train
model,result_0983,0.7352324310178773,0.8465894779373992,1,119
model,result_0996,0.400284497870136,0.48845050918958555,-1,293
