background,troisdorf_000000_000006.png
split,train
model,result_0606,0.3540693535299366,0.9926705236791444,-4,234
model,result_0082,0.7620013008475113,0.8147401789838933,-2,232
model,result_0945,0.23430397362523891,0.5014460030228672,-4,73
