background,strasbourg_000000_012070.png
split,train
model,result_0878,0.3187308069333602,0.2884380580917753,-2,216
model,result_0004,0.5841270160037989,0.4692980123027606,0,64
