background,tubingen_000134_000019.png
split,train
model,result_0499,0.23554503585359354,0.9371610902763974,4,37
