background,hamburg_000000_001613.png
split,train
model,result_0795,0.024726115399966497,0.7122990707899503,-4,225
