background,dortmund_000000_000580.png
split,train
model,result_0163,0.6874775594772371,0.656618900335736,-4,230
model,result_0657,0.1540298335473248,0.42363408360312454,-4,60
model,result_0914,0.5217183586215585,0.2851970881370692,4,222
