background,nuremberg_000000_001431.png
split,train
model,result_0388,0.2565907970965664,0.3142938555749673,-1,228
model,result_0499,0.9019633712492612,0.9392212899617838,-3,61
model,result_0844,0.06707696463266632,0.5599482996642728,-1,263
