background,wuppertal_000000_000793.png
split,train
model,result_0510,0.6830284993597657,0.8809699114383664,-4,161
model,result_0328,0.9832662451990802,0.5723269139956177,-1,82
model,result_0879,0.573706185438669,0.3363918796221352,0,30
