background,schweinfurt_000000_000174.png
split,train
model,result_0871,0.6059006764776126,0.8025060744021832,0,340
