background,oberhausen_000000_000185.png
split,train
model,result_0082,0.7267201543809669,0.9115178153361563,-3,235
model,result_0945,0.4005131742664554,0.5061885487354151,0,212
