background,oberhausen_000000_000019.png
split,train
model,result_0199,0.8118306109067868,0.7898935067078388,-2,129
