background,mannheim_000000_000031.png
split,train
model,result_0239,0.10514606391026526,0.3378514524544625,1,98
model,result_0051,0.23290297256029602,0.2598288694886898,-4,244
