background,wuppertal_000000_000917.png
split,train
model,result_0367,0.19502184951819823,0.7980415077999435,2,145
model,result_0822,0.07251515339357062,0.8718451379752579,-4,195
