background,augsburg_000000_000628.png
split,train
model,result_0996,0.7934999477790203,0.9060165480221963,-1,254
