background,oberhausen_000000_000196.png
split,train
model,result_0295,0.3044439988564377,0.9731337016374506,-4,321
model,result_0127,0.3142679839721164,0.26126595281017595,-2,54
model,result_0022,0.837692296841858,0.6288963628702091,-4,261
