background,jena_000069_000019.png
split,train
model,result_0751,0.5882499768766417,0.3242606209020502,-2,342
model,result_0678,0.728016978910068,0.8128469445207798,1,123
model,result_0784,0.3178892824458994,0.920884949995841,4,265
