background,muhlheim-ruhr_000000_000741.png
split,train
model,result_0805,0.9431543992100155,0.7541849757341685,0,301
