background,augsburg_000000_001202.png
split,train
model,result_0991,0.17020545148756194,0.8342675584502689,2,33
model,result_0373,0.22414355590008717,0.3886428939481063,-1,195
