background,troisdorf_000000_000119.png
split,train
model,result_0968,0.2244218211038973,0.49092718140358854,4,348
model,result_0847,0.5768562291629042,0.7722107666608417,0,260
model,result_0646,0.10690311479564552,0.8237937613209464,-4,99
