background,nuremberg_000000_000912.png
split,train
model,result_0861,0.010702205954440602,0.4126956315745324,-3,194
