background,oberhausen_000000_000221.png
split,train
model,result_0080,0.9174409704890144,0.8380970573033816,-2,350
model,result_0857,0.20322286637292164,0.5202693848374695,-2,141
model,result_0795,0.5754902768836605,0.644314564771969,3,116
