background,stuttgart_000054_000019.png
split,train
model,result_0844,0.5400088872751886,0.6643458160999567,1,152
