background,muhlheim-ruhr_000000_001118.png
split,train
model,result_0822,0.3790350200042202,0.8884674754164285,3,105
