background,muhlheim-ruhr_000000_000285.png
split,train
model,result_0751,0.3046636330029062,0.6779810504719846,0,276
