background,wurzburg_000000_000903.png
split,train
model,result_0882,0.7772263996718572,0.639906382572162,3,277
