background,oberhausen_000000_000352.png
split,train
model,result_0945,0.6017081455189842,0.9126710578491706,-4,18
model,result_0612,0.4128481046763055,0.41664183773618346,4,90
