background,mannheim_000000_000546.png
split,train
model,result_0373,0.0047316661102425606,0.9991308367334033,1,257
model,result_0191,0.8338410548510193,0.9076064486838865,2,55
model,result_0775,0.8657847750603664,0.5179973840870804,-2,320
