background,muhlheim-ruhr_000000_000992.png
split,train
model,result_0484,0.1281218961424957,0.2849835372326503,-1,238
model,result_0861,0.4954494378316875,0.27773394473402124,3,346
model,result_0882,0.020948136447748622,0.3551772651541493,-2,112
