background,duisburg_000000_000783.png
split,train
model,result_0562,0.3253843683498645,0.730895146184972,1,142
