background,augsburg_000000_000575.png
split,train
model,result_0173,0.6026468515908813,0.9031793540144374,0,8
model,result_0751,0.9828875034333191,0.7486200709107393,-4,251
model,result_0678,0.11803123524653347,0.2676829011386138,3,125
