background,wuppertal_000000_000224.png
split,train
model,result_0146,0.17001869285599502,0.6498138034999624,3,85
model,result_0295,0.6456805976053941,0.3252623914899953,0,240
model,result_0127,0.8910035370934277,0.4261054187717235,2,82
