background,nuremberg_000000_001327.png
split,train
model,result_0969,0.07984334392532177,0.5585560945542157,1,59
