background,schweinfurt_000000_000688.png
split,train
model,result_0123,0.5765084417992626,0.4179714467386465,-3,268
model,result_0472,0.5610884104168175,0.26729907866826136,3,261
model,result_0981,0.8941367367770168,0.9774742549543237,-3,270
