background,karlsruhe_000000_000196.png
split,train
model,result_0394,0.43805416909742956,0.7559851338341164,0,163
