background,konstanz_000000_001165.png
split,train
model,result_0646,0.08014917032730817,0.5482941750703001,-1,296
model,result_0586,0.7878519525875716,0.5159176756423447,-2,126
model,result_0989,0.8702870488920355,0.6234098719880784,0,7
