background,nuremberg_000000_001010.png
split,train
model,result_0992,0.01874761244022971,0.7829467794545214,0,329
model,result_0394,0.8678261541363327,0.2573671083541039,-1,315
