background,schweinfurt_000000_000244.png
split,train
model,result_0075,0.3920437164683134,0.5676181862087912,1,54
model,result_0992,0.5750854136492044,0.3225443654302514,4,44
model,result_0394,0.7526039920367374,0.5921616949072397,-3,104
