background,wuppertal_000000_000786.png
split,train
model,result_0586,0.4436701691915089,0.6668434995048761,-2,122
