background,muhlheim-ruhr_000000_001162.png
split,train
model,result_0127,0.3546673434766553,0.8715371812649392,-4,321
