background,mannheim_000000_000065.png
split,train
model,result_0602,0.00599786653027512,0.5392740474321259,-2,42
model,result_0024,0.7445019868456796,0.4011242472488441,0,202
