background,konstanz_000000_000397.png
split,train
model,result_0075,0.07036387450291925,0.4236918795504403,-2,91
model,result_0992,0.9508220574496155,0.9993600428898022,0,28
model,result_0394,0.8975025154737316,0.5635323533458244,4,207
