background,bamberg_000000_000191.png
split,train
model,result_0882,0.5281589505995562,0.2656249734565074,0,198
model,result_0467,0.1990720001129762,0.8064523260105946,-2,292
