background,heilbronn_000000_000473.png
split,train
model,result_0036,0.10394904224635482,0.48435534960328996,1,156
model,result_1000,0.04235473891922237,0.6939930146501974,3,7
