background,augsburg_000000_000983.png
split,train
model,result_0989,0.1701055513337888,0.42213887602861533,1,247
model,result_0803,0.34107906966244805,0.2927568126369705,-2,82
