background,konstanz_000000_001134.png
split,train
model,result_0784,0.9040115095312969,0.9859195208707066,1,128
model,result_0924,0.6740971405837758,0.2653362329680342,0,287
