background,muhlheim-ruhr_000000_000768.png
split,train
model,result_0960,0.8155673005059854,0.534039349063006,-3,329
