background,freiburg_000000_000363.png
split,train
model,result_0338,0.7159313431246724,0.9414949291446284,4,124
model,result_0557,0.7083702382252582,0.3144305623265573,-4,231
