background,bayreuth_000000_000635.png
split,train
model,result_0004,0.39664522267069635,0.38614564277059227,4,266
