background,muhlheim-ruhr_000000_001079.png
split,train
model,result_0931,0.27234796634455605,0.6559492001637833,4,253
model,result_0123,0.5628169402196671,0.47077970490669707,-3,353
model,result_0472,0.045867311942784705,0.9048683648400224,-4,134
