background,duisburg_000000_000743.png
split,train
model,result_0562,0.5034465763566106,0.42733265253186264,0,40
model,result_0215,0.7423414026239737,0.6015206536602695,2,75
