background,karlsruhe_000000_000355.png
split,train
model,result_0385,0.7955522976278168,0.84974799327561,-2,343
model,result_0991,0.22806698311410833,0.49964799214013134,-1,322
