background,oberhausen_000000_000446.png
split,train
model,result_0199,0.03329002978920381,0.6620076765751717,0,131
model,result_0060,0.4492124799499032,0.9589991791251986,-3,228
