background,dortmund_000000_000305.png
split,train
model,result_0646,0.27715154493216365,0.7262112475160687,2,356
model,result_0586,0.6040023244929155,0.6371853162298564,-2,241
