background,wurzburg_000000_001063.png
split,train
model,result_0632,0.8201968999515493,0.6995916201300941,1,165
model,result_0357,0.3886909681511376,0.295919363305656,-3,297
model,result_0046,0.12980450568845292,0.7266655040730096,-1,196
