background,duisburg_000000_000718.png
split,train
model,result_0164,0.043088713391885025,0.3489356295054764,-1,98
model,result_0440,0.8633730057911005,0.44043682876647433,2,64
model,result_0484,0.9179488850866687,0.7874849397852182,4,89
