background,bayreuth_000000_000765.png
split,train
model,result_0332,0.19891030271719434,0.5153936991090139,4,320
model,result_0385,0.6474717005486977,0.2628963638866765,3,121
model,result_0991,0.14083927810232122,0.4588098338691452,1,156
