background,dortmund_000000_000141.png
split,train
model,result_0061,0.7924340121543519,0.6617237262095857,1,358
