background,konstanz_000000_000948.png
split,train
model,result_0266,0.6371432169777822,0.46849137258465123,0,316
