background,bamberg_000000_000382.png
split,train
model,result_0646,0.748873072785165,0.8472625929944299,4,254
model,result_0586,0.7596798329742739,0.27666301717221775,2,63
model,result_0989,0.8894688067506493,0.9663394723633375,-4,134
