background,dresden_000000_000011.png
split,train
model,result_0945,0.6279367538815143,0.4906164504284608,4,128
model,result_0612,0.22122704156853645,0.25560312971453947,-2,217
model,result_0283,0.025151659915611635,0.7726628295209163,1,359
