background,dortmund_000000_000451.png
split,train
model,result_0586,0.7955104411995738,0.4561756747906523,-3,257
model,result_0989,0.6655499183994593,0.7409016687887564,-3,316
