background,oberhausen_000000_000401.png
split,train
model,result_0544,0.917782154485639,0.8708469808959011,2,222
