background,wurzburg_000000_001348.png
split,train
model,result_0795,0.2797758504096609,0.782764576048048,-3,51
model,result_0388,0.8593920256584429,0.9660608147883182,-1,21
