background,karlsruhe_000000_000690.png
split,train
model,result_0193,0.7877156558882692,0.8270178074644426,4,187
model,result_0036,0.4129001990347584,0.6202044163106579,1,243
model,result_1000,0.28751472549562807,0.5863638877071636,3,185
