background,nuremberg_000000_000704.png
split,train
model,result_0924,0.17556302476158137,0.9701505002134864,0,59
model,result_0866,0.3901162984214297,0.44976405212542947,-2,277
