background,stuttgart_000052_000019.png
split,train
model,result_0022,0.14309756804341767,0.49361843476646616,-1,315
model,result_0061,0.9526572906501386,0.8466794163471103,2,104
