background,dortmund_000000_000010.png
split,train
model,result_0192,0.6691670438125437,0.7564904693336428,-1,269
model,result_0218,0.150632454017671,0.9412768178328714,-1,8
model,result_0694,0.5621626100344942,0.36532756806564876,2,107
