background,heidelberg_000000_000973.png
split,train
model,result_0949,0.9948300681666489,0.8866334208536201,-1,248
