background,oberhausen_000000_000594.png
split,train
model,result_0163,0.9112057945981072,0.5296897776669676,3,236
