background,wurzburg_000000_000622.png
split,train
model,result_0739,0.6558629444508036,0.891100974196888,1,244
