background,bamberg_000000_000097.png
split,train
model,result_0844,0.8584528838538179,0.749629112787712,4,178
