background,muhlheim-ruhr_000000_001112.png
split,train
model,result_0686,0.986880876604466,0.725148373992753,-4,248
model,result_0805,0.11093350335541385,0.8021596514850923,-4,63
model,result_0039,0.9929907054931821,0.38872485312179345,1,211
