background,konstanz_000000_001205.png
split,train
model,result_0389,0.5502136099501539,0.47946239397352874,-4,94
model,result_0164,0.7367512154181983,0.40061453925667684,3,39
