background,dresden_000000_000143.png
split,train
model,result_0983,0.5164976843817591,0.7033754321667238,3,243
