background,karlsruhe_000000_000541.png
split,train
model,result_0674,0.7589314819832172,0.7583114028062614,-1,321
model,result_0146,0.7307826884887241,0.2530545615300122,1,15
model,result_0295,0.08880584085156884,0.5959238936801808,4,199
