background,bremen_000250_000019.png
split,train
model,result_0075,0.3505025932694804,0.9023254196642564,-1,324
