background,oberhausen_000000_000664.png
split,train
model,result_0524,0.8141463816347698,0.4486735217291262,-2,334
model,result_0199,0.9782288230613732,0.6969568726083619,-2,149
