background,saarbrucken_000000_000345.png
split,train
model,result_0004,0.2970285967175311,0.9398246579136744,-2,33
