background,nuremberg_000000_000053.png
split,train
model,result_0388,0.9040048080763969,0.9554596303244054,-3,231
