background,konstanz_000000_000064.png
split,train
model,result_0193,0.35206413571418016,0.6941415508361958,2,288
