background,oberhausen_000000_000594.png
split,train
model,result_0266,0.13569749221428973,0.2945851887865887,3,289
