background,saarbrucken_000000_000386.png
split,train
model,result_0844,0.3525692560599053,0.4976278204897304,-2,210
model,result_0995,0.8252399802286371,0.9347775987238778,-1,268
