background,augsburg_000000_001234.png
split,train
model,result_0510,0.721440405198392,0.3824697548616834,0,292
model,result_0328,0.7806216840646771,0.8348734301723337,3,73
