background,wurzburg_000000_001271.png
split,train
model,result_0051,0.5815501874453604,0.7560816628570084,3,221
model,result_0739,0.07210379888125329,0.8375839114072294,-4,33
model,result_0960,0.41563073495905045,0.7190374522778917,-3,218
