background,bayreuth_000000_000673.png
split,train
model,result_0674,0.40162624592318785,0.916589878627178,-2,34
model,result_0146,0.6992394638869776,0.7538430879543702,0,40
model,result_0295,0.3124655522103803,0.5646433297138078,-3,176
