background,schweinfurt_000000_000707.png
split,train
model,result_0332,0.25776447707342376,0.25008829969007496,2,301
model,result_0385,0.1246033393351158,0.9337474815870563,-1,224
model,result_0991,0.2867107203107644,0.6132442738719347,0,262
