background,karlsruhe_000000_000755.png
split,train
model,result_0784,0.2026273025840295,0.7875207546513752,3,80
