background,nuremberg_000000_000437.png
split,train
model,result_0995,0.2710344164521433,0.7998090126196967,0,357
