background,heidelberg_000000_000544.png
split,train
model,result_0039,0.914238120944327,0.7958627245191658,1,170
model,result_0386,0.5108090915350119,0.42558958379698886,4,78
model,result_0979,0.6076738440586346,0.5949896684917029,4,96
