background,karlsruhe_000000_000707.png
split,train
model,result_0678,0.7257346759371182,0.6111018243672226,3,281
