background,bamberg_000000_000152.png
split,train
model,result_0173,0.4429845645645015,0.9626568986116619,4,225
model,result_0751,0.672040516714022,0.9533539690506194,-2,303
model,result_0678,0.5534774928992392,0.6738162169240962,-2,229
