background,karlsruhe_000000_000763.png
split,train
model,result_0060,0.24622673294072062,0.3978174681032093,-1,355
