background,bayreuth_000000_000455.png
split,train
model,result_0805,0.4359997844167438,0.43419471229152884,-4,80
model,result_0039,0.7460689162184846,0.2785892684935367,0,35
