background,heidelberg_000000_000017.png
split,train
model,result_0154,0.49707145675406983,0.9740376422956597,-1,138
model,result_0562,0.6896500679649404,0.8887769301371519,2,326
