background,heilbronn_000000_000522.png
split,train
model,result_0039,0.7909200411847636,0.3737900777990638,-3,282
