background,aachen_000151_000019.png
split,train
model,result_0751,0.0029330158396344563,0.7196259852946466,1,65
model,result_0678,0.30787457055118017,0.45764110430703836,-4,11
