background,lindau_000056_000019.png
split,train
model,result_0606,0.05756944740925485,0.6375567144130488,-1,276
model,result_0082,0.10705224923956302,0.8021132955178892,-2,68
