background,muhlheim-ruhr_000000_001101.png
split,train
model,result_0036,0.2906806068228812,0.8425682170942784,4,65
model,result_1000,0.7756780886598235,0.32145937434490734,4,23
