background,augsburg_000000_000078.png
split,train
model,result_0477,0.3555753336099585,0.8292490449324905,-4,319
model,result_0949,0.0847970549706124,0.9148118563525403,4,183
