background,bayreuth_000000_000376.png
split,train
model,result_0999,0.23284917753485357,0.795367276103352,1,235
