background,karlsruhe_000000_000192.png
split,train
model,result_0878,0.27157936555518136,0.9421816165269843,2,65
model,result_0004,0.49852021267623936,0.8956543187654207,-1,217
