background,mannheim_000000_000750.png
split,train
model,result_0386,0.3850089178215277,0.33887425093967705,2,357
model,result_0979,0.8716805340709534,0.4068400842598702,-4,231
