background,karlsruhe_000000_000772.png
split,train
model,result_0847,0.43228832618554003,0.928786536112212,4,186
