background,bochum_000000_027057.png
split,train
model,result_0338,0.1229574053399557,0.5408512092528802,2,269
model,result_0557,0.603945090648085,0.4547340441290779,0,254
model,result_0544,0.7240581253877626,0.9379164374181819,2,239
