background,karlsruhe_000000_000755.png
split,train
model,result_0510,0.28502168404574235,0.5459784522352059,2,14
