background,dusseldorf_000103_000019.png
split,train
model,result_0239,0.7553444749911413,0.2507282165901438,4,326
model,result_0051,0.4849411382266736,0.5585111017388931,1,278
