background,monchengladbach_000000_012376.png
split,train
model,result_0914,0.8151765462493634,0.6939224643295065,1,357
model,result_0193,0.9797613440185792,0.6225369232183326,3,15
model,result_0036,0.18808397071441385,0.8561529665902234,0,3
