background,karlsruhe_000000_000313.png
split,train
model,result_0775,0.3855336490300004,0.43838368173554043,0,102
