background,schweinfurt_000000_000198.png
split,train
model,result_0882,0.6802371983378508,0.6327356239462305,0,88
model,result_0467,0.9159125349399799,0.8162582976971443,2,289
model,result_0154,0.2525971551920745,0.4212652118266915,-4,331
