background,erlangen_000000_000135.png
split,train
model,result_0239,0.8617299675426733,0.3127516688510732,-3,35
