background,duisburg_000000_000127.png
split,train
model,result_0524,0.07111759295556841,0.8143858568376212,2,60
