background,wuppertal_000000_000505.png
split,train
model,result_0991,0.5610446652129041,0.9902160875789585,-3,198
model,result_0373,0.35748913085794976,0.45985463399250376,4,141
model,result_0191,0.9744866545053392,0.707826233537463,0,90
