background,heidelberg_000000_000871.png
split,train
model,result_0931,0.4564198401791715,0.5430124164879904,1,9
model,result_0123,0.31157044439393644,0.4070071735100348,4,231
model,result_0472,0.24196688173213687,0.5624100470688636,3,125
