background,saarbrucken_000000_000132.png
split,train
model,result_0123,0.6762141431905685,0.9161360671775297,3,94
model,result_0472,0.26809122309276967,0.4536503517728522,4,151
