background,konstanz_000000_000831.png
split,train
model,result_0866,0.11561964554097215,0.7480460198094587,-3,342
model,result_0983,0.15694083649060253,0.2578550999964955,4,346
