background,muhlheim-ruhr_000000_000270.png
split,train
model,result_0080,0.3858088989592412,0.7530112314087712,2,73
model,result_0857,0.2904626972887945,0.44954888117258474,-2,171
