background,dortmund_000000_000287.png
split,train
model,result_0373,0.0945725195026974,0.6591287592363912,2,358
model,result_0191,0.49948090333940487,0.7639317277055805,-3,109
model,result_0775,0.4998564214750457,0.9410258544339102,-1,352
