background,duisburg_000000_000426.png
split,train
model,result_0388,0.9375484559497479,0.4521607125263329,-1,247
model,result_0499,0.20746746734367627,0.6120053144806695,0,183
model,result_0844,0.37111395199474684,0.3797942588885233,2,129
