background,heidelberg_000000_000712.png
split,train
model,result_0739,0.29988316148816296,0.6859721387783829,-2,318
