background,heidelberg_000000_000836.png
split,train
model,result_0969,0.7183118183731585,0.6203344183968109,3,215
model,result_0793,0.21225862835686993,0.6823035707369648,3,65
model,result_0686,0.0591567440111499,0.6657026724862376,2,39
