background,muhlheim-ruhr_000000_000940.png
split,train
model,result_0051,0.5280620889039939,0.49818349029001574,4,56
model,result_0739,0.7856175089117237,0.6174938299770405,-1,310
model,result_0960,0.7617021257735068,0.7190831858835451,4,103
