background,mannheim_000000_000041.png
split,train
model,result_0046,0.01839701659571158,0.6701621836595002,-1,277
model,result_0389,0.7226886304225317,0.8657909024583825,1,37
