background,dortmund_000000_000374.png
split,train
model,result_0960,0.22098065855379379,0.8473738212777666,2,186
model,result_0632,0.7887721068978988,0.259250633029697,-1,340
