background,nuremberg_000000_000075.png
split,train
model,result_0606,0.5353369789752928,0.359960987019608,0,174
