background,augsburg_000000_000093.png
split,train
model,result_0686,0.4953051734734343,0.8926083787967918,-3,100
model,result_0805,0.3930054545122217,0.7732130604224389,0,311
model,result_0039,0.05727135055350885,0.2918092569044073,2,256
