background,heilbronn_000000_000224.png
split,train
model,result_0805,0.06732697218113193,0.5142745285596282,1,354
model,result_0039,0.2570199721678206,0.3158563989642921,-4,56
model,result_0386,0.44650631002748464,0.3230724344247876,4,48
