background,bayreuth_000000_000588.png
split,train
model,result_0784,0.5128232689793467,0.8991106533373399,-2,315
model,result_0924,0.27815693235033834,0.8084027739542854,0,136
