background,bayreuth_000000_000583.png
split,train
model,result_0082,0.6732756324658594,0.9832538323233859,-3,279
