background,zurich_000092_000019.png
split,train
model,result_0247,0.10934420583096538,0.38233157316743377,-1,227
model,result_0239,0.4566551725214588,0.7278504133297921,-1,114
model,result_0051,0.5044788981040155,0.7245059891086089,0,293
