background,mannheim_000000_000611.png
split,train
model,result_0394,0.8319539692542723,0.6908174587868905,-2,334
