background,schweinfurt_000000_000233.png
split,train
model,result_0046,0.5342508916662577,0.9001534725136868,0,98
model,result_0389,0.1579755663318445,0.2871808840771193,-4,310
model,result_0164,0.8917588027605294,0.869225129389718,0,68
