background,wurzburg_000000_000455.png
split,train
model,result_1000,0.6512563422381388,0.7704191547087869,3,309
model,result_0367,0.41746443747730433,0.8364443973499949,-4,249
model,result_0822,0.38343475597424015,0.6670936312319107,2,16
