background,wurzburg_000000_000085.png
split,train
model,result_0805,0.6243681888437022,0.8893886055180481,1,339
model,result_0039,0.06336841983297026,0.3533025094805185,4,262
