background,wuppertal_000000_000719.png
split,train
model,result_0991,0.20519265859531144,0.4146015118733498,4,170
model,result_0373,0.3417198306964615,0.3711867863918801,0,197
model,result_0191,0.5412868582888407,0.8344439865196065,0,162
