background,mannheim_000000_001108.png
split,train
model,result_0385,0.0783756191534365,0.6786823722099806,4,227
model,result_0991,0.7802310382973316,0.844882168965208,-1,60
