background,bamberg_000000_000190.png
split,train
model,result_0075,0.34892909456642784,0.30655176207380713,-1,119
