background,bremen_000209_000019.png
split,train
model,result_0857,0.34443522679151417,0.6363799539426002,1,208
model,result_0795,0.7352779981032761,0.5393143547925425,3,175
model,result_0388,0.17619940486867458,0.41564255219994906,3,101
