background,wuppertal_000000_000378.png
split,train
model,result_0739,0.4940191527667752,0.3935103837519235,3,104
model,result_0960,0.32589527919946704,0.5890669674412294,4,351
