background,wurzburg_000000_000958.png
split,train
model,result_0857,0.05272976842444854,0.6403417419308188,-4,274
model,result_0795,0.17199599596735005,0.6623618517884314,3,77
model,result_0388,0.002246948481169686,0.4988823719735362,2,261
