background,wurzburg_000000_000826.png
split,train
model,result_0386,0.5243696357097141,0.7826349432320825,0,352
