background,freiburg_000000_000279.png
split,train
model,result_0857,0.739324969379813,0.7317917622241368,-4,359
model,result_0795,0.8435118026904506,0.2621268957140306,1,199
