background,wurzburg_000000_000623.png
split,train
model,result_0739,0.4796872954191641,0.29667950676502836,4,229
