background,konstanz_000000_000543.png
split,train
model,result_0632,0.8054494201492897,0.4537421320954485,1,139
model,result_0357,0.9785858356357311,0.5000440386660964,1,103
