background,augsburg_000000_001466.png
split,train
model,result_0247,0.3222639342931416,0.4795121199043513,-4,61
model,result_0239,0.6836995971565543,0.9375158069188504,4,331
