background,dortmund_000000_000492.png
split,train
model,result_0215,0.6543516463924801,0.6224196026999119,-4,244
