background,muhlheim-ruhr_000000_000774.png
split,train
model,result_0686,0.4380772063839067,0.8148954158140052,3,310
