background,mannheim_000000_000910.png
split,train
model,result_0606,0.46488662529287417,0.4434281832710358,4,339
model,result_0082,0.5054557262366611,0.8118776055787588,-2,312
model,result_0945,0.7973212950090264,0.6189458230593639,-4,8
