background,wuppertal_000000_001029.png
split,train
model,result_0215,0.299500569232944,0.7459372859367246,-1,111
