background,augsburg_000000_000362.png
split,train
model,result_0989,0.6288899355980415,0.2986508293276174,-3,263
