background,wurzburg_000000_000367.png
split,train
model,result_0751,0.8650200652220721,0.5967598655323489,-4,137
model,result_0678,0.997894316157883,0.37721373954749055,1,227
