background,dusseldorf_000148_000019.png
split,train
model,result_0784,0.33753342841824263,0.6226868034283899,0,332
model,result_0924,0.9005966693127875,0.4558739323433483,2,218
model,result_0866,0.9238940921451412,0.8522822858917759,2,195
