background,hanover_000000_004646.png
split,train
model,result_0385,0.5139536133292011,0.9959412291865187,0,240
model,result_0991,0.5679241541585791,0.45724571684561616,3,61
