background,erfurt_000029_000019.png
split,train
model,result_1000,0.6386352739041359,0.6715588472472611,-2,150
model,result_0367,0.17400551225085692,0.2712934523927336,3,213
model,result_0822,0.6932241853146932,0.2765225649531353,-3,81
