background,karlsruhe_000000_000556.png
split,train
model,result_0805,0.3521345722002829,0.5028899285064359,-2,180
model,result_0039,0.8185930493418698,0.8087267503537537,-4,78
