background,wuppertal_000000_000301.png
split,train
model,result_0247,0.47479109919955487,0.5386383255518505,-3,109
model,result_0239,0.4556470683236893,0.7569089740095252,-2,72
