background,augsburg_000000_000259.png
split,train
model,result_0295,0.39249533811950477,0.833124496163447,4,6
model,result_0127,0.4179200985980164,0.4269943768899761,2,334
