background,strasbourg_000001_022560.png
split,train
model,result_0477,0.7219649257080661,0.9666635257291395,-4,80
model,result_0949,0.6813194993206118,0.8677244507759366,-4,184
model,result_0324,0.9828354423107539,0.932806780503024,1,142
