background,heilbronn_000000_000553.png
split,train
model,result_0991,0.5261985071051775,0.770336722974571,-3,349
model,result_0373,0.23077327011953785,0.7728611912879009,2,298
