background,heilbronn_000000_000505.png
split,train
model,result_0562,0.37476865369861434,0.2598110972275697,3,279
model,result_0215,0.89712298327774,0.9532540482804263,2,266
model,result_0332,0.6094556638759263,0.6553382589820931,-2,320
