background,muhlheim-ruhr_000000_000780.png
split,train
model,result_0193,0.20663884096360308,0.4275277637737075,3,289
model,result_0036,0.6282923994975522,0.4972769348439861,4,14
