background,dortmund_000000_000630.png
split,train
model,result_0562,0.40685859830684346,0.7675825641091437,2,114
model,result_0215,0.15275109042441337,0.3366792014465984,3,75
