background,konstanz_000000_001177.png
split,train
model,result_0477,0.5600969533237652,0.5011206864231569,1,281
model,result_0949,0.09900426374483418,0.9380400239765975,-2,291
