background,schweinfurt_000000_000663.png
split,train
model,result_0945,0.9117493491008778,0.751653199144757,-3,130
model,result_0612,0.25459874149546624,0.7917059426041254,4,123
