background,heilbronn_000000_000337.png
split,train
model,result_0199,0.8424327509008854,0.3600219674543237,1,244
model,result_0060,0.5360787162750266,0.48836341671221783,-3,134
