background,dusseldorf_000109_000019.png
split,train
model,result_0524,0.967542911166394,0.7022264982342306,3,11
