background,wuppertal_000000_000405.png
split,train
model,result_0981,0.9650091728634561,0.4801634840907288,4,174
model,result_0527,0.09026893311545414,0.9644114687283425,3,174
model,result_0602,0.06606694836721994,0.36071250724085346,-2,287
