background,nuremberg_000000_000963.png
split,train
model,result_0440,0.5664378159879214,0.9071082667678544,3,89
