background,heilbronn_000000_000245.png
split,train
model,result_0996,0.7238174232220335,0.49232299184450445,0,350
model,result_0266,0.73890490660231,0.9857235095000327,-4,16
model,result_0862,0.1404894229322443,0.30969834685566083,4,140
