background,wuppertal_000000_000229.png
split,train
model,result_0945,0.29557632902162634,0.3620040945473043,-2,229
model,result_0612,0.5444593532730281,0.5918329288920916,0,342
