background,saarbrucken_000000_000472.png
split,train
model,result_0239,0.06389442373373888,0.9364818748193409,1,99
model,result_0051,0.19919771776551498,0.4636071575258238,4,162
model,result_0739,0.8915016156832958,0.7829786374210046,-4,174
