background,karlsruhe_000000_000384.png
split,train
model,result_0328,0.013539976559341582,0.3878690689510865,-2,134
model,result_0879,0.8327641766185171,0.4716056301956455,1,278
