background,karlsruhe_000000_000103.png
split,train
model,result_0146,0.6104935735245235,0.8822776034728084,0,206
model,result_0295,0.6837302338482871,0.3525125625542873,4,162
