background,muhlheim-ruhr_000000_000118.png
split,train
model,result_0931,0.5555290294538142,0.5435789593132089,2,220
model,result_0123,0.8066278711175391,0.849058734315562,0,31
