background,muhlheim-ruhr_000000_000278.png
split,train
model,result_0949,0.7206139417825425,0.5025842543052416,-3,68
