background,muhlheim-ruhr_000000_000191.png
split,train
model,result_0544,0.4682882738611436,0.4367471371714571,4,178
model,result_0999,0.9542944937195346,0.5785595659553013,3,86
model,result_0510,0.8503546038642104,0.6096202065335142,-3,91
