background,muhlheim-ruhr_000000_000527.png
split,train
model,result_0989,0.18613920824219488,0.3080878524832389,0,273
model,result_0803,0.45867155294201256,0.9067410363030788,1,192
