background,erfurt_000013_000019.png
split,train
model,result_0215,0.8690408111466524,0.7657537007136155,-1,57
