background,karlsruhe_000000_000066.png
split,train
model,result_0803,0.33906317428885935,0.7127629650331825,4,357
