background,konstanz_000000_001358.png
split,train
model,result_0215,0.6589519807996559,0.5762556967069481,1,328
