background,dortmund_000000_000799.png
split,train
model,result_0989,0.9796528831242869,0.9332253133860292,-1,214
