background,wurzburg_000000_000290.png
split,train
model,result_0795,0.4019408527194256,0.7144347128063798,4,222
model,result_0388,0.7022316843551604,0.9935102652849026,0,329
model,result_0499,0.8709205509500754,0.5218374471218746,4,223
