background,augsburg_000000_000141.png
split,train
model,result_0999,0.25810211098800084,0.33780124810688694,-2,331
model,result_0510,0.7818580730976802,0.6543582313337408,2,306
model,result_0328,0.4927222538221345,0.33418281006321715,-3,117
