background,freiburg_000000_000123.png
split,train
model,result_0678,0.8690325091148922,0.889625746760792,4,229
model,result_0784,0.913436003134745,0.7899819344282761,-4,341
