background,freiburg_000000_000657.png
split,train
model,result_0039,0.44068076739249606,0.7330406627737924,3,277
model,result_0386,0.89135462567219,0.6266026419401194,4,335
