background,augsburg_000000_000844.png
split,train
model,result_0805,0.5577714823764813,0.721716898348826,-2,296
