background,oberhausen_000000_000774.png
split,train
model,result_0477,0.0028950221823236255,0.5033062009417878,-3,143
model,result_0949,0.8997267938561732,0.38701396118232445,1,316
model,result_0324,0.35504153930238536,0.6522889045212531,1,257
