background,schweinfurt_000000_000127.png
split,train
model,result_0080,0.6300719369590281,0.866743988391156,0,41
