background,muhlheim-ruhr_000000_000398.png
split,train
model,result_0477,0.2396033196699956,0.5669804279053487,-3,144
