background,muhlheim-ruhr_000000_000091.png
split,train
model,result_0784,0.41562536754933344,0.35870218892517924,0,16
