background,konstanz_000000_001235.png
split,train
model,result_0686,0.5677413311994329,0.8264646050786201,-2,336
