background,konstanz_000000_000177.png
split,train
model,result_0164,0.4115278872373017,0.6903761399695216,4,66
model,result_0440,0.5341466216234643,0.3801271986846462,-3,200
