background,konstanz_000000_001195.png
split,train
model,result_0969,0.8962373014364061,0.4246586676655199,-1,239
model,result_0793,0.9793555920920998,0.6832088573778923,-4,43
model,result_0686,0.9442449483410287,0.9785548632021198,-3,97
