background,freiburg_000000_000182.png
split,train
model,result_0357,0.5979121636336963,0.37484001051892324,-1,8
model,result_0046,0.18558283183051727,0.45052341793273404,-1,70
model,result_0389,0.18602373686233475,0.6747121230995209,-2,299
