background,freiburg_000000_000041.png
split,train
model,result_0969,0.2602216633497457,0.4726481558510016,4,80
model,result_0793,0.18242946813151295,0.29409353954445894,4,37
