background,heidelberg_000000_000326.png
split,train
model,result_0499,0.276267571281399,0.45100847935896,-3,354
model,result_0844,0.24011253746984085,0.40932708512598937,-3,288
