background,mannheim_000000_000910.png
split,train
model,result_0367,0.679755634990113,0.733300644368293,1,95
model,result_0822,0.26282313801528545,0.545054360876192,4,66
