background,augsburg_000000_000207.png
split,train
model,result_0612,0.4767537508620363,0.5537140214723326,0,182
