background,muhlheim-ruhr_000000_001161.png
split,train
model,result_0191,0.9543224060417324,0.30925650661057746,2,348
