background,dortmund_000000_001000.png
split,train
model,result_0983,0.3623706057642192,0.7067071939276981,-4,163
