background,bad-honnef_000000_000062.png
split,train
model,result_0061,0.5682772876819602,0.5161470695898907,0,227
model,result_0606,0.7612570306080432,0.4948700668830116,-4,125
model,result_0082,0.20464553108799088,0.2996590705463773,1,27
