background,karlsruhe_000000_000660.png
split,train
model,result_0039,0.2645148419700425,0.8799409472247312,-3,161
model,result_0386,0.8827868460938986,0.49593795062566703,-2,175
