background,heilbronn_000000_000320.png
split,train
model,result_0154,0.8478975562039224,0.5899787523724005,-1,274
model,result_0562,0.11835923323244868,0.4382349844956064,-3,296
