background,karlsruhe_000000_000949.png
split,train
model,result_0795,0.03603657325002596,0.7211807798286217,4,272
model,result_0388,0.7113030542001471,0.6942271119785558,-1,351
model,result_0499,0.9983814074021232,0.5153936373288086,-4,137
