background,saarbrucken_000000_000553.png
split,train
model,result_0080,0.6002776837749534,0.7323378320523029,1,288
