background,duisburg_000000_000807.png
split,train
model,result_0060,0.6307901648400673,0.933971218856567,-3,224
model,result_0080,0.2323351307359619,0.703197161298222,0,209
model,result_0857,0.05696393025330171,0.41567123897648306,2,134
