background,oberhausen_000000_000019.png
split,train
model,result_0127,0.3079880474321648,0.48500481825729513,0,165
