background,bayreuth_000000_000519.png
split,train
model,result_0154,0.8734448740382661,0.5052141600358186,3,108
model,result_0562,0.3559245264912979,0.46735862898197716,4,121
model,result_0215,0.641512120420958,0.6154706999761194,4,227
