background,augsburg_000000_000002.png
split,train
model,result_0602,0.8011469392499683,0.8190116117199885,0,254
