background,dresden_000000_000221.png
split,train
model,result_0295,0.3418947782657432,0.5095551547566032,3,89
