background,schweinfurt_000000_000692.png
split,train
model,result_0022,0.18012068650209578,0.6289679251882399,0,87
