background,wurzburg_000000_000273.png
split,train
model,result_0657,0.18428250524203116,0.26635631263828274,-3,6
model,result_0914,0.2736725100337304,0.2715468297678425,2,348
