background,mannheim_000000_000541.png
split,train
model,result_0163,0.2866175461047743,0.563860773822207,-2,79
