background,konstanz_000000_000404.png
split,train
model,result_0004,0.4473539425253723,0.48845700628404143,-4,147
model,result_0931,0.8182962586184557,0.5849963942627526,4,44
