background,stuttgart_000195_000019.png
split,train
model,result_0164,0.31138717037634367,0.36833090754390574,-4,338
model,result_0440,0.6024461848042546,0.679119235279531,4,206
