background,augsburg_000000_001380.png
split,train
model,result_0319,0.4376852354152796,0.7702987335488792,4,113
model,result_0477,0.6039625974292446,0.4806871244315495,-4,111
model,result_0949,0.9276603036578891,0.551076673691306,-3,99
