background,konstanz_000000_000500.png
split,train
model,result_0283,0.9724006917022047,0.8521053478647905,1,89
model,result_0968,0.36823572403351,0.29112893265374207,-2,253
