background,darmstadt_000011_000019.png
split,train
model,result_0945,0.6150018365986992,0.8479089218260308,3,329
model,result_0612,0.9714741755920753,0.4965559191309437,4,347
model,result_0283,0.8705400794374816,0.4852546622229706,0,83
