background,dusseldorf_000140_000019.png
split,train
model,result_0004,0.46285550830887257,0.7545773249671945,-1,221
model,result_0931,0.006158800216788829,0.8643659310173613,0,299
