background,oberhausen_000000_000345.png
split,train
model,result_0879,0.3044622793452293,0.2893137491033704,4,61
model,result_0542,0.9797282610080108,0.41928232257765174,2,164
