background,schweinfurt_000000_000023.png
split,train
model,result_0739,0.37113896337982744,0.9870457213911907,3,144
