background,muhlheim-ruhr_000000_000294.png
split,train
model,result_0632,0.5632850630888736,0.512736282311486,-2,7
model,result_0357,0.061078890755035475,0.8720461505657902,3,76
model,result_0046,0.2967169759713676,0.41537205653100506,-2,216
