background,heidelberg_000000_000075.png
split,train
model,result_0969,0.11536755294973466,0.8161776386968185,3,280
model,result_0793,0.4929643761059753,0.6724091960659261,3,134
