background,troisdorf_000000_000010.png
split,train
model,result_0844,0.8519919562167118,0.7263606116450475,-2,312
model,result_0995,0.8895435331900787,0.7603874853094349,1,103
model,result_0969,0.755473718075388,0.8320655684878879,-2,35
