background,erfurt_000019_000019.png
split,train
model,result_0484,0.7102797037451147,0.6414563981160624,4,214
