background,bayreuth_000000_000175.png
split,train
model,result_0945,0.9278561021621343,0.5529418820531973,4,78
model,result_0612,0.9133719798458447,0.7104194309782079,4,289
