background,schweinfurt_000000_000145.png
split,train
model,result_0193,0.4767642354053888,0.636418144158903,3,5
