background,karlsruhe_000000_000928.png
split,train
model,result_0484,0.20290050351310263,0.39204250633244286,-1,88
model,result_0861,0.51589876910892,0.7970533534585817,0,327
model,result_0882,0.16319040287776077,0.7912222316991103,0,158
