background,augsburg_000000_001058.png
split,train
model,result_0983,0.05755264122281689,0.6763365880280534,-1,108
model,result_0996,0.21144481788827107,0.9854789980792705,-2,247
