background,freiburg_000000_000591.png
split,train
model,result_0562,0.416255717298856,0.9177854907524146,1,68
