background,konstanz_000000_000158.png
split,train
model,result_1000,0.9414698161583702,0.746011034590968,-2,66
model,result_0367,0.21055584608931355,0.8783756914714109,0,135
