background,muhlheim-ruhr_000000_000013.png
split,train
model,result_0218,0.8978281515588382,0.6486341910242777,-2,167
model,result_0694,0.017438430043342446,0.817494427863513,-3,100
model,result_0319,0.7201231665925762,0.7682797708112831,-2,112
