background,bayreuth_000000_000713.png
split,train
model,result_0861,0.7700739778728884,0.9517049005583682,-3,11
