background,mannheim_000000_001080.png
split,train
model,result_0247,0.0695697463574736,0.6733648117203672,-1,148
