background,mannheim_000000_000260.png
split,train
model,result_0924,0.7687567735697174,0.8483113824916529,-1,317
model,result_0866,0.09302354483965347,0.904648535786378,3,293
model,result_0983,0.013362775898904666,0.5889853090157315,3,156
