background,wurzburg_000000_000282.png
split,train
model,result_0694,0.3396353864662812,0.2740924146612331,2,149
model,result_0319,0.8091612471784717,0.9973826279675759,0,289
model,result_0477,0.7123520583335814,0.9383799977798646,-2,348
