background,freiburg_000000_000464.png
split,train
model,result_0602,0.87598777334894,0.5335709799773314,-4,14
