background,heidelberg_000000_000595.png
split,train
model,result_0123,0.41075071006930985,0.8926513479508364,-2,250
model,result_0472,0.2687821472005174,0.7609558516449025,-4,255
