background,schweinfurt_000000_000497.png
split,train
model,result_0989,0.32060810933643835,0.9496839048179977,-3,179
