background,muhlheim-ruhr_000000_001136.png
split,train
model,result_0795,0.25930890874266765,0.7202616055846828,3,285
model,result_0388,0.18148515930441322,0.36606256272678916,2,227
model,result_0499,0.20614352569507977,0.7793677834273838,-2,161
