background,wuppertal_000000_000525.png
split,train
model,result_0295,0.09013391916001434,0.7848212486924095,2,284
