background,nuremberg_000000_000440.png
split,train
model,result_0051,0.33342009997072597,0.2838900612079027,3,223
