background,heilbronn_000000_000685.png
split,train
model,result_0686,0.8354743337315967,0.28726477563002206,-4,274
