background,wurzburg_000000_000208.png
split,train
model,result_0557,0.4838398657044639,0.9336374515363453,-1,13
model,result_0544,0.9275797842386339,0.848550076295655,-2,253
model,result_0999,0.24661007525345457,0.36391544732881675,-4,134
