background,augsburg_000000_000584.png
split,train
model,result_0388,0.8526102064622484,0.5024258324035318,-2,42
model,result_0499,0.7960305731990592,0.39673949123770047,-1,300
model,result_0844,0.11983503504426607,0.7794742591206333,-4,269
