background,augsburg_000000_001020.png
split,train
model,result_0527,0.42073211067774385,0.4608139443951672,-4,344
model,result_0602,0.8305517300154553,0.4391382954702798,-4,84
model,result_0024,0.6492933357027912,0.9184176070737313,-1,359
