background,tubingen_000020_000019.png
split,train
model,result_0036,0.3593476955091972,0.9829204425863336,1,167
model,result_1000,0.4755517022084209,0.4542204805947063,0,129
model,result_0367,0.18654092427374447,0.5127663514638748,1,227
