background,augsburg_000000_000325.png
split,train
model,result_0983,0.024331639745692746,0.9682266600183624,-4,211
model,result_0996,0.5909505360061379,0.5728670240402937,3,102
model,result_0266,0.5687828994166412,0.9740547425651593,2,31
