background,oberhausen_000000_000013.png
split,train
model,result_0173,0.20525258470696173,0.9762377543174525,-2,235
model,result_0751,0.7043745668604134,0.428593125512382,1,353
