background,wurzburg_000000_000405.png
split,train
model,result_0924,0.7000751692756545,0.8224208543622169,1,88
model,result_0866,0.7420322192483674,0.9735853918356459,2,298
