background,wuppertal_000000_000247.png
split,train
model,result_0060,0.1601595974791309,0.4159798256257464,1,55
