background,karlsruhe_000000_000301.png
split,train
model,result_0989,0.34298275498591324,0.43409507547598997,-1,87
