background,duisburg_000000_000627.png
split,train
model,result_0882,0.23198444396595408,0.3072854868235203,-3,226
model,result_0467,0.37239743536813974,0.6363324443815942,-2,293
model,result_0154,0.3002670818546199,0.4545941921281298,-3,117
