background,karlsruhe_000000_000168.png
split,train
model,result_0979,0.8155029254723648,0.6261281527902747,0,122
model,result_0871,0.4985136983897678,0.9559516031247998,-1,31
