background,augsburg_000000_001193.png
split,train
model,result_0586,0.7850002883401733,0.9304384818815487,-2,303
