background,karlsruhe_000000_001100.png
split,train
model,result_0805,0.8003928604701755,0.2968863370485021,1,64
