background,dresden_000000_000027.png
split,train
model,result_0394,0.657163113535866,0.6763755733507653,-2,82
