background,wurzburg_000000_000780.png
split,train
model,result_0557,0.7510878768705118,0.9123539722452356,4,296
model,result_0544,0.5950131399663426,0.3231021087506196,2,272
