background,erfurt_000044_000019.png
split,train
model,result_0686,0.37577659036205224,0.7093984796548753,0,73
model,result_0805,0.4729259818015443,0.4318446766303364,-1,250
model,result_0039,0.9258042621900482,0.9688396910467533,2,286
