background,bayreuth_000000_000846.png
split,train
model,result_0472,0.5344500577620082,0.5768497606278035,-2,279
model,result_0981,0.8102024540998607,0.465077785680407,-4,73
