background,duisburg_000000_000012.png
split,train
model,result_0989,0.5753130497343333,0.7039240977745899,2,32
model,result_0803,0.0456721891366495,0.5836213634498101,-2,100
