background,saarbrucken_000000_000471.png
split,train
model,result_0857,0.9605507259682099,0.6347040341948784,-3,234
model,result_0795,0.795158824306314,0.658217041667722,0,315
