background,freiburg_000000_000662.png
split,train
model,result_0082,0.8930286680559181,0.26281825362278255,-2,245
model,result_0945,0.2524512858757313,0.8366848658214467,3,352
model,result_0612,0.38964471374858956,0.4383601714491174,-1,70
