background,duisburg_000000_000657.png
split,train
model,result_0991,0.7058095400223281,0.3074700072985714,4,235
