background,konstanz_000000_000270.png
split,train
model,result_0996,0.17147456750323797,0.8703448610972069,-4,190
