background,konstanz_000000_001324.png
split,train
model,result_0440,0.7351352428698797,0.8666289382557881,2,222
model,result_0484,0.1226153403283009,0.40558828508700906,2,191
model,result_0861,0.007999578805498841,0.8984558274378872,-2,165
