background,bayreuth_000000_000640.png
split,train
model,result_0646,0.9452090760599265,0.3562928595724024,1,255
