background,wurzburg_000000_000135.png
split,train
model,result_0386,0.5843831610005344,0.5017799217766957,3,66
model,result_0979,0.35772790005755206,0.6930550334847771,0,160
model,result_0871,0.6714661004266914,0.6331307507938955,4,218
