background,duisburg_000000_000094.png
split,train
model,result_0803,0.7101075795780851,0.6524565942656989,-4,172
