background,wurzburg_000000_000507.png
split,train
model,result_0606,0.1357701702693137,0.5881796915459441,1,171
model,result_0082,0.0006928866653646004,0.7331516748834292,-3,300
