background,bayreuth_000000_000458.png
split,train
model,result_0051,0.02516466016835328,0.8999143870627584,0,49
