background,muhlheim-ruhr_000000_001211.png
split,train
model,result_0542,0.4146472729075229,0.4406179769531837,-1,302
