background,oberhausen_000000_000216.png
split,train
model,result_0979,0.8212428825187117,0.9472199067498523,3,134
model,result_0871,0.2543163856300261,0.5271378753057261,-4,105
model,result_0878,0.950935319593922,0.8189446886823394,1,143
