background,heilbronn_000000_000376.png
split,train
model,result_0146,0.37507989917516305,0.45103470086713526,0,281
model,result_0295,0.5794253060579195,0.35305381194047425,4,132
