background,oberhausen_000000_000728.png
split,train
model,result_0784,0.4712787723775025,0.9077180159988392,-3,185
