background,erfurt_000005_000019.png
split,train
model,result_0862,0.4547241745720446,0.8582000985716777,3,190
model,result_0524,0.1393147131257687,0.28265444195937417,1,98
