background,nuremberg_000000_001187.png
split,train
model,result_0803,0.036292298553026736,0.3705832978325333,-4,23
model,result_0192,0.8494157684691311,0.2971737545973674,1,252
