background,oberhausen_000000_000706.png
split,train
model,result_0751,0.8217542045739777,0.45908067351414605,-1,200
model,result_0678,0.7781971262539931,0.9796160164317088,0,149
