background,nuremberg_000000_000912.png
split,train
model,result_0557,0.9836687997140262,0.6372550564532496,4,290
model,result_0544,0.5645897278151699,0.7192002570310193,-4,226
model,result_0999,0.6002777521600691,0.5417157088116544,-4,175
