background,wurzburg_000000_000977.png
split,train
model,result_0154,0.10224920283705219,0.38593728391826243,-4,231
model,result_0562,0.7908963397554156,0.6552518937205776,0,360
