background,wurzburg_000000_000879.png
split,train
model,result_0394,0.8209545598862271,0.7526629459372851,-2,243
