background,augsburg_000000_001124.png
split,train
model,result_0082,0.9166635249013936,0.6728891749576359,-4,23
