background,heidelberg_000000_000578.png
split,train
model,result_0992,0.1196009968991516,0.7270766038238267,3,102
model,result_0394,0.20618105191699676,0.4334937092077938,0,24
