background,mannheim_000000_001006.png
split,train
model,result_0739,0.4263169861658994,0.8493933848382176,-2,27
model,result_0960,0.18307451949947107,0.2757543978951461,-4,214
