background,bremen_000284_000019.png
split,train
model,result_0989,0.14858984891559046,0.9905882158320903,-1,133
model,result_0803,0.9955574816755599,0.6858824074809129,1,301
