background,wurzburg_000000_000719.png
split,train
model,result_0146,0.3871892159075562,0.7856697951130159,3,112
