background,duisburg_000000_000338.png
split,train
model,result_0960,0.5498906130047654,0.4509479005105391,3,294
