background,mannheim_000000_001134.png
split,train
model,result_0847,0.3416171375923607,0.9719264937549852,-2,22
model,result_0646,0.37748814102453854,0.492556955430841,-1,299
