background,nuremberg_000000_001407.png
split,train
model,result_0861,0.40741237817181664,0.3641440681434036,4,73
