background,konigswinter_000000_000044.png
split,train
model,result_0324,0.6992084787317367,0.2584523124253423,2,0
