background,bayreuth_000000_000522.png
split,train
model,result_0983,0.27033500705897695,0.9692968847484896,-4,173
model,result_0996,0.904315793494293,0.48997358348146514,-4,73
