background,konigswinter_000000_000091.png
split,train
model,result_0163,0.20182861452187928,0.4583010798049404,1,70
