background,dortmund_000000_000764.png
split,train
model,result_0857,0.31894789166943327,0.8021192060340064,1,292
model,result_0795,0.8762547550010125,0.8366047606969647,1,345
