background,heidelberg_000000_000849.png
split,train
model,result_0319,0.46201076154735077,0.9956632222197994,4,9
model,result_0477,0.27017492923591446,0.6021070400886591,-1,80
model,result_0949,0.7713007508368462,0.7206925165781405,3,305
