background,schweinfurt_000000_000015.png
split,train
model,result_0239,0.2627731603481961,0.7124611559611489,-4,346
model,result_0051,0.7577055466657274,0.4412833635312401,-2,181
