background,freiburg_000000_000423.png
split,train
model,result_0367,0.011517387599285556,0.8151925936654331,1,312
