background,heilbronn_000000_000424.png
split,train
model,result_0024,0.16689733564201237,0.39017442183709605,-2,298
model,result_0288,0.8749269217065068,0.7283151707671756,-3,331
model,result_0247,0.32711181657872823,0.5457376820063742,0,154
