background,freiburg_000000_000353.png
split,train
model,result_0247,0.048143437223842844,0.8441977827256074,-2,264
model,result_0239,0.06541672170675306,0.37215007250513865,2,227
model,result_0051,0.8702735558416881,0.5231455810128296,2,145
