background,konigswinter_000000_000003.png
split,train
model,result_0527,0.1677119022377973,0.26960258585593244,-1,227
model,result_0602,0.2929936091555283,0.424912937126926,3,199
model,result_0024,0.19136718362006222,0.459971129703166,0,186
