background,saarbrucken_000000_000480.png
split,train
model,result_0931,0.06883971073875506,0.8357745991038641,0,48
model,result_0123,0.08788389254119,0.8006216020954051,-2,294
