background,bayreuth_000000_000780.png
split,train
model,result_0367,0.03614631222134157,0.5838866477516207,1,325
