background,bayreuth_000000_000659.png
split,train
model,result_0968,0.9026446579521666,0.2587504329408207,0,112
model,result_0847,0.15503066459726567,0.3204139358413962,-2,349
model,result_0646,0.7268688518632689,0.5101991240208393,3,129
