background,dortmund_000000_000474.png
split,train
model,result_0914,0.9400361118957045,0.6179574391754958,2,95
model,result_0193,0.797421804182315,0.8872249803108619,-4,161
model,result_0036,0.6899335546355329,0.9010948257501474,0,271
