background,augsburg_000000_000623.png
split,train
model,result_0968,0.2132358983723448,0.6536385694327127,0,292
