background,bayreuth_000000_000822.png
split,train
model,result_0193,0.83476790677388,0.8891652019698535,4,110
model,result_0036,0.7160816596844346,0.7161701692890918,-3,217
model,result_1000,0.10694959521480107,0.8211344831360325,0,115
