background,schweinfurt_000000_000209.png
split,train
model,result_0674,0.30280631869381347,0.9681699152927452,2,161
