background,wuppertal_000000_000529.png
split,train
model,result_0914,0.8201924569564643,0.6715681009819594,-2,96
