background,freiburg_000000_000256.png
split,train
model,result_0039,0.4638375676642149,0.6654761084683674,1,47
model,result_0386,0.23873128546872402,0.5833698596225145,2,214
