background,augsburg_000000_000564.png
split,train
model,result_0440,0.8930744521361225,0.5730010535784504,0,347
