background,heidelberg_000000_000718.png
split,train
model,result_0467,0.8683809293544662,0.37055821489355467,0,38
