background,nuremberg_000000_001168.png
split,train
model,result_0123,0.9546994915095794,0.43884173356402223,3,289
model,result_0472,0.1642991414354864,0.48117469543501534,1,128
