background,duisburg_000000_000622.png
split,train
model,result_0386,0.6087557011398904,0.6165741017472467,-4,339
model,result_0979,0.5278764864962762,0.8009107831344688,0,341
