background,wurzburg_000000_000245.png
split,train
model,result_0319,0.9117308927612475,0.439438071137677,-4,179
model,result_0477,0.14118897312625767,0.8057605478820338,3,265
model,result_0949,0.5366786765166652,0.42546821013246827,-1,266
