background,augsburg_000000_000638.png
split,train
model,result_0332,0.49783637893798505,0.574784111698913,-2,69
model,result_0385,0.658378461164655,0.7969269910941017,0,234
model,result_0991,0.6443164452794617,0.5991145691680453,4,264
