background,konstanz_000000_000261.png
split,train
model,result_0173,0.9011329265175646,0.3708564464036117,-4,167
model,result_0751,0.42336467880038897,0.7513307989168643,1,283
model,result_0678,0.10337298723780541,0.4394898413820831,2,294
