background,nuremberg_000000_000909.png
split,train
model,result_0879,0.6079950441222324,0.3498032263025799,-1,240
