background,oberhausen_000000_000305.png
split,train
model,result_0266,0.3403538057819947,0.6325251517777115,-4,0
model,result_0862,0.011626747116348035,0.47526607375251584,1,267
