background,heilbronn_000000_000475.png
split,train
model,result_0527,0.46730001985210323,0.6492235243333045,0,190
model,result_0602,0.897279621187591,0.3259589618420198,4,125
