background,wurzburg_000000_000227.png
split,train
model,result_0247,0.9179941522987185,0.9755967877041902,1,309
