background,hanover_000000_014537.png
split,train
model,result_0992,0.3731838722920652,0.37131166750414335,2,272
