background,muhlheim-ruhr_000000_001205.png
split,train
model,result_0795,0.23647383803774147,0.797627586834864,-4,3
