background,augsburg_000000_001198.png
split,train
model,result_0394,0.30804307269708586,0.8463435579019596,0,139
model,result_0163,0.6260870098525186,0.41822897826940203,4,206
