background,konstanz_000000_000830.png
split,train
model,result_0123,0.2642802590650317,0.8072932414877976,-3,129
