background,heidelberg_000000_001199.png
split,train
model,result_0866,0.07404453405960176,0.4060865980997921,1,67
