background,ulm_000067_000019.png
split,train
model,result_0123,0.9386854891084505,0.786512946216214,-2,133
model,result_0472,0.34214342518982954,0.7898587959869773,-3,126
