background,cologne_000109_000019.png
split,train
model,result_0036,0.7723766920778667,0.9751201245631367,-3,336
model,result_1000,0.6825351223544908,0.8553552058354803,4,156
