background,wurzburg_000000_000192.png
split,train
model,result_0386,0.32538155925860524,0.2984781386772291,3,249
