background,duisburg_000000_000708.png
split,train
model,result_0739,0.9776900633677391,0.817861675946368,-3,77
model,result_0960,0.7690459262331992,0.3013502993231091,1,340
model,result_0632,0.8116845238640966,0.3752154796836752,3,148
