background,hamburg_000000_021353.png
split,train
model,result_0981,0.8984065720911836,0.9224266258222308,-4,226
model,result_0527,0.8434379449592647,0.474193043132171,0,315
