background,duisburg_000000_000527.png
split,train
model,result_0979,0.884271829790895,0.7866427098675759,3,309
model,result_0871,0.9129295942223424,0.9153952374726774,1,186
model,result_0878,0.1381088020668665,0.7125270954867906,-2,360
