background,erlangen_000000_000120.png
split,train
model,result_0283,0.5597481022809159,0.3568746776270473,3,203
model,result_0968,0.9466290947088877,0.5104299451671442,3,207
