background,freiburg_000000_000535.png
split,train
model,result_0524,0.3013555931273397,0.6445637302886994,0,103
