background,oberhausen_000000_000479.png
split,train
model,result_0562,0.5119454579601592,0.7141587655083038,1,282
model,result_0215,0.3990122431392794,0.356472399138719,1,332
