background,heilbronn_000000_000170.png
split,train
model,result_0046,0.842705533781979,0.9646213778330883,0,146
