background,heilbronn_000000_000059.png
split,train
model,result_0855,0.002446590183778241,0.33217945977707963,-1,254
model,result_0338,0.0002479040796146137,0.4739463651400182,0,20
model,result_0557,0.03901613615889854,0.41442621275336256,0,21
