background,bayreuth_000000_000220.png
split,train
model,result_0477,0.2243899759381126,0.9485351678280269,-3,48
model,result_0949,0.7851068996279403,0.3841752604058203,2,144
model,result_0324,0.03342799072855884,0.8417056443389686,-4,167
