background,oberhausen_000000_000357.png
split,train
model,result_0878,0.6665117059157019,0.8273698703475052,4,275
