background,hanover_000000_031856.png
split,train
model,result_0295,0.8841128313685532,0.6396414470711438,-1,113
model,result_0127,0.12482115736571398,0.4049942655806713,-3,185
