background,bad-honnef_000000_000032.png
split,train
model,result_0467,0.2858968543508126,0.976970923441885,-2,97
