background,nuremberg_000000_000988.png
split,train
model,result_0036,0.2645607200955087,0.9662568340090829,-3,159
model,result_1000,0.569956137438885,0.3092920765354644,-3,212
