background,dortmund_000000_000781.png
split,train
model,result_0163,0.9622369293369426,0.3165712520084474,-2,162
model,result_0657,0.16914718577292298,0.5149146318187353,2,73
