background,tubingen_000117_000019.png
split,train
model,result_0602,0.8933709954949896,0.7804382897748119,-1,18
