background,bamberg_000000_000146.png
split,train
model,result_0996,0.9717467654393752,0.9507069361042847,-2,28
model,result_0266,0.07587425687740457,0.4573980874173458,-3,303
