background,dortmund_000000_000034.png
split,train
model,result_0467,0.9752136406425584,0.6644872753468857,-4,216
model,result_0154,0.12547574211779655,0.39132675540349116,-4,122
