background,bayreuth_000000_000432.png
split,train
model,result_0793,0.427171519405812,0.8362589071932955,-3,95
