background,oberhausen_000000_000018.png
split,train
model,result_0646,0.34174722390604195,0.622251938968428,4,3
