background,wurzburg_000000_000964.png
split,train
model,result_0239,0.5895279338185712,0.4186645174537943,1,249
model,result_0051,0.8384147446154617,0.49375346288356187,0,235
