background,konstanz_000000_001426.png
split,train
model,result_0847,0.3646699343255916,0.564648753724267,-1,69
