background,karlsruhe_000000_000036.png
split,train
model,result_0075,0.11534672243584299,0.7632759934636086,-1,193
model,result_0992,0.9301012910660142,0.5113995309748788,4,52
