background,muhlheim-ruhr_000000_001127.png
split,train
model,result_0983,0.13198861806509898,0.9515452954065308,3,120
