background,nuremberg_000000_001098.png
split,train
model,result_0022,0.5138482824643065,0.9687742576460792,4,180
