background,schweinfurt_000000_000036.png
split,train
model,result_0472,0.6544093193892717,0.3983417112778605,3,179
model,result_0981,0.38648752523736374,0.33285877163149136,3,221
