background,heilbronn_000000_000195.png
split,train
model,result_0484,0.0713309748526304,0.8708710686407668,1,40
model,result_0861,0.7691815005812607,0.813660622616978,3,126
