background,wurzburg_000000_001362.png
split,train
model,result_0949,0.6161232126225934,0.6520094420121614,-1,348
model,result_0324,0.19516618687576526,0.8308739310380255,4,92
model,result_0173,0.6508303414061503,0.27932564762673073,-3,106
