background,freiburg_000000_000125.png
split,train
model,result_0191,0.03371859302581948,0.9557947932225019,3,310
model,result_0775,0.6625394366489212,0.5829643055269269,3,254
