background,wurzburg_000000_001498.png
split,train
model,result_0805,0.007139958842105276,0.7102783130890398,4,116
model,result_0039,0.09063410469426747,0.42192301301499213,1,164
