background,wurzburg_000000_000370.png
split,train
model,result_0914,0.7686059331314744,0.7568342080065124,2,27
model,result_0193,0.8939127607963733,0.6751026806029122,0,291
model,result_0036,0.9338222849507896,0.518419179098149,0,70
