background,wuppertal_000000_000798.png
split,train
model,result_0871,0.8198295558473001,0.8765368072088127,1,60
model,result_0878,0.31884703883983045,0.2929973389285768,1,291
