background,hanover_000000_003853.png
split,train
model,result_0969,0.1457794594657208,0.5087595652660477,1,290
model,result_0793,0.5149479353069549,0.3112485174421689,0,213
model,result_0686,0.384450658012772,0.6672797936770958,0,2
