background,saarbrucken_000000_000050.png
split,train
model,result_0632,0.6686131685504747,0.8432070469927166,2,359
model,result_0357,0.9549889212897975,0.3963609823105946,-3,201
model,result_0046,0.2573068756472645,0.3885862190159706,3,178
