background,nuremberg_000000_000849.png
split,train
model,result_0751,0.6181972969386569,0.6906145114000539,-4,283
model,result_0678,0.6907666618802646,0.7006934999521309,2,109
