background,konstanz_000000_000863.png
split,train
model,result_0996,0.6803500677319774,0.544844241656688,-4,27
model,result_0266,0.014878249715937542,0.4281579702377518,1,23
