background,saarbrucken_000000_000271.png
split,train
model,result_0215,0.37703133083851437,0.7391972727302648,-3,49
model,result_0332,0.09063201791776132,0.7769274016646208,-2,259
