background,muhlheim-ruhr_000000_001144.png
split,train
model,result_0847,0.8432299100687292,0.3304500483460934,3,68
