background,wuppertal_000000_000508.png
split,train
model,result_0510,0.821777238226181,0.6031577852759965,3,341
