background,wurzburg_000000_001153.png
split,train
model,result_0527,0.757220256810946,0.8696896595347254,2,68
model,result_0602,0.9461193108813586,0.8272120537721191,1,24
