background,ulm_000022_000019.png
split,train
model,result_0996,0.7370919032444576,0.6942066379143701,-4,188
model,result_0266,0.47137765808917,0.5751954640571985,-3,71
model,result_0862,0.912359485186112,0.701172992696468,1,287
