background,heidelberg_000000_000787.png
split,train
model,result_0805,0.13081388716821285,0.8648519521209672,-2,332
