background,konstanz_000000_001338.png
split,train
model,result_0992,0.1240438210270628,0.44172241377471233,3,255
