background,karlsruhe_000000_001121.png
split,train
model,result_0795,0.03711544942378242,0.3689192763359649,0,196
model,result_0388,0.4250242768861503,0.4626508153412483,3,342
model,result_0499,0.15569811363252972,0.49985823733004653,0,190
