background,dortmund_000000_000644.png
split,train
model,result_0061,0.7479548825500002,0.7283183842354497,-2,113
model,result_0606,0.8171682824644411,0.49727709566483014,4,236
