background,bayreuth_000000_000354.png
split,train
model,result_0472,0.4801663717644472,0.7294722625873701,-1,28
model,result_0981,0.584894759281803,0.9353951945193988,-4,187
