background,muhlheim-ruhr_000000_000507.png
split,train
model,result_0751,0.7689990898791003,0.9007482687392435,2,114
model,result_0678,0.9938907373847722,0.9913717118267497,1,5
model,result_0784,0.9322383716822272,0.5585973493786154,4,17
