background,freiburg_000000_000091.png
split,train
model,result_0266,0.49582383307272093,0.6864563198214475,2,50
model,result_0862,0.6489110096689897,0.30879345945128456,-3,268
model,result_0524,0.8152206025557732,0.6158262891580749,2,344
