background,dresden_000000_000227.png
split,train
model,result_0332,0.04290535176892518,0.7831797564702419,2,148
