background,duisburg_000000_000524.png
split,train
model,result_0173,0.07390321279014989,0.5030444618532657,4,278
model,result_0751,0.48892112217024974,0.3565725746871876,3,146
