background,konigswinter_000000_000038.png
split,train
model,result_0440,0.4954113997431028,0.28022541852160937,2,203
model,result_0484,0.5111402590235654,0.8506414191648164,-4,337
