background,wurzburg_000000_000517.png
split,train
model,result_0477,0.5617720116218069,0.5908438842745216,-2,248
model,result_0949,0.12172084229898994,0.5373366649195097,4,302
model,result_0324,0.9984058520775831,0.9180846963333584,-4,215
