background,nuremberg_000000_000853.png
split,train
model,result_0775,0.6981371055140091,0.7950023417539942,2,118
model,result_0075,0.792420850777608,0.4154609934420189,-4,142
