background,duisburg_000000_000011.png
split,train
model,result_0173,0.1369845412893662,0.7802528136368602,1,335
