background,wuppertal_000000_001019.png
split,train
model,result_0123,0.8369849784455584,0.7429800424771513,2,85
