background,konstanz_000000_000761.png
split,train
model,result_0602,0.8784642721332988,0.6805115858181112,-3,270
model,result_0024,0.4239479071818707,0.4133230709459651,4,353
model,result_0288,0.9294344523967566,0.8427324776140039,0,144
