background,freiburg_000000_000776.png
split,train
model,result_0051,0.2504527396813583,0.5061133138642147,4,328
