background,bremen_000167_000019.png
split,train
model,result_0674,0.18468907398130574,0.8196617099880265,2,166
model,result_0146,0.718840406237906,0.8689255293837049,-3,17
model,result_0295,0.12765936698921743,0.38796577647725256,0,295
