background,bremen_000027_000019.png
split,train
model,result_0484,0.06696015384741205,0.46666579095785343,3,273
model,result_0861,0.8849120106265884,0.8403772268174148,-1,109
model,result_0882,0.8552815859411764,0.4988545851702869,-4,360
