background,muhlheim-ruhr_000000_001177.png
split,train
model,result_0981,0.9072296397623527,0.48204381860980355,-3,184
