background,wuppertal_000000_000379.png
split,train
model,result_0060,0.8103967074024311,0.38454958929804084,0,95
model,result_0080,0.7910390928831444,0.6527321216570562,-4,180
model,result_0857,0.37489004965390405,0.30488848749013364,-4,308
