background,muhlheim-ruhr_000000_000477.png
split,train
model,result_0024,0.2579891458807464,0.7242007031759681,1,174
