background,muhlheim-ruhr_000000_000314.png
split,train
model,result_0247,0.4165003865600162,0.9939653608659836,3,177
model,result_0239,0.8424612205385879,0.5639011002421924,-2,72
model,result_0051,0.7193151544271714,0.9746330465227113,3,218
