background,duisburg_000000_000761.png
split,train
model,result_0199,0.6245660642361575,0.8158312398594454,4,339
model,result_0060,0.6879999850892982,0.8952376403539825,1,87
model,result_0080,0.12594636672141168,0.9983799072433874,-1,278
