background,wuppertal_000000_000004.png
split,train
model,result_0075,0.2766459280147209,0.49835022502601345,0,246
model,result_0992,0.036949055541403375,0.6492551090683172,-3,42
