background,frankfurt_000001_041354.png
split,train
model,result_0562,0.15149318282494406,0.9141750557277476,0,319
