background,freiburg_000000_000311.png
split,train
model,result_0544,0.4096185118776995,0.8545817199839021,-1,59
