background,mannheim_000000_000121.png
split,train
model,result_0036,0.7179712233483241,0.7088822443251553,-1,115
