background,dortmund_000000_000825.png
split,train
model,result_0247,0.8702513001989194,0.8487342348507931,0,310
