background,aachen_000025_000019.png
split,train
model,result_0061,0.6144374916050365,0.5097434451536969,-2,138
