background,konstanz_000000_000146.png
split,train
model,result_0945,0.661183797944322,0.8760495217386738,-1,279
