background,saarbrucken_000000_000373.png
split,train
model,result_0051,0.557722717598001,0.40768367370600606,-4,161
