background,erlangen_000000_000247.png
split,train
model,result_0051,0.7795908281079503,0.3980657485527378,0,258
