background,frankfurt_000001_049298.png
split,train
model,result_0879,0.710734958966012,0.2567271649321385,2,164
model,result_0542,0.8471804078117646,0.4648270671446487,-4,360
model,result_0674,0.3824585492190731,0.6343840357838477,4,110
