background,bayreuth_000000_000839.png
split,train
model,result_0914,0.9787621953505629,0.38877992040658693,0,233
