background,mannheim_000000_000155.png
split,train
model,result_0288,0.6938272019565648,0.4612270632913935,2,300
model,result_0247,0.7621880030779689,0.4555902201628552,3,342
