background,bremen_000224_000019.png
split,train
model,result_0855,0.29790437303789163,0.4493542084138007,4,104
