background,monchengladbach_000000_036139.png
split,train
model,result_0193,0.48633717952632194,0.6598924306758638,-3,230
model,result_0036,0.28344477455836503,0.2697546861768266,-1,59
