background,heilbronn_000000_000500.png
split,train
model,result_0968,0.6486899962148839,0.8390986645819591,-2,32
