background,konstanz_000000_001250.png
split,train
model,result_0879,0.8868172684496153,0.686596863451761,4,289
model,result_0542,0.89725930937894,0.6079272060865372,2,346
