background,dortmund_000000_000787.png
split,train
model,result_0319,0.8248446783658148,0.6128772952569826,4,122
model,result_0477,0.5561830798276347,0.8983415008686056,2,1
