background,konstanz_000000_000793.png
split,train
model,result_0969,0.3523352677882541,0.9589655825006995,3,99
model,result_0793,0.7542680101576561,0.6203088138234902,3,343
model,result_0686,0.015628906083837824,0.9682434386245781,-2,240
