background,dresden_000000_000067.png
split,train
model,result_0632,0.9863278113151246,0.9149466230962029,-1,36
model,result_0357,0.452261711602018,0.4632623852379827,3,146
model,result_0046,0.40722591878896974,0.5673213176774434,2,283
