background,saarbrucken_000000_000524.png
split,train
model,result_0192,0.21382757680513886,0.3097861397226884,1,61
