background,nuremberg_000000_000556.png
split,train
model,result_0173,0.7887938504530474,0.4428734972711704,0,193
model,result_0751,0.004147352299742724,0.3103402356401396,2,337
model,result_0678,0.9256578757229117,0.6819143955240683,-1,155
