background,heilbronn_000000_000201.png
split,train
model,result_0164,0.9707798067521235,0.7134199448111149,-1,351
