background,bayreuth_000000_000202.png
split,train
model,result_0674,0.16958933032939882,0.533609834736333,3,117
model,result_0146,0.19283705139019602,0.8251601427235875,4,107
model,result_0295,0.20140186783965364,0.3834187128039154,0,208
