background,duisburg_000000_000121.png
split,train
model,result_0542,0.4015735957005334,0.7987785946937203,1,87
