background,augsburg_000000_001225.png
split,train
model,result_0847,0.06840991254163875,0.5814685387940357,3,186
model,result_0646,0.2977933692011181,0.41846490416629367,-4,234
model,result_0586,0.20385724226757396,0.8642434531109828,-3,198
