background,frankfurt_000001_072295.png
split,train
model,result_0844,0.929728559074081,0.5530528782518138,-4,309
model,result_0995,0.7610998343044099,0.3929618032715958,-1,185
model,result_0969,0.01412502680540273,0.9936313436918193,0,268
