background,nuremberg_000000_001383.png
split,train
model,result_0218,0.7280100414696955,0.8080758313135532,-3,166
model,result_0694,0.8053567275469535,0.4166602079987171,4,44
