background,bad-honnef_000000_000060.png
split,train
model,result_0646,0.3958675354384109,0.6369799311258963,0,218
