background,duisburg_000000_000336.png
split,train
model,result_0173,0.7807970112718876,0.7968908420678056,0,99
model,result_0751,0.09068683404895339,0.3177552544737701,0,357
