background,troisdorf_000000_000126.png
split,train
model,result_0739,0.27113119577515044,0.7120669618100028,0,348
