background,augsburg_000000_000870.png
split,train
model,result_0080,0.8216041623553227,0.5763071710341466,0,91
model,result_0857,0.09518496495452256,0.7462337416798539,-4,28
