background,bamberg_000000_000377.png
split,train
model,result_0283,0.6893105923658467,0.6158032066491842,-4,335
