background,wuppertal_000000_000663.png
split,train
model,result_0862,0.30539004528750446,0.4076324384139781,1,336
model,result_0524,0.2962104615421586,0.27506039816115135,1,93
model,result_0199,0.5651573481392768,0.6103311635515787,1,317
