background,freiburg_000000_000684.png
split,train
model,result_0602,0.5693502931879697,0.9265163456082649,3,108
model,result_0024,0.6390984271862459,0.6160905225257252,-1,213
model,result_0288,0.8641349735792017,0.35986222978403914,3,344
