background,freiburg_000000_000199.png
split,train
model,result_0878,0.4330564008024813,0.693800972285764,-2,235
model,result_0004,0.7915652623101418,0.30005613946159293,1,154
model,result_0931,0.7053400668962201,0.44663192873663426,-1,110
