background,nuremberg_000000_001456.png
split,train
model,result_0146,0.10456233255501257,0.4322648625241221,2,241
model,result_0295,0.9554355282053631,0.3820823938889317,1,123
