background,schweinfurt_000000_000318.png
split,train
model,result_0924,0.2557125273852138,0.3857953496109067,-2,330
