background,bayreuth_000000_000593.png
split,train
model,result_0385,0.5656516669694398,0.5388354605153851,2,306
