background,bremen_000155_000019.png
split,train
model,result_0795,0.40545124185810766,0.9582766128108698,-2,305
model,result_0388,0.7722315122506473,0.3468506808745376,4,238
model,result_0499,0.05313914710749823,0.6895093324590543,0,154
