background,dusseldorf_000023_000019.png
split,train
model,result_0146,0.21417118491525633,0.970733787180379,-4,126
model,result_0295,0.5205123176785763,0.9001326279584723,0,324
