background,dortmund_000000_000190.png
split,train
model,result_0739,0.7327723453797835,0.4071866169494034,-4,48
