background,dortmund_000000_000902.png
split,train
model,result_0847,0.6755322581933244,0.7818090235551345,-3,133
model,result_0646,0.9769459275574471,0.35699830078396855,-2,40
model,result_0586,0.2434333908180779,0.917214244308174,4,108
