background,konstanz_000000_000243.png
split,train
model,result_0193,0.8126810588964142,0.686497143292038,0,193
