background,konstanz_000000_000271.png
split,train
model,result_0612,0.07316858340577315,0.6036925667232768,-2,150
model,result_0283,0.6024719204844192,0.9351232010933759,-3,246
