background,augsburg_000000_000894.png
split,train
model,result_0295,0.1667468579798922,0.8756849826252752,-4,59
model,result_0127,0.7612812462459222,0.9001173109162274,0,200
model,result_0022,0.0344830119905879,0.9110128773569702,0,232
