background,mannheim_000000_000359.png
split,train
model,result_0373,0.5152244523579731,0.401704199640238,-1,241
model,result_0191,0.37740728600829454,0.5298121574275443,4,213
