background,wurzburg_000000_001493.png
split,train
model,result_0324,0.30732109650869055,0.7440689503466577,-1,239
model,result_0173,0.8474264029601848,0.7874962516442381,-2,312
model,result_0751,0.7864573560536551,0.9519897223294215,3,318
