background,oberhausen_000000_000489.png
split,train
model,result_0995,0.007993747327047496,0.5670988667434569,4,263
