background,mannheim_000000_000999.png
split,train
model,result_0992,0.8496626343013409,0.8801684196175779,-1,198
