background,muhlheim-ruhr_000000_000966.png
split,train
model,result_0218,0.5464241107322662,0.7790857333658954,1,102
