background,saarbrucken_000000_000194.png
split,train
model,result_0949,0.036856485476887135,0.4958772505909754,-4,26
model,result_0324,0.5835137994277426,0.37169124898547906,2,42
