background,erfurt_000027_000019.png
split,train
model,result_0332,0.45964237681174747,0.47009889019325135,1,86
