background,dortmund_000000_000673.png
split,train
model,result_0022,0.1509553851632619,0.8543951351252177,3,35
model,result_0061,0.3765563011360944,0.6142227343851884,-4,152
