background,wurzburg_000000_001357.png
split,train
model,result_0878,0.25345471344556014,0.4203670837231417,1,265
model,result_0004,0.08091168373909319,0.462937191932684,3,148
