background,munster_000128_000019.png
split,train
model,result_0524,0.0020441027489038754,0.2835294095925377,-3,348
