background,augsburg_000000_000837.png
split,train
model,result_0999,0.24418700176692465,0.6455118874918631,2,262
