background,wurzburg_000000_000229.png
split,train
model,result_0871,0.3929254308292566,0.3945614622939677,0,272
model,result_0878,0.7454967957940335,0.6421671657384791,-2,267
