background,konstanz_000000_000643.png
split,train
model,result_0524,0.017378916395633603,0.778972952236766,4,131
