background,freiburg_000000_000807.png
split,train
model,result_0996,0.1619476142931222,0.6295291851693949,-1,9
