background,konstanz_000000_001091.png
split,train
model,result_0862,0.7595872595102684,0.7201808394183603,0,111
model,result_0524,0.2302002640855466,0.33587238423072535,0,139
