background,hanover_000000_031856.png
split,train
model,result_0386,0.5536582157676108,0.8982786784131782,-2,213
model,result_0979,0.7714596160581997,0.2589348997672396,-4,136
model,result_0871,0.058926879405017285,0.7691669821525557,-2,98
