background,wurzburg_000000_000991.png
split,train
model,result_0319,0.07397920972449246,0.6381241560121326,0,248
model,result_0477,0.9732204085550998,0.6283292547462149,-3,8
model,result_0949,0.4905495041857362,0.49435766319370666,2,219
