background,bremen_000027_000019.png
split,train
model,result_0857,0.1961792640401645,0.5234117215665657,0,91
