background,saarbrucken_000000_000481.png
split,train
model,result_0357,0.3100052082223398,0.9859990238351737,-3,131
