background,erfurt_000089_000019.png
split,train
model,result_0803,0.5039321689958995,0.9616280437924309,-1,14
model,result_0192,0.38219276792012913,0.2776426825750352,3,233
