background,hamburg_000000_060586.png
split,train
model,result_0061,0.06584629428953692,0.40851889156590915,-3,88
model,result_0606,0.1008570939109038,0.6069080970474725,4,338
