background,darmstadt_000010_000019.png
split,train
model,result_0164,0.4225130169419934,0.6874588124193631,-2,137
