background,oberhausen_000000_000238.png
split,train
model,result_0440,0.5164442524317325,0.6044434946356978,-1,345
