background,heidelberg_000000_000420.png
split,train
model,result_0606,0.34306316595614894,0.9280486538268777,4,334
model,result_0082,0.6254728010406273,0.7281680904797392,4,109
model,result_0945,0.04024076105230445,0.9139017328311172,-2,150
