background,oberhausen_000000_000506.png
split,train
model,result_0602,0.07604101469063407,0.7283997249848183,-1,328
model,result_0024,0.5621959356938292,0.7455018831473932,2,159
model,result_0288,0.34915296428794107,0.3381902635005744,1,10
