background,mannheim_000000_000829.png
split,train
model,result_0215,0.5492985218597873,0.3677560392195676,0,43
