background,bochum_000000_008804.png
split,train
model,result_0036,0.30684085165454666,0.5936924711672261,-3,98
model,result_1000,0.3979320948906476,0.9006559180730049,3,220
model,result_0367,0.5856548017955778,0.866184474048052,-1,242
