background,mannheim_000000_000528.png
split,train
model,result_0847,0.9387818148858189,0.7152031084657435,-3,200
model,result_0646,0.33485239737197037,0.3818938273156023,2,18
model,result_0586,0.5083926613989124,0.6992859318060799,1,155
