background,karlsruhe_000000_000682.png
split,train
model,result_0080,0.058419732118830225,0.5573634681536213,-2,172
model,result_0857,0.615246910460514,0.649855103782644,-3,189
