background,freiburg_000000_000707.png
split,train
model,result_0146,0.3601901321622897,0.6339555474138036,4,283
model,result_0295,0.7850138551204764,0.9690761968943651,-2,266
