background,dresden_000000_000225.png
split,train
model,result_0239,0.6930291004036427,0.4838984336017419,4,170
