background,dusseldorf_000182_000019.png
split,train
model,result_0075,0.5601274441794741,0.9506921285267225,-4,60
