background,freiburg_000000_000088.png
split,train
model,result_0861,0.35195210856607506,0.5299488467968757,3,86
model,result_0882,0.991889292925136,0.725839641286617,3,165
model,result_0467,0.8533032249171356,0.5276686408197161,-4,195
