background,nuremberg_000000_001430.png
split,train
model,result_0992,0.812980372150644,0.5122353875781045,-4,81
model,result_0394,0.8262081638603975,0.602518711220394,1,228
