background,heilbronn_000000_000712.png
split,train
model,result_0215,0.28177249537144533,0.4296946555898964,0,180
model,result_0332,0.9094328570027088,0.6805488861197264,4,344
model,result_0385,0.23379316077167656,0.2913602201841869,3,176
