background,oberhausen_000000_000811.png
split,train
model,result_0992,0.7908909517603951,0.7088059704535915,2,285
model,result_0394,0.004530735909945904,0.6852929930260918,3,344
model,result_0163,0.11694822365340785,0.3808917600063097,-3,95
