background,bamberg_000000_000436.png
split,train
model,result_0678,0.08360418012026649,0.40042616706702977,0,6
model,result_0784,0.4105945105789315,0.41754149158556697,1,105
