background,stuttgart_000054_000019.png
split,train
model,result_0931,0.4472329823999204,0.6025627778738057,3,246
