background,heilbronn_000000_000458.png
split,train
model,result_0979,0.9695877093905745,0.8382131711767903,-2,290
model,result_0871,0.5443383561328995,0.2730241670293773,-4,247
model,result_0878,0.6524962348876767,0.6680480806474691,-1,234
