background,muhlheim-ruhr_000000_001101.png
split,train
model,result_0914,0.6970395015912106,0.9947905724131509,3,241
