background,hamburg_000000_008221.png
split,train
model,result_0388,0.3139928905405589,0.4006356338463948,1,16
