background,monchengladbach_000000_023489.png
split,train
model,result_0969,0.41696360150665945,0.27251887494124166,3,264
model,result_0793,0.25246987443898816,0.36491159506575604,3,257
