background,mannheim_000000_000998.png
split,train
model,result_0215,0.17917202478504834,0.4215473506783053,-1,302
