background,nuremberg_000000_000853.png
split,train
model,result_0075,0.7509350424258744,0.8940835380299503,2,133
model,result_0992,0.3451903247152023,0.5447111625106583,2,8
