background,duisburg_000000_000560.png
split,train
model,result_0295,0.5444449039536662,0.3552271338012238,-4,259
model,result_0127,0.1622085747033175,0.7439130925447539,1,229
model,result_0022,0.42943325316544756,0.6099155530798714,-3,259
