background,heidelberg_000000_000961.png
split,train
model,result_0385,0.7661891458210013,0.7881246651458722,-4,299
model,result_0991,0.44221385608958597,0.78404759315242,4,332
