background,muhlheim-ruhr_000000_001120.png
split,train
model,result_0793,0.19385667643998616,0.6326296031954737,1,208
