background,duisburg_000000_000262.png
split,train
model,result_0051,0.6329939712597382,0.7656276825323801,-1,333
model,result_0739,0.042816613403406034,0.7579719664316436,2,158
