background,stuttgart_000129_000019.png
split,train
model,result_0606,0.4139069198901989,0.5816467841194684,4,351
model,result_0082,0.917484126638024,0.6114683840608451,-4,147
