background,oberhausen_000000_000446.png
split,train
model,result_0989,0.237910013681371,0.507162427245933,-1,191
model,result_0803,0.7304832262756517,0.9721108574529769,-3,21
