background,wurzburg_000000_000144.png
split,train
model,result_0288,0.4484628410277113,0.6284611380733585,-1,126
model,result_0247,0.7353126943193523,0.41839117225814826,2,344
model,result_0239,0.935784443707073,0.8639198368329026,-3,147
