background,bayreuth_000000_000766.png
split,train
model,result_0632,0.21310212469215883,0.28281012378058656,-3,101
model,result_0357,0.3677258052585881,0.32480082091492124,-1,299
model,result_0046,0.9282049712507475,0.40367181983119327,2,34
