background,wuppertal_000000_001040.png
split,train
model,result_0999,0.5850166663667075,0.7814155663077225,-3,17
model,result_0510,0.3722890485544026,0.5207380504528056,3,11
model,result_0328,0.017517399658010246,0.7900081290855461,-1,320
