background,mannheim_000000_000613.png
split,train
model,result_0866,0.2841806268090702,0.8660114620593355,3,210
