background,oberhausen_000000_000729.png
split,train
model,result_0632,0.17723995136234938,0.7141801039770419,-3,135
model,result_0357,0.8370298578297563,0.5597072303738011,0,336
model,result_0046,0.3768587897098409,0.5352354904518793,-2,328
