background,duisburg_000000_000210.png
split,train
model,result_0694,0.1053514118617711,0.4070019138171496,2,350
model,result_0319,0.6639281075316152,0.9477358524398903,2,59
