background,augsburg_000000_000926.png
split,train
model,result_0154,0.33551474670391346,0.45849823893222463,-3,308
