background,dortmund_000000_000646.png
split,train
model,result_0051,0.9027875447696206,0.9816264143725271,3,219
model,result_0739,0.6688092880273635,0.5202406819107214,-4,249
model,result_0960,0.22431302751347804,0.4909408909348465,-1,324
