background,dortmund_000000_000247.png
split,train
model,result_0844,0.22586156842119087,0.9742076021159658,-4,97
model,result_0995,0.3350336809582716,0.48527934293880326,4,207
