background,wurzburg_000000_000796.png
split,train
model,result_0969,0.02185683024727192,0.606561418535884,3,95
