background,heilbronn_000000_000458.png
split,train
model,result_0602,0.4113530138868423,0.7959430582301792,-2,184
model,result_0024,0.7419953675423687,0.4284348005588541,1,256
