background,aachen_000025_000019.png
split,train
model,result_0163,0.5557183131791833,0.5842566189891281,2,273
