background,heilbronn_000000_000499.png
split,train
model,result_0199,0.628702991004066,0.5956492025101351,4,32
model,result_0060,0.05800628633168492,0.36234084059075733,3,220
