background,augsburg_000000_000567.png
split,train
model,result_0239,0.8873541715597915,0.5215470395895221,3,132
