background,heidelberg_000000_000167.png
split,train
model,result_0024,0.5135383303104217,0.26399239373579014,-2,170
model,result_0288,0.3554415886331598,0.9617148486241275,-2,227
