background,heilbronn_000000_000684.png
split,train
model,result_0844,0.0593001678396341,0.2674480595111607,0,163
model,result_0995,0.9424650996920375,0.6756050440921298,-2,9
