background,konstanz_000000_000290.png
split,train
model,result_0357,0.1479335015101113,0.6526069553308351,1,353
model,result_0046,0.42267365454618133,0.4671767244107735,1,268
model,result_0389,0.07226515180789939,0.5415432719513003,4,347
