background,muhlheim-ruhr_000000_000180.png
split,train
model,result_0477,0.4457281675493323,0.8134555964811229,-4,148
