background,heidelberg_000000_001078.png
split,train
model,result_0855,0.6838098423850615,0.7769073125459885,3,61
model,result_0338,0.38782585764645616,0.6632278723884191,1,185
model,result_0557,0.5939121548833978,0.8412737562261271,-2,230
