background,schweinfurt_000000_000690.png
split,train
model,result_0739,0.4398371586305845,0.41174338553820533,-1,201
model,result_0960,0.20780990639142916,0.6169749501147556,3,336
model,result_0632,0.717152870649285,0.40227277354336943,-4,69
