background,wurzburg_000000_000344.png
split,train
model,result_0996,0.03982993020625869,0.44575547904477997,2,273
