background,augsburg_000000_001092.png
split,train
model,result_0879,0.06212419012261905,0.4280474803587344,0,307
model,result_0542,0.5818743298821973,0.541043671715719,-3,246
