background,krefeld_000000_005252.png
split,train
model,result_0871,0.2076446069355572,0.3348708953678824,4,249
model,result_0878,0.07702955651963816,0.5195652736358495,-4,225
model,result_0004,0.8659205626115335,0.6925041660708744,0,159
