background,konstanz_000000_001170.png
split,train
model,result_0960,0.06058363965210267,0.8967441148097663,4,330
