background,wurzburg_000000_000508.png
split,train
model,result_0784,0.07637843942701994,0.2699285729310858,-3,85
