background,konstanz_000000_000058.png
split,train
model,result_0510,0.9569442328859573,0.731933105411442,2,296
model,result_0328,0.7369514743137008,0.8665500205950711,3,81
