background,duisburg_000000_000434.png
split,train
model,result_0319,0.9580841065948684,0.40814040765031634,0,94
model,result_0477,0.41671393121613765,0.6842081402848923,-4,43
model,result_0949,0.9544384600774508,0.3421576636127486,1,163
