background,heidelberg_000000_000677.png
split,train
model,result_0324,0.44865488557677724,0.6503640784536482,-4,5
model,result_0173,0.44230133519018333,0.8916213728831217,4,9
