background,konstanz_000000_001436.png
split,train
model,result_0632,0.9375756987477182,0.32785093312550084,-3,4
model,result_0357,0.9004792691589822,0.652970952809841,-2,239
model,result_0046,0.3796871054965202,0.3820827397340561,0,113
