background,konstanz_000000_000976.png
split,train
model,result_0386,0.1623378242273068,0.9453879457714621,-3,199
model,result_0979,0.7709300155198465,0.8200128677147287,2,343
