background,wurzburg_000000_001230.png
split,train
model,result_0969,0.7901799261922029,0.8560282855386406,-2,114
