background,mannheim_000000_000648.png
split,train
model,result_0024,0.13243877236938384,0.8138025104867509,1,324
model,result_0288,0.9333155682876999,0.7366721385426299,-2,294
model,result_0247,0.8367337597772786,0.41435655624073975,4,149
