background,duisburg_000000_000586.png
split,train
model,result_0586,0.38934259540005955,0.7438626550453168,-1,6
model,result_0989,0.25935597280550304,0.5639757729271637,-1,273
model,result_0803,0.10932817579861598,0.7282428277080939,-3,357
