background,augsburg_000000_000626.png
split,train
model,result_0288,0.6447283928482601,0.5417916732828478,-1,244
model,result_0247,0.20685274549773358,0.40562295209092114,-2,279
