background,duisburg_000000_000379.png
split,train
model,result_0602,0.23483393972439348,0.2667501380075327,1,150
