background,wurzburg_000000_000866.png
split,train
model,result_0510,0.34722956384918313,0.27404805781608954,2,40
model,result_0328,0.3320694634345337,0.8260883297615513,-1,214
