background,konstanz_000000_000502.png
split,train
model,result_0878,0.7247834461140202,0.8857415536846099,1,217
model,result_0004,0.09809472410491893,0.5304230187250125,4,197
