background,erlangen_000000_000247.png
split,train
model,result_0477,0.5336111299441362,0.3820616872052478,-2,318
model,result_0949,0.5011550115915613,0.47910168025194777,0,131
model,result_0324,0.6585238229525856,0.9251361092789068,-2,122
