background,konstanz_000000_000259.png
split,train
model,result_0247,0.38129008828890687,0.7070208073826092,-4,175
model,result_0239,0.9958628932381016,0.4586702918343808,0,115
