background,heidelberg_000000_000808.png
split,train
model,result_0968,0.2943449345192012,0.8613141373823952,0,159
model,result_0847,0.2453336379035781,0.4786787966894748,-1,126
