background,karlsruhe_000000_000368.png
split,train
model,result_0328,0.9110548929591918,0.4770028411545416,2,320
model,result_0879,0.576857861436233,0.38221945053043155,-1,228
model,result_0542,0.543153116743969,0.3641489469430816,3,22
