background,nuremberg_000000_000136.png
split,train
model,result_0775,0.9343007329137853,0.7078649972954232,-1,257
model,result_0075,0.2414786560255241,0.438432121088644,-1,154
