background,oberhausen_000000_000166.png
split,train
model,result_0991,0.726440559983715,0.9900628883178498,-2,33
model,result_0373,0.2629117521980857,0.7027634543862948,-3,149
model,result_0191,0.2862488155559738,0.9356599236138972,1,215
