background,oberhausen_000000_000394.png
split,train
model,result_0039,0.715983296556817,0.6589962158094289,-1,321
model,result_0386,0.7905407025042511,0.2963759314737587,-1,195
