background,bremen_000238_000019.png
split,train
model,result_0295,0.7422164585334977,0.8690969352345497,-2,261
model,result_0127,0.9098962976769076,0.40568012368279005,-3,345
