background,heilbronn_000000_000697.png
split,train
model,result_0193,0.8339163455228158,0.9443124467345808,4,14
model,result_0036,0.17053089704310842,0.2778921897980179,-3,87
