background,nuremberg_000000_000675.png
split,train
model,result_0386,0.5878999878948349,0.9587056597361939,2,175
model,result_0979,0.7410342151246748,0.2872132187212627,4,26
model,result_0871,0.47331604268948424,0.9292224468666568,0,353
