background,hamburg_000000_023472.png
split,train
model,result_0969,0.8438946189366,0.6558752417891034,-3,295
model,result_0793,0.17071625844297056,0.2563000453692828,1,87
model,result_0686,0.9944648512841688,0.6744196076858999,4,210
