background,schweinfurt_000000_000387.png
split,train
model,result_0288,0.8486757061667846,0.2992569598540934,1,288
model,result_0247,0.30840701937765036,0.27115262251341643,-3,343
model,result_0239,0.41235428962898224,0.9697104916748114,-4,355
