background,freiburg_000000_000045.png
split,train
model,result_0394,0.09382355610278692,0.68547397897046,-2,356
model,result_0163,0.608002591724952,0.44141106320622403,3,200
model,result_0657,0.867412919481991,0.5285656114853239,4,301
