background,konstanz_000000_000011.png
split,train
model,result_0357,0.18083123374043109,0.9234448372008598,-2,26
model,result_0046,0.7029099027442729,0.3356537625228695,3,333
