background,freiburg_000000_000191.png
split,train
model,result_0146,0.4403169660040588,0.2753635376564717,-3,252
model,result_0295,0.08019438076386609,0.9561942854153824,-2,203
