background,muhlheim-ruhr_000000_000073.png
split,train
model,result_0127,0.8634205234533643,0.4846134603078716,3,230
model,result_0022,0.6977172164554286,0.7800719689179112,4,110
model,result_0061,0.9149128447478612,0.8050439494658341,1,52
