background,karlsruhe_000000_000715.png
split,train
model,result_0969,0.22033954226736263,0.5632052978652036,0,214
model,result_0793,0.09273308273665326,0.9834695990355318,-1,201
