background,muhlheim-ruhr_000000_000593.png
split,train
model,result_0199,0.8065150697213547,0.4761406600497934,-2,351
model,result_0060,0.11562956942445668,0.6375653706217546,2,77
