background,duisburg_000000_000533.png
split,train
model,result_0945,0.642532047484997,0.3346875945903073,4,158
model,result_0612,0.9079173972890929,0.7337964612364187,3,305
model,result_0283,0.22825406728210773,0.9286944027570005,1,336
