background,bamberg_000000_000416.png
split,train
model,result_0981,0.5415692883274362,0.6036331013589857,-3,122
model,result_0527,0.8087155888699874,0.28971533823813844,4,139
model,result_0602,0.590507842492391,0.6286970383551824,1,82
