background,wurzburg_000000_000759.png
split,train
model,result_0879,0.8693637737322932,0.6702403305498976,2,325
model,result_0542,0.45741348971261575,0.44048687076858406,-2,155
