background,dortmund_000000_000614.png
split,train
model,result_0991,0.869903006628332,0.5230753330499689,-2,209
