background,muhlheim-ruhr_000000_000302.png
split,train
model,result_0328,0.6334495779861629,0.9737720020373684,-2,34
