background,muhlheim-ruhr_000000_001218.png
split,train
model,result_0080,0.0040881155367298305,0.9866314835422691,-1,308
model,result_0857,0.4592792556295807,0.3001460387450833,-2,276
model,result_0795,0.5783383875927073,0.7785712353403368,-4,184
