background,heilbronn_000000_000639.png
split,train
model,result_0082,0.027322504657497748,0.35228005455191874,1,61
model,result_0945,0.9824465119441764,0.7188716813972077,1,308
