background,dresden_000000_000226.png
split,train
model,result_0386,0.5129717030382903,0.4759172098114079,0,96
model,result_0979,0.6941781071727269,0.499287213715053,1,85
