background,freiburg_000000_000579.png
split,train
model,result_0022,0.10107109722302332,0.3377829308378788,-4,201
model,result_0061,0.25612237092674783,0.3358013792572495,4,297
model,result_0606,0.3658879441465491,0.5525349178354948,-4,57
