background,wurzburg_000000_000024.png
split,train
model,result_0215,0.5347635763700237,0.8408771709542209,0,136
