background,augsburg_000000_000094.png
split,train
model,result_0979,0.53128121555933,0.8389963707467893,3,37
