background,mannheim_000000_000246.png
split,train
model,result_0878,0.7087115266604458,0.4763430443087985,-2,332
model,result_0004,0.01752336475907257,0.5563619784558094,3,224
model,result_0931,0.62978007842524,0.6685604203425958,2,159
