background,wuppertal_000000_000583.png
split,train
model,result_0924,0.7172620808418194,0.8792117841483176,1,241
model,result_0866,0.37629614691976143,0.8596253887394574,0,114
