background,konstanz_000000_000772.png
split,train
model,result_0968,0.7522812315834688,0.36018206175748696,0,343
