background,konstanz_000000_001328.png
split,train
model,result_0060,0.09273226668889811,0.8372914041659455,-2,216
model,result_0080,0.3754404792934577,0.961135497701437,-3,23
