background,wurzburg_000000_000449.png
split,train
model,result_0646,0.6932033097227265,0.30280263037169974,-4,299
