background,muhlheim-ruhr_000000_000320.png
split,train
model,result_0046,0.8266795174067325,0.9417415962552796,3,354
model,result_0389,0.034197632151867774,0.631616801930829,2,2
model,result_0164,0.2769153002651389,0.5794626157604361,4,89
