background,konstanz_000000_000162.png
split,train
model,result_0388,0.1477896059466567,0.5892620735004785,4,147
