background,oberhausen_000000_000895.png
split,train
model,result_0385,0.4026535818949609,0.747927581237222,-1,118
model,result_0991,0.18693700892339848,0.26486272829876834,3,203
