background,zurich_000092_000019.png
split,train
model,result_0983,0.4457012236379361,0.8485500561942484,3,99
