background,karlsruhe_000000_000375.png
split,train
model,result_0288,0.7318930536241788,0.4123715365167266,2,206
model,result_0247,0.1314172163326034,0.7133210780860424,4,173
model,result_0239,0.6370753843119864,0.37797974529217826,2,240
