background,wurzburg_000000_000014.png
split,train
model,result_0039,0.7668156759962743,0.6016482494566671,-2,105
model,result_0386,0.8208236643711505,0.7318501554906247,0,317
