background,oberhausen_000000_000333.png
split,train
model,result_0602,0.41858272528215157,0.9695559459483019,2,359
