background,dortmund_000000_001024.png
split,train
model,result_0338,0.39910021438052135,0.9953881910323965,-2,229
model,result_0557,0.9115888094949716,0.8196820896117194,3,298
