background,jena_000002_000019.png
split,train
model,result_0914,0.9182304461937828,0.8449181834612736,-4,189
model,result_0193,0.23595040272160783,0.30085048682380716,3,303
