background,karlsruhe_000000_000741.png
split,train
model,result_0022,0.7970099766803012,0.8742754917720572,0,325
model,result_0061,0.119111572127923,0.8612883867758825,-4,272
