background,augsburg_000000_000847.png
split,train
model,result_0996,0.7247113847549338,0.8214435381829228,2,157
model,result_0266,0.5597477482277027,0.7667180384780475,2,273
