background,bayreuth_000000_000440.png
split,train
model,result_0127,0.7771394538657548,0.6746364728065846,4,302
