background,heilbronn_000000_000528.png
split,train
model,result_0602,0.48647872334631526,0.4227640628046847,0,308
model,result_0024,0.11420758255439578,0.8196016967407311,-2,292
model,result_0288,0.5973954434055808,0.4231844068325987,1,117
