background,wurzburg_000000_000859.png
split,train
model,result_0879,0.1647076739282073,0.6029902546496478,4,176
