background,freiburg_000000_000405.png
split,train
model,result_0805,0.7771055786561991,0.8290908133905035,-3,98
model,result_0039,0.38049555548083125,0.6459382036781457,-1,195
