background,dortmund_000000_000970.png
split,train
model,result_0606,0.1563887517510486,0.2886024539666402,4,225
model,result_0082,0.20855535756397003,0.2927350605798369,-2,71
model,result_0945,0.20966869334768568,0.9229200482533224,1,140
