background,dortmund_000000_000806.png
split,train
model,result_0969,0.6660100891856581,0.5534790046019216,4,70
model,result_0793,0.22002578389381455,0.969304848593814,-3,226
model,result_0686,0.8582481154420193,0.39573231450646773,3,353
