background,nuremberg_000000_000971.png
split,train
model,result_0795,0.2711824610295652,0.7724826122847059,2,261
model,result_0388,0.8854343228676127,0.896002319720016,-4,50
model,result_0499,0.5429984775461083,0.42841374645226166,1,157
