background,heidelberg_000000_000713.png
split,train
model,result_0484,0.7598456289183587,0.4965390406808968,2,269
