background,dortmund_000000_000895.png
split,train
model,result_0215,0.6972297657182762,0.5800396143955798,2,148
model,result_0332,0.8855907605747068,0.5735535129301843,0,73
