background,wuppertal_000000_000915.png
split,train
model,result_0173,0.6297946307977251,0.7579597391001085,3,288
