background,heidelberg_000000_000980.png
split,train
model,result_0562,0.7974523196538622,0.36409723989620535,-1,175
model,result_0215,0.8507515063413734,0.9104039342553278,0,58
