background,bayreuth_000000_000741.png
split,train
model,result_0602,0.9267930148741513,0.34938140309487303,-2,266
model,result_0024,0.6597651823840478,0.6656628956830095,3,249
model,result_0288,0.8607529539689689,0.7694695371100561,-3,204
