background,oberhausen_000000_000408.png
split,train
model,result_0914,0.013161926631409249,0.9394023586843225,-2,322
