background,duisburg_000000_000514.png
split,train
model,result_0632,0.8423810870167452,0.5782816271171528,-3,175
