background,duisburg_000000_000719.png
split,train
model,result_0295,0.0992446692811012,0.4374343153166854,-1,293
model,result_0127,0.7123528082807629,0.9022533933019146,-1,0
