background,muhlheim-ruhr_000000_000779.png
split,train
model,result_0562,0.46313333589740413,0.5583247786797125,1,307
model,result_0215,0.6167946144694645,0.8854032551568802,-4,312
