background,heidelberg_000000_000344.png
split,train
model,result_0969,0.7349166295288476,0.878874454253589,-3,141
model,result_0793,0.9673571590408596,0.9666517987570463,-1,134
