background,dortmund_000000_000911.png
split,train
model,result_0477,0.6546867660292502,0.539730055973543,-3,256
model,result_0949,0.902565291980248,0.403896235290116,-2,354
