background,augsburg_000000_000227.png
split,train
model,result_0046,0.24926379170342639,0.9769660327523306,-2,230
