background,mannheim_000000_001156.png
split,train
model,result_0386,0.7673828773209855,0.4800489684812339,-1,262
