background,freiburg_000000_000469.png
split,train
model,result_0319,0.9467914891559533,0.8871975718957407,-1,22
model,result_0477,0.43740040937203284,0.4174111851887057,-1,307
model,result_0949,0.9754956608823153,0.3036570385421773,-2,247
