background,schweinfurt_000000_000478.png
split,train
model,result_0357,0.7331423181149772,0.26495108816125157,-3,34
model,result_0046,0.21216901716794734,0.4031435889818108,-4,116
model,result_0389,0.4038083287711246,0.48390512995480894,-2,212
