background,konstanz_000000_001123.png
split,train
model,result_0046,0.9346047876780177,0.6026037476470363,-2,193
model,result_0389,0.7110304611025537,0.6742238987643583,2,246
