background,karlsruhe_000000_000902.png
split,train
model,result_0389,0.48007670511628686,0.5968510639701728,-2,70
