background,muhlheim-ruhr_000000_000703.png
split,train
model,result_0586,0.08739087092106912,0.39190774081361346,-1,1
model,result_0989,0.19850122507854384,0.7721165261035277,-3,243
model,result_0803,0.5862075173363501,0.7427732489595538,3,325
