background,muhlheim-ruhr_000000_000981.png
split,train
model,result_0989,0.4488845116453606,0.8561211937183165,-2,68
