background,wurzburg_000000_000534.png
split,train
model,result_0324,0.7760326376660241,0.6961243844777107,4,278
