background,saarbrucken_000000_000541.png
split,train
model,result_0319,0.7397041822117756,0.9200918570556386,0,90
model,result_0477,0.23406449403830076,0.2650890729838909,-3,227
model,result_0949,0.31960223501684015,0.7497515389962276,3,314
