background,konstanz_000000_000316.png
split,train
model,result_0499,0.2426343553476038,0.9138306936683591,4,172
model,result_0844,0.2401924084829976,0.44296965853638265,-2,301
