background,dresden_000000_000228.png
split,train
model,result_0394,0.22789574241437005,0.7123079811067052,0,223
