background,freiburg_000000_000263.png
split,train
model,result_0163,0.7258008778280142,0.8634666141727535,2,211
