background,muhlheim-ruhr_000000_000342.png
split,train
model,result_0646,0.8730427719973058,0.5446773510506216,4,147
model,result_0586,0.8785852785439928,0.8879618529799082,-4,207
