background,oberhausen_000000_000166.png
split,train
model,result_0215,0.33579437374689747,0.6827230270537676,2,79
model,result_0332,0.2667704792966007,0.37351665222934005,-3,284
