background,karlsruhe_000000_000632.png
split,train
model,result_0678,0.9357973045800773,0.5611620501265022,-2,272
model,result_0784,0.3389884324731931,0.5653688793324695,4,165
