background,wuppertal_000000_000033.png
split,train
model,result_0879,0.7557229209756792,0.32991179960396655,1,295
model,result_0542,0.16149840731008658,0.873789125659427,3,250
model,result_0674,0.9436639123441399,0.9010025048752514,-4,2
