background,muhlheim-ruhr_000000_001107.png
split,train
model,result_0319,0.4170729448037296,0.5746666261353651,-4,102
