background,heidelberg_000000_000199.png
split,train
model,result_0795,0.4815666469436126,0.7215344809249136,-2,55
