background,heilbronn_000000_000149.png
split,train
model,result_0472,0.2372370666380994,0.4393627011018867,4,261
model,result_0981,0.10050189841350166,0.4050596467323908,-2,7
model,result_0527,0.12503038673811562,0.8231988461624056,-1,104
