background,jena_000038_000019.png
split,train
model,result_0586,0.7389545739873514,0.56134596339446,1,287
