background,augsburg_000000_001129.png
split,train
model,result_0871,0.8084264219076652,0.8878513852599168,4,289
