background,freiburg_000000_000125.png
split,train
model,result_0991,0.8196401859911662,0.49426674006237586,0,89
