background,duisburg_000000_000108.png
split,train
model,result_0857,0.9403087189199734,0.39359328678921524,3,50
model,result_0795,0.38956625230680664,0.5197699364230546,-2,135
model,result_0388,0.5752670564176262,0.43220057293348646,-3,348
