background,nuremberg_000000_001328.png
split,train
model,result_0173,0.8866177413903938,0.25271414659938707,1,310
model,result_0751,0.590701100058403,0.3704156109210947,-3,273
model,result_0678,0.04372050983965481,0.7277465737007537,1,19
