background,oberhausen_000000_000036.png
split,train
model,result_0739,0.20518577184219122,0.6216736351736367,-1,311
model,result_0960,0.9159022891492664,0.8730960569488773,-4,28
