background,konstanz_000000_000381.png
split,train
model,result_0075,0.9388730339090339,0.8879831716754474,1,316
model,result_0992,0.14519718106220125,0.5500804073951698,-2,330
model,result_0394,0.8166695406713382,0.45357979814251115,2,29
