background,dresden_000000_000030.png
split,train
model,result_0004,0.0659669139505733,0.8884917787826363,-4,320
model,result_0931,0.1954320473983483,0.5883161960753613,1,102
model,result_0123,0.46800314006588384,0.38829239584923386,-3,226
