background,bayreuth_000000_000446.png
split,train
model,result_0386,0.1120289580575452,0.6929599990377046,0,277
model,result_0979,0.21058315301903396,0.7513656273931089,3,238
