background,augsburg_000000_000966.png
split,train
model,result_0338,0.010645587640010445,0.5871324776644024,0,131
