background,muhlheim-ruhr_000000_000532.png
split,train
model,result_0793,0.3540166340501314,0.9433495230583053,-4,287
model,result_0686,0.6091586368375468,0.3133355065724609,-1,115
model,result_0805,0.3871426467279113,0.8298121231640327,-4,241
