background,darmstadt_000044_000019.png
split,train
model,result_0862,0.2532134496509971,0.8337693967707471,-4,118
