background,heidelberg_000000_000205.png
split,train
model,result_0367,0.0408056298202365,0.8414032853736432,-1,6
model,result_0822,0.3978920824118417,0.9044565979938513,4,346
model,result_0855,0.27448911862062486,0.9931020775829372,4,224
