background,heilbronn_000000_000604.png
split,train
model,result_0968,0.22202150391961395,0.9340042132842227,3,22
model,result_0847,0.10759182635536801,0.6138954013403743,1,280
model,result_0646,0.39986102038539895,0.8373047213250804,-1,193
