background,oberhausen_000000_000770.png
split,train
model,result_0080,0.07025997673039219,0.26827280260970265,1,175
model,result_0857,0.9725895957674637,0.7653807687481925,0,348
