background,augsburg_000000_000258.png
split,train
model,result_0945,0.8978895167844255,0.9759174255458654,4,59
model,result_0612,0.3611858008784882,0.2763831046105774,3,21
model,result_0283,0.05220145313145108,0.721259143015093,4,60
