background,saarbrucken_000000_000541.png
split,train
model,result_0996,0.8221018844194373,0.7494431535726953,2,25
model,result_0266,0.2418926128758938,0.9851698958701215,-2,33
model,result_0862,0.09720326716378802,0.8909385959732419,1,243
