background,weimar_000137_000019.png
split,train
model,result_0862,0.4973398105857775,0.29284167621050783,2,121
