background,nuremberg_000000_001024.png
split,train
model,result_0612,0.7486527541506959,0.891473431987781,-2,328
