background,wurzburg_000000_000985.png
split,train
model,result_0602,0.5797943637437971,0.9742323203435499,4,250
model,result_0024,0.24001216904285783,0.9085719560906677,-3,194
