background,karlsruhe_000000_000003.png
split,train
model,result_0484,0.27308141824030185,0.52444987239084,-4,204
model,result_0861,0.6862579417975666,0.45663670077772,3,24
model,result_0882,0.8853550728602934,0.7365584185886467,1,333
