background,muhlheim-ruhr_000000_000582.png
split,train
model,result_0477,0.7486873851912317,0.8752963708998418,-2,154
model,result_0949,0.3744739217840354,0.7023777987869914,2,61
