background,strasbourg_000000_035571.png
split,train
model,result_0338,0.644342311500185,0.9782610371708487,-1,349
