background,karlsruhe_000000_000413.png
split,train
model,result_0879,0.8981614041647029,0.4792447498455067,1,185
model,result_0542,0.7663711177010627,0.7930378716161354,-4,310
model,result_0674,0.12669519623818926,0.9469001296223741,3,243
