background,schweinfurt_000000_000588.png
split,train
model,result_0995,0.33070433078565753,0.618813930506884,-1,267
model,result_0969,0.44419540992071027,0.68302068419001,3,301
