background,bochum_000000_001097.png
split,train
model,result_0218,0.22827958595443454,0.2760935934380905,2,102
model,result_0694,0.9766645906975099,0.37966756979909255,2,152
model,result_0319,0.31445235121754356,0.8350383265269079,3,100
