background,karlsruhe_000000_000596.png
split,train
model,result_0945,0.9753965554659887,0.4911395641833444,-3,190
