background,bayreuth_000000_000545.png
split,train
model,result_0127,0.049881828118759075,0.31835579918550877,-1,70
