background,heilbronn_000000_000017.png
split,train
model,result_0739,0.6503023304578286,0.35780697292773267,4,180
model,result_0960,0.3250837626674039,0.29227610481385924,-1,342
model,result_0632,0.38266450043399114,0.6825245856790738,3,147
