background,oberhausen_000000_000401.png
split,train
model,result_0154,0.7215765909173072,0.26657445346068837,-1,340
model,result_0562,0.7026640514615528,0.3326884447039449,3,184
model,result_0215,0.26517075911739085,0.6303122158292626,-2,219
