background,heilbronn_000000_000336.png
split,train
model,result_0784,0.6688242996919991,0.5375462950073951,-2,259
model,result_0924,0.5098383242849881,0.6093183934035341,4,232
