background,augsburg_000000_001020.png
split,train
model,result_0989,0.17805251547173462,0.6607255599866242,-1,28
model,result_0803,0.8799493439457058,0.5697746088834019,-4,106
