background,freiburg_000000_000578.png
split,train
model,result_0394,0.8923759887404438,0.8802461361050963,3,131
model,result_0163,0.3769194352670606,0.5749416408590631,0,82
model,result_0657,0.36271729953242604,0.45906271824904205,4,326
