background,nuremberg_000000_000817.png
split,train
model,result_0328,0.9700690090894228,0.8239977011626423,1,237
model,result_0879,0.7100248901022637,0.583277467552525,3,182
model,result_0542,0.462568552351564,0.8504336856521246,1,88
