background,muhlheim-ruhr_000000_001145.png
split,train
model,result_0784,0.9386219298078564,0.2737417293481649,-2,150
model,result_0924,0.26260196289002613,0.7546890202833063,-1,253
