background,dresden_000000_000183.png
split,train
model,result_0324,0.24913308838203674,0.6096791335073819,1,154
