background,oberhausen_000000_000638.png
split,train
model,result_0805,0.015070101258792934,0.32794201903488396,-2,109
model,result_0039,0.04636647744000966,0.25023293969639626,-4,98
