background,heilbronn_000000_000193.png
split,train
model,result_0686,0.13840641031010115,0.558033078731264,2,264
model,result_0805,0.42977148918721475,0.6260702573533973,1,116
