background,wurzburg_000000_001239.png
split,train
model,result_0389,0.3416943164163896,0.6444183530254691,0,173
