background,freiburg_000000_000375.png
split,train
model,result_0295,0.1695237261241166,0.8050717080637936,-3,9
