background,schweinfurt_000000_000180.png
split,train
model,result_0075,0.796925314025479,0.7575895648262057,-2,174
model,result_0992,0.08604591190576694,0.5205985159139643,4,306
model,result_0394,0.5649879140696927,0.784244990405422,0,183
