background,nuremberg_000000_001474.png
split,train
model,result_0882,0.2603527951324871,0.8710293962477405,-4,42
