background,wurzburg_000000_000987.png
split,train
model,result_0996,0.9440306224002655,0.9801221005015961,1,153
model,result_0266,0.3547019639573926,0.7997657026755569,-3,222
