background,bayreuth_000000_000771.png
split,train
model,result_0968,0.5143143553309546,0.4836483624411772,0,233
