background,karlsruhe_000000_001144.png
split,train
model,result_0999,0.5822047852520369,0.4224542394635347,1,70
