background,bayreuth_000000_000031.png
split,train
model,result_0193,0.7872266428074095,0.8152854392632133,-2,140
