background,karlsruhe_000000_000805.png
split,train
model,result_0319,0.29404414157501446,0.4088013113977619,-3,83
model,result_0477,0.0199611615675791,0.830050699385311,-3,306
