background,bayreuth_000000_000446.png
split,train
model,result_1000,0.13527562643456315,0.33576908177139736,2,72
model,result_0367,0.12521556915747123,0.5608309769160958,4,27
model,result_0822,0.9812729591071797,0.8830266348799023,-1,315
