background,oberhausen_000000_000685.png
split,train
model,result_0657,0.7818180329044667,0.7243051906098628,2,287
model,result_0914,0.6124558408615671,0.28073259289515456,-1,303
model,result_0193,0.6196623903840689,0.46501341946793096,2,4
