background,augsburg_000000_000503.png
split,train
model,result_0751,0.9927474527261185,0.2660646721322879,-2,309
model,result_0678,0.15438327795235385,0.9273147615534076,-3,4
