background,wurzburg_000000_001434.png
split,train
model,result_0678,0.2830563353839929,0.5805560188307557,4,260
model,result_0784,0.5813975668964863,0.9125100654316703,-3,193
