background,dortmund_000000_000841.png
split,train
model,result_0080,0.7697082410296656,0.8454312841651113,2,81
