background,duisburg_000000_000432.png
split,train
model,result_0373,0.6707144512118324,0.48143029380605235,-1,152
model,result_0191,0.503821366152043,0.7138658781373677,-3,353
model,result_0775,0.000979932209735468,0.6848307379265371,-3,115
