background,konstanz_000000_000339.png
split,train
model,result_0544,0.1209600819548613,0.38992409160118446,-4,66
model,result_0999,0.2409778650204102,0.494413336459937,-1,57
