background,nuremberg_000000_001345.png
split,train
model,result_0686,0.3563961868350196,0.8836819093022679,1,315
model,result_0805,0.16505652955178052,0.6160331977079008,-2,226
