background,heidelberg_000000_000256.png
split,train
model,result_0979,0.49166680389419426,0.5337212937188419,-3,151
model,result_0871,0.49219022758664677,0.5658131979148494,4,119
model,result_0878,0.20017582867879402,0.5221580286670561,1,164
