background,mannheim_000000_000167.png
split,train
model,result_0075,0.7242328810090203,0.45454905585040095,4,144
