background,heilbronn_000000_000131.png
split,train
model,result_0586,0.9794786466460839,0.7289443515200442,-3,35
model,result_0989,0.2227745503391999,0.4076732884563956,-3,109
model,result_0803,0.7906909051479593,0.5908921995187775,1,347
