background,konstanz_000000_000055.png
split,train
model,result_0612,0.9751493532808807,0.8895358057830249,-1,31
model,result_0283,0.7550869639190073,0.40851180945228227,1,195
