background,muhlheim-ruhr_000000_000974.png
split,train
model,result_0751,0.272261595159663,0.9986012339813408,-1,36
