background,dortmund_000000_000337.png
split,train
model,result_0022,0.025642111457456873,0.5945026943451219,-3,249
model,result_0061,0.2427257046223208,0.5597601506899247,1,267
model,result_0606,0.8247320392062517,0.517268174189659,-3,59
