background,erfurt_000096_000019.png
split,train
model,result_0844,0.49346307356632646,0.2606161609675356,3,307
model,result_0995,0.5888897718286742,0.9121374382343008,-1,6
model,result_0969,0.8605971247605616,0.4560969159354527,0,128
