background,dortmund_000000_000110.png
split,train
model,result_0484,0.8143722929885421,0.8243458083780909,-1,167
model,result_0861,0.4705269370178222,0.7925446355048871,4,300
model,result_0882,0.6965984780093107,0.9863844116870086,0,92
