background,karlsruhe_000000_000888.png
split,train
model,result_0127,0.04191024752050987,0.29116542935767664,1,108
model,result_0022,0.8217953482019034,0.27532578812283826,4,32
