background,schweinfurt_000000_000706.png
split,train
model,result_0861,0.9675005185482575,0.885249503617136,0,5
model,result_0882,0.38511951064129935,0.554963369737251,-1,55
