background,heidelberg_000000_000818.png
split,train
model,result_0510,0.9796647220168501,0.4719977996805773,3,73
model,result_0328,0.2950029199502997,0.7842550150561209,-4,11
model,result_0879,0.5437101160690546,0.7750688486177343,2,271
