background,oberhausen_000000_000298.png
split,train
model,result_0879,0.48327952723150425,0.8070421493450279,-4,258
