background,heilbronn_000000_000637.png
split,train
model,result_0389,0.21513435514503032,0.27975974066357295,-1,97
model,result_0164,0.9839446574344118,0.8946733423404138,-1,116
