background,wurzburg_000000_000464.png
split,train
model,result_0163,0.7184172499850947,0.52966156726162,3,224
