background,muhlheim-ruhr_000000_000314.png
split,train
model,result_0606,0.21416997019119843,0.6539233274240862,-1,193
model,result_0082,0.49729260401466546,0.5727015740662067,1,175
