background,augsburg_000000_000627.png
split,train
model,result_0191,0.730158963806379,0.6596574680222359,-4,159
