background,konstanz_000000_001231.png
split,train
model,result_0992,0.11156576384885108,0.504874994625982,-4,53
model,result_0394,0.12390247577629121,0.6689669658179194,-1,137
