background,konstanz_000000_000858.png
split,train
model,result_0193,0.19693634469063936,0.5801475389938928,-4,68
