background,schweinfurt_000000_000670.png
split,train
model,result_0163,0.6982454145216679,0.307082394182083,-2,105
