background,bremen_000266_000019.png
split,train
model,result_0542,0.6364680032143932,0.9921211579288975,0,78
model,result_0674,0.35416787317216747,0.7628759089728233,3,178
model,result_0146,0.42134757545140855,0.2655036466364391,-2,147
