background,dusseldorf_000030_000019.png
split,train
model,result_0319,0.9786890631991327,0.5120312500394096,-1,72
model,result_0477,0.4497139867263432,0.27706245413595804,2,31
