background,freiburg_000000_000199.png
split,train
model,result_0046,0.7002417939388922,0.3603436950773104,2,317
model,result_0389,0.7971712615330672,0.9128757289754592,3,205
model,result_0164,0.4868817521357678,0.38527314242028954,3,106
