background,augsburg_000000_000099.png
split,train
model,result_0527,0.44938994190666737,0.31148070587690085,-4,10
model,result_0602,0.5910934078991982,0.31427494582551296,-2,84
model,result_0024,0.5745362548604201,0.8013933728695933,4,358
