background,bayreuth_000000_000196.png
split,train
model,result_0795,0.50660701327998,0.8887318390993447,-4,227
model,result_0388,0.3072017766674995,0.7039827243450072,-2,261
model,result_0499,0.43910229166877923,0.4571840312387867,4,180
