background,freiburg_000000_000514.png
split,train
model,result_0527,0.708772196476529,0.8272801799149136,4,253
model,result_0602,0.13283265786860476,0.43364344572642743,-4,279
