background,wurzburg_000000_000892.png
split,train
model,result_0945,0.7384947392275542,0.646750741766301,-1,17
model,result_0612,0.7215328556826124,0.6908199209146596,4,202
model,result_0283,0.11389747500935532,0.4907303932178968,2,266
