background,karlsruhe_000000_001097.png
split,train
model,result_0862,0.542962442699584,0.5375512405857804,4,279
model,result_0524,0.14178520004245543,0.9262356183742356,3,115
model,result_0199,0.13977910780294556,0.9042723909716518,3,113
