background,hanover_000000_034560.png
split,train
model,result_0882,0.021435151435627464,0.9447559924260366,0,48
model,result_0467,0.4041994747934706,0.5769942377191919,3,80
