background,augsburg_000000_000847.png
split,train
model,result_0036,0.5375242533551766,0.3703279445965829,-2,143
