background,mannheim_000000_000115.png
split,train
model,result_0389,0.22402864171003933,0.5714063103537647,-3,137
