background,augsburg_000000_000006.png
split,train
model,result_0283,0.22993253019004067,0.3423326349243339,1,292
model,result_0968,0.37176445361717214,0.30182629584539594,1,246
