background,dortmund_000000_000700.png
split,train
model,result_0324,0.7047361026079426,0.29200099818963765,-2,226
model,result_0173,0.5758001533957567,0.7014168486354166,3,354
model,result_0751,0.8568996962615084,0.48216046514093713,0,192
