background,freiburg_000000_000531.png
split,train
model,result_0586,0.5580340114641835,0.9051640582205612,3,59
model,result_0989,0.8037109130602882,0.9697140811545615,0,32
model,result_0803,0.6939315119690974,0.6171831439257788,4,197
