background,duisburg_000000_000166.png
split,train
model,result_0739,0.45327287013052864,0.9987063508588051,-2,249
model,result_0960,0.7859184329560723,0.8173876504688188,-3,115
