background,muhlheim-ruhr_000000_000367.png
split,train
model,result_0882,0.2760052522386507,0.9685768107730133,-1,14
model,result_0467,0.8394098069629484,0.7387574790895882,0,144
