background,heidelberg_000000_000789.png
split,train
model,result_0795,0.22283621874448334,0.27069810139930517,0,252
model,result_0388,0.5534847683561299,0.850316335698548,-2,326
model,result_0499,0.8491911198826724,0.8772953931497404,2,148
