background,wurzburg_000000_001486.png
split,train
model,result_0164,0.5562666458590646,0.8076052293057426,2,92
model,result_0440,0.10950412961024758,0.8253626454250658,-4,120
