background,oberhausen_000000_000860.png
split,train
model,result_0879,0.25602873675212245,0.8273175580098139,-2,332
model,result_0542,0.5108712747842886,0.6541161139924954,1,202
