background,wurzburg_000000_001305.png
split,train
model,result_0075,0.48255050184172055,0.5881204370440155,0,23
model,result_0992,0.45648856906012314,0.527331670277454,-2,107
