background,freiburg_000000_000311.png
split,train
model,result_0218,0.2145899430879019,0.4507225397901694,-2,355
model,result_0694,0.389625507850736,0.9195454736519025,-1,229
model,result_0319,0.9089462544235105,0.3482465384223215,-3,36
