background,nuremberg_000000_000968.png
split,train
model,result_0215,0.2791856943491018,0.7025074242683252,1,233
model,result_0332,0.1825065368643688,0.8526106956962616,3,33
model,result_0385,0.36783848252861495,0.48681662852191276,3,234
