background,wuppertal_000000_000909.png
split,train
model,result_0163,0.1823190025159399,0.46732339332237577,-1,79
model,result_0657,0.3647336728838553,0.3275843822371358,-2,345
