background,oberhausen_000000_000480.png
split,train
model,result_0527,0.8049747278392186,0.5972123243188476,-1,102
