background,schweinfurt_000000_000036.png
split,train
model,result_0484,0.7635774789229214,0.6917282175831606,4,277
