background,augsburg_000000_000105.png
split,train
model,result_0686,0.28680366287521053,0.5761351098321112,-3,204
model,result_0805,0.8002736895289678,0.42544849850649796,2,34
