background,bayreuth_000000_000103.png
split,train
model,result_1000,0.7862902396651729,0.4094997401646866,-1,167
model,result_0367,0.5341418906237367,0.5693239403165271,2,170
model,result_0822,0.7303873946438091,0.8237569118523583,-2,112
