background,wurzburg_000000_000818.png
split,train
model,result_0674,0.5997476097775025,0.683088348559774,-3,245
model,result_0146,0.7534677739440209,0.668844384140557,0,323
model,result_0295,0.6907760824349255,0.41377892952679585,-3,294
