background,bayreuth_000000_000416.png
split,train
model,result_0646,0.4076176000393068,0.7157096045786626,3,187
model,result_0586,0.15669104532374478,0.5477875263379635,3,296
