background,bayreuth_000000_000267.png
split,train
model,result_0871,0.6750782221901397,0.4455943398635218,0,262
model,result_0878,0.14696543658928485,0.4216450116077996,2,130
