background,konstanz_000000_001290.png
split,train
model,result_0283,0.9240715161239997,0.6089692505231247,-2,246
model,result_0968,0.7581860049349659,0.9572320058532482,4,20
