background,konigswinter_000000_000039.png
split,train
model,result_0338,0.3111770219908436,0.8778349315888458,-2,164
model,result_0557,0.3338389677349868,0.5689879862570322,-1,8
model,result_0544,0.9495979517184391,0.9706506465228493,-1,251
