background,nuremberg_000000_000993.png
split,train
model,result_0694,0.5366908294220818,0.6586837199256079,-1,351
model,result_0319,0.02025675249568981,0.8219762400805243,4,202
