background,muhlheim-ruhr_000000_000961.png
split,train
model,result_0968,0.2545870364142746,0.8580533923518612,0,311
