background,dresden_000000_000193.png
split,train
model,result_0562,0.13441701987277233,0.5012943362518434,1,172
model,result_0215,0.31620442731779297,0.7152080809806844,0,194
model,result_0332,0.0668544185360026,0.7496039617810217,-4,120
