background,wurzburg_000000_001055.png
split,train
model,result_0983,0.2345000426936521,0.30451401039829673,1,233
model,result_0996,0.7221141727914434,0.9796714130550381,-3,190
model,result_0266,0.9215090970948812,0.9984022926314683,-1,299
