background,oberhausen_000000_000728.png
split,train
model,result_0992,0.2424262128780511,0.6425190000340852,-2,179
