background,dusseldorf_000054_000019.png
split,train
model,result_0775,0.11363665212501761,0.40580371809774873,-1,137
model,result_0075,0.8495905145937087,0.7851480630350447,3,215
model,result_0992,0.41481111143011307,0.2579329742726687,-4,227
