background,heidelberg_000000_000343.png
split,train
model,result_0544,0.5573230716828299,0.6957754563119748,2,60
