background,wurzburg_000000_000197.png
split,train
model,result_0332,0.7071365097978861,0.9303497241103069,3,197
model,result_0385,0.10791789016463182,0.48897635393057665,2,214
model,result_0991,0.8288503434569643,0.7868361676031034,4,19
