background,duisburg_000000_000436.png
split,train
model,result_0602,0.30804466738448766,0.3981058202237824,3,323
