background,wuppertal_000000_000846.png
split,train
model,result_0046,0.6154883397879303,0.6738889839765644,-3,157
model,result_0389,0.28101601601375736,0.9509700949759268,-1,165
model,result_0164,0.19254926885333679,0.7312111559886103,-1,153
