background,heidelberg_000000_000354.png
split,train
model,result_0606,0.12444992215216122,0.8674104747365678,2,272
