background,duisburg_000000_000787.png
split,train
model,result_0524,0.6174250089047154,0.9150989346320321,3,220
model,result_0199,0.1634004121272481,0.37067703966882615,1,283
model,result_0060,0.8188252011372888,0.2895686483928531,-2,133
