background,strasbourg_000001_057129.png
split,train
model,result_0999,0.1862394017177772,0.6286365317279701,2,198
model,result_0510,0.2650792843380335,0.7265364052686483,-1,292
