background,heilbronn_000000_000512.png
split,train
model,result_0324,0.04530694407023861,0.8019003446598956,0,103
model,result_0173,0.4236873806478594,0.8826460316996121,0,283
model,result_0751,0.1310177529293044,0.9401241358924268,-1,142
