background,muhlheim-ruhr_000000_001193.png
split,train
model,result_0686,0.4930989507057397,0.43758535106940893,3,221
model,result_0805,0.4411200850559952,0.4020528073004005,4,330
model,result_0039,0.20420705932397964,0.31319676385135314,-2,44
