background,konstanz_000000_001389.png
split,train
model,result_0247,0.7230812136015204,0.8188042248072815,3,323
model,result_0239,0.4418636368540675,0.45058847452755263,3,148
