background,erlangen_000000_000174.png
split,train
model,result_0060,0.2541244039775694,0.5225672314653288,0,229
model,result_0080,0.5012357475576089,0.47072736719867025,4,191
