background,nuremberg_000000_001349.png
split,train
model,result_0388,0.4396499098659369,0.3216579018578164,4,317
model,result_0499,0.9869489012842488,0.6681857741720998,2,213
model,result_0844,0.20854238256922963,0.7078055422239784,3,8
