background,heidelberg_000000_000457.png
split,train
model,result_0218,0.8998668930010834,0.9623331600846186,-4,121
model,result_0694,0.37591880239158415,0.837440883089873,4,347
