background,hanover_000000_034141.png
split,train
model,result_0686,0.33949383929456056,0.5468391843420622,-1,121
model,result_0805,0.8825523695713767,0.7786752650862151,-4,333
model,result_0039,0.1763546177573584,0.7173596276793485,-1,36
