background,wuppertal_000000_000533.png
split,train
model,result_0803,0.9596360457635817,0.3787759511859052,-2,128
