background,oberhausen_000000_000759.png
split,train
model,result_0686,0.5713087188437715,0.4798486975864654,1,86
model,result_0805,0.9817968963416575,0.6070603204781767,-3,333
