background,zurich_000082_000019.png
split,train
model,result_0562,0.6346713018639457,0.9244277430024055,4,360
model,result_0215,0.3820963099778566,0.32404764726403723,2,218
