background,muhlheim-ruhr_000000_000984.png
split,train
model,result_0338,0.9370549144932562,0.7919962053080918,3,266
