background,stuttgart_000119_000019.png
split,train
model,result_0295,0.9629267974581308,0.988150299135932,-1,188
model,result_0127,0.947994669443505,0.7009948283424592,-2,3
