background,wurzburg_000000_000335.png
split,train
model,result_0992,0.876248971900704,0.4628839065563766,3,262
