background,freiburg_000000_000290.png
split,train
model,result_0389,0.4936745133094247,0.3785148387391506,-4,208
model,result_0164,0.8808846035031328,0.41841257251284475,0,252
