background,wurzburg_000000_001380.png
split,train
model,result_0524,0.32241989928414927,0.5613626019032805,4,0
model,result_0199,0.40783000846524065,0.5652689134476702,4,36
model,result_0060,0.4008873086702357,0.39788012372975345,0,242
