background,wuppertal_000000_000925.png
split,train
model,result_0060,0.4671344272927874,0.7009870352764311,0,202
