background,oberhausen_000000_000085.png
split,train
model,result_0657,0.27949091962827577,0.9654641640976003,1,52
model,result_0914,0.4467357551575891,0.2511393038812803,1,79
