background,wuppertal_000000_000905.png
split,train
model,result_0385,0.531084548279836,0.34469880941963427,0,58
model,result_0991,0.20854861731815255,0.7639444273780175,0,341
model,result_0373,0.3186963156032393,0.9503463334328188,-1,270
