background,schweinfurt_000000_000088.png
split,train
model,result_0440,0.47711692751178714,0.8735394430970949,2,203
