background,freiburg_000000_000481.png
split,train
model,result_0586,0.2513220438570092,0.5110522792207746,-4,179
model,result_0989,0.4489444446149924,0.9190515962146134,-3,231
model,result_0803,0.1389888329753879,0.9133035273105423,1,311
