background,dusseldorf_000174_000019.png
split,train
model,result_0266,0.21718418725141708,0.6056964155004785,0,328
model,result_0862,0.3460735594641148,0.587404450111707,-4,152
model,result_0524,0.26141014997770584,0.8577413170266939,0,217
