background,bremen_000047_000019.png
split,train
model,result_0844,0.8879505899446161,0.47659087640014364,-4,129
model,result_0995,0.10788667781997541,0.6817638487483814,4,359
