background,konstanz_000000_000854.png
split,train
model,result_0367,0.8857055589011803,0.6341844072529571,3,234
model,result_0822,0.19675797844316156,0.49669586418248224,2,151
