background,dortmund_000000_000762.png
split,train
model,result_0218,0.21691815750585908,0.8403703784495979,4,120
model,result_0694,0.5185177124076472,0.2788161872349879,-2,330
