background,freiburg_000000_000142.png
split,train
model,result_0154,0.19109532674164786,0.675627110219229,-1,216
model,result_0562,0.1848336275888094,0.7609327101031,-2,27
model,result_0215,0.10229389197048022,0.9743391130532956,-4,310
