background,wuppertal_000000_000021.png
split,train
model,result_0060,0.5201312760525056,0.9498759339927514,-2,334
