background,nuremberg_000000_000378.png
split,train
model,result_0127,0.8711494288764355,0.380732867467773,2,329
model,result_0022,0.7686452081709075,0.644426329773695,4,290
