background,wurzburg_000000_000623.png
split,train
model,result_0542,0.7852699308821702,0.43043145798604804,4,152
model,result_0674,0.6748278827853129,0.829963218376004,2,265
model,result_0146,0.6417076982383983,0.9378039963780075,3,297
