background,dresden_000000_000022.png
split,train
model,result_0795,0.6937173734180975,0.43540603202376155,1,291
model,result_0388,0.6012657288326372,0.43082162907595656,2,189
model,result_0499,0.748916961500237,0.49644705766624353,0,195
