background,dresden_000000_000392.png
split,train
model,result_0332,0.5810552378075837,0.842509780099594,4,355
model,result_0385,0.02598873213515296,0.5191354927212392,-1,19
model,result_0991,0.9972465562888407,0.3651820081591293,3,108
