background,mannheim_000000_000041.png
split,train
model,result_0612,0.11084546917294191,0.6752450283536476,-3,297
model,result_0283,0.8235260604850062,0.8952444948167482,2,318
model,result_0968,0.7039364358446148,0.9764323954376575,4,243
