background,konstanz_000000_001061.png
split,train
model,result_0394,0.9899643074053128,0.3994478647520846,0,265
model,result_0163,0.1779936985594186,0.5713064476259223,3,177
model,result_0657,0.2452111231023889,0.32821579248194455,-3,87
