background,wurzburg_000000_001531.png
split,train
model,result_0657,0.9188396310616603,0.45451519454721506,-1,188
