background,freiburg_000000_000471.png
split,train
model,result_0674,0.43549509867100267,0.9582123896693235,1,70
model,result_0146,0.42530342351509265,0.6688189053082866,1,100
