background,augsburg_000000_001269.png
split,train
model,result_0193,0.4450319304256771,0.6856673165104019,-1,351
model,result_0036,0.4850873201297454,0.8098800580513388,-3,41
model,result_1000,0.6014486910080146,0.269138148382279,4,215
