background,stuttgart_000136_000019.png
split,train
model,result_0871,0.7614310784234802,0.80707269329876,1,191
model,result_0878,0.8974500244588621,0.8924553932730184,4,145
