background,konstanz_000000_000196.png
split,train
model,result_0931,0.2891800619641893,0.8138700683468573,-2,140
