background,karlsruhe_000000_000083.png
split,train
model,result_0544,0.9271819915821852,0.7500983126580758,1,227
