background,karlsruhe_000000_000552.png
split,train
model,result_0215,0.4445013335427057,0.8114012661781852,-1,238
model,result_0332,0.19211268076503962,0.3077273460624165,-3,128
