background,wurzburg_000000_000394.png
split,train
model,result_0173,0.7538097867579182,0.8505915250528828,-2,77
model,result_0751,0.06750016237168854,0.8173883679671438,1,74
