background,muhlheim-ruhr_000000_001127.png
split,train
model,result_0931,0.3599161029462754,0.7005032817099709,-4,27
