background,augsburg_000000_000887.png
split,train
model,result_0075,0.44770115952854006,0.7208530150890683,-3,127
model,result_0992,0.7735562279665669,0.3717093123234255,2,289
