background,mannheim_000000_000938.png
split,train
model,result_0192,0.9940819009208073,0.7781435618972184,-4,217
model,result_0218,0.6834146918664059,0.4999516598401538,3,123
model,result_0694,0.9296966374982412,0.8852795873678151,3,194
