background,heidelberg_000000_000015.png
split,train
model,result_0968,0.8590413185822856,0.803352354476402,1,178
model,result_0847,0.93100719922115,0.4144705072593613,-4,119
model,result_0646,0.5243066976936713,0.31717675796289735,-4,90
