background,augsburg_000000_001247.png
split,train
model,result_0775,0.33193252029558307,0.8157266475812528,-1,59
