background,augsburg_000000_000393.png
split,train
model,result_0022,0.949132360561206,0.6830292740362783,-4,351
