background,dortmund_000000_000703.png
split,train
model,result_0283,0.888210062787558,0.4466671110617923,4,197
model,result_0968,0.30307808290999005,0.9193761119089158,2,26
