background,heidelberg_000000_001080.png
split,train
model,result_0484,0.3607357831391982,0.7367498517155648,3,309
model,result_0861,0.020621190567299497,0.36167452314302145,1,221
model,result_0882,0.8394151264914944,0.7998487202970006,-4,249
