background,dortmund_000000_000972.png
split,train
model,result_0612,0.7566892268730814,0.8783030239847937,-1,232
model,result_0283,0.8179215124033193,0.39488088091231155,4,105
