background,heilbronn_000000_000718.png
split,train
model,result_0510,0.4155757888181011,0.8253850621541907,-4,235
model,result_0328,0.4398138895993786,0.34750624840585376,3,76
model,result_0879,0.38877200984477434,0.9283404230206558,1,217
