background,hanover_000000_050398.png
split,train
model,result_0983,0.8962640587830255,0.5385581886108036,3,215
