background,konigswinter_000000_000032.png
split,train
model,result_0602,0.05089874574083142,0.31243713359950764,4,267
