background,dusseldorf_000039_000019.png
split,train
model,result_0632,0.05463798677882681,0.39602864479715705,4,225
model,result_0357,0.9014730793540591,0.6423537277683868,2,340
model,result_0046,0.554397181041125,0.4317968700682222,-2,119
