background,wurzburg_000000_000556.png
split,train
model,result_0467,0.4434801652278576,0.5794174404867031,-3,264
model,result_0154,0.4010205220176887,0.2612198570568909,-2,8
