background,freiburg_000000_000018.png
split,train
model,result_0861,0.07372940933902072,0.9447126016311415,-1,304
model,result_0882,0.19043982380327884,0.9107532434429979,-1,285
model,result_0467,0.34668241243437015,0.2883571295968059,2,141
