background,oberhausen_000000_000853.png
split,train
model,result_0847,0.6203169457255429,0.28635519129383036,-4,49
