background,karlsruhe_000000_001107.png
split,train
model,result_0784,0.8505493733204464,0.6444526394738392,-4,17
