background,karlsruhe_000000_000784.png
split,train
model,result_0739,0.5516279969242186,0.9956540968950756,4,274
model,result_0960,0.7675900965145293,0.5219337494056148,-1,40
