background,muhlheim-ruhr_000000_001144.png
split,train
model,result_0989,0.3808247614400124,0.5991530704177847,4,172
