background,muhlheim-ruhr_000000_000165.png
split,train
model,result_0524,0.5033403492773545,0.7219087120526737,0,206
model,result_0199,0.6599424268413394,0.6322191488650055,-2,35
