background,wuppertal_000000_000510.png
split,train
model,result_0686,0.5294829067326172,0.4066102786014092,1,262
model,result_0805,0.047815993817194036,0.43920561246629586,1,169
model,result_0039,0.09357447231013927,0.8911655812742063,4,11
