background,muhlheim-ruhr_000000_000561.png
split,train
model,result_0173,0.7336913751777508,0.8727094182583128,4,99
model,result_0751,0.4264408378092992,0.3801535644103697,-1,322
