background,bremen_000279_000019.png
split,train
model,result_0199,0.058807801165998486,0.43171196754384566,-1,330
model,result_0060,0.3822706214542796,0.9108576701759776,-2,44
model,result_0080,0.89576668676397,0.2515336481726992,3,23
