background,dresden_000000_000017.png
split,train
model,result_0882,0.25871510652718155,0.3970197585662978,1,114
model,result_0467,0.5685716903771094,0.2949323237499053,3,162
model,result_0154,0.32051802380360517,0.9359392131469413,3,20
