background,freiburg_000000_000233.png
split,train
model,result_0192,0.33491087659061636,0.8441195395230243,-1,329
model,result_0218,0.7031156073805311,0.3133033964211478,2,98
model,result_0694,0.22203275561167335,0.3579906670228141,-4,284
