background,oberhausen_000000_000331.png
split,train
model,result_0968,0.43104504088184614,0.2522422608319851,2,128
model,result_0847,0.6264586196271741,0.6121056733338217,-4,240
