background,heilbronn_000000_000187.png
split,train
model,result_0795,0.1220808419014856,0.8665620630440808,-4,155
model,result_0388,0.6970450622925896,0.8042772042636233,-2,327
