background,lindau_000051_000019.png
split,train
model,result_0477,0.7745192653082341,0.7593678464466701,-4,204
