background,konstanz_000000_001277.png
split,train
model,result_0164,0.1792196116087078,0.3683699718887383,3,11
model,result_0440,0.7488749722951792,0.38387513393961914,1,105
