background,duisburg_000000_000269.png
split,train
model,result_0484,0.5631847040242645,0.29362608930335954,1,125
model,result_0861,0.86820874920924,0.6137665957510647,-4,290
model,result_0882,0.9382719681255163,0.7836918321547401,-1,140
