background,heidelberg_000000_000889.png
split,train
model,result_0969,0.7141401764035258,0.508906537401677,-1,177
