background,nuremberg_000000_001094.png
split,train
model,result_0871,0.7787377423994354,0.30074226010304156,-1,329
