background,oberhausen_000000_000709.png
split,train
model,result_0467,0.24013256335305555,0.7253008472112068,4,248
