background,saarbrucken_000000_000306.png
split,train
model,result_0193,0.3162146057688515,0.40681265648501486,-2,231
model,result_0036,0.4208747547817291,0.9350054513396301,-1,45
