background,augsburg_000000_001227.png
split,train
model,result_0866,0.9791850112685925,0.2928067174047254,1,329
