background,nuremberg_000000_001149.png
split,train
model,result_0632,0.12467319447788616,0.32992621393776944,-1,237
model,result_0357,0.5799565016949975,0.7388613666018348,-1,28
