background,augsburg_000000_000252.png
split,train
model,result_0694,0.8933130374125209,0.7064197670471097,-2,140
model,result_0319,0.6613876673681677,0.2782450117002939,3,230
model,result_0477,0.392535364348795,0.5169759223998889,-1,310
