background,bayreuth_000000_000236.png
split,train
model,result_0793,0.39118758204971216,0.7978720409725719,-4,286
