background,saarbrucken_000000_000108.png
split,train
model,result_0319,0.9440659768843592,0.48210831284014216,-3,25
model,result_0477,0.425212971917894,0.7710593825668689,4,40
model,result_0949,0.9163768752846195,0.9622605859785286,4,286
