background,konstanz_000000_001315.png
split,train
model,result_0218,0.6967243922237406,0.3946686007901337,-2,157
model,result_0694,0.7534778279726122,0.8924092238803204,1,276
model,result_0319,0.03441689588547414,0.733821631454305,1,333
