background,bremen_000238_000019.png
split,train
model,result_0878,0.8378225183346002,0.620763492901782,1,1
model,result_0004,0.5099803911045321,0.45888663611411323,-1,294
