background,wuppertal_000000_000277.png
split,train
model,result_0440,0.7679813369418349,0.393590616060839,-3,338
