background,wurzburg_000000_001308.png
split,train
model,result_0163,0.504059130850763,0.7245058975877074,1,210
