background,dortmund_000000_000134.png
split,train
model,result_0949,0.33307382909430705,0.6805920700814944,-1,13
model,result_0324,0.7020557016577512,0.7656132242090946,-2,112
model,result_0173,0.2763625971306196,0.5904245642322659,-4,257
