background,oberhausen_000000_000823.png
split,train
model,result_0979,0.39475315852411985,0.44414206295983405,0,134
