background,bayreuth_000000_000555.png
split,train
model,result_0855,0.6403488994055687,0.5484993375542482,-3,38
model,result_0338,0.8224340116225498,0.32220535655750143,0,210
model,result_0557,0.11956372416888972,0.7878903741183882,-2,244
