background,karlsruhe_000000_000313.png
split,train
model,result_0844,0.5827020370715775,0.5451360706577412,-3,107
