background,konstanz_000000_000978.png
split,train
model,result_0004,0.9257034923938136,0.5473177361036695,3,137
model,result_0931,0.18838273511494985,0.4364820729003475,3,116
model,result_0123,0.5664903517455467,0.8239591149709445,2,264
