background,konstanz_000000_001314.png
split,train
model,result_0394,0.030462402370739272,0.8069696349112759,0,301
model,result_0163,0.7905659097459248,0.5042579485926788,-1,36
