background,freiburg_000000_000119.png
split,train
model,result_0862,0.7901424748299759,0.6730862899387404,2,122
model,result_0524,0.07522198087580412,0.36667731504552376,-4,155
model,result_0199,0.8936619474906082,0.62904993718969,2,297
