background,wurzburg_000000_000854.png
split,train
model,result_0968,0.4190500771171978,0.39706878532535356,-4,8
model,result_0847,0.2744103797230152,0.28948818201259113,-2,296
model,result_0646,0.5425316847641425,0.3130458669136029,1,126
