background,schweinfurt_000000_000423.png
split,train
model,result_0192,0.17358187889067123,0.41116370808682257,3,321
