background,oberhausen_000000_000584.png
split,train
model,result_0968,0.29266652647191804,0.9783549832187817,0,326
