background,heidelberg_000000_000546.png
split,train
model,result_1000,0.6193194232782226,0.9787347958215464,-4,202
model,result_0367,0.4894295683683606,0.7984199627361417,-1,130
