background,freiburg_000000_000232.png
split,train
model,result_0803,0.09013950736504872,0.3298323877625363,-2,1
model,result_0192,0.01599652284580766,0.2661414823297583,2,33
model,result_0218,0.16709445608502793,0.7840096562907553,2,97
