background,bayreuth_000000_000623.png
split,train
model,result_0389,0.3037643832131328,0.3102009375460594,0,16
model,result_0164,0.4828118638526425,0.30948845937180525,4,139
model,result_0440,0.6523539281560327,0.8904539517089877,-3,357
