background,karlsruhe_000000_000687.png
split,train
model,result_0678,0.9947271551433382,0.338365566618703,0,85
model,result_0784,0.26428621229955485,0.46642165062306734,-2,284
model,result_0924,0.30802439390105585,0.29519683705843835,0,234
