background,konstanz_000000_001260.png
split,train
model,result_0046,0.13242414386907386,0.5200326227654601,-4,326
model,result_0389,0.7370987039272607,0.5442652140471375,-2,326
model,result_0164,0.970288430951406,0.8740477777452369,2,229
