background,freiburg_000000_000461.png
split,train
model,result_0544,0.759340937696462,0.46784678482391495,-4,106
model,result_0999,0.3211328472853828,0.35117042108598995,4,18
model,result_0510,0.40785012139613075,0.3071406151711102,4,217
