background,schweinfurt_000000_000384.png
split,train
model,result_0191,0.4913155282027908,0.261749924864502,1,151
model,result_0775,0.10305963983760436,0.7910729126172472,-3,360
model,result_0075,0.020351984360571618,0.42446141925329217,-3,50
