background,karlsruhe_000000_000263.png
split,train
model,result_0075,0.12110874601720711,0.5397494318182264,2,329
