background,tubingen_000141_000019.png
split,train
model,result_0871,0.38096522730204496,0.6832691882727588,0,8
