background,nuremberg_000000_001244.png
split,train
model,result_0795,0.3256996949924992,0.387953970444685,-4,6
model,result_0388,0.1958050768550188,0.9101139696823313,2,177
model,result_0499,0.14762200341282872,0.4203336551837373,0,30
