background,schweinfurt_000000_000204.png
split,train
model,result_0542,0.4134743934866888,0.5960120531810797,3,25
