background,augsburg_000000_001095.png
split,train
model,result_0061,0.653567221947822,0.609541639348165,3,190
model,result_0606,0.34419093917278054,0.924287062320553,2,313
