background,heilbronn_000000_000688.png
split,train
model,result_0440,0.0351612897398873,0.5175067422382067,-1,302
model,result_0484,0.6339975256378447,0.9936087755849157,3,40
