background,saarbrucken_000000_000345.png
split,train
model,result_0524,0.9864706500083669,0.9984333781785897,1,66
model,result_0199,0.040235763452501794,0.27766718229906506,-2,336
model,result_0060,0.2300198160095661,0.5341982722658978,0,86
