background,mannheim_000000_000386.png
split,train
model,result_0602,0.5465180906500983,0.41123307848570395,-2,9
model,result_0024,0.5693087746037515,0.26910708149853735,1,104
model,result_0288,0.17758563347954626,0.5150502555637636,-2,181
