background,wuppertal_000000_000397.png
split,train
model,result_0024,0.5594835178452185,0.7565358664475204,-2,126
