background,schweinfurt_000000_000588.png
split,train
model,result_0332,0.23050609539096134,0.3438271738497596,-2,287
