background,muhlheim-ruhr_000000_000814.png
split,train
model,result_0562,0.8149769653655697,0.8803781523672143,4,333
model,result_0215,0.9267551756446784,0.3521145698728801,2,300
