background,muhlheim-ruhr_000000_001082.png
split,train
model,result_1000,0.1063745668707674,0.5449125893780948,-4,14
