background,dortmund_000000_000189.png
split,train
model,result_0046,0.6038334614090298,0.5898928934731971,4,335
model,result_0389,0.49684344000051706,0.5472439940328785,3,45
