background,bayreuth_000000_000782.png
split,train
model,result_0674,0.1596450789366768,0.7348951927334345,4,109
model,result_0146,0.8161054778865671,0.6452065122719731,2,226
