background,mannheim_000000_001076.png
split,train
model,result_0484,0.6464510571687284,0.3555796145342742,0,156
model,result_0861,0.7027133828538569,0.47956974590882556,4,162
