background,karlsruhe_000000_000028.png
split,train
model,result_0844,0.14020055375270446,0.6679272890016763,3,145
model,result_0995,0.32850724997522096,0.5162513988592669,-1,350
model,result_0969,0.7617644523370626,0.3803549313397317,-1,333
