background,konstanz_000000_000182.png
split,train
model,result_0283,0.8779302483065851,0.7475570581139059,-4,127
model,result_0968,0.9175456384888844,0.7721477666157075,-4,7
