background,oberhausen_000000_000691.png
split,train
model,result_0795,0.24598686266146363,0.5191178336911955,-2,268
model,result_0388,0.5169859834407807,0.9704501131081686,3,183
model,result_0499,0.18703159880882503,0.4822032984459781,0,60
