background,muhlheim-ruhr_000000_000904.png
split,train
model,result_0319,0.7083947417420278,0.5324458283074616,1,44
model,result_0477,0.5006006346138501,0.7524273540946632,1,301
