background,oberhausen_000000_000445.png
split,train
model,result_0871,0.22026658786618625,0.4809832976321191,1,26
model,result_0878,0.808231293540065,0.4120403747438979,-2,355
model,result_0004,0.365422313647666,0.5055554022250093,-1,253
