background,heilbronn_000000_000600.png
split,train
model,result_0127,0.25035218836351913,0.35262195510007754,3,287
model,result_0022,0.8693612625767647,0.3692765674970746,-2,313
model,result_0061,0.31446366718995433,0.5518047230337746,1,218
