background,wuppertal_000000_000794.png
split,train
model,result_0164,0.6017823211603079,0.35422783672538927,-3,275
model,result_0440,0.8009980738564703,0.270068804451836,1,132
