background,karlsruhe_000000_000058.png
split,train
model,result_0586,0.8075015666086427,0.5784661451045676,-4,182
