background,wurzburg_000000_000123.png
split,train
model,result_0862,0.5955439389259964,0.9313389348349213,-1,180
model,result_0524,0.7235984416267781,0.8672646052786723,-1,338
model,result_0199,0.20824644959714178,0.4317962319722529,3,13
