background,nuremberg_000000_000207.png
split,train
model,result_0931,0.7313243906997137,0.7121905008424407,-3,9
model,result_0123,0.0565125098581758,0.29896105790217686,-1,34
