background,duisburg_000000_000493.png
split,train
model,result_0193,0.38869964977005134,0.8492133774157576,2,303
model,result_0036,0.7198227334640281,0.5321335372181799,-4,0
