background,schweinfurt_000000_000478.png
split,train
model,result_0632,0.6554325398595797,0.6117248405517413,-2,312
model,result_0357,0.8579564594712059,0.58311377530936,0,298
