background,konstanz_000000_000366.png
split,train
model,result_0332,0.46936624316479614,0.7727981929464841,4,334
model,result_0385,0.9322774243469502,0.5292327962018847,4,307
model,result_0991,0.7143686963765691,0.39306282170959916,0,313
