background,wurzburg_000000_000758.png
split,train
model,result_0739,0.6835193458535774,0.29982662166988355,3,70
model,result_0960,0.152450486272654,0.6901539300067612,-2,16
