background,saarbrucken_000000_000256.png
split,train
model,result_0969,0.6449901483427037,0.9644306438397297,0,102
model,result_0793,0.7018459827466099,0.7929359554579963,-2,38
