background,krefeld_000000_018514.png
split,train
model,result_0586,0.18701501797030873,0.8636515463536472,-1,281
model,result_0989,0.103020342213485,0.8081149224765369,1,303
