background,bayreuth_000000_000462.png
split,train
model,result_0386,0.5771202473277345,0.6582464985195405,2,63
model,result_0979,0.3289769417283569,0.5453191105556643,1,322
model,result_0871,0.5997560889363297,0.9375917547312597,-1,334
