background,konigswinter_000000_000083.png
split,train
model,result_0678,0.6378047550733102,0.505994281025933,-3,247
