background,dresden_000000_000191.png
split,train
model,result_0239,0.12280125910717521,0.339977999543464,3,338
model,result_0051,0.4605133738673689,0.3517469221375128,3,208
model,result_0739,0.15425301209681475,0.9221047160374184,3,30
