background,dortmund_000000_000864.png
split,train
model,result_0983,0.5248534111049628,0.39536776759697734,3,181
model,result_0996,0.22473816657463308,0.2805722207937805,0,360
model,result_0266,0.5164817059609293,0.4126150156612165,2,304
