background,mannheim_000000_001161.png
split,train
model,result_0995,0.8061953089211059,0.7174995280795332,-4,272
model,result_0969,0.9261767700620235,0.29237078311562503,-1,47
model,result_0793,0.8379429377980437,0.4954890411520074,1,340
