background,konstanz_000000_001213.png
split,train
model,result_1000,0.3796532413690379,0.8580391632277319,-4,156
