background,freiburg_000000_000095.png
split,train
model,result_0046,0.28011918187492335,0.3877458060038636,4,83
model,result_0389,0.566579302697724,0.29865306504611033,3,265
model,result_0164,0.6111584060286193,0.8677668807766451,1,168
