background,dortmund_000000_001091.png
split,train
model,result_0775,0.5521623504273456,0.773538414781581,4,264
