background,freiburg_000000_000073.png
split,train
model,result_0075,0.5328922840321568,0.3344690964392481,4,123
model,result_0992,0.1259752448058008,0.9842395904599783,-1,137
model,result_0394,0.7767003423436963,0.798820287092403,1,71
