background,bayreuth_000000_000235.png
split,train
model,result_0602,0.17565589563020934,0.791231765011557,2,34
