background,konstanz_000000_001301.png
split,train
model,result_0822,0.7383402151527134,0.54955404828851,-2,349
