background,bayreuth_000000_000116.png
split,train
model,result_0914,0.8362688004600901,0.6288631877526492,-2,105
model,result_0193,0.8131745889224954,0.7456111515164311,-1,140
model,result_0036,0.6886355883778784,0.5536795683626473,3,360
