background,konigswinter_000000_000116.png
split,train
model,result_0945,0.7004036328041396,0.38411883705059835,-1,261
