background,karlsruhe_000000_000036.png
split,train
model,result_0332,0.02530805103917555,0.8271675855543252,-3,251
