background,karlsruhe_000000_000295.png
split,train
model,result_0388,0.5421604072442976,0.5280116656177076,-2,24
model,result_0499,0.5229975749797597,0.8143564845339282,4,53
model,result_0844,0.054057288218607336,0.6515118192647618,-3,322
