background,wurzburg_000000_000564.png
split,train
model,result_0995,0.4759937624211691,0.5118549520052149,-2,263
model,result_0969,0.10407795855236635,0.7230905060596564,-2,346
