background,muhlheim-ruhr_000000_000219.png
split,train
model,result_0878,0.6687922003679599,0.42570600309022133,-4,302
