background,bayreuth_000000_000106.png
split,train
model,result_0319,0.7027489481601669,0.827349012617724,1,242
