background,dortmund_000000_000947.png
split,train
model,result_0173,0.08497316522918552,0.44884064867756085,0,114
model,result_0751,0.732511145556528,0.5221797332246583,3,302
