background,muhlheim-ruhr_000000_000862.png
split,train
model,result_0154,0.8691994964722095,0.6183134949617636,-3,265
model,result_0562,0.6362180767791369,0.8660043234856032,-1,119
