background,freiburg_000000_000660.png
split,train
model,result_0862,0.9526135392576508,0.4363365898907525,1,345
model,result_0524,0.6091649267566269,0.41823970051000425,-4,217
