background,bayreuth_000000_000280.png
split,train
model,result_0283,0.42250955403191504,0.9783943685041844,-1,250
model,result_0968,0.2982885705143221,0.6210014007324509,-1,111
