background,wurzburg_000000_000681.png
split,train
model,result_0847,0.6030980780229801,0.46518124418308116,1,153
model,result_0646,0.7992673925428018,0.8397954570988121,-4,77
