background,muhlheim-ruhr_000000_000638.png
split,train
model,result_0878,0.8212181539929886,0.7202149612954716,-1,129
