background,bayreuth_000000_000374.png
split,train
model,result_0357,0.7911687134311924,0.526137886182593,-3,122
model,result_0046,0.27172811769703076,0.655314703525095,2,19
model,result_0389,0.8363840680805005,0.5155804731248295,1,195
