background,augsburg_000000_001159.png
split,train
model,result_0871,0.5926456498869092,0.7228987238640898,2,5
