background,konstanz_000000_000568.png
split,train
model,result_0557,0.10132421094209432,0.678604668609739,0,147
