background,bayreuth_000000_000824.png
split,train
model,result_0862,0.7935195157962629,0.8464879946524573,0,126
model,result_0524,0.06755463315261667,0.35488338203595116,0,97
