background,monchengladbach_000000_000076.png
split,train
model,result_0632,0.06412647783851999,0.8301873503120708,-1,254
model,result_0357,0.5118713164848723,0.9590636247723747,-4,296
