background,karlsruhe_000000_000616.png
split,train
model,result_0283,0.8918522891970753,0.34048854575383136,-3,171
