background,bad-honnef_000000_000076.png
split,train
model,result_0960,0.8436653812809541,0.2929882016855174,0,15
