background,karlsruhe_000000_000376.png
split,train
model,result_0295,0.21127328701792014,0.48734429882000274,3,117
model,result_0127,0.16128510730277945,0.8627209782303775,-1,177
