background,konstanz_000000_000801.png
split,train
model,result_0389,0.910984040521332,0.8515133988522814,0,265
model,result_0164,0.7253294895621334,0.37126659489834696,-4,6
model,result_0440,0.7593530935333617,0.5769938867734993,-4,339
