background,konstanz_000000_000945.png
split,train
model,result_0996,0.5873761306057331,0.9956037880292212,4,103
model,result_0266,0.051136904945097705,0.6547882643940006,-3,234
model,result_0862,0.7846202458739819,0.7698260433645425,0,183
