background,wurzburg_000000_000266.png
split,train
model,result_0218,0.0919820671960273,0.31365811574882796,3,143
