background,wurzburg_000000_000410.png
split,train
model,result_0332,0.7401206237091432,0.39904519920915493,-2,348
