background,bamberg_000000_000416.png
split,train
model,result_0861,0.29826925035847696,0.7766810270400093,-3,187
model,result_0882,0.29585367032387966,0.2605785076443858,0,210
model,result_0467,0.6761515286553359,0.9866590532820074,3,215
