background,dresden_000000_000004.png
split,train
model,result_0123,0.21288670560032408,0.910932897527948,2,140
