background,karlsruhe_000000_000203.png
split,train
model,result_0991,0.5766170659589297,0.75448896138266,1,137
