background,augsburg_000000_001445.png
split,train
model,result_0199,0.4578293726613255,0.9910659592385397,0,299
model,result_0060,0.2551494993314505,0.4784208585378716,0,227
model,result_0080,0.17500994467093622,0.7303655718757871,0,178
