background,oberhausen_000000_000516.png
split,train
model,result_0805,0.746647459822266,0.26744550911453024,-3,322
