background,darmstadt_000049_000019.png
split,train
model,result_0914,0.5132724426844684,0.8785796628560301,3,291
model,result_0193,0.9909686481288458,0.9614085502188863,3,135
