background,karlsruhe_000000_000724.png
split,train
model,result_0751,0.6001499529214621,0.2505379717749985,-1,355
model,result_0678,0.5330904729933179,0.6736355102228563,-1,236
