background,konstanz_000000_000492.png
split,train
model,result_0051,0.8196789749558231,0.4497565234330536,-3,334
