background,erlangen_000000_000172.png
split,train
model,result_0324,0.7051810045657732,0.8220527266644337,3,349
model,result_0173,0.5680698022542571,0.3986512948780662,-4,260
model,result_0751,0.7114761284412318,0.4694868844444304,2,202
