background,muhlheim-ruhr_000000_000969.png
split,train
model,result_0562,0.049285594808619604,0.9660301871831531,4,312
model,result_0215,0.9159133724968026,0.5793182143526474,-4,330
