background,wuppertal_000000_000597.png
split,train
model,result_0527,0.8374999870191954,0.7182027832185245,3,280
model,result_0602,0.25796832602560205,0.7654803230752683,1,74
