background,konstanz_000000_000433.png
split,train
model,result_0527,0.1857689316095239,0.8662894910018242,2,257
