background,oberhausen_000000_000460.png
split,train
model,result_0992,0.03472964150635216,0.26634071754124844,0,282
model,result_0394,0.6903936622564516,0.46437198086063514,-3,178
model,result_0163,0.4466023296578545,0.2782044681596949,-4,29
