background,oberhausen_000000_000747.png
split,train
model,result_0024,0.9168471459956404,0.8185030603656316,0,69
model,result_0288,0.030548736753129857,0.843628795656479,-3,324
