background,konstanz_000000_001038.png
split,train
model,result_0861,0.20975326628979374,0.44952271814970646,4,83
model,result_0882,0.29184354901380805,0.7918192517778797,-2,50
