background,karlsruhe_000000_000939.png
split,train
model,result_0632,0.9438342701579273,0.5642548370807392,3,76
model,result_0357,0.5290939145812427,0.9109349012223872,4,352
