background,wurzburg_000000_000457.png
split,train
model,result_0992,0.4738222892511511,0.40633108492996994,-4,62
model,result_0394,0.8993097934745948,0.6568249782884392,-3,136
