background,muhlheim-ruhr_000000_000025.png
split,train
model,result_0192,0.20930632031594976,0.7086692726221778,3,182
