background,wurzburg_000000_000066.png
split,train
model,result_0562,0.9085478275495107,0.6014858151780504,1,50
