background,heidelberg_000000_001148.png
split,train
model,result_0557,0.533070985147914,0.3429648287935937,2,108
model,result_0544,0.4948525022936603,0.5891206473127838,4,132
model,result_0999,0.45806893195403786,0.30114906414650944,3,140
