background,muhlheim-ruhr_000000_000707.png
split,train
model,result_0983,0.9610300656696403,0.4641234151930107,4,317
model,result_0996,0.9272706122991909,0.25117084996414824,0,356
model,result_0266,0.7494590558094607,0.8342512590883511,-2,188
