background,wurzburg_000000_001299.png
split,train
model,result_0803,0.6092916606865736,0.3794963082314716,3,32
