background,schweinfurt_000000_000031.png
split,train
model,result_0338,0.7232718208532292,0.6826876886371223,2,237
model,result_0557,0.2650304843632434,0.8707656940659476,-2,155
