background,duisburg_000000_000824.png
split,train
model,result_0844,0.9528768962338835,0.4832858257029159,0,108
