background,oberhausen_000000_000130.png
split,train
model,result_0036,0.035054787343922866,0.5978241745502365,2,25
