background,nuremberg_000000_001146.png
split,train
model,result_0857,0.14976628776993028,0.6964045162078291,-3,27
model,result_0795,0.3873795231146415,0.876209259852647,4,82
model,result_0388,0.23687170791229006,0.764364160445169,2,47
