background,konstanz_000000_000128.png
split,train
model,result_0981,0.6916007303498422,0.5790830591719003,1,63
model,result_0527,0.8007614441392891,0.9711145446088767,-4,260
model,result_0602,0.48511426092152277,0.5687966268587141,2,61
