background,krefeld_000000_005252.png
split,train
model,result_0983,0.9189677549191722,0.3774856419327929,3,93
model,result_0996,0.986146611888883,0.9550368782642528,-4,10
model,result_0266,0.8704694592033129,0.4783049498169022,4,14
