background,heilbronn_000000_000060.png
split,train
model,result_0191,0.3835027559957861,0.6919054583543148,3,290
