background,augsburg_000000_000654.png
split,train
model,result_0367,0.32145376716624685,0.5372500523832653,-3,174
model,result_0822,0.38138863009209134,0.3457014870520396,-4,250
model,result_0855,0.817390589400591,0.708773696222352,-2,240
