background,mannheim_000000_000272.png
split,train
model,result_0046,0.029916440751823425,0.34949204416402757,-4,62
model,result_0389,0.2496310870477677,0.4552690587962514,-3,74
