background,saarbrucken_000000_000347.png
split,train
model,result_0394,0.9840363420994191,0.8325574885525641,-3,251
model,result_0163,0.5205265960482268,0.9509309873723453,4,338
model,result_0657,0.35109363552707384,0.3866027759979,3,284
