background,augsburg_000000_000615.png
split,train
model,result_0882,0.25145362617058786,0.9646806637125651,2,291
model,result_0467,0.7790896804677738,0.7796736141400126,0,102
