background,augsburg_000000_000197.png
split,train
model,result_0024,0.1642641295646392,0.4589397927075025,-2,182
model,result_0288,0.9374192542145682,0.7582635455643664,2,337
