background,nuremberg_000000_001427.png
split,train
model,result_0999,0.03357326591774579,0.8895410506025472,-1,196
