background,muhlheim-ruhr_000000_001220.png
split,train
model,result_0879,0.338868223527064,0.31714743607475715,-2,16
model,result_0542,0.3766545191767249,0.9053719161201792,-4,322
model,result_0674,0.644290663593588,0.7243999888507091,4,104
