background,wuppertal_000000_000432.png
split,train
model,result_0844,0.7382969443502092,0.5277079007586165,1,360
model,result_0995,0.5374216091060837,0.36976440275947975,-1,11
