background,troisdorf_000000_000104.png
split,train
model,result_0046,0.8722053028246063,0.9463148130379166,-4,194
