background,duisburg_000000_000275.png
split,train
model,result_0046,0.6651627355364754,0.9427916610140666,-4,90
model,result_0389,0.09723461466522065,0.47521569881233017,1,222
