background,freiburg_000000_000841.png
split,train
model,result_0484,0.437718856041883,0.8460966960676936,2,68
model,result_0861,0.9503755239665068,0.4656782077884627,3,272
