background,augsburg_000000_001415.png
split,train
model,result_0499,0.6875619871506057,0.9520491144706641,0,37
model,result_0844,0.31443182229901456,0.9547268110716332,-4,145
