background,nuremberg_000000_000916.png
split,train
model,result_0862,0.5722722929259834,0.45644181369616893,1,343
model,result_0524,0.0682419683812776,0.74806958071291,-2,34
