background,karlsruhe_000000_001041.png
split,train
model,result_0388,0.704733208525116,0.8472202059748565,-2,63
