background,augsburg_000000_000844.png
split,train
model,result_0795,0.11103421562211024,0.656141478570899,4,359
model,result_0388,0.970584413960512,0.8400934150852214,0,159
