background,mannheim_000000_001148.png
split,train
model,result_0847,0.5873609018862365,0.8876933099211106,3,3
model,result_0646,0.34010199321761936,0.45209486502772434,1,249
model,result_0586,0.06101311611953686,0.42567834141977146,-1,13
