background,konstanz_000000_001049.png
split,train
model,result_0803,0.10481541250882198,0.5783946614531152,2,353
