background,wurzburg_000000_000290.png
split,train
model,result_0440,0.2310278677326948,0.5361538521155131,-3,2
model,result_0484,0.9703331977706536,0.7438162594148018,-1,82
model,result_0861,0.15362029368093433,0.358210911279272,1,173
