background,wurzburg_000000_000359.png
split,train
model,result_0822,0.6306180579467802,0.6056602012764493,-2,275
model,result_0855,0.7053631624237605,0.7896645973628005,-4,132
model,result_0338,0.6929556088246276,0.625347315669269,-2,55
