background,erlangen_000000_000156.png
split,train
model,result_0979,0.6028029193194075,0.6251965094607124,1,31
model,result_0871,0.8603859563883903,0.2658054012460316,-3,34
model,result_0878,0.3973684669633458,0.5076767600972256,4,156
