background,mannheim_000000_000593.png
split,train
model,result_0061,0.36005643635152595,0.8113220634034353,2,195
model,result_0606,0.9629825006421135,0.35385513951422587,3,339
model,result_0082,0.47198973088163354,0.6311438889569793,2,66
