background,mannheim_000000_001108.png
split,train
model,result_0191,0.4462243470215769,0.6045840844762711,-2,223
model,result_0775,0.4254584784272617,0.5563345523407771,4,32
