background,oberhausen_000000_000380.png
split,train
model,result_0527,0.42009548746972003,0.737696838409759,-1,126
model,result_0602,0.781540118937658,0.8641094713442491,2,288
