background,hanover_000000_015587.png
split,train
model,result_0861,0.876954293556653,0.8782852739374639,2,351
model,result_0882,0.39354578390451933,0.7451695621703858,2,324
model,result_0467,0.8894107869831379,0.7830812004260288,4,97
