background,wuppertal_000000_000369.png
split,train
model,result_0061,0.5016257494900811,0.6119500976493972,-3,86
model,result_0606,0.11417120160446403,0.8388823235900021,-4,139
model,result_0082,0.5818772119575414,0.9787519471486953,-1,319
