background,konstanz_000000_000154.png
split,train
model,result_0775,0.35151096766392764,0.7221161254708959,-3,180
model,result_0075,0.27943966842530155,0.5301755018250657,3,220
model,result_0992,0.22972188386550685,0.3401964643603107,-2,289
