background,freiburg_000000_000685.png
split,train
model,result_0871,0.08639116370492772,0.827361230646136,0,22
