background,dortmund_000000_000890.png
split,train
model,result_0981,0.8353912309740205,0.9092871472880871,-1,5
model,result_0527,0.9810666483141949,0.3054328380368245,1,55
