background,duisburg_000000_000375.png
split,train
model,result_0992,0.06238028237587645,0.667860310470801,-4,342
model,result_0394,0.6546585114526773,0.6194903728171218,-2,223
