background,freiburg_000000_000492.png
split,train
model,result_0914,0.2516333094241684,0.4313531776201739,-2,7
