background,bamberg_000000_000199.png
split,train
model,result_0844,0.7519666329316906,0.5262839718914344,-2,179
