background,mannheim_000000_000633.png
split,train
model,result_0247,0.7847442795300689,0.5621135546531417,0,294
