background,wuppertal_000000_000657.png
split,train
model,result_0319,0.9096971924799612,0.833863358651054,4,172
model,result_0477,0.31821365873236096,0.859972874644095,-2,282
model,result_0949,0.20459354666824947,0.578629515917545,3,132
