background,nuremberg_000000_000038.png
split,train
model,result_0060,0.1220085741889092,0.31755912244393364,3,167
model,result_0080,0.6015033450982525,0.40461222713449707,1,182
