background,schweinfurt_000000_000637.png
split,train
model,result_0542,0.5154739507091856,0.9359525935900513,2,26
