background,heidelberg_000000_000056.png
split,train
model,result_0795,0.13026916777154263,0.3174552548616374,4,347
model,result_0388,0.5139006491492588,0.935243602065128,-3,240
