background,bayreuth_000000_000563.png
split,train
model,result_0193,0.787994167501285,0.46899739403071705,0,72
