background,konstanz_000000_001239.png
split,train
model,result_0866,0.028538882370933494,0.5231306960704506,-2,123
model,result_0983,0.36301335802389934,0.5675202351868,2,118
model,result_0996,0.21851274160776968,0.6875902996389603,-4,3
