background,tubingen_000041_000019.png
split,train
model,result_0945,0.3256087973791677,0.7787376680325044,-4,175
model,result_0612,0.33341038935863876,0.5405629907484678,-3,144
