background,konstanz_000000_000258.png
split,train
model,result_0793,0.45021891696643024,0.8350597412264809,4,57
model,result_0686,0.7891669923194224,0.5942950924862256,-4,143
