background,wurzburg_000000_000965.png
split,train
model,result_0793,0.8149923048316641,0.8707823680619178,-4,72
