background,konstanz_000000_000155.png
split,train
model,result_0924,0.01762416288164026,0.4825277797034671,-1,262
model,result_0866,0.1956388869978578,0.8589592507749165,-2,172
model,result_0983,0.22642066385253046,0.8715972758889456,-1,127
