background,muhlheim-ruhr_000000_001003.png
split,train
model,result_0960,0.6881647648446999,0.3239007664770962,-4,168
