background,karlsruhe_000000_000799.png
split,train
model,result_0394,0.00568365975192664,0.6329985837244403,-4,295
model,result_0163,0.685780313171464,0.36607595711605556,2,142
