background,saarbrucken_000000_000383.png
split,train
model,result_0295,0.5331466296122009,0.8032830575093104,-1,162
model,result_0127,0.939595396343549,0.6860792209298235,-3,201
model,result_0022,0.9030422359634357,0.6165310031232045,-1,105
