background,karlsruhe_000000_000384.png
split,train
model,result_0612,0.2749921627122378,0.4237746989366068,3,242
