background,muhlheim-ruhr_000000_001177.png
split,train
model,result_1000,0.6143485031563605,0.46459984165272894,-3,148
model,result_0367,0.9705524293646669,0.2513757325206871,3,197
