background,wurzburg_000000_001388.png
split,train
model,result_1000,0.4365137339955423,0.7027863772906079,4,267
model,result_0367,0.03681945457734592,0.8728362699731951,-4,231
model,result_0822,0.022805401810408354,0.5246920645209047,0,125
