background,dortmund_000000_000120.png
split,train
model,result_0857,0.6387459233683108,0.9808496203167745,3,102
