background,muhlheim-ruhr_000000_000819.png
split,train
model,result_0882,0.8977956299211367,0.6301904193925513,-3,292
