background,muhlheim-ruhr_000000_000738.png
split,train
model,result_0283,0.6975133180138743,0.8321124886402674,0,175
