background,bayreuth_000000_000538.png
split,train
model,result_0388,0.488077251880098,0.9905065586876443,4,144
