background,konstanz_000000_000058.png
split,train
model,result_0862,0.2560925958235003,0.6667907396016224,3,42
model,result_0524,0.10246842497022723,0.3141823211412881,0,264
model,result_0199,0.31468743983622516,0.6148976154002493,-1,185
