background,augsburg_000000_001093.png
split,train
model,result_0949,0.4052744346303556,0.6286185065796435,0,278
model,result_0324,0.5920112938030841,0.9172104919922932,4,260
