background,duisburg_000000_000002.png
split,train
model,result_0992,0.05459798749187372,0.2659101842205943,3,351
model,result_0394,0.11264725409699405,0.952968002498085,-4,94
model,result_0163,0.5236340989345885,0.8879794361842572,2,159
