background,nuremberg_000000_000542.png
split,train
model,result_0739,0.3004947676673142,0.4515079671434453,3,325
model,result_0960,0.5355993900471585,0.8935597360097091,-1,211
model,result_0632,0.046526302144810905,0.9549618931719587,-1,236
