background,nuremberg_000000_001030.png
split,train
model,result_0844,0.07547925103922304,0.2541334104002128,-2,331
model,result_0995,0.6689868338283133,0.6286254016494046,-3,64
model,result_0969,0.9839266196684063,0.9772430624467724,0,279
