background,konstanz_000000_000487.png
split,train
model,result_0999,0.774265241336926,0.9134857651792578,3,209
model,result_0510,0.6034738093786752,0.3572503552180455,3,235
model,result_0328,0.20354801116661525,0.28359414458109555,2,324
