background,konstanz_000000_001325.png
split,train
model,result_0386,0.8492666722093255,0.3729980393203952,1,54
model,result_0979,0.2768586879983932,0.33665568697739146,3,83
model,result_0871,0.8087958809548418,0.9283141812374778,4,182
