background,bremen_000150_000019.png
split,train
model,result_0879,0.9153296285616485,0.939797552628632,1,100
model,result_0542,0.28903649581650404,0.41623842075961304,-2,130
model,result_0674,0.09422840380437325,0.5425828411614565,-3,296
