background,nuremberg_000000_001423.png
split,train
model,result_0046,0.17429531397903664,0.30278666493306516,-3,190
model,result_0389,0.362395712360977,0.35645322901271015,-4,33
