background,freiburg_000000_000358.png
split,train
model,result_0051,0.5270903519479837,0.8356116202275973,0,207
model,result_0739,0.10892189465519797,0.453954874285002,1,290
model,result_0960,0.9326280823105656,0.8116522234791951,-2,27
