background,oberhausen_000000_000560.png
split,train
model,result_0039,0.16248058188599324,0.8936564261622983,2,350
model,result_0386,0.9572120933713574,0.25430546113557395,1,87
model,result_0979,0.37244304386106064,0.951217207923154,2,243
