background,dortmund_000000_000637.png
split,train
model,result_0218,0.27586788426979225,0.6297988416383882,-3,292
model,result_0694,0.13603401277894522,0.8931088218976471,-3,171
