background,dusseldorf_000200_000019.png
split,train
model,result_0319,0.04154610102179668,0.42440269571355665,0,248
model,result_0477,0.5939884813546984,0.5316715187895411,1,146
