background,muhlheim-ruhr_000000_001149.png
split,train
model,result_0612,0.6206670134832338,0.6621134865243333,0,229
model,result_0283,0.7525268854357762,0.8838179376889693,2,231
model,result_0968,0.38518186805607146,0.6744789734404677,2,206
