background,wurzburg_000000_001537.png
split,train
model,result_0751,0.564298860672367,0.37789180304809944,-4,194
model,result_0678,0.7634712740394778,0.5592500022273028,-1,331
