background,mannheim_000000_000504.png
split,train
model,result_0606,0.05326148105185469,0.8883242715108671,4,40
model,result_0082,0.569909575507401,0.9759608264697756,-2,38
model,result_0945,0.45773612088284865,0.6171408390255777,-3,64
