background,saarbrucken_000000_000038.png
split,train
model,result_0879,0.5460632088788734,0.9250013308157786,0,330
