background,augsburg_000000_000128.png
split,train
model,result_0527,0.022190711205596236,0.5803465457512886,2,321
model,result_0602,0.14629653255271513,0.3407366378906017,0,307
