background,wurzburg_000000_000784.png
split,train
model,result_0367,0.6912911970916947,0.4661701830136114,-3,169
model,result_0822,0.9282735293062572,0.49569121000169913,-2,52
model,result_0855,0.4065018075787501,0.32751224388854266,3,125
