background,oberhausen_000000_000211.png
split,train
model,result_0510,0.5483807071858944,0.6396923271708714,2,259
model,result_0328,0.9927134384987024,0.39905206634565205,3,110
