background,muhlheim-ruhr_000000_000765.png
split,train
model,result_0328,0.9227335809313185,0.8436015351128808,-1,272
model,result_0879,0.7107123676463813,0.8497514509630081,-4,220
