background,wurzburg_000000_000504.png
split,train
model,result_0822,0.6357055896005633,0.7478863588442458,-2,100
