background,dusseldorf_000134_000019.png
split,train
model,result_0332,0.08314223448074043,0.2811588976416105,-4,46
model,result_0385,0.2969139835254786,0.7573729432484313,3,151
model,result_0991,0.9649366799659652,0.8790759227425218,3,344
