background,nuremberg_000000_000121.png
split,train
model,result_0218,0.3254841674260195,0.8217626649970573,0,204
model,result_0694,0.2677598051749339,0.9373243105349203,3,148
