background,dortmund_000000_000901.png
split,train
model,result_0472,0.6175649886994141,0.7116439040149826,3,318
model,result_0981,0.4291983173528162,0.3492190688930372,4,275
model,result_0527,0.379449844653042,0.37995288823935247,-1,183
