background,konstanz_000000_001103.png
split,train
model,result_0499,0.12148758567429341,0.759047924288457,-2,12
model,result_0844,0.9791929545320656,0.31936043248451507,-2,99
