background,mannheim_000000_000959.png
split,train
model,result_0247,0.010502435421751,0.28421906534678465,-1,104
model,result_0239,0.7892196948121641,0.7989889859349553,1,244
model,result_0051,0.11150578971343905,0.5439304791732062,-4,343
