background,duisburg_000000_000388.png
split,train
model,result_0879,0.7653916985652832,0.6448406377350013,3,261
model,result_0542,0.9089026092451484,0.4915071861203346,4,154
model,result_0674,0.46295343299949565,0.344638364402415,2,83
