background,heidelberg_000000_000570.png
split,train
model,result_0678,0.8778974880585063,0.4584833541963693,-3,176
model,result_0784,0.230252625735763,0.6348116759504748,3,271
