background,schweinfurt_000000_000001.png
split,train
model,result_0192,0.16347872772127792,0.6341087955954399,3,88
