background,oberhausen_000000_000857.png
split,train
model,result_0995,0.9324612335427973,0.31844755650969986,1,209
