background,augsburg_000000_000907.png
split,train
model,result_0992,0.1345994841725221,0.6523583796802443,-1,145
model,result_0394,0.8756823995859795,0.3482287204665354,1,204
model,result_0163,0.20598337735867212,0.7637020430100735,-1,182
