background,nuremberg_000000_000445.png
split,train
model,result_0060,0.7159376827984598,0.25557464128016816,-2,105
model,result_0080,0.3225228614210469,0.6673490769186651,-1,28
