background,stuttgart_000046_000019.png
split,train
model,result_0844,0.14151969319574043,0.7871746908087949,4,352
