background,schweinfurt_000000_000532.png
split,train
model,result_0328,0.8063396650819156,0.7127369114895898,4,68
model,result_0879,0.03818961000653853,0.5864811626289468,1,257
model,result_0542,0.6414302763038617,0.8469371609435666,-1,217
