background,freiburg_000000_000470.png
split,train
model,result_0795,0.15205438377504443,0.29432270906847624,4,312
