background,dortmund_000000_000472.png
split,train
model,result_0992,0.5122951442825363,0.3375700490596799,-1,238
model,result_0394,0.7752564308726235,0.5095881466531875,-1,253
