background,wuppertal_000000_000705.png
split,train
model,result_0784,0.6473368997431512,0.8769721083655464,4,10
model,result_0924,0.29908909597460465,0.9428814953697411,0,24
