background,nuremberg_000000_000278.png
split,train
model,result_0388,0.20235913023771301,0.3554294903521965,-3,281
model,result_0499,0.7740245316505618,0.3079113778843941,4,346
