background,muhlheim-ruhr_000000_000052.png
split,train
model,result_0949,0.7676552161196883,0.9085528253926538,3,217
model,result_0324,0.7411136560484651,0.9925624825941273,3,356
model,result_0173,0.5639520460584484,0.7250063947330884,0,151
