background,karlsruhe_000000_000263.png
split,train
model,result_0389,0.755787695515928,0.40166906239547573,1,230
