background,wurzburg_000000_000306.png
split,train
model,result_0082,0.22016415892297003,0.27229463748633825,-3,265
model,result_0945,0.4439590589271398,0.8195553772955773,0,132
