background,freiburg_000000_000626.png
split,train
model,result_0995,0.33302934081512015,0.5715821387698695,1,199
model,result_0969,0.6544812879690982,0.7139044657342998,-3,188
model,result_0793,0.4070453496132411,0.6309108222859456,-4,54
