background,duisburg_000000_000273.png
split,train
model,result_0357,0.7009460704050189,0.9963800838460302,-4,177
model,result_0046,0.38815348035896924,0.8484160980003305,0,251
