background,heidelberg_000000_000428.png
split,train
model,result_0878,0.3290693232386769,0.7258862900378471,4,350
model,result_0004,0.5566755947697473,0.7314807873683549,2,222
