background,frankfurt_000001_008200.png
split,train
model,result_0657,0.9353171568677451,0.8212339638023772,-3,113
model,result_0914,0.8101211742651054,0.6381467073947363,0,206
model,result_0193,0.06633491638354927,0.513841135608853,-3,172
