background,saarbrucken_000000_000136.png
split,train
model,result_0319,0.13706497733740675,0.7105826059166801,-1,126
model,result_0477,0.16945750487267497,0.49535772154884383,1,316
model,result_0949,0.15898769518891598,0.6480047841536972,4,167
