background,augsburg_000000_000697.png
split,train
model,result_0995,0.33966453538441777,0.34106920858123974,3,280
model,result_0969,0.01331498732479719,0.41367942772959676,2,349
