background,konstanz_000000_000174.png
split,train
model,result_0822,0.9206945851415241,0.6490875511719979,-4,208
model,result_0855,0.8852606738811625,0.663483995382482,-1,69
