background,nuremberg_000000_001371.png
split,train
model,result_0163,0.0045848660536547126,0.2813330038882177,4,281
model,result_0657,0.4364069435032084,0.534401524439106,-4,301
