background,heidelberg_000000_000726.png
split,train
model,result_0989,0.06256634355533153,0.522105812526001,2,321
