background,duisburg_000000_000442.png
split,train
model,result_0646,0.5338466555784854,0.4642877850658873,2,251
model,result_0586,0.4245336075165316,0.8174183701003175,1,44
model,result_0989,0.8388316344102149,0.40639561170777216,-3,248
