background,heidelberg_000000_000269.png
split,train
model,result_0992,0.15719643721971976,0.4769374361914501,1,291
model,result_0394,0.7060112533513161,0.5681523416511014,1,230
