background,augsburg_000000_000757.png
split,train
model,result_0632,0.2012854833163913,0.8139043641406049,-1,288
model,result_0357,0.031020131975999177,0.3400530389300158,-3,112
model,result_0046,0.7035213445299298,0.8399954573927834,2,358
