background,schweinfurt_000000_000048.png
split,train
model,result_0882,0.21591740778781887,0.7815645030037165,4,51
