background,schweinfurt_000000_000416.png
split,train
model,result_0991,0.2991262951066297,0.6868008560278054,3,216
model,result_0373,0.44763504833147716,0.9102974382086418,3,251
