background,muhlheim-ruhr_000000_000662.png
split,train
model,result_0586,0.02013488802593555,0.726868071718795,1,306
