background,muhlheim-ruhr_000000_000555.png
split,train
model,result_0542,0.779956403394107,0.6519817105390914,0,318
model,result_0674,0.3082429140501546,0.3857116724556343,1,132
model,result_0146,0.5543204610226685,0.9410897359036768,0,117
