background,muhlheim-ruhr_000000_001174.png
split,train
model,result_0075,0.8558947116966248,0.40589811226179084,0,294
