background,dusseldorf_000034_000019.png
split,train
model,result_0678,0.4047730898806787,0.31822789585959754,2,13
