background,konstanz_000000_000073.png
split,train
model,result_0146,0.45301963068139917,0.299602197990467,-3,204
model,result_0295,0.26308260349987445,0.4262861716396666,-4,176
model,result_0127,0.12315256926302531,0.5019454094285939,1,266
