background,konstanz_000000_000010.png
split,train
model,result_0678,0.055836673812138415,0.7853534480421237,-3,348
model,result_0784,0.1375349118076259,0.34634918203644216,0,148
model,result_0924,0.1376528973172818,0.28543749369424665,-4,339
