background,duisburg_000000_000195.png
split,train
model,result_0319,0.9645382797885146,0.7490660844634284,0,337
model,result_0477,0.2787399346520548,0.2680516551978184,3,23
