background,wurzburg_000000_000932.png
split,train
model,result_0061,0.2702145963558351,0.8517069644010633,3,109
model,result_0606,0.6531379725757301,0.9064210048676334,-4,76
