background,heilbronn_000000_000084.png
split,train
model,result_0338,0.1556281851724547,0.48303228152463107,4,101
model,result_0557,0.054231650358924854,0.4929006099198277,0,67
model,result_0544,0.960970028085962,0.26718101632128277,-1,55
