background,wurzburg_000000_001052.png
split,train
model,result_0960,0.8231916250201631,0.7825804592227865,-4,99
model,result_0632,0.5363166569722206,0.38386935973160097,-3,124
