background,oberhausen_000000_000484.png
split,train
model,result_0123,0.399814871445491,0.44484594357701723,-2,183
model,result_0472,0.30810740637053713,0.624081444105022,4,348
model,result_0981,0.8126338727869368,0.55331973306764,3,129
