background,duisburg_000000_000109.png
split,train
model,result_0606,0.241627897443917,0.7981567167619964,-3,310
model,result_0082,0.7129127537137759,0.9603584618334132,-1,315
model,result_0945,0.17253717167672056,0.8396896047381335,3,319
