background,wuppertal_000000_000541.png
split,train
model,result_0686,0.02747484648995735,0.27655277353339786,-1,200
model,result_0805,0.9625669391296603,0.518195322462969,4,58
model,result_0039,0.3974722143797751,0.7344425780883332,3,192
