background,karlsruhe_000000_000180.png
split,train
model,result_0192,0.8270532985076435,0.37620579742765586,-4,303
