background,dortmund_000000_000928.png
split,train
model,result_0472,0.5692797762146264,0.26087436676114145,-1,206
