background,mannheim_000000_000133.png
split,train
model,result_0968,0.40048962962350865,0.8645724934151032,0,207
model,result_0847,0.8724054614842035,0.5252727103220015,3,256
