background,darmstadt_000039_000019.png
split,train
model,result_0657,0.6139163087271816,0.9156940378200432,0,169
model,result_0914,0.15937628442729024,0.6663240431973065,1,291
model,result_0193,0.024327779160229768,0.6003589426416478,-1,29
