background,nuremberg_000000_000191.png
split,train
model,result_0036,0.44325101146502544,0.5407006741727124,-4,323
