background,bayreuth_000000_000432.png
split,train
model,result_0061,0.5107012724000793,0.8561739079214418,-4,258
model,result_0606,0.6400553023548062,0.9811036149392043,-1,51
