background,dortmund_000000_000901.png
split,train
model,result_0199,0.3788051402832787,0.43707533818028016,4,36
model,result_0060,0.9357667823853001,0.9033124238920566,2,140
model,result_0080,0.4550120246933198,0.7195773546282341,2,203
