background,bremen_000237_000019.png
split,train
model,result_0866,0.42548626124720856,0.32071389327025296,-1,331
model,result_0983,0.13649699029667028,0.7746046390687644,-1,328
