background,bayreuth_000000_000745.png
split,train
model,result_0191,0.7119210269686318,0.5381714106156029,-2,183
