background,bayreuth_000000_000280.png
split,train
model,result_0127,0.65031232876053,0.39604026127870234,1,226
model,result_0022,0.8425262345374028,0.7650177722213859,3,74
model,result_0061,0.6066396752239778,0.8625593333019157,2,318
