background,muhlheim-ruhr_000000_000993.png
split,train
model,result_0193,0.6008920826600412,0.5905787911267657,-4,283
model,result_0036,0.2620772419984617,0.8265389431592819,1,182
model,result_1000,0.14739827869868904,0.4127899725069847,-1,109
