background,duisburg_000000_000766.png
split,train
model,result_0004,0.6259669568356524,0.4636159705131694,2,109
