background,augsburg_000000_000690.png
split,train
model,result_0389,0.07776917848167275,0.2812985635862138,-2,175
model,result_0164,0.3789965999650914,0.8818201574239954,4,228
model,result_0440,0.721692916563259,0.37575941681366215,-2,221
