background,nuremberg_000000_000901.png
split,train
model,result_0793,0.8906441313105814,0.6967974377107169,1,239
