background,nuremberg_000000_000941.png
split,train
model,result_0857,0.7644600033179599,0.30225820896725486,2,110
model,result_0795,0.8101559870291395,0.7729965048323192,3,288
