background,freiburg_000000_000095.png
split,train
model,result_0960,0.843367119327102,0.44329643769959026,4,114
