background,wurzburg_000000_001264.png
split,train
model,result_0992,0.17082558708121054,0.5867492003537781,-1,210
model,result_0394,0.1794069314077037,0.3648032525146665,-4,19
