background,bayreuth_000000_000211.png
split,train
model,result_0784,0.8009522219184203,0.6059177524247487,1,163
model,result_0924,0.06343111401208379,0.6844525849966976,1,347
model,result_0866,0.9265721945335034,0.5470912895082974,-1,274
