background,stuttgart_000069_000019.png
split,train
model,result_0793,0.8263823082764526,0.5213464093191253,-3,194
model,result_0686,0.4009425218077145,0.46057859423810055,0,231
