background,heidelberg_000000_000862.png
split,train
model,result_0127,0.18100245664592296,0.27424301772057086,0,1
model,result_0022,0.18765109313327943,0.2987797611086428,-2,62
model,result_0061,0.9949271095115619,0.56929687093184,2,179
