background,mannheim_000000_000255.png
split,train
model,result_0215,0.18695173319410097,0.40449308403120565,1,170
model,result_0332,0.026696023149237136,0.37841649708359587,2,114
