background,strasbourg_000001_037906.png
split,train
model,result_0871,0.0863693466590657,0.39430083980686315,3,190
model,result_0878,0.9298419702448575,0.4309138782222369,3,288
