background,bremen_000259_000019.png
split,train
model,result_1000,0.9550716012809898,0.7965816314098484,-1,74
