background,bamberg_000000_000137.png
split,train
model,result_0586,0.43392542498514675,0.8216703207209382,4,60
