background,dortmund_000000_000728.png
split,train
model,result_0385,0.9762766276513071,0.9438609307594362,1,214
