background,schweinfurt_000000_000525.png
split,train
model,result_0857,0.07556238944539151,0.955536755158542,-2,277
