background,muhlheim-ruhr_000000_000434.png
split,train
model,result_0218,0.7815146545811728,0.5705570379650426,3,350
