background,nuremberg_000000_001345.png
split,train
model,result_0999,0.7102687661660142,0.43989710107191304,4,59
