background,bayreuth_000000_000182.png
split,train
model,result_0678,0.185528932140967,0.908376129371146,4,180
