background,hamburg_000000_056229.png
split,train
model,result_1000,0.27159684330794454,0.7412208659283899,1,314
model,result_0367,0.16242330569844565,0.6747572669650536,-1,173
