background,karlsruhe_000000_000974.png
split,train
model,result_0046,0.8925292171969827,0.6812622030643742,-3,6
