background,heidelberg_000000_000248.png
split,train
model,result_0586,0.782034421590616,0.556408501770837,4,346
model,result_0989,0.2503401256890405,0.9368853648220601,-3,98
