background,konstanz_000000_000806.png
split,train
model,result_0606,0.6419138117698945,0.5612396833698643,2,349
