background,dortmund_000000_000389.png
split,train
model,result_0288,0.724598473018483,0.663690179334328,1,224
