background,dortmund_000000_000123.png
split,train
model,result_0969,0.7709627599397259,0.5845053022959867,-2,174
