background,konstanz_000000_000802.png
split,train
model,result_0751,0.25271894265987116,0.6012414096030103,2,84
model,result_0678,0.4352789137374007,0.9477201324913049,-1,158
model,result_0784,0.8359400712831943,0.3760270217980196,4,73
