background,saarbrucken_000000_000337.png
split,train
model,result_0857,0.8132679025534985,0.6271874581400372,1,264
model,result_0795,0.5345340749822866,0.6348010380723794,-2,325
