background,schweinfurt_000000_000612.png
split,train
model,result_0557,0.5335562023995465,0.7606182710517976,-4,236
model,result_0544,0.9179074205768863,0.3054629960779815,1,157
model,result_0999,0.5545409221030353,0.7316951201190136,-3,356
