background,konstanz_000000_000830.png
split,train
model,result_0632,0.4072854271232028,0.6622259009608944,1,167
model,result_0357,0.565148372541629,0.936463704653052,4,336
model,result_0046,0.05885023109838261,0.682021443551613,0,126
