background,heilbronn_000000_000010.png
split,train
model,result_0632,0.09152683058493916,0.9144583338826029,0,157
model,result_0357,0.020731079016571563,0.38071059696329723,-3,290
model,result_0046,0.9812665799446901,0.6579549154910566,4,268
