background,wurzburg_000000_001594.png
split,train
model,result_0123,0.3002949595517974,0.5250230554544948,-2,132
model,result_0472,0.02779619451142512,0.9503080302980909,-1,245
model,result_0981,0.49035715898782883,0.9355128482029231,0,115
