background,bamberg_000000_000234.png
split,train
model,result_0024,0.6524345528716671,0.2758495595819117,-4,52
model,result_0288,0.26116732380073526,0.8554243142809503,-2,198
