background,konstanz_000000_000798.png
split,train
model,result_0283,0.8662742804106988,0.5495955884059064,1,323
model,result_0968,0.7350405266076118,0.6316561555535806,0,216
model,result_0847,0.7594879609759743,0.4763283806608932,-4,110
