background,wurzburg_000000_000885.png
split,train
model,result_0991,0.431959676655155,0.7027088094701085,-2,283
