background,karlsruhe_000000_000228.png
split,train
model,result_0247,0.7990589856114714,0.4571048602445136,-4,157
