background,bochum_000000_014332.png
split,train
model,result_0602,0.6253528259059535,0.44500667420263756,-2,177
