background,muhlheim-ruhr_000000_000006.png
split,train
model,result_0239,0.10755665512802182,0.2760567046732393,-1,106
model,result_0051,0.16731397460512187,0.8451619248086653,-4,238
