background,oberhausen_000000_000585.png
split,train
model,result_0686,0.9602804230608479,0.9483591891001977,-2,157
model,result_0805,0.06173671867406305,0.28062536215033773,2,257
model,result_0039,0.20354895875889822,0.3439558853052593,-1,77
