background,heidelberg_000000_000902.png
split,train
model,result_0968,0.4033245918788473,0.83304613215279,4,280
