background,heilbronn_000000_000401.png
split,train
model,result_0477,0.12053157887892585,0.3203900580397081,-4,15
