background,schweinfurt_000000_000689.png
split,train
model,result_0239,0.27704621157652143,0.7351610475510958,1,288
model,result_0051,0.12439471919151113,0.5192696203485843,3,267
model,result_0739,0.2861738899480687,0.7672644475225262,4,152
