background,nuremberg_000000_001064.png
split,train
model,result_0857,0.8012098144135441,0.793451087393274,-2,112
model,result_0795,0.4955163234828943,0.4966390230700296,-4,176
model,result_0388,0.9325923944275837,0.6474117376869397,-2,279
