background,dortmund_000000_000077.png
split,train
model,result_0389,0.4153610345366675,0.3221282200982567,2,274
model,result_0164,0.7701310803538799,0.9834025653223305,-3,116
model,result_0440,0.1761562417093533,0.7637073710702451,-4,245
