background,dortmund_000000_000826.png
split,train
model,result_0999,0.34066467489427277,0.8884857815447355,-3,10
