background,duisburg_000000_000807.png
split,train
model,result_0646,0.6233181569996338,0.5149668884655785,3,244
model,result_0586,0.30290595249366115,0.7610037048971519,-1,52
