background,nuremberg_000000_000437.png
split,train
model,result_0127,0.2757211956015676,0.8978026413907048,-2,146
model,result_0022,0.0680565342543199,0.8547800645778567,0,245
model,result_0061,0.51738876820081,0.7755774184161144,2,109
