background,dortmund_000000_000821.png
split,train
model,result_0499,0.7369734921826947,0.6664823233636754,2,238
model,result_0844,0.7714137209368803,0.5062280274240578,0,153
