background,schweinfurt_000000_000027.png
split,train
model,result_0218,0.6522520111186156,0.5913254515119594,4,6
