background,oberhausen_000000_000589.png
split,train
model,result_0022,0.7179186517620041,0.7710013497022891,4,88
