background,mannheim_000000_000325.png
split,train
model,result_0989,0.3603463851930896,0.6206814704953083,-1,268
model,result_0803,0.42329412100184527,0.8148540571405576,0,61
model,result_0192,0.1339888641141751,0.7964359617066153,-4,39
