background,bayreuth_000000_000019.png
split,train
model,result_0803,0.7595772059921801,0.4708005059725937,-1,313
model,result_0192,0.26698037514847117,0.9987575928046455,3,329
