background,heilbronn_000000_000036.png
split,train
model,result_0882,0.8008815175652094,0.7364506586372778,0,214
model,result_0467,0.18251723462113167,0.2674700234109241,0,305
model,result_0154,0.783385308332624,0.7430580066572186,2,112
