background,nuremberg_000000_000983.png
split,train
model,result_0163,0.5090313213101879,0.9447991161319892,3,258
model,result_0657,0.7756539124844273,0.5002565739370491,-2,78
