background,wurzburg_000000_001376.png
split,train
model,result_0191,0.8544230298898096,0.8059899755095558,1,135
