background,bamberg_000000_000376.png
split,train
model,result_0542,0.12628645177452968,0.7471999850039124,-4,14
