background,konstanz_000000_000944.png
split,train
model,result_0082,0.9045441707529788,0.39472020622207116,-3,173
model,result_0945,0.767664755719424,0.3582360486360753,-1,95
model,result_0612,0.653145850848278,0.4113201384730254,-3,179
