background,konstanz_000000_001314.png
split,train
model,result_0022,0.4553135535351135,0.6128530303178925,2,217
model,result_0061,0.399585836355433,0.9308935905838087,4,66
