background,konstanz_000000_000063.png
split,train
model,result_0822,0.8665449438449306,0.9766293096683414,4,140
model,result_0855,0.15442206173356643,0.5676207705901877,0,224
model,result_0338,0.9645604181514893,0.5648144297505762,3,95
