background,wurzburg_000000_000510.png
split,train
model,result_0751,0.7518451116542213,0.5277781837696915,-4,257
model,result_0678,0.10347801413159952,0.6302269185492568,2,137
