background,duisburg_000000_000549.png
split,train
model,result_0999,0.22981220931096846,0.4868420351152948,-2,176
model,result_0510,0.4646182305878124,0.4176905745004157,0,222
