background,muhlheim-ruhr_000000_000652.png
split,train
model,result_0606,0.29448313606350374,0.6209810935476319,1,108
