background,duisburg_000000_000377.png
split,train
model,result_0686,0.33265628275282166,0.7821545043933218,-1,205
model,result_0805,0.17058653093457166,0.7874775950439912,1,352
