background,wurzburg_000000_001343.png
split,train
model,result_0586,0.6427957528400206,0.5223339136141341,-1,357
