background,augsburg_000000_000668.png
split,train
model,result_0215,0.1574511568116096,0.7100703667448788,0,91
