background,bremen_000270_000019.png
split,train
model,result_0866,0.6843061197330231,0.5302776117500723,-3,32
