background,schweinfurt_000000_000534.png
split,train
model,result_0879,0.7807269989430946,0.5167970735252542,4,103
model,result_0542,0.7821771538509926,0.7216753416443165,4,156
model,result_0674,0.6290436047631701,0.9039329791399011,0,118
