background,dortmund_000000_000552.png
split,train
model,result_0775,0.19839456430631353,0.6254934443390173,1,204
