background,muhlheim-ruhr_000000_001080.png
split,train
model,result_0146,0.682405237012834,0.6085444806655919,-3,335
model,result_0295,0.5842231876632689,0.8482670930673717,-1,153
model,result_0127,0.19648345996874228,0.9897375593468409,2,19
