background,bayreuth_000000_000603.png
split,train
model,result_0266,0.21994102950205074,0.5696966478694938,1,275
model,result_0862,0.4403176273705268,0.27029207557760865,2,184
