background,heidelberg_000000_000018.png
split,train
model,result_0332,0.9734113425651274,0.35111368063784587,1,345
model,result_0385,0.866023452606288,0.7629178098351266,-1,78
