background,muhlheim-ruhr_000000_000107.png
split,train
model,result_0154,0.44609610806741207,0.4955300401401749,-4,106
