background,wurzburg_000000_001342.png
split,train
model,result_0191,0.09653310579026642,0.3959095915189854,-3,262
model,result_0775,0.9408580113267322,0.27993948297936333,-4,155
