background,muhlheim-ruhr_000000_000445.png
split,train
model,result_0051,0.3907311350239714,0.6294176951317451,1,37
model,result_0739,0.7187898317100596,0.4596654021486578,3,261
