background,mannheim_000000_001123.png
split,train
model,result_0871,0.3166500450183728,0.8222311867240402,2,163
