background,muhlheim-ruhr_000000_000991.png
split,train
model,result_0075,0.9420469284749776,0.6785815413924854,0,275
model,result_0992,0.8619757727070597,0.5914988690017289,-2,149
