background,karlsruhe_000000_000288.png
split,train
model,result_0266,0.5705377827400439,0.656460398240915,-4,141
model,result_0862,0.9073715977291386,0.895683948463879,-3,154
