background,konstanz_000000_000920.png
split,train
model,result_0477,0.2082764693608602,0.8039946485479457,0,308
model,result_0949,0.07742895342875566,0.3632356422345052,-3,264
