background,wurzburg_000000_001019.png
split,train
model,result_0632,0.4691824013719301,0.7622863604399106,-1,295
model,result_0357,0.6096993225726369,0.7457871810426542,3,290
model,result_0046,0.749050351304405,0.780191530062555,-3,293
