background,nuremberg_000000_000903.png
split,train
model,result_0999,0.775118741637796,0.6397228461051724,3,268
