background,heilbronn_000000_000005.png
split,train
model,result_0075,0.6722326397546602,0.7063155991988279,0,270
model,result_0992,0.5264543312639103,0.2740340393078835,-4,115
