background,lindau_000041_000019.png
split,train
model,result_0855,0.9890748535318415,0.5793330709019626,-1,111
model,result_0338,0.11760075971482342,0.9686051487052783,-3,357
model,result_0557,0.08903870196991981,0.9561637531608878,0,218
