background,muhlheim-ruhr_000000_000401.png
split,train
model,result_0606,0.9487080905119254,0.4061773204958341,-3,53
