background,augsburg_000000_000883.png
split,train
model,result_0979,0.4246432611721428,0.6509181410254206,1,45
model,result_0871,0.03840777284919483,0.8135169225990764,-1,274
