background,wuppertal_000000_000714.png
split,train
model,result_0879,0.7820548227256915,0.2683672037950467,-3,133
model,result_0542,0.013051138620887914,0.42680068889236544,3,323
