background,mannheim_000000_000902.png
split,train
model,result_0632,0.4371395003950602,0.41788895465075715,1,26
