background,heidelberg_000000_000411.png
split,train
model,result_0472,0.8809577713360164,0.8417401277534682,-4,182
