background,wurzburg_000000_001612.png
split,train
model,result_0879,0.4764114491350614,0.9884050903939874,-3,37
model,result_0542,0.6761081396611489,0.5457039907373264,1,34
model,result_0674,0.1852040982193307,0.902830553419926,-2,358
