background,wuppertal_000000_001059.png
split,train
model,result_0562,0.10667414711925938,0.4359932714681297,0,46
