background,heilbronn_000000_000013.png
split,train
model,result_0960,0.9554396833136545,0.7341092206562237,-2,315
