background,bayreuth_000000_000346.png
split,train
model,result_0960,0.09629491002262958,0.7341207030381216,0,212
model,result_0632,0.9294103136465456,0.3803281019272058,-1,27
