background,mannheim_000000_000598.png
split,train
model,result_0024,0.10440140891163008,0.5463907371709472,-1,185
