background,wuppertal_000000_000660.png
split,train
model,result_0969,0.33311471662074343,0.28266507754405457,-1,343
model,result_0793,0.4294622699153373,0.6705980904657336,-1,227
model,result_0686,0.46875383756536704,0.33244961243649496,0,178
