background,bamberg_000000_000115.png
split,train
model,result_0288,0.3339872247059005,0.5478877408052616,4,110
