background,dortmund_000000_000347.png
split,train
model,result_0036,0.8812409805794877,0.28056356574957697,3,146
model,result_1000,0.41080605137040627,0.8189934226528017,1,70
