background,schweinfurt_000000_000237.png
split,train
model,result_0739,0.26082251562035874,0.4751498436900464,-3,288
