background,heidelberg_000000_000854.png
split,train
model,result_0082,0.0535067835964691,0.8655699368464651,-2,295
model,result_0945,0.7867760572653922,0.31307902077193306,0,237
