background,mannheim_000000_000898.png
split,train
model,result_0878,0.3900587957488225,0.8675595864617832,-2,174
