background,saarbrucken_000000_000545.png
split,train
model,result_0389,0.5728773385206822,0.298953247308351,-4,107
model,result_0164,0.38000290381485613,0.7195362581945554,-3,234
model,result_0440,0.8746971265684395,0.992995272655121,-1,63
