background,oberhausen_000000_000719.png
split,train
model,result_0075,0.7492340107769616,0.5002212610649999,-3,144
model,result_0992,0.7012759234840049,0.7086199346862571,-1,100
