background,oberhausen_000000_000379.png
split,train
model,result_0154,0.6976399448007827,0.697767759357484,-1,15
