background,wuppertal_000000_000960.png
split,train
model,result_0878,0.6269381319464318,0.9547920758370234,-1,5
