background,oberhausen_000000_000338.png
split,train
model,result_0472,0.4080140378445727,0.7808307319734406,-2,332
