background,nuremberg_000000_000793.png
split,train
model,result_0477,0.5272872319162705,0.26056408687582655,3,329
model,result_0949,0.1830092252273341,0.5135740839971563,2,116
