background,duisburg_000000_000003.png
split,train
model,result_0989,0.8523474053281472,0.3834359134778159,1,93
