background,heidelberg_000000_000284.png
split,train
model,result_0173,0.41755657872980523,0.36077103940000366,4,237
model,result_0751,0.46408722060184826,0.4566171021769456,-4,291
