background,konstanz_000000_000270.png
split,train
model,result_0295,0.3833951848808338,0.6880410067595331,4,193
model,result_0127,0.08288811104475158,0.2987738306034474,1,2
