background,oberhausen_000000_000422.png
split,train
model,result_0803,0.34047592664214266,0.5580234543646432,-3,96
