background,wuppertal_000000_000846.png
split,train
model,result_0983,0.23416250519852544,0.9406061958862052,-4,289
