background,heidelberg_000000_000107.png
split,train
model,result_0999,0.44362209003843445,0.44618545968089784,2,293
