background,muhlheim-ruhr_000000_000530.png
split,train
model,result_0981,0.876000990323355,0.8210268920816982,-2,41
model,result_0527,0.40014754451476575,0.3192545869590794,-3,345
model,result_0602,0.5889439567943698,0.3611459262534251,-2,227
