background,duisburg_000000_000337.png
split,train
model,result_0288,0.45384124120026204,0.7508136150422889,-4,264
model,result_0247,0.31843611469326805,0.7091997014886142,-3,296
model,result_0239,0.034346022857858705,0.509558562644397,4,201
