background,bayreuth_000000_000060.png
split,train
model,result_0004,0.5132268567535488,0.41577314594449266,-4,13
