background,wurzburg_000000_001204.png
split,train
model,result_0082,0.19755778800836976,0.27181995223704697,2,255
model,result_0945,0.8635193441873679,0.5493330318897913,4,62
model,result_0612,0.7924860301846463,0.40082240655152807,1,12
