background,mannheim_000000_000515.png
split,train
model,result_0945,0.4532122444815563,0.3949460036512513,-3,245
