background,bayreuth_000000_000021.png
split,train
model,result_0499,0.8538533891400976,0.3891412866614221,-3,268
model,result_0844,0.03600489080934888,0.7244897545755973,4,160
