background,karlsruhe_000000_000606.png
split,train
model,result_0678,0.3508878129482407,0.26577498531828214,0,360
model,result_0784,0.9283073171134207,0.4690512155796541,-1,278
