background,nuremberg_000000_000977.png
split,train
model,result_0674,0.9665262189510659,0.7195057507366186,-2,285
model,result_0146,0.9092381447245549,0.9704618592876919,0,189
model,result_0295,0.12588976964269794,0.3623165372542567,-1,10
