background,wuppertal_000000_000287.png
split,train
model,result_0803,0.3770743189503749,0.9145260496646506,0,285
