background,augsburg_000000_000350.png
split,train
model,result_0199,0.43888624840574053,0.6916544938789926,-4,11
model,result_0060,0.802734845348299,0.2871313357729619,0,132
model,result_0080,0.620464951691303,0.7162484332544068,0,342
