background,wurzburg_000000_000804.png
split,train
model,result_0288,0.019952870787355192,0.2614293067201782,1,217
model,result_0247,0.4595097881149165,0.6824255207425669,-4,141
