background,mannheim_000000_000213.png
split,train
model,result_0075,0.5213984218721859,0.6736427963498774,-1,57
model,result_0992,0.5225336574692795,0.7532873186503801,-1,172
