background,augsburg_000000_000582.png
split,train
model,result_0472,0.8701040998687576,0.980321020298394,0,340
model,result_0981,0.3411166714400402,0.7291794172743468,3,275
