background,bamberg_000000_000053.png
split,train
model,result_0989,0.11317367258187205,0.40044468472239103,3,280
model,result_0803,0.15015565146324927,0.5083952196752717,0,103
