background,wuppertal_000000_000591.png
split,train
model,result_0324,0.3201645816464882,0.27259579558456537,-1,277
