background,jena_000113_000019.png
split,train
model,result_0981,0.675727737876913,0.45012330740338236,-2,202
