background,mannheim_000000_000814.png
split,train
model,result_0163,0.9323564903570031,0.4425880220046321,3,11
model,result_0657,0.06017761694508128,0.6462127567688587,2,105
model,result_0914,0.9667789472293972,0.3914878944234287,-3,98
