background,oberhausen_000000_000347.png
split,train
model,result_0472,0.3139736164005902,0.3378989934178803,0,3
model,result_0981,0.6119715221148546,0.9359976835002566,1,74
model,result_0527,0.03635288776776946,0.26533143591487396,-4,235
