background,mannheim_000000_000049.png
split,train
model,result_0657,0.39163548592401154,0.3317163022914733,4,134
