background,bremen_000033_000019.png
split,train
model,result_0646,0.9792028888432207,0.49121169141365945,-3,211
