background,karlsruhe_000000_000456.png
split,train
model,result_0338,0.765601146827816,0.368144985388645,-3,249
