background,augsburg_000000_000555.png
split,train
model,result_0192,0.22224658933921826,0.412569610341497,2,110
model,result_0218,0.8078838348499966,0.7099405223190592,-4,150
