background,bayreuth_000000_000307.png
split,train
model,result_0218,0.5364472245338902,0.7466778353819089,3,151
model,result_0694,0.5394476842790931,0.41121332032582913,3,189
model,result_0319,0.2899523301213799,0.7069203729300726,4,207
