background,duisburg_000000_000516.png
split,train
model,result_0024,0.4049380296563293,0.5584495176758209,-4,20
model,result_0288,0.22506116477157578,0.29407129521581804,2,260
model,result_0247,0.14556079020142154,0.9419260889919462,0,82
