background,krefeld_000000_035124.png
split,train
model,result_0191,0.18078425056259362,0.5954432970261384,-2,239
model,result_0775,0.6938759337012186,0.9237338886416934,4,304
