background,freiburg_000000_000355.png
split,train
model,result_0983,0.4712816166361785,0.4805051925243962,-2,13
