background,dusseldorf_000042_000019.png
split,train
model,result_0154,0.6581340158808315,0.6653111470636427,-3,316
model,result_0562,0.11458838837565266,0.4487357719547553,-1,145
