background,freiburg_000000_000499.png
split,train
model,result_0499,0.3231600460985613,0.3135086266168078,-2,25
model,result_0844,0.2615915983716116,0.964691645049378,-2,254
model,result_0995,0.43820558498781614,0.5156030161166149,3,114
