background,dortmund_000000_000197.png
split,train
model,result_0857,0.27806978987700026,0.4882967528727608,2,67
model,result_0795,0.8601333745686198,0.9526558019308384,-4,329
model,result_0388,0.8680211468432587,0.5419972116865648,-2,226
