background,karlsruhe_000000_000700.png
split,train
model,result_0218,0.5676559598230141,0.36993992850148805,-4,12
model,result_0694,0.5872775562862269,0.42302388948010555,0,154
