background,karlsruhe_000000_000072.png
split,train
model,result_0862,0.9045843972197128,0.8389769781849983,-2,313
model,result_0524,0.7874358547757568,0.33061428921562663,4,172
