background,wurzburg_000000_000224.png
split,train
model,result_0632,0.8835875452005238,0.40634568157693696,2,253
model,result_0357,0.6114524328863671,0.5184522989288172,-3,324
model,result_0046,0.9498310862265276,0.5480281922236515,-1,359
