background,wurzburg_000000_000155.png
split,train
model,result_0751,0.14178617115303072,0.2910877087854052,-3,156
model,result_0678,0.8975307548648188,0.8332765067664494,-1,331
model,result_0784,0.2675106831303309,0.9131085231616269,4,308
