background,freiburg_000000_000764.png
split,train
model,result_0510,0.6693522801993799,0.722504921629387,3,171
