background,schweinfurt_000000_000157.png
split,train
model,result_0969,0.6381067877881497,0.40352731219633664,-1,52
model,result_0793,0.6642075156045646,0.7633686969249169,4,284
model,result_0686,0.8138173030224279,0.9154256053631541,2,263
