background,wurzburg_000000_000368.png
split,train
model,result_0606,0.397991240777703,0.746760500122436,1,230
model,result_0082,0.25531245549089143,0.9988708585087989,3,299
