background,wurzburg_000000_000825.png
split,train
model,result_0983,0.3241935684521865,0.5496846650380771,3,329
model,result_0996,0.06577553934709546,0.6905128532311092,-4,184
model,result_0266,0.5944333104509338,0.42346121887540905,-3,286
