background,freiburg_000000_000838.png
split,train
model,result_0612,0.01879512395950389,0.4691074169166229,0,157
model,result_0283,0.5543565294902304,0.7039085939519691,1,313
