background,freiburg_000000_000057.png
split,train
model,result_0914,0.09080149202140764,0.7661767097670338,3,100
model,result_0193,0.271054027773021,0.6845835882252469,3,296
