background,karlsruhe_000000_000216.png
split,train
model,result_0527,0.8891925624739909,0.8770835817127083,-3,344
model,result_0602,0.22012154926052763,0.9372744477931505,-3,331
model,result_0024,0.870767958444992,0.6748666292177018,0,332
