background,freiburg_000000_000199.png
split,train
model,result_0288,0.7956169745593862,0.34787353745200517,-3,22
