background,freiburg_000000_000605.png
split,train
model,result_0022,0.03642090141138499,0.7559019007036711,4,147
model,result_0061,0.7442352949523992,0.28140226108032473,-3,287
