background,wurzburg_000000_001274.png
split,train
model,result_0510,0.6726027811391605,0.8552225565389999,1,71
