background,muhlheim-ruhr_000000_000323.png
split,train
model,result_0527,0.07530280723842109,0.7522664469616888,1,31
model,result_0602,0.3853495354564016,0.2858704571363398,-2,296
