background,konstanz_000000_000180.png
split,train
model,result_1000,0.9490733727699356,0.9873960970524203,-1,190
