background,konstanz_000000_000796.png
split,train
model,result_0646,0.16113832374941062,0.31383371909694613,0,81
model,result_0586,0.3871607760144341,0.38456570003022056,2,137
model,result_0989,0.03695397957386437,0.307879657693085,2,148
