background,bochum_000000_004748.png
split,train
model,result_0036,0.43908496669318775,0.33037143630188837,3,305
