background,augsburg_000000_000834.png
split,train
model,result_0060,0.2808453120412795,0.3690587506070122,0,275
