background,duisburg_000000_000648.png
split,train
model,result_0080,0.8506117366113819,0.33193060042603195,3,160
