background,muhlheim-ruhr_000000_000600.png
split,train
model,result_0192,0.39418006665631256,0.34507349691989914,-2,345
model,result_0218,0.7348780153819255,0.6950397478657933,-2,34
model,result_0694,0.8076695981980849,0.888248603114967,2,265
