background,augsburg_000000_000851.png
split,train
model,result_0146,0.9832568051627176,0.823112101250011,2,143
