background,mannheim_000000_000269.png
split,train
model,result_0218,0.22853035389209808,0.7740961874873145,-4,120
