background,wuppertal_000000_000732.png
split,train
model,result_0328,0.16020437028399948,0.3777893536366478,-4,70
model,result_0879,0.9995771940072639,0.26581137649977127,1,6
