background,heidelberg_000000_000599.png
split,train
model,result_0283,0.07969293668106925,0.27929235990368734,1,317
