background,oberhausen_000000_000208.png
split,train
model,result_0968,0.6107728458725759,0.5491710014647475,-2,323
model,result_0847,0.008472334048753583,0.7755275843092031,-2,231
model,result_0646,0.006443550497085004,0.5779105832855953,3,256
