background,oberhausen_000000_000053.png
split,train
model,result_0999,0.5449505778909604,0.332437401885238,2,66
model,result_0510,0.3062775465822182,0.8354533410574303,-4,295
