background,muhlheim-ruhr_000000_000291.png
split,train
model,result_0924,0.3677213032958745,0.807794144638322,1,190
