background,oberhausen_000000_000353.png
split,train
model,result_0394,0.85635083962469,0.9525715249119866,-2,61
