background,freiburg_000000_000599.png
split,train
model,result_0914,0.513160801977282,0.47013222721635683,-1,213
model,result_0193,0.4448575381488016,0.8874874413408396,1,300
model,result_0036,0.9781407586693643,0.5880203423356277,2,226
