background,freiburg_000000_000350.png
split,train
model,result_0266,0.3873169243450951,0.8015142434485193,1,266
model,result_0862,0.4391726709841989,0.3785687326075338,3,221
