background,augsburg_000000_000804.png
split,train
model,result_0193,0.9775013250763742,0.6536842007288948,3,240
