background,weimar_000044_000019.png
split,train
model,result_0945,0.513248025550885,0.4710405557861792,1,62
model,result_0612,0.7035809587394333,0.9493304015534945,4,338
model,result_0283,0.9337070948227236,0.6603451174158546,2,94
