background,wurzburg_000000_000558.png
split,train
model,result_0795,0.4437374534890529,0.6477627979430821,4,326
model,result_0388,0.345492292361833,0.6868650037339272,3,300
model,result_0499,0.3631317793282327,0.7154212365487774,2,86
