background,duisburg_000000_000596.png
split,train
model,result_1000,0.8027647618991292,0.8637771413559354,2,199
