background,nuremberg_000000_001399.png
split,train
model,result_0510,0.7418125136098046,0.4361886869251621,0,125
model,result_0328,0.40559349610107465,0.6565792773868672,-2,122
model,result_0879,0.34584491858634014,0.32160723018004095,-3,54
