background,mannheim_000000_000732.png
split,train
model,result_0989,0.8666025965996882,0.9516424533099446,4,94
model,result_0803,0.24169971060151552,0.98228967125721,2,88
