background,dortmund_000000_000601.png
split,train
model,result_0931,0.23679370627850516,0.7689490913254383,-4,48
