background,wurzburg_000000_000891.png
split,train
model,result_0075,0.2631164310083949,0.9329360449679994,-4,253
