background,heilbronn_000000_000070.png
split,train
model,result_0527,0.28729102925999195,0.2972645560273913,4,46
model,result_0602,0.009833092131362409,0.5169511648531158,-3,108
model,result_0024,0.32790440999073067,0.4229655413961373,-4,280
