background,bayreuth_000000_000676.png
split,train
model,result_0855,0.6531559550928553,0.5233324263043643,-3,121
model,result_0338,0.2687487002341835,0.7843694426567729,1,115
