background,strasbourg_000001_023271.png
split,train
model,result_0367,0.24637456089341458,0.47690285090642615,2,261
model,result_0822,0.21689139005783187,0.7814681842687037,4,124
model,result_0855,0.8476107368834058,0.4229941230058711,-2,272
