background,bad-honnef_000000_000063.png
split,train
model,result_0332,0.5819281768737616,0.6235549701492618,-1,24
