background,augsburg_000000_001093.png
split,train
model,result_0914,0.09856420500771423,0.5355775289115456,-1,218
