background,karlsruhe_000000_000505.png
split,train
model,result_0193,0.582668940983294,0.5797184855309168,-3,232
model,result_0036,0.29546586993944046,0.7417221547177086,-3,215
model,result_1000,0.9593524883105903,0.43664702274944217,2,80
