background,oberhausen_000000_000514.png
split,train
model,result_0524,0.9878212759448611,0.4519232766808019,-4,109
model,result_0199,0.22216211456820645,0.8771480899692192,-3,310
model,result_0060,0.39242056250773205,0.8296528492478122,3,145
