background,bamberg_000000_000426.png
split,train
model,result_0968,0.502411818375827,0.42068918128751986,1,182
model,result_0847,0.4968572275809151,0.37681162115947525,-3,240
model,result_0646,0.6491650380437608,0.8221067988442883,4,200
