background,mannheim_000000_000276.png
split,train
model,result_0192,0.8916529430063367,0.9541402634878144,3,280
model,result_0218,0.4850736614943527,0.29741036842344737,0,3
model,result_0694,0.48186497972104336,0.959556432389631,4,279
