background,bamberg_000000_000159.png
split,train
model,result_0477,0.3675952246017852,0.28140649792360073,2,36
model,result_0949,0.8929360453166993,0.7055113698701201,2,208
