background,schweinfurt_000000_000530.png
split,train
model,result_0328,0.4945285470853644,0.801363670928898,4,74
