background,saarbrucken_000000_000038.png
split,train
model,result_0606,0.07399143059359414,0.3785714296745405,-3,29
model,result_0082,0.5821822903069981,0.7840554767906767,-2,108
