background,karlsruhe_000000_000959.png
split,train
model,result_0979,0.8386771263942902,0.9558978573739901,1,144
model,result_0871,0.8082408351328784,0.651336965020412,4,104
model,result_0878,0.35306351020111915,0.9882689808448564,3,221
