background,duisburg_000000_000405.png
split,train
model,result_0024,0.05870939699824407,0.36746376344754017,-4,130
