background,schweinfurt_000000_000075.png
split,train
model,result_0914,0.5041067631724779,0.39900304314502855,-2,270
model,result_0193,0.0014808579146847745,0.983384289159056,-2,194
model,result_0036,0.11943414996189539,0.9936373374594518,-4,100
