background,karlsruhe_000000_000551.png
split,train
model,result_0557,0.5794274655151114,0.2557965312008623,1,54
