background,wurzburg_000000_001288.png
split,train
model,result_0440,0.646573940162365,0.3270722927952185,-4,104
