background,muhlheim-ruhr_000000_000544.png
split,train
model,result_0328,0.963714093063957,0.616632617028809,3,26
model,result_0879,0.9602321800475183,0.6415191163010594,-2,309
