background,nuremberg_000000_000469.png
split,train
model,result_0996,0.5363534500567884,0.31001700232229223,3,137
