background,heidelberg_000000_000347.png
split,train
model,result_0602,0.7235730817382862,0.7167589969562531,4,222
model,result_0024,0.19448897089450956,0.3355965512605537,-1,76
model,result_0288,0.3491815630937508,0.2819469199531221,4,341
