background,oberhausen_000000_000240.png
split,train
model,result_0945,0.7132559690137522,0.6069537207085993,-1,252
model,result_0612,0.7110308229883753,0.7070177431298752,-2,286
model,result_0283,0.8686717760827062,0.5028312832020435,-1,325
