background,schweinfurt_000000_000522.png
split,train
model,result_0024,0.9698990975620353,0.5078577594937935,-4,208
model,result_0288,0.7378125391010881,0.9666819123824704,2,9
