background,dresden_000000_000161.png
split,train
model,result_0931,0.1791761423894016,0.6033825012929659,-1,133
model,result_0123,0.9814423253068211,0.7415365761283477,2,218
model,result_0472,0.3478490154579468,0.9824042932309214,-3,57
