background,freiburg_000000_000284.png
split,train
model,result_0324,0.12112376490008658,0.8134068434759487,3,219
model,result_0173,0.7799730315144265,0.9035751025693942,0,0
model,result_0751,0.07408607868189143,0.4610186885279799,-4,80
