background,bayreuth_000000_000103.png
split,train
model,result_0367,0.14631275107398534,0.42138304683981753,4,285
