background,dusseldorf_000137_000019.png
split,train
model,result_0004,0.05975999741474347,0.5981712408922246,3,90
