background,augsburg_000000_000470.png
split,train
model,result_0163,0.8685652025956141,0.5033828658766595,-1,75
