background,konstanz_000000_000197.png
split,train
model,result_0857,0.825885545522991,0.5477732307115069,-3,329
model,result_0795,0.3514423235014703,0.5738246839173163,4,264
