background,dusseldorf_000208_000019.png
split,train
model,result_0247,0.0010789154719700322,0.6703991960847822,-2,31
model,result_0239,0.6204975318600917,0.7071109523660624,-2,55
model,result_0051,0.5439695010032863,0.9964075635759191,0,9
