background,karlsruhe_000000_001121.png
split,train
model,result_0657,0.9918744468383918,0.7966478660400472,-3,107
