background,duisburg_000000_000380.png
split,train
model,result_0472,0.3893550923266661,0.7876006028157285,1,315
