background,konstanz_000000_000789.png
split,train
model,result_0914,0.8868953472103264,0.39069410969719015,-4,34
model,result_0193,0.600622585667752,0.5790388286474862,-1,326
