background,nuremberg_000000_000816.png
split,train
model,result_0004,0.8701595739323248,0.3730924926274586,-1,94
model,result_0931,0.2499523893450304,0.2773481856387604,2,38
model,result_0123,0.17849635311804746,0.7377846778774064,4,36
