background,wuppertal_000000_000981.png
split,train
model,result_0154,0.40196341280586745,0.7060117219475411,1,341
