background,wurzburg_000000_000369.png
split,train
model,result_0295,0.9271614809680159,0.3779075042775894,-2,347
model,result_0127,0.935881171824833,0.96940020778048,2,225
