background,muhlheim-ruhr_000000_001159.png
split,train
model,result_0527,0.9698928801297217,0.7665037522460476,0,267
model,result_0602,0.4616102234258298,0.8861361157431306,1,90
model,result_0024,0.9526728296796172,0.6732154198772399,0,258
