background,freiburg_000000_000420.png
split,train
model,result_0061,0.43060834115511104,0.43261746823442027,-4,269
