background,heidelberg_000000_000885.png
split,train
model,result_0247,0.6169814873624232,0.27044755572663437,-2,154
model,result_0239,0.9348033678703576,0.5149199197394618,-4,108
