background,nuremberg_000000_000133.png
split,train
model,result_0004,0.4312929587345177,0.8115694214851263,3,79
