background,karlsruhe_000000_001108.png
split,train
model,result_0914,0.5148160939798229,0.7035704185730053,-4,228
