background,stuttgart_000070_000019.png
split,train
model,result_0004,0.27244114460805713,0.8675098588298799,-2,342
