background,freiburg_000000_000006.png
split,train
model,result_0123,0.3333707504446408,0.9471860336019358,3,41
