background,augsburg_000000_001305.png
split,train
model,result_0612,0.7368836660102134,0.7284536309179248,1,47
model,result_0283,0.13978170702461523,0.8887613041733708,-1,304
model,result_0968,0.9342309865619621,0.4812238322532144,4,297
