background,konstanz_000000_001133.png
split,train
model,result_0795,0.8223479508691778,0.9799693898888796,-1,338
model,result_0388,0.11149619810717615,0.8510280687686727,-4,102
