background,muhlheim-ruhr_000000_000163.png
split,train
model,result_0039,0.862568619381603,0.27881934162319333,4,126
