background,heidelberg_000000_000219.png
split,train
model,result_0751,0.9408896990932004,0.9010818727244102,-2,309
