background,oberhausen_000000_000336.png
split,train
model,result_0477,0.8565938162446032,0.4773458061338349,4,102
