background,heidelberg_000000_000338.png
split,train
model,result_0288,0.7219212841567717,0.509699224993905,3,50
model,result_0247,0.3472209655376872,0.6664057446424644,-1,22
