background,heilbronn_000000_000496.png
split,train
model,result_0082,0.6248967618310445,0.9039240591901292,4,164
model,result_0945,0.6509595408807414,0.5915358522355955,0,186
