background,hanover_000000_017041.png
split,train
model,result_0239,0.02580881199582119,0.7601834821203854,-3,15
model,result_0051,0.49970544182300236,0.8408860922902295,4,40
model,result_0739,0.880269840294048,0.5225248834247136,-2,126
