background,heidelberg_000000_000868.png
split,train
model,result_0046,0.3143294974008811,0.5616458168231231,-1,41
