background,wurzburg_000000_000720.png
split,train
model,result_0338,0.12949145932534778,0.4369083646835724,0,272
