background,erlangen_000000_000199.png
split,train
model,result_0191,0.844272853859363,0.6844072505019774,1,289
