background,duisburg_000000_000374.png
split,train
model,result_0199,0.6435888386322899,0.69913988574805,-4,294
