background,bamberg_000000_000234.png
split,train
model,result_0989,0.17279801077703105,0.9030291463878476,2,292
model,result_0803,0.7826992088788498,0.3352069817329116,-3,120
