background,freiburg_000000_000121.png
split,train
model,result_0332,0.48057593204799476,0.607717328314638,-1,270
