background,bayreuth_000000_000624.png
split,train
model,result_0602,0.733926598890877,0.2614946385187299,-1,280
