background,karlsruhe_000000_000868.png
split,train
model,result_0192,0.40695825608271474,0.9766450439789984,-2,59
model,result_0218,0.8404076839367243,0.8575429085382378,-3,267
