background,dortmund_000000_000084.png
split,train
model,result_0866,0.25235689372786996,0.47618073153702933,-2,75
model,result_0983,0.11504561469204766,0.35149239580372166,3,278
model,result_0996,0.6422387544099363,0.9936350615702823,-2,247
