background,wuppertal_000000_000945.png
split,train
model,result_0931,0.6182616926510933,0.644757004923862,3,128
model,result_0123,0.5295460846189203,0.5662718147868566,3,338
model,result_0472,0.9493997543271443,0.7790536225363094,1,280
