background,dresden_000000_000212.png
split,train
model,result_0542,0.1627536004354656,0.5972525371224453,3,54
model,result_0674,0.2868646569794795,0.5661944125804304,-3,80
