background,freiburg_000000_000199.png
split,train
model,result_0996,0.21768215312082373,0.8075190805309332,4,209
model,result_0266,0.13498330578245687,0.5787735233773883,-4,351
