background,hamburg_000000_037036.png
split,train
model,result_0373,0.036060440070688204,0.6209140051483865,-4,150
