background,bayreuth_000000_000786.png
split,train
model,result_0319,0.0059138655883616,0.909234531956037,2,25
model,result_0477,0.38049950963889134,0.7715216724609186,-1,44
