background,muhlheim-ruhr_000000_000446.png
split,train
model,result_0983,0.7805370867661677,0.41282546573660683,1,256
model,result_0996,0.015090103630803431,0.9106914660183076,3,326
model,result_0266,0.4750900193132914,0.4015693399691913,3,241
