background,wurzburg_000000_000982.png
split,train
model,result_0215,0.2384688147508255,0.7364141196208673,-4,90
model,result_0332,0.8966363323889541,0.49630582480733615,-3,253
